data,latitude,longitude,temperatura_c,precipitacao_mm,umidade_pct,radiacao_mj_m2,vento_kmh,variaveis_reais
2025-07-19,-23.8,-46.8,12.5,0.0,79.0,15.84,10.1,5
2025-07-20,-23.8,-46.8,13.6,0.0,85.0,12.64,12.9,5
2025-07-21,-23.8,-46.8,14.9,0.0,87.0,14.88,11.6,5
2025-07-22,-23.8,-46.8,16.0,0.0,79.0,15.38,15.8,5
2025-07-23,-23.8,-46.8,13.9,0.0,78.0,16.56,13.2,5
2025-07-24,-23.8,-46.8,15.0,0.4,88.0,11.29,13.7,5
2025-07-25,-23.8,-46.8,15.1,1.3,89.0,4.58,7.5,5
2025-07-26,-23.8,-46.8,16.2,0.0,80.0,15.66,7.1,5
2025-07-27,-23.8,-46.8,17.7,0.0,68.0,16.92,18.7,5
2025-07-28,-23.8,-46.8,18.9,1.3,70.0,10.48,38.0,5
2025-07-29,-23.8,-46.8,12.7,0.0,64.0,18.46,15.1,5
2025-07-30,-23.8,-46.8,10.0,0.0,78.0,15.88,11.5,5
2025-07-31,-23.8,-46.8,11.2,0.0,82.0,17.55,11.5,5
2025-08-01,-23.8,-46.8,14.2,0.0,77.0,18.04,9.2,5
2025-08-02,-23.8,-46.8,15.9,0.0,67.0,16.16,9.8,5
2025-08-03,-23.8,-46.8,15.7,0.0,61.0,17.0,15.1,5
2025-08-04,-23.8,-46.8,15.4,0.0,71.0,10.66,12.3,5
2025-08-05,-23.8,-46.8,14.6,0.9,89.0,8.19,15.2,5
2025-08-06,-23.8,-46.8,13.8,7.3,93.0,10.98,17.3,5
2025-08-07,-23.8,-46.8,15.6,0.0,83.0,15.66,8.9,5
2025-08-08,-23.8,-46.8,15.7,2.8,84.0,11.92,23.1,5
2025-08-09,-23.8,-46.8,12.8,0.3,78.0,11.68,16.8,5
2025-08-10,-23.8,-46.8,10.4,0.1,81.0,9.55,13.9,5
2025-08-11,-23.8,-46.8,10.5,0.0,82.0,15.85,13.1,5
2025-08-12,-23.8,-46.8,11.7,0.0,81.0,18.19,13.1,5
2025-08-13,-23.8,-46.8,13.9,0.0,70.0,20.07,10.6,5
2025-08-14,-23.8,-46.8,12.7,0.0,78.0,16.37,14.6,5
2025-08-15,-23.8,-46.8,13.8,0.4,84.0,15.33,14.5,5
2025-08-16,-23.8,-46.8,15.0,0.0,86.0,12.84,12.3,5
2025-08-17,-23.8,-46.8,16.3,0.0,85.0,16.19,11.6,5
2025-08-18,-23.8,-46.8,14.6,0.0,83.0,16.81,14.4,5
2025-08-19,-23.8,-46.8,16.7,0.0,80.0,14.17,13.4,5
2025-08-20,-23.8,-46.8,19.3,0.0,67.0,13.38,17.9,5
2025-08-21,-23.8,-46.8,20.1,0.7,71.0,17.28,12.9,5
2025-08-22,-23.8,-46.8,21.4,0.0,63.0,19.57,14.2,5
2025-08-23,-23.8,-46.8,22.2,0.0,46.0,18.52,18.4,5
2025-08-24,-23.8,-46.8,15.5,0.2,86.0,13.31,16.5,5
2025-08-25,-23.8,-46.8,16.3,0.0,86.0,15.8,14.1,5
2025-08-26,-23.8,-46.8,15.5,0.0,89.0,10.25,14.1,5
2025-08-27,-23.8,-46.8,16.5,2.5,88.0,13.49,12.3,5
2025-08-28,-23.8,-46.8,16.9,0.2,85.0,16.6,14.6,5
2025-08-29,-23.8,-46.8,15.7,2.3,91.0,7.95,14.0,5
2025-08-30,-23.8,-46.8,17.0,0.2,84.0,17.38,14.1,5
2025-08-31,-23.8,-46.8,16.9,0.0,81.0,18.04,15.2,5
2025-09-01,-23.8,-46.8,17.7,0.3,84.0,17.45,15.1,5
2025-09-02,-23.8,-46.8,18.8,0.0,81.0,18.96,13.1,5
2025-09-03,-23.8,-46.8,19.4,0.0,73.0,21.43,12.4,5
2025-09-04,-23.8,-46.8,19.5,0.0,60.0,19.36,11.4,5
2025-09-05,-23.8,-46.8,18.1,0.0,75.0,18.21,19.3,5
2025-09-06,-23.8,-46.8,14.4,0.2,92.0,10.42,17.9,5
2025-09-07,-23.8,-46.8,15.6,0.3,90.0,11.26,14.2,5
2025-09-08,-23.8,-46.8,19.7,0.0,80.0,17.83,12.2,5
2025-09-09,-23.8,-46.8,20.7,0.1,60.0,13.54,30.9,5
2025-09-10,-23.8,-46.8,16.7,0.0,79.0,23.18,13.9,5
2025-09-11,-23.8,-46.8,17.1,0.0,75.0,23.91,12.0,5
2025-09-12,-23.8,-46.8,15.0,0.2,81.0,16.86,13.7,5
2025-09-13,-23.8,-46.8,15.3,0.0,80.0,14.6,16.6,5
2025-09-14,-23.8,-46.8,16.2,0.1,81.0,20.15,17.0,5
2025-09-15,-23.8,-46.8,17.4,0.0,83.0,21.77,16.0,5
2025-09-16,-23.8,-46.8,17.6,14.4,89.0,10.2,11.7,5
2025-09-17,-23.8,-46.8,16.9,0.3,83.0,20.06,17.1,5
2025-09-18,-23.8,-46.8,17.0,0.3,84.0,21.57,13.7,5
2025-09-19,-23.8,-46.8,19.6,0.0,79.0,18.51,14.5,5
2025-09-20,-23.8,-46.8,21.5,0.0,71.0,22.33,15.9,5
2025-09-21,-23.8,-46.8,23.7,0.6,62.0,19.23,24.2,5
2025-09-22,-23.8,-46.8,20.3,3.1,85.0,3.43,30.0,5
2025-09-23,-23.8,-46.8,14.8,1.6,86.0,13.13,17.2,5
2025-09-24,-23.8,-46.8,14.8,1.1,88.0,8.57,18.8,5
2025-09-25,-23.8,-46.8,13.6,0.8,88.0,7.97,20.4,5
2025-09-26,-23.8,-46.8,13.5,1.1,82.0,18.27,20.7,5
2025-09-27,-23.8,-46.8,14.5,0.0,78.0,24.5,14.7,5
2025-09-28,-23.8,-46.8,17.1,0.0,78.0,19.88,14.6,5
2025-09-29,-23.8,-46.8,19.3,0.0,76.0,24.91,12.6,5
2025-09-30,-23.8,-46.8,20.4,0.0,69.0,24.25,12.6,5
2025-10-01,-23.8,-46.8,18.5,0.0,86.0,16.83,18.2,5
2025-10-02,-23.8,-46.8,18.0,0.1,88.0,12.14,13.7,5
2025-10-03,-23.8,-46.8,19.0,1.1,86.0,16.91,14.4,5
2025-10-04,-23.8,-46.8,18.2,5.3,87.0,9.64,15.7,5
2025-10-05,-23.8,-46.8,22.4,0.0,66.0,25.92,11.9,5
2025-10-06,-23.8,-46.8,23.9,0.0,59.0,21.93,16.3,5
2025-10-07,-23.8,-46.8,16.6,1.5,93.0,11.39,20.7,5
2025-10-08,-23.8,-46.8,14.4,5.6,90.0,7.79,18.5,5
2025-10-09,-23.8,-46.8,15.1,6.1,87.0,10.79,17.3,5
2025-10-10,-23.8,-46.8,16.0,11.9,94.0,7.91,13.8,5
2025-10-11,-23.8,-46.8,17.3,3.1,89.0,17.36,9.5,5
2025-10-12,-23.8,-46.8,20.6,1.5,77.0,18.79,16.7,5
2025-10-13,-23.8,-46.8,19.8,3.8,84.0,9.58,23.9,5
2025-10-14,-23.8,-46.8,19.2,0.0,82.0,20.29,16.9,5
2025-10-15,-23.8,-46.8,17.5,0.0,84.0,18.7,14.1,5
2025-10-16,-23.8,-46.8,19.4,0.0,83.0,23.43,16.5,5
2025-10-17,-23.8,-46.8,21.5,6.0,77.0,22.98,10.3,5
2025-10-18,-23.8,-46.8,18.4,28.8,96.0,6.8,33.4,5
2025-10-19,-23.8,-46.8,12.8,6.7,92.0,13.37,35.9,5
2025-10-20,-23.8,-46.8,12.9,0.4,78.0,21.53,20.1,5
2025-10-21,-23.8,-46.8,13.6,0.1,76.0,28.05,18.7,5
2025-10-22,-23.8,-46.8,14.6,0.0,77.0,28.98,16.2,5
2025-10-23,-23.8,-46.8,15.3,0.0,79.0,29.71,15.5,5
2025-10-24,-23.8,-46.8,16.7,0.0,74.0,28.69,13.6,5
2025-10-25,-23.8,-46.8,19.7,0.0,68.0,27.11,13.1,5
2025-10-26,-23.8,-46.8,21.2,0.0,69.0,23.45,11.2,5
2025-10-27,-23.8,-46.8,17.8,6.1,94.0,6.26,10.1,5
2025-10-28,-23.8,-46.8,18.4,9.7,93.0,5.32,11.3,5
2025-10-29,-23.8,-46.8,19.5,11.8,89.0,15.31,20.3,5
2025-10-30,-23.8,-46.8,15.6,8.2,90.0,9.03,15.9,5
2025-10-31,-23.8,-46.8,16.4,5.3,91.0,9.34,12.2,5
2025-11-01,-23.8,-46.8,19.6,1.1,84.0,20.34,11.6,5
2025-11-02,-23.8,-46.8,18.1,20.0,96.0,5.1,20.3,5
2025-11-03,-23.8,-46.8,19.7,25.2,88.0,16.35,18.9,5
2025-11-04,-23.8,-46.8,20.1,2.2,88.0,18.54,13.6,5
2025-11-05,-23.8,-46.8,22.1,0.4,82.0,16.57,24.5,5
2025-11-06,-23.8,-46.8,16.6,1.1,87.0,12.64,17.5,5
2025-11-07,-23.8,-46.8,18.3,0.2,81.0,23.18,14.4,5
2025-11-08,-23.8,-46.8,20.7,4.2,81.0,11.63,32.2,5
2025-11-09,-23.8,-46.8,15.5,1.6,85.0,16.3,17.6,5
2025-11-10,-23.8,-46.8,15.2,0.1,77.0,26.98,15.2,5
2025-11-11,-23.8,-46.8,16.2,0.0,77.0,29.49,14.8,5
2025-11-12,-23.8,-46.8,19.0,0.2,77.0,29.16,15.1,5
2025-11-13,-23.8,-46.8,19.5,4.0,83.0,14.03,10.0,5
2025-11-14,-23.8,-46.8,17.8,7.4,89.0,15.84,14.7,5
2025-11-15,-23.8,-46.8,18.7,0.3,83.0,16.75,13.5,5
2025-11-16,-23.8,-46.8,20.1,8.3,89.0,10.69,17.6,5
2025-11-17,-23.8,-46.8,20.5,21.5,93.0,11.88,16.3,5
2025-11-18,-23.8,-46.8,19.7,15.5,87.0,11.75,26.0,5
2025-11-19,-23.8,-46.8,18.2,0.0,71.0,25.64,16.5,5
2025-11-20,-23.8,-46.8,16.8,0.0,77.0,26.95,15.3,5
2025-11-21,-23.8,-46.8,20.2,0.0,67.0,28.45,14.0,5
2025-11-22,-23.8,-46.8,20.6,1.6,78.0,20.8,11.2,5
2025-11-23,-23.8,-46.8,19.0,3.2,87.0,16.2,15.6,5
2025-11-24,-23.8,-46.8,17.7,22.3,93.0,10.94,12.5,5
2025-11-25,-23.8,-46.8,17.5,0.3,83.0,21.03,16.1,5
2025-11-26,-23.8,-46.8,17.3,0.0,78.0,30.31,14.7,5
2025-11-27,-23.8,-46.8,16.6,0.0,79.0,24.97,14.4,5
2025-11-28,-23.8,-46.8,20.1,0.4,78.0,25.09,10.2,5
2025-11-29,-23.8,-46.8,21.2,0.0,69.0,30.16,12.5,5
2025-11-30,-23.8,-46.8,21.4,0.0,73.0,28.89,14.3,5
2025-12-01,-23.8,-46.8,21.3,0.6,84.0,21.8,13.3,5
2025-12-02,-23.8,-46.8,21.1,8.3,87.0,14.7,15.2,5
2025-12-03,-23.8,-46.8,20.6,5.7,83.0,21.93,13.2,5
2025-12-04,-23.8,-46.8,18.5,0.9,84.0,20.56,17.3,5
2025-12-05,-23.8,-46.8,19.5,0.0,81.0,25.32,16.0,5
2025-12-06,-23.8,-46.8,21.2,0.7,81.0,25.53,12.8,5
2025-12-07,-23.8,-46.8,22.0,0.5,81.0,23.32,11.3,5
2025-12-08,-23.8,-46.8,21.3,25.5,88.0,14.01,15.9,5
2025-12-09,-23.8,-46.8,19.5,22.3,96.0,6.46,28.2,5
2025-12-10,-23.8,-46.8,22.5,1.8,70.0,24.0,42.0,5
2025-12-11,-23.8,-46.8,22.6,0.0,60.0,29.32,24.4,5
2025-12-12,-23.8,-46.8,21.4,4.6,76.0,16.3,17.9,5
2025-12-13,-23.8,-46.8,20.8,17.9,90.0,14.58,20.8,5
2025-12-14,-23.8,-46.8,21.7,4.2,86.0,12.07,18.5,5
2025-12-15,-23.8,-46.8,23.6,1.6,81.0,22.29,15.1,5
2025-12-16,-23.8,-46.8,22.6,12.0,87.0,19.48,22.7,5
2025-12-17,-23.8,-46.8,16.5,3.5,88.0,8.64,26.4,5
2025-12-18,-23.8,-46.8,18.2,0.1,82.0,12.93,13.1,5
2025-12-19,-23.8,-46.8,19.5,0.4,87.0,12.55,14.1,5
2025-12-20,-23.8,-46.8,21.0,0.3,82.0,23.01,14.7,5
2025-12-21,-23.8,-46.8,22.6,0.0,73.0,28.08,15.4,5
2025-12-22,-23.8,-46.8,24.0,0.2,69.0,28.26,12.9,5
2025-12-23,-23.8,-46.8,24.6,0.6,66.0,26.62,14.2,5
2025-12-24,-23.8,-46.8,25.1,0.6,65.0,26.97,10.7,5
2025-12-25,-23.8,-46.8,25.8,0.6,69.0,27.22,8.9,5
2025-12-26,-23.8,-46.8,25.4,1.6,73.0,23.72,14.8,5
2025-12-27,-23.8,-46.8,25.0,1.3,76.0,25.48,10.5,5
2025-12-28,-23.8,-46.8,25.3,8.1,77.0,27.27,14.9,5
2025-12-29,-23.8,-46.8,24.8,2.6,80.0,23.85,12.0,5
2025-12-30,-23.8,-46.8,23.8,36.5,86.0,25.35,12.8,5
2025-12-31,-23.8,-46.8,23.5,14.4,84.0,21.11,19.3,5
2026-01-01,-23.8,-46.8,23.7,1.1,80.0,20.8,20.8,5
2026-01-02,-23.8,-46.8,22.6,7.3,85.0,16.87,20.2,5
2026-01-03,-23.8,-46.8,23.3,1.1,77.0,22.01,19.0,5
2026-01-04,-23.8,-46.8,19.1,4.0,89.0,17.62,18.4,5
2026-01-05,-23.8,-46.8,17.8,0.4,86.0,13.45,19.1,5
2026-01-06,-23.8,-46.8,20.0,0.5,79.0,21.61,15.5,5
2026-01-07,-23.8,-46.8,21.6,7.1,81.0,22.15,12.5,5
2026-01-08,-23.8,-46.8,22.0,13.2,83.0,23.52,12.9,5
2026-01-09,-23.8,-46.8,22.9,5.6,83.0,24.52,11.0,5
2026-01-10,-23.8,-46.8,24.3,17.1,74.0,27.67,12.8,5
2026-01-11,-23.8,-46.8,24.2,0.6,75.0,28.0,17.5,5
2026-01-12,-23.8,-46.8,23.6,1.4,76.0,25.24,13.6,5
2026-01-13,-23.8,-46.8,22.1,4.3,81.0,18.01,14.6,5
2026-01-14,-23.8,-46.8,20.8,11.5,88.0,18.97,12.4,5
2026-01-15,-23.8,-46.8,21.5,11.7,86.0,16.87,13.0,5
2026-01-16,-23.8,-46.8,21.4,29.1,88.0,17.24,13.0,5
2026-01-17,-23.8,-46.8,21.7,12.9,87.0,18.57,12.6,5
2026-01-18,-23.8,-46.8,21.9,8.4,86.0,18.3,16.6,5
2026-01-19,-23.8,-46.8,19.2,31.0,95.0,11.58,32.0,5
2026-01-20,-23.8,-46.8,17.4,2.8,83.0,15.92,20.6,5
2026-01-21,-23.8,-46.8,16.7,1.9,85.0,11.82,16.4,5
2026-01-22,-23.8,-46.8,17.1,5.6,89.0,11.02,17.8,5
2026-01-23,-23.8,-46.8,18.3,3.9,90.0,19.66,17.6,5
2026-01-24,-23.8,-46.8,19.6,2.7,89.0,14.12,15.9,5
2026-01-25,-23.8,-46.8,20.2,4.8,89.0,17.55,12.2,5
2026-01-26,-23.8,-46.8,20.6,4.8,87.0,22.88,13.5,5
2026-01-27,-23.8,-46.8,21.1,4.2,87.0,21.73,16.1,5
2026-01-28,-23.8,-46.8,21.6,3.7,84.0,19.85,12.0,5
2026-01-29,-23.8,-46.8,20.6,10.5,88.0,22.34,15.1,5
2026-01-30,-23.8,-46.8,19.8,24.9,90.0,12.87,15.7,5
2026-01-31,-23.8,-46.8,21.6,0.6,82.0,19.54,16.6,5
2026-02-01,-23.8,-46.8,21.8,8.8,86.0,13.56,23.2,5
2026-02-02,-23.8,-46.8,21.0,4.4,91.0,13.41,14.0,5
2026-02-03,-23.8,-46.8,21.1,28.6,93.0,13.67,13.5,5
2026-02-04,-23.8,-46.8,21.6,17.5,90.0,15.53,15.8,5
2026-02-05,-23.8,-46.8,21.1,1.6,88.0,17.62,13.9,5
2026-02-06,-23.8,-46.8,21.9,1.5,85.0,18.6,14.4,5
2026-02-07,-23.8,-46.8,22.2,7.1,88.0,13.56,11.4,5
2026-02-08,-23.8,-46.8,20.5,8.4,88.0,16.3,13.8,5
2026-02-09,-23.8,-46.8,19.8,5.4,92.0,10.48,11.6,5
2026-02-10,-23.8,-46.8,20.7,5.9,89.0,14.21,20.1,5
2026-02-11,-23.8,-46.8,21.9,6.4,84.0,15.88,21.3,5
2026-02-12,-23.8,-46.8,23.7,1.7,78.0,19.93,17.5,5
2026-02-13,-23.8,-46.8,24.4,8.3,76.0,25.0,14.1,5
2026-02-14,-23.8,-46.8,22.4,1.5,85.0,17.96,17.3,5
2026-02-15,-23.8,-46.8,23.0,0.0,82.0,26.23,13.4,5
2026-02-16,-23.8,-46.8,23.5,0.7,80.0,26.34,10.2,5
2026-02-17,-23.8,-46.8,23.7,1.8,79.0,21.42,11.8,5
2026-02-18,-23.8,-46.8,22.8,1.7,83.0,19.64,10.6,5
2026-02-19,-23.8,-46.8,22.1,1.9,87.0,20.28,12.6,5
2026-02-20,-23.8,-46.8,22.7,0.2,82.0,22.92,12.1,5
2026-02-21,-23.8,-46.8,21.9,6.2,89.0,16.59,14.1,5
2026-02-22,-23.8,-46.8,20.4,10.6,91.0,16.91,16.3,5
2026-02-23,-23.8,-46.8,20.5,24.0,95.0,13.08,13.1,5
2026-02-24,-23.8,-46.8,21.4,9.9,91.0,14.29,9.7,5
2026-02-25,-23.8,-46.8,22.3,25.5,89.0,14.62,11.7,5
2026-02-26,-23.8,-46.8,20.2,4.4,96.0,10.21,22.7,5
2026-02-27,-23.8,-46.8,19.3,2.6,88.0,12.81,18.8,5
2026-02-28,-23.8,-46.8,18.6,0.1,80.0,20.74,14.3,5
2026-03-01,-23.8,-46.8,18.1,0.0,78.0,21.61,15.9,5
2026-03-02,-23.8,-46.8,18.2,0.3,81.0,20.99,14.1,5
2026-03-03,-23.8,-46.8,18.5,0.1,81.0,19.81,12.4,5
2026-03-04,-23.8,-46.8,19.2,0.1,83.0,22.73,13.3,5
2026-03-05,-23.8,-46.8,20.4,1.3,86.0,20.69,13.7,5
2026-03-06,-23.8,-46.8,21.6,2.7,88.0,13.49,11.2,5
2026-03-07,-23.8,-46.8,21.5,15.8,90.0,14.63,15.5,5
2026-03-08,-23.8,-46.8,21.0,9.0,88.0,18.57,13.9,5
2026-03-09,-23.8,-46.8,19.3,6.8,95.0,6.46,14.3,5
2026-03-10,-23.8,-46.8,18.9,22.0,97.0,7.29,10.9,5
2026-03-11,-23.8,-46.8,19.2,42.2,99.0,7.16,10.3,5
2026-03-12,-23.8,-46.8,19.2,28.7,99.0,6.96,16.1,5
2026-03-13,-23.8,-46.8,19.7,1.8,89.0,11.07,12.4,5
2026-03-14,-23.8,-46.8,20.6,0.6,81.0,24.85,7.7,5
2026-03-15,-23.8,-46.8,22.0,1.3,80.0,21.38,12.3,5
2026-03-16,-23.8,-46.8,22.4,0.0,78.0,25.37,12.1,5
2026-03-17,-23.8,-46.8,21.1,0.1,82.0,21.83,14.2,5
2026-03-18,-23.8,-46.8,21.3,14.7,89.0,18.29,12.8,5
2026-03-19,-23.8,-46.8,20.7,7.6,94.0,9.13,8.6,5
2026-03-20,-23.8,-46.8,20.5,0.8,85.0,17.46,13.1,5
2026-03-21,-23.8,-46.8,21.2,0.1,84.0,22.43,12.6,5
2026-03-22,-23.8,-46.8,21.9,0.0,79.0,20.02,11.3,5
2026-03-23,-23.8,-46.8,21.1,0.0,80.0,24.45,12.2,5
2026-03-24,-23.8,-46.8,20.8,0.0,82.0,24.06,16.5,5
2026-03-25,-23.8,-46.8,21.1,1.2,84.0,18.97,11.9,5
2026-03-26,-23.8,-46.8,22.1,3.4,85.0,18.88,6.6,5
2026-03-27,-23.8,-46.8,21.8,0.0,80.0,23.34,14.7,5
2026-03-28,-23.8,-46.8,21.0,0.0,82.0,23.31,15.4,5
2026-03-29,-23.8,-46.8,21.4,0.0,84.0,22.41,11.2,5
2026-03-30,-23.8,-46.8,20.0,0.5,84.0,18.37,12.8,5
2026-03-31,-23.8,-46.8,19.0,21.7,92.0,11.26,11.7,5
2026-04-01,-23.8,-46.8,19.4,16.4,90.0,17.02,13.5,5
2026-04-02,-23.8,-46.8,21.0,11.9,87.0,17.14,16.2,5
2026-04-03,-23.8,-46.8,21.6,2.5,84.0,19.5,13.4,5
2026-04-04,-23.8,-46.8,21.9,1.2,85.0,18.91,11.5,5
2026-04-05,-23.8,-46.8,20.9,1.8,86.0,17.93,13.8,5
2026-04-06,-23.8,-46.8,21.5,2.0,87.0,18.38,13.2,5
2026-04-07,-23.8,-46.8,21.5,7.1,89.0,13.61,11.9,5
2026-04-08,-23.8,-46.8,21.8,1.1,84.0,12.19,18.7,5
2026-04-09,-23.8,-46.8,20.3,1.8,87.0,13.82,12.5,5
2026-04-10,-23.8,-46.8,18.0,3.7,87.0,7.24,11.2,5
2026-04-11,-23.8,-46.8,18.2,0.0,81.0,20.66,15.2,5
2026-04-12,-23.8,-46.8,19.0,0.0,82.0,20.33,13.6,5
2026-04-13,-23.8,-46.8,19.5,0.4,85.0,17.62,11.0,5
2026-04-14,-23.8,-46.8,18.8,0.0,81.0,19.79,14.0,5
2026-04-15,-23.8,-46.8,19.0,0.0,83.0,21.22,12.0,5
2026-04-16,-23.8,-46.8,19.4,0.0,83.0,19.9,11.4,5
2026-04-17,-23.8,-46.8,20.8,0.1,77.0,19.7,11.2,5
2026-04-18,-23.8,-46.8,20.7,2.3,78.0,16.4,16.4,5
2026-04-19,-23.8,-46.8,19.7,0.0,84.0,20.82,11.3,5
2026-04-20,-23.8,-46.8,18.4,0.0,84.0,20.96,11.1,5
2026-04-21,-23.8,-46.8,18.0,0.0,83.0,20.48,12.8,5
2026-04-22,-23.8,-46.8,18.8,0.0,83.0,18.49,12.0,5
2026-04-23,-23.8,-46.8,19.0,0.1,85.0,17.41,14.3,5
2026-04-24,-23.8,-46.8,19.8,0.0,83.0,17.61,13.1,5
2026-04-25,-23.8,-46.8,20.9,0.0,75.0,17.53,16.9,5
2026-04-26,-23.8,-46.8,21.9,0.0,71.0,17.52,18.3,5
2026-04-27,-23.8,-46.8,19.8,10.7,92.0,10.41,14.8,5
2026-04-28,-23.8,-46.8,19.5,11.1,94.0,10.37,10.9,5
2026-04-29,-23.8,-46.8,19.5,12.5,93.0,11.08,14.2,5
2026-04-30,-23.8,-46.8,19.2,3.0,89.0,12.99,12.8,5
2026-05-01,-23.8,-46.8,20.7,0.5,87.0,14.2,11.7,5
2026-05-02,-23.8,-46.8,21.2,0.1,75.0,12.3,16.5,5
2026-05-03,-23.8,-46.8,16.5,0.8,87.0,9.02,17.7,5
2026-05-04,-23.8,-46.8,18.1,1.6,85.0,15.78,14.0,5
2026-05-05,-23.8,-46.8,20.2,0.5,84.0,15.74,8.2,5
2026-05-06,-23.8,-46.8,20.7,0.0,80.0,17.47,11.0,5
2026-05-07,-23.8,-46.8,21.2,0.0,71.0,17.35,15.1,5
2026-05-08,-23.8,-46.8,22.2,0.0,64.0,12.1,22.7,5
2026-05-09,-23.8,-46.8,21.3,0.2,75.0,8.81,19.5,5
2026-05-10,-23.8,-46.8,13.2,11.7,97.0,2.46,14.3,5
2026-05-11,-23.8,-46.8,11.9,0.0,80.0,14.87,9.6,5
2026-05-12,-23.8,-46.8,12.5,0.0,82.0,17.73,8.7,5
2026-05-13,-23.8,-46.8,14.7,0.0,79.0,16.19,8.2,5
2026-05-14,-23.8,-46.8,17.1,0.0,77.0,13.19,11.6,5
2026-05-15,-23.8,-46.8,15.7,7.6,96.0,5.3,13.2,5
2026-05-16,-23.8,-46.8,17.6,16.9,89.0,13.52,12.7,5
2026-05-17,-23.8,-46.8,17.4,7.9,95.0,4.23,15.0,5
2026-05-18,-23.8,-46.8,16.5,3.5,95.0,6.29,11.2,5
2026-05-19,-23.8,-46.8,15.7,3.2,94.0,4.24,10.7,5
2026-05-20,-23.8,-46.8,16.5,4.8,90.0,9.72,9.4,5
2026-05-21,-23.8,-46.8,14.5,0.1,90.0,6.67,14.0,5
2026-05-22,-23.8,-46.8,13.9,0.7,91.0,5.99,12.1,5
2026-05-23,-23.8,-46.8,15.6,27.1,95.0,4.77,9.1,5
2026-05-24,-23.8,-46.8,17.1,21.6,95.0,9.14,14.6,5
2026-05-25,-23.8,-46.8,17.0,0.1,88.0,9.57,11.0,5
2026-05-26,-23.8,-46.8,18.7,2.3,88.0,13.84,12.5,5
2026-05-27,-23.8,-46.8,16.3,1.2,90.0,7.04,12.3,5
2026-05-28,-23.8,-46.8,14.5,0.1,85.0,14.99,10.7,5
2026-05-29,-23.8,-46.8,15.5,0.2,88.0,10.6,12.6,5
2026-05-30,-23.8,-46.8,16.8,0.2,85.0,12.02,11.1,5
2026-05-31,-23.8,-46.8,16.1,0.2,85.0,12.65,10.2,5
2026-06-01,-23.8,-46.8,14.6,0.0,84.0,11.77,12.0,5
2026-06-02,-23.8,-46.8,14.4,0.2,87.0,9.89,11.4,5
2026-06-03,-23.8,-46.8,16.1,0.6,86.0,12.85,11.6,5
2026-06-04,-23.8,-46.8,16.2,0.0,85.0,10.9,12.5,5
2026-06-05,-23.8,-46.8,14.8,0.0,84.0,14.14,11.3,5
2026-06-06,-23.8,-46.8,14.5,0.0,81.0,15.04,10.5,5
2026-06-07,-23.8,-46.8,14.3,0.0,78.0,15.16,9.7,5
2026-06-08,-23.8,-46.8,14.6,0.0,77.0,15.12,11.8,5
2026-06-09,-23.8,-46.8,15.1,0.0,73.0,12.38,12.8,5
2026-06-10,-23.8,-46.8,15.5,3.5,81.0,11.86,11.4,5
2026-06-11,-23.8,-46.8,15.3,7.5,92.0,7.65,11.5,5
2026-06-12,-23.8,-46.8,16.2,2.2,91.0,4.7,25.2,5
2026-06-13,-23.8,-46.8,17.8,0.5,85.0,10.29,18.3,5
2026-06-14,-23.8,-46.8,17.9,1.5,88.0,8.35,15.8,5
2026-06-15,-23.8,-46.8,14.9,17.7,98.0,4.31,11.0,5
2026-06-16,-23.8,-46.8,14.2,0.4,94.0,10.97,9.6,5
2026-06-17,-23.8,-46.8,13.7,0.0,84.0,14.5,11.0,5
2026-06-18,-23.8,-46.8,12.7,0.0,80.0,14.83,11.2,5
2026-06-19,-23.8,-46.8,14.7,0.0,80.0,14.71,14.6,5
2026-06-20,-23.8,-46.8,16.3,6.2,82.0,4.91,22.2,5
2026-06-21,-23.8,-46.8,14.4,0.0,83.0,14.62,9.7,5
2026-06-22,-23.8,-46.8,16.6,0.0,72.0,14.71,17.8,5
2026-06-23,-23.8,-46.8,16.2,23.7,93.0,2.54,18.1,5
2026-06-24,-23.8,-46.8,11.4,14.7,97.0,1.4,9.4,5
2026-06-25,-23.8,-46.8,10.7,1.1,96.0,3.25,11.8,5
2026-06-26,-23.8,-46.8,14.7,0.0,91.0,10.99,7.3,5
2026-06-27,-23.8,-46.8,17.1,0.6,89.0,13.7,8.7,5
2026-06-28,-23.8,-46.8,17.7,0.0,82.0,14.27,13.6,5
2026-06-29,-23.8,-46.8,18.2,1.2,82.0,13.89,14.9,5
2026-06-30,-23.8,-46.8,18.6,0.0,80.0,14.31,17.5,5
2026-07-01,-23.8,-46.8,18.6,0.0,74.0,14.29,16.9,5
2026-07-02,-23.8,-46.8,18.0,0.0,76.0,14.4,13.8,5
2026-07-03,-23.8,-46.8,16.8,0.0,80.0,11.4,13.6,5
2026-07-04,-23.8,-46.8,14.0,0.0,90.0,9.53,12.0,5
2026-07-05,-23.8,-46.8,13.7,0.0,89.0,10.68,9.3,5
2026-07-06,-23.8,-46.8,15.6,0.0,83.0,13.42,12.9,5
2026-07-07,-23.8,-46.8,13.8,1.0,91.0,7.66,14.8,5
2026-07-08,-23.8,-46.8,14.6,0.0,84.0,12.89,10.7,5
2026-07-09,-23.8,-46.8,14.2,0.0,81.0,15.13,7.1,5
2026-07-10,-23.8,-46.8,15.4,0.0,71.0,14.99,13.4,5
2026-07-11,-23.8,-46.8,17.0,3.2,75.0,14.76,17.0,5
2026-07-12,-23.8,-46.8,15.6,5.8,89.0,7.98,20.0,5
2026-07-13,-23.8,-46.8,11.5,0.3,85.0,10.5,14.3,5
2026-07-14,-23.8,-46.8,12.1,0.6,84.0,12.51,16.1,5
2026-07-15,-23.8,-46.8,13.0,0.0,82.0,15.7,10.3,5
2026-07-16,-23.8,-46.8,14.8,0.0,73.0,15.84,10.7,5
2026-07-17,-23.8,-46.8,15.4,0.0,64.0,16.14,13.9,5
2026-07-18,-23.8,-46.8,16.4,0.0,58.0,16.16,20.2,5
2025-07-19,-23.8,-46.7,12.9,0.0,78.0,15.84,10.2,5
2025-07-20,-23.8,-46.7,13.5,0.0,86.0,12.64,12.6,5
2025-07-21,-23.8,-46.7,14.7,0.0,87.0,14.88,12.9,5
2025-07-22,-23.8,-46.7,16.3,0.0,79.0,15.38,17.2,5
2025-07-23,-23.8,-46.7,14.4,0.0,75.0,16.56,12.8,5
2025-07-24,-23.8,-46.7,14.7,0.5,90.0,11.29,13.9,5
2025-07-25,-23.8,-46.7,15.0,1.2,89.0,4.58,6.8,5
2025-07-26,-23.8,-46.7,16.3,0.0,81.0,15.66,7.8,5
2025-07-27,-23.8,-46.7,17.7,0.0,68.0,16.92,20.6,5
2025-07-28,-23.8,-46.7,18.8,0.9,70.0,10.48,38.9,5
2025-07-29,-23.8,-46.7,12.8,0.0,65.0,18.46,16.1,5
2025-07-30,-23.8,-46.7,10.5,0.2,78.0,15.88,11.6,5
2025-07-31,-23.8,-46.7,11.8,0.0,82.0,17.55,13.3,5
2025-08-01,-23.8,-46.7,14.6,0.0,76.0,18.04,10.5,5
2025-08-02,-23.8,-46.7,16.3,0.0,68.0,16.16,9.9,5
2025-08-03,-23.8,-46.7,16.5,0.0,58.0,17.0,16.9,5
2025-08-04,-23.8,-46.7,15.6,0.0,71.0,10.66,11.0,5
2025-08-05,-23.8,-46.7,14.6,0.6,88.0,8.19,15.4,5
2025-08-06,-23.8,-46.7,13.8,2.3,93.0,10.98,16.6,5
2025-08-07,-23.8,-46.7,15.4,0.0,83.0,15.66,10.0,5
2025-08-08,-23.8,-46.7,15.7,1.7,84.0,11.92,23.8,5
2025-08-09,-23.8,-46.7,12.7,0.6,77.0,11.68,15.5,5
2025-08-10,-23.8,-46.7,10.5,0.1,82.0,9.55,15.0,5
2025-08-11,-23.8,-46.7,10.9,0.0,80.0,15.85,14.0,5
2025-08-12,-23.8,-46.7,12.0,0.1,82.0,18.19,12.4,5
2025-08-13,-23.8,-46.7,14.1,0.0,70.0,20.07,12.0,5
2025-08-14,-23.8,-46.7,13.0,0.0,78.0,16.37,14.5,5
2025-08-15,-23.8,-46.7,13.5,0.0,86.0,15.33,17.0,5
2025-08-16,-23.8,-46.7,14.5,0.2,89.0,12.84,12.9,5
2025-08-17,-23.8,-46.7,16.1,0.0,85.0,16.19,11.1,5
2025-08-18,-23.8,-46.7,14.7,0.0,84.0,16.81,15.0,5
2025-08-19,-23.8,-46.7,16.8,0.0,79.0,14.17,13.6,5
2025-08-20,-23.8,-46.7,19.2,0.0,67.0,13.38,19.0,5
2025-08-21,-23.8,-46.7,19.8,0.0,71.0,17.28,13.4,5
2025-08-22,-23.8,-46.7,21.9,0.0,63.0,19.57,13.2,5
2025-08-23,-23.8,-46.7,22.3,0.0,46.0,18.52,18.6,5
2025-08-24,-23.8,-46.7,15.4,0.0,88.0,13.31,18.0,5
2025-08-25,-23.8,-46.7,15.9,0.0,88.0,15.8,13.0,5
2025-08-26,-23.8,-46.7,15.2,0.1,89.0,10.25,15.2,5
2025-08-27,-23.8,-46.7,16.4,1.8,88.0,13.49,12.3,5
2025-08-28,-23.8,-46.7,16.6,0.1,86.0,16.6,13.8,5
2025-08-29,-23.8,-46.7,15.5,1.7,92.0,7.95,11.2,5
2025-08-30,-23.8,-46.7,16.7,0.8,86.0,17.38,14.7,5
2025-08-31,-23.8,-46.7,16.8,0.4,83.0,18.04,15.8,5
2025-09-01,-23.8,-46.7,17.4,0.7,85.0,17.45,15.1,5
2025-09-02,-23.8,-46.7,18.5,1.0,82.0,18.96,13.8,5
2025-09-03,-23.8,-46.7,19.3,0.0,73.0,21.43,14.3,5
2025-09-04,-23.8,-46.7,19.7,0.0,58.0,19.36,12.6,5
2025-09-05,-23.8,-46.7,18.2,0.0,74.0,18.21,17.1,5
2025-09-06,-23.8,-46.7,14.5,0.6,91.0,10.42,16.1,5
2025-09-07,-23.8,-46.7,15.2,0.1,92.0,11.26,15.0,5
2025-09-08,-23.8,-46.7,19.4,0.0,81.0,17.83,13.2,5
2025-09-09,-23.8,-46.7,20.5,0.1,61.0,13.54,32.6,5
2025-09-10,-23.8,-46.7,16.7,0.0,79.0,23.18,13.5,5
2025-09-11,-23.8,-46.7,17.1,0.0,74.0,23.91,12.4,5
2025-09-12,-23.8,-46.7,15.0,0.0,81.0,16.86,14.9,5
2025-09-13,-23.8,-46.7,14.8,0.2,82.0,14.6,18.3,5
2025-09-14,-23.8,-46.7,15.7,0.0,84.0,20.15,18.2,5
2025-09-15,-23.8,-46.7,17.1,0.0,85.0,21.77,15.6,5
2025-09-16,-23.8,-46.7,17.5,8.8,88.0,10.2,13.5,5
2025-09-17,-23.8,-46.7,16.8,0.4,83.0,20.06,17.3,5
2025-09-18,-23.8,-46.7,16.7,0.4,85.0,21.57,13.9,5
2025-09-19,-23.8,-46.7,19.3,0.0,80.0,18.51,13.3,5
2025-09-20,-23.8,-46.7,21.6,0.0,71.0,22.33,17.7,5
2025-09-21,-23.8,-46.7,23.3,2.5,65.0,19.23,26.6,5
2025-09-22,-23.8,-46.7,20.3,3.0,84.0,3.43,32.2,5
2025-09-23,-23.8,-46.7,14.6,0.7,87.0,13.13,17.7,5
2025-09-24,-23.8,-46.7,14.5,2.3,89.0,8.57,21.3,5
2025-09-25,-23.8,-46.7,13.2,3.0,89.0,7.97,21.6,5
2025-09-26,-23.8,-46.7,13.0,1.7,83.0,18.27,22.4,5
2025-09-27,-23.8,-46.7,14.3,0.0,80.0,24.5,15.9,5
2025-09-28,-23.8,-46.7,17.2,0.0,76.0,19.88,14.4,5
2025-09-29,-23.8,-46.7,19.3,0.0,74.0,24.91,13.5,5
2025-09-30,-23.8,-46.7,20.8,0.0,66.0,24.25,12.7,5
2025-10-01,-23.8,-46.7,18.4,0.0,86.0,16.83,19.9,5
2025-10-02,-23.8,-46.7,17.8,0.1,88.0,12.14,13.4,5
2025-10-03,-23.8,-46.7,19.0,0.1,85.0,16.91,13.8,5
2025-10-04,-23.8,-46.7,18.2,6.2,86.0,9.64,12.9,5
2025-10-05,-23.8,-46.7,22.7,0.0,64.0,25.92,13.8,5
2025-10-06,-23.8,-46.7,23.9,0.0,58.0,21.93,16.7,5
2025-10-07,-23.8,-46.7,16.6,2.2,92.0,11.39,23.0,5
2025-10-08,-23.8,-46.7,14.2,7.9,91.0,7.79,22.6,5
2025-10-09,-23.8,-46.7,14.7,9.0,89.0,10.79,19.4,5
2025-10-10,-23.8,-46.7,15.9,9.8,93.0,7.91,14.6,5
2025-10-11,-23.8,-46.7,17.3,1.0,88.0,17.36,11.1,5
2025-10-12,-23.8,-46.7,20.6,2.1,76.0,18.79,15.4,5
2025-10-13,-23.8,-46.7,19.6,4.1,85.0,9.58,24.8,5
2025-10-14,-23.8,-46.7,18.9,0.3,84.0,20.29,17.2,5
2025-10-15,-23.8,-46.7,16.9,0.3,87.0,18.7,15.7,5
2025-10-16,-23.8,-46.7,19.1,0.0,84.0,23.43,17.1,5
2025-10-17,-23.8,-46.7,21.6,3.0,76.0,22.98,9.6,5
2025-10-18,-23.8,-46.7,18.4,31.2,96.0,6.8,35.2,5
2025-10-19,-23.8,-46.7,12.7,8.9,92.0,13.37,38.3,5
2025-10-20,-23.8,-46.7,12.6,0.8,79.0,21.53,21.4,5
2025-10-21,-23.8,-46.7,13.3,0.1,78.0,28.05,21.3,5
2025-10-22,-23.8,-46.7,14.4,0.0,79.0,28.98,19.1,5
2025-10-23,-23.8,-46.7,15.2,0.0,80.0,29.71,17.3,5
2025-10-24,-23.8,-46.7,16.7,0.0,75.0,28.69,13.2,5
2025-10-25,-23.8,-46.7,19.9,0.0,67.0,27.11,13.4,5
2025-10-26,-23.8,-46.7,21.4,0.0,67.0,23.45,12.3,5
2025-10-27,-23.8,-46.7,17.9,5.3,92.0,6.26,11.0,5
2025-10-28,-23.8,-46.7,18.2,15.1,93.0,5.32,11.5,5
2025-10-29,-23.8,-46.7,19.3,17.8,90.0,15.31,22.1,5
2025-10-30,-23.8,-46.7,15.4,8.7,91.0,9.03,16.6,5
2025-10-31,-23.8,-46.7,16.2,5.7,91.0,9.34,11.7,5
2025-11-01,-23.8,-46.7,19.4,1.4,85.0,20.34,10.8,5
2025-11-02,-23.8,-46.7,18.2,18.6,95.0,5.1,22.3,5
2025-11-03,-23.8,-46.7,19.4,34.3,88.0,16.35,21.3,5
2025-11-04,-23.8,-46.7,19.8,2.1,89.0,18.54,15.2,5
2025-11-05,-23.8,-46.7,21.9,0.5,83.0,16.57,24.7,5
2025-11-06,-23.8,-46.7,16.3,1.7,88.0,12.64,18.0,5
2025-11-07,-23.8,-46.7,18.0,0.2,81.0,23.18,14.0,5
2025-11-08,-23.8,-46.7,20.4,5.8,82.0,11.63,34.7,5
2025-11-09,-23.8,-46.7,15.3,1.6,86.0,16.3,19.1,5
2025-11-10,-23.8,-46.7,15.0,0.6,78.0,26.98,15.5,5
2025-11-11,-23.8,-46.7,15.9,0.0,78.0,29.49,15.8,5
2025-11-12,-23.8,-46.7,19.1,0.0,75.0,29.16,14.5,5
2025-11-13,-23.8,-46.7,19.8,3.7,80.0,14.03,10.2,5
2025-11-14,-23.8,-46.7,17.8,2.8,87.0,15.84,13.7,5
2025-11-15,-23.8,-46.7,18.6,0.1,83.0,16.75,14.5,5
2025-11-16,-23.8,-46.7,19.9,9.4,89.0,10.69,18.8,5
2025-11-17,-23.8,-46.7,20.4,25.5,93.0,11.88,18.4,5
2025-11-18,-23.8,-46.7,19.6,13.9,87.0,11.75,30.4,5
2025-11-19,-23.8,-46.7,18.1,0.0,71.0,25.64,16.7,5
2025-11-20,-23.8,-46.7,16.6,0.0,78.0,26.95,17.9,5
2025-11-21,-23.8,-46.7,20.3,0.0,65.0,28.45,12.8,5
2025-11-22,-23.8,-46.7,20.7,0.5,77.0,20.8,12.0,5
2025-11-23,-23.8,-46.7,18.8,2.4,88.0,16.2,15.1,5
2025-11-24,-23.8,-46.7,17.7,18.3,92.0,10.94,13.7,5
2025-11-25,-23.8,-46.7,17.4,0.4,83.0,21.03,16.0,5
2025-11-26,-23.8,-46.7,17.1,0.0,78.0,30.31,15.1,5
2025-11-27,-23.8,-46.7,16.8,0.1,79.0,24.97,14.5,5
2025-11-28,-23.8,-46.7,19.9,0.4,78.0,25.09,10.4,5
2025-11-29,-23.8,-46.7,21.3,0.0,67.0,30.16,13.5,5
2025-11-30,-23.8,-46.7,21.4,0.0,73.0,28.89,14.0,5
2025-12-01,-23.8,-46.7,21.0,1.0,86.0,21.8,13.7,5
2025-12-02,-23.8,-46.7,21.1,12.3,86.0,14.7,15.5,5
2025-12-03,-23.8,-46.7,20.6,4.5,84.0,21.93,13.8,5
2025-12-04,-23.8,-46.7,18.4,1.8,85.0,20.56,17.1,5
2025-12-05,-23.8,-46.7,19.2,0.2,82.0,25.32,17.4,5
2025-12-06,-23.8,-46.7,21.1,0.6,81.0,25.53,13.9,5
2025-12-07,-23.8,-46.7,22.2,2.9,80.0,23.32,11.6,5
2025-12-08,-23.8,-46.7,21.5,17.7,86.0,14.01,12.0,5
2025-12-09,-23.8,-46.7,19.6,26.3,94.0,6.46,29.5,5
2025-12-10,-23.8,-46.7,22.4,2.1,70.0,24.0,42.8,5
2025-12-11,-23.8,-46.7,22.5,0.0,60.0,29.32,25.8,5
2025-12-12,-23.8,-46.7,21.2,3.0,75.0,16.3,20.3,5
2025-12-13,-23.8,-46.7,20.7,23.0,90.0,14.58,22.5,5
2025-12-14,-23.8,-46.7,21.5,4.5,86.0,12.07,21.8,5
2025-12-15,-23.8,-46.7,23.4,1.3,82.0,22.29,16.6,5
2025-12-16,-23.8,-46.7,22.6,21.2,87.0,19.48,23.8,5
2025-12-17,-23.8,-46.7,16.3,5.9,89.0,8.64,28.8,5
2025-12-18,-23.8,-46.7,17.8,0.0,83.0,12.93,13.9,5
2025-12-19,-23.8,-46.7,19.3,0.5,88.0,12.55,14.6,5
2025-12-20,-23.8,-46.7,20.6,0.4,85.0,23.01,15.9,5
2025-12-21,-23.8,-46.7,22.5,0.0,73.0,28.08,14.9,5
2025-12-22,-23.8,-46.7,24.0,1.1,68.0,28.26,12.1,5
2025-12-23,-23.8,-46.7,24.7,1.2,64.0,26.62,14.8,5
2025-12-24,-23.8,-46.7,25.3,0.7,64.0,26.97,11.5,5
2025-12-25,-23.8,-46.7,26.1,0.8,65.0,27.22,9.6,5
2025-12-26,-23.8,-46.7,25.5,0.1,71.0,23.72,12.6,5
2025-12-27,-23.8,-46.7,25.5,0.0,72.0,25.48,9.3,5
2025-12-28,-23.8,-46.7,25.5,5.7,74.0,27.27,14.7,5
2025-12-29,-23.8,-46.7,24.8,0.9,78.0,23.85,12.2,5
2025-12-30,-23.8,-46.7,24.0,30.3,84.0,25.35,12.7,5
2025-12-31,-23.8,-46.7,23.5,12.7,83.0,21.11,19.8,5
2026-01-01,-23.8,-46.7,23.7,1.1,80.0,20.8,20.9,5
2026-01-02,-23.8,-46.7,22.6,7.8,85.0,16.87,21.5,5
2026-01-03,-23.8,-46.7,23.5,0.4,76.0,22.01,18.0,5
2026-01-04,-23.8,-46.7,18.9,7.4,90.0,17.62,19.6,5
2026-01-05,-23.8,-46.7,17.5,1.6,86.0,13.45,21.0,5
2026-01-06,-23.8,-46.7,19.8,0.3,80.0,21.61,16.4,5
2026-01-07,-23.8,-46.7,21.6,6.8,80.0,22.15,13.7,5
2026-01-08,-23.8,-46.7,22.2,16.1,81.0,23.52,13.0,5
2026-01-09,-23.8,-46.7,23.0,7.9,81.0,24.52,11.1,5
2026-01-10,-23.8,-46.7,24.4,23.7,73.0,27.67,13.9,5
2026-01-11,-23.8,-46.7,24.6,1.5,72.0,28.0,17.7,5
2026-01-12,-23.8,-46.7,24.0,2.9,72.0,25.24,17.8,5
2026-01-13,-23.8,-46.7,22.3,3.5,79.0,18.01,17.5,5
2026-01-14,-23.8,-46.7,21.0,11.4,87.0,18.97,13.2,5
2026-01-15,-23.8,-46.7,21.4,17.8,86.0,16.87,15.0,5
2026-01-16,-23.8,-46.7,21.4,14.2,88.0,17.24,14.6,5
2026-01-17,-23.8,-46.7,21.6,15.4,87.0,18.57,13.8,5
2026-01-18,-23.8,-46.7,21.8,13.6,85.0,18.3,19.1,5
2026-01-19,-23.8,-46.7,19.3,29.6,95.0,11.58,30.7,5
2026-01-20,-23.8,-46.7,17.2,4.6,84.0,15.92,22.4,5
2026-01-21,-23.8,-46.7,16.7,1.1,84.0,11.82,18.2,5
2026-01-22,-23.8,-46.7,17.0,7.1,89.0,11.02,17.7,5
2026-01-23,-23.8,-46.7,18.4,3.8,90.0,19.66,17.1,5
2026-01-24,-23.8,-46.7,19.5,2.5,89.0,14.12,15.4,5
2026-01-25,-23.8,-46.7,20.1,2.5,88.0,17.55,12.9,5
2026-01-26,-23.8,-46.7,20.6,3.0,87.0,22.88,12.8,5
2026-01-27,-23.8,-46.7,21.1,2.0,87.0,21.73,13.0,5
2026-01-28,-23.8,-46.7,21.6,5.4,84.0,19.85,13.2,5
2026-01-29,-23.8,-46.7,20.7,11.3,87.0,22.34,15.2,5
2026-01-30,-23.8,-46.7,20.0,22.1,89.0,12.87,17.1,5
2026-01-31,-23.8,-46.7,21.7,1.2,81.0,19.54,18.2,5
2026-02-01,-23.8,-46.7,21.7,6.6,85.0,13.56,23.5,5
2026-02-02,-23.8,-46.7,21.0,4.2,91.0,13.41,17.1,5
2026-02-03,-23.8,-46.7,21.0,18.5,93.0,13.67,16.9,5
2026-02-04,-23.8,-46.7,21.5,14.1,90.0,15.53,19.6,5
2026-02-05,-23.8,-46.7,21.0,1.8,88.0,17.62,14.1,5
2026-02-06,-23.8,-46.7,21.8,5.1,86.0,18.6,14.1,5
2026-02-07,-23.8,-46.7,22.2,4.8,88.0,13.56,11.4,5
2026-02-08,-23.8,-46.7,20.5,6.0,88.0,16.3,14.7,5
2026-02-09,-23.8,-46.7,19.9,9.5,91.0,10.48,10.5,5
2026-02-10,-23.8,-46.7,20.7,4.5,88.0,14.21,21.9,5
2026-02-11,-23.8,-46.7,21.8,4.1,84.0,15.88,25.0,5
2026-02-12,-23.8,-46.7,23.6,0.9,79.0,19.93,17.9,5
2026-02-13,-23.8,-46.7,24.5,3.3,75.0,25.0,17.1,5
2026-02-14,-23.8,-46.7,22.4,2.1,84.0,17.96,13.2,5
2026-02-15,-23.8,-46.7,22.8,0.1,82.0,26.23,14.2,5
2026-02-16,-23.8,-46.7,23.5,0.0,79.0,26.34,10.8,5
2026-02-17,-23.8,-46.7,23.8,1.7,77.0,21.42,13.5,5
2026-02-18,-23.8,-46.7,22.7,7.7,84.0,19.64,10.6,5
2026-02-19,-23.8,-46.7,21.9,4.7,87.0,20.28,12.9,5
2026-02-20,-23.8,-46.7,22.6,0.2,82.0,22.92,13.6,5
2026-02-21,-23.8,-46.7,21.8,2.5,89.0,16.59,17.0,5
2026-02-22,-23.8,-46.7,20.5,7.0,91.0,16.91,17.8,5
2026-02-23,-23.8,-46.7,20.6,20.6,94.0,13.08,13.7,5
2026-02-24,-23.8,-46.7,21.5,10.4,90.0,14.29,10.3,5
2026-02-25,-23.8,-46.7,22.4,23.5,88.0,14.62,12.0,5
2026-02-26,-23.8,-46.7,20.3,5.2,95.0,10.21,22.7,5
2026-02-27,-23.8,-46.7,19.1,4.3,89.0,12.81,19.1,5
2026-02-28,-23.8,-46.7,18.7,0.3,79.0,20.74,14.6,5
2026-03-01,-23.8,-46.7,18.2,0.0,77.0,21.61,15.1,5
2026-03-02,-23.8,-46.7,18.3,0.7,81.0,20.99,13.6,5
2026-03-03,-23.8,-46.7,18.6,0.4,82.0,19.81,12.7,5
2026-03-04,-23.8,-46.7,19.3,0.0,83.0,22.73,14.5,5
2026-03-05,-23.8,-46.7,20.5,0.6,86.0,20.69,14.2,5
2026-03-06,-23.8,-46.7,21.6,1.9,87.0,13.49,11.3,5
2026-03-07,-23.8,-46.7,21.5,12.6,90.0,14.63,18.8,5
2026-03-08,-23.8,-46.7,20.9,8.7,87.0,18.57,14.0,5
2026-03-09,-23.8,-46.7,19.3,7.9,94.0,6.46,15.5,5
2026-03-10,-23.8,-46.7,18.9,20.6,97.0,7.29,13.7,5
2026-03-11,-23.8,-46.7,19.2,48.4,98.0,7.16,11.3,5
2026-03-12,-23.8,-46.7,19.1,36.2,97.0,6.96,16.8,5
2026-03-13,-23.8,-46.7,19.8,2.3,88.0,11.07,13.0,5
2026-03-14,-23.8,-46.7,20.5,0.8,81.0,24.85,9.1,5
2026-03-15,-23.8,-46.7,22.0,1.1,79.0,21.38,12.4,5
2026-03-16,-23.8,-46.7,22.4,0.0,77.0,25.37,12.9,5
2026-03-17,-23.8,-46.7,21.3,0.0,82.0,21.83,14.3,5
2026-03-18,-23.8,-46.7,21.5,13.8,88.0,18.29,8.3,5
2026-03-19,-23.8,-46.7,20.7,3.4,93.0,9.13,9.9,5
2026-03-20,-23.8,-46.7,20.5,0.6,84.0,17.46,14.3,5
2026-03-21,-23.8,-46.7,21.1,0.2,84.0,22.43,13.2,5
2026-03-22,-23.8,-46.7,21.7,0.2,78.0,20.02,12.3,5
2026-03-23,-23.8,-46.7,21.1,0.0,78.0,24.45,13.8,5
2026-03-24,-23.8,-46.7,20.9,0.0,80.0,24.06,16.4,5
2026-03-25,-23.8,-46.7,21.5,4.7,82.0,18.97,11.7,5
2026-03-26,-23.8,-46.7,22.3,3.5,84.0,18.88,9.2,5
2026-03-27,-23.8,-46.7,22.0,0.0,80.0,23.34,15.3,5
2026-03-28,-23.8,-46.7,21.3,0.0,81.0,23.31,15.1,5
2026-03-29,-23.8,-46.7,21.5,0.0,82.0,22.41,11.6,5
2026-03-30,-23.8,-46.7,20.2,0.2,82.0,18.37,13.3,5
2026-03-31,-23.8,-46.7,19.1,23.1,90.0,11.26,11.8,5
2026-04-01,-23.8,-46.7,19.7,18.4,88.0,17.02,14.3,5
2026-04-02,-23.8,-46.7,21.0,12.9,87.0,17.14,16.5,5
2026-04-03,-23.8,-46.7,21.7,2.5,81.0,19.5,15.8,5
2026-04-04,-23.8,-46.7,21.8,5.1,87.0,18.91,10.7,5
2026-04-05,-23.8,-46.7,21.2,1.3,85.0,17.93,14.1,5
2026-04-06,-23.8,-46.7,21.3,2.8,87.0,18.38,13.9,5
2026-04-07,-23.8,-46.7,21.6,5.9,87.0,13.61,12.1,5
2026-04-08,-23.8,-46.7,21.6,3.2,84.0,12.19,19.6,5
2026-04-09,-23.8,-46.7,20.2,2.3,88.0,13.82,15.4,5
2026-04-10,-23.8,-46.7,17.9,1.0,86.0,7.24,12.4,5
2026-04-11,-23.8,-46.7,18.1,0.0,82.0,20.66,17.9,5
2026-04-12,-23.8,-46.7,19.0,0.0,82.0,20.33,13.6,5
2026-04-13,-23.8,-46.7,19.4,0.1,85.0,17.62,10.4,5
2026-04-14,-23.8,-46.7,18.9,0.0,81.0,19.79,15.4,5
2026-04-15,-23.8,-46.7,19.0,0.0,84.0,21.22,12.5,5
2026-04-16,-23.8,-46.7,19.4,0.0,83.0,19.9,11.3,5
2026-04-17,-23.8,-46.7,21.1,0.0,78.0,19.7,11.5,5
2026-04-18,-23.8,-46.7,20.7,1.9,79.0,16.4,18.1,5
2026-04-19,-23.8,-46.7,19.7,0.0,83.0,20.82,12.2,5
2026-04-20,-23.8,-46.7,18.3,0.0,83.0,20.96,11.5,5
2026-04-21,-23.8,-46.7,18.0,0.0,82.0,20.48,13.9,5
2026-04-22,-23.8,-46.7,18.8,0.0,82.0,18.49,13.1,5
2026-04-23,-23.8,-46.7,18.9,0.1,85.0,17.41,14.6,5
2026-04-24,-23.8,-46.7,19.8,0.0,82.0,17.61,12.3,5
2026-04-25,-23.8,-46.7,21.2,0.0,73.0,17.53,18.4,5
2026-04-26,-23.8,-46.7,22.1,0.0,70.0,17.52,19.7,5
2026-04-27,-23.8,-46.7,20.2,18.0,89.0,10.41,15.4,5
2026-04-28,-23.8,-46.7,19.5,2.4,93.0,10.37,11.2,5
2026-04-29,-23.8,-46.7,19.6,12.6,92.0,11.08,16.1,5
2026-04-30,-23.8,-46.7,19.3,3.1,88.0,12.99,13.0,5
2026-05-01,-23.8,-46.7,20.5,0.9,87.0,14.2,10.6,5
2026-05-02,-23.8,-46.7,21.2,0.1,76.0,12.3,18.8,5
2026-05-03,-23.8,-46.7,16.3,2.8,87.0,9.02,19.2,5
2026-05-04,-23.8,-46.7,18.0,1.0,85.0,15.78,14.1,5
2026-05-05,-23.8,-46.7,20.3,0.8,83.0,15.74,8.5,5
2026-05-06,-23.8,-46.7,21.1,0.0,76.0,17.47,10.8,5
2026-05-07,-23.8,-46.7,21.7,0.0,67.0,17.35,16.3,5
2026-05-08,-23.8,-46.7,22.6,0.0,62.0,12.1,25.0,5
2026-05-09,-23.8,-46.7,21.3,0.2,75.0,8.81,19.5,5
2026-05-10,-23.8,-46.7,13.3,10.6,96.0,2.46,16.3,5
2026-05-11,-23.8,-46.7,12.4,0.0,77.0,14.87,9.3,5
2026-05-12,-23.8,-46.7,13.2,0.0,82.0,17.73,9.4,5
2026-05-13,-23.8,-46.7,15.4,0.0,76.0,16.19,8.0,5
2026-05-14,-23.8,-46.7,17.5,0.0,75.0,13.19,12.5,5
2026-05-15,-23.8,-46.7,16.0,7.9,93.0,5.3,12.8,5
2026-05-16,-23.8,-46.7,17.7,13.4,89.0,13.52,12.2,5
2026-05-17,-23.8,-46.7,17.6,9.7,95.0,4.23,16.8,5
2026-05-18,-23.8,-46.7,16.7,2.8,94.0,6.29,12.3,5
2026-05-19,-23.8,-46.7,15.8,2.6,93.0,4.24,11.6,5
2026-05-20,-23.8,-46.7,16.6,6.6,89.0,9.72,10.1,5
2026-05-21,-23.8,-46.7,14.4,1.1,92.0,6.67,14.3,5
2026-05-22,-23.8,-46.7,13.7,2.3,92.0,5.99,12.5,5
2026-05-23,-23.8,-46.7,15.6,26.6,95.0,4.77,10.8,5
2026-05-24,-23.8,-46.7,17.2,26.0,95.0,9.14,13.0,5
2026-05-25,-23.8,-46.7,16.8,0.0,89.0,9.57,10.9,5
2026-05-26,-23.8,-46.7,18.8,2.7,87.0,13.84,14.8,5
2026-05-27,-23.8,-46.7,16.6,1.2,90.0,7.04,12.6,5
2026-05-28,-23.8,-46.7,14.5,0.2,86.0,14.99,10.9,5
2026-05-29,-23.8,-46.7,15.2,0.2,89.0,10.6,14.7,5
2026-05-30,-23.8,-46.7,16.6,0.3,86.0,12.02,9.9,5
2026-05-31,-23.8,-46.7,16.0,0.1,85.0,12.65,10.0,5
2026-06-01,-23.8,-46.7,14.7,0.1,85.0,11.77,11.4,5
2026-06-02,-23.8,-46.7,14.5,0.3,86.0,9.89,11.5,5
2026-06-03,-23.8,-46.7,15.8,0.7,88.0,12.85,11.8,5
2026-06-04,-23.8,-46.7,15.8,0.2,88.0,10.9,14.3,5
2026-06-05,-23.8,-46.7,14.6,0.0,86.0,14.14,12.1,5
2026-06-06,-23.8,-46.7,14.7,0.0,81.0,15.04,9.9,5
2026-06-07,-23.8,-46.7,14.6,0.0,77.0,15.16,10.1,5
2026-06-08,-23.8,-46.7,15.1,0.0,74.0,15.12,13.9,5
2026-06-09,-23.8,-46.7,15.6,0.0,71.0,12.38,14.7,5
2026-06-10,-23.8,-46.7,15.9,3.9,79.0,11.86,11.5,5
2026-06-11,-23.8,-46.7,15.5,7.7,91.0,7.65,13.8,5
2026-06-12,-23.8,-46.7,16.2,2.8,90.0,4.7,30.1,5
2026-06-13,-23.8,-46.7,17.6,0.8,86.0,10.29,20.6,5
2026-06-14,-23.8,-46.7,17.6,1.5,89.0,8.35,17.2,5
2026-06-15,-23.8,-46.7,14.9,18.3,97.0,4.31,10.6,5
2026-06-16,-23.8,-46.7,14.2,0.3,93.0,10.97,10.8,5
2026-06-17,-23.8,-46.7,13.9,0.0,85.0,14.5,9.4,5
2026-06-18,-23.8,-46.7,12.9,0.0,80.0,14.83,13.9,5
2026-06-19,-23.8,-46.7,14.9,0.0,79.0,14.71,15.6,5
2026-06-20,-23.8,-46.7,16.4,5.0,82.0,4.91,21.9,5
2026-06-21,-23.8,-46.7,14.5,0.0,84.0,14.62,11.9,5
2026-06-22,-23.8,-46.7,16.6,0.0,74.0,14.71,16.9,5
2026-06-23,-23.8,-46.7,16.1,22.3,92.0,2.54,19.5,5
2026-06-24,-23.8,-46.7,11.6,15.3,96.0,1.4,10.8,5
2026-06-25,-23.8,-46.7,10.9,1.0,95.0,3.25,12.7,5
2026-06-26,-23.8,-46.7,14.9,0.0,91.0,10.99,9.6,5
2026-06-27,-23.8,-46.7,17.2,0.2,90.0,13.7,9.3,5
2026-06-28,-23.8,-46.7,17.9,0.0,82.0,14.27,15.2,5
2026-06-29,-23.8,-46.7,18.1,2.8,84.0,13.89,15.1,5
2026-06-30,-23.8,-46.7,18.7,0.0,80.0,14.31,18.7,5
2026-07-01,-23.8,-46.7,18.7,0.0,74.0,14.29,17.9,5
2026-07-02,-23.8,-46.7,18.1,0.0,77.0,14.4,14.7,5
2026-07-03,-23.8,-46.7,16.7,0.0,82.0,11.4,14.3,5
2026-07-04,-23.8,-46.7,13.7,0.0,92.0,9.53,12.1,5
2026-07-05,-23.8,-46.7,13.4,0.0,91.0,10.68,9.4,5
2026-07-06,-23.8,-46.7,15.7,0.0,83.0,13.42,11.6,5
2026-07-07,-23.8,-46.7,13.9,1.1,92.0,7.66,15.9,5
2026-07-08,-23.8,-46.7,14.5,0.0,85.0,12.89,10.3,5
2026-07-09,-23.8,-46.7,14.5,0.0,80.0,15.13,6.1,5
2026-07-10,-23.8,-46.7,15.6,0.0,73.0,14.99,15.2,5
2026-07-11,-23.8,-46.7,17.0,4.9,75.0,14.76,18.7,5
2026-07-12,-23.8,-46.7,15.3,6.5,90.0,7.98,21.8,5
2026-07-13,-23.8,-46.7,11.5,0.1,85.0,10.5,15.0,5
2026-07-14,-23.8,-46.7,11.9,0.4,85.0,12.51,16.0,5
2026-07-15,-23.8,-46.7,13.3,0.0,81.0,15.7,11.5,5
2026-07-16,-23.8,-46.7,15.2,0.0,72.0,15.84,11.7,5
2026-07-17,-23.8,-46.7,15.9,0.0,63.0,16.14,14.5,5
2026-07-18,-23.8,-46.7,16.5,0.0,58.0,16.16,22.6,5
2025-07-19,-23.8,-46.6,12.5,0.0,83.0,15.84,10.6,5
2025-07-20,-23.8,-46.6,13.0,0.2,91.0,12.64,12.8,5
2025-07-21,-23.8,-46.6,14.2,0.0,91.0,14.88,11.1,5
2025-07-22,-23.8,-46.6,16.6,0.0,82.0,15.38,11.7,5
2025-07-23,-23.8,-46.6,14.5,0.0,83.0,16.56,12.0,5
2025-07-24,-23.8,-46.6,14.3,3.0,95.0,11.29,12.8,5
2025-07-25,-23.8,-46.6,14.8,1.2,93.0,4.58,6.2,5
2025-07-26,-23.8,-46.6,16.2,0.0,85.0,15.66,7.5,5
2025-07-27,-23.8,-46.6,19.3,0.0,64.0,16.92,24.9,5
2025-07-28,-23.8,-46.6,20.1,0.4,65.0,10.48,38.3,5
2025-07-29,-23.8,-46.6,12.9,1.8,74.0,18.46,10.6,5
2025-07-30,-23.8,-46.6,10.3,0.7,82.0,15.88,12.4,5
2025-07-31,-23.8,-46.6,11.4,0.0,85.0,17.55,14.2,5
2025-08-01,-23.8,-46.6,13.9,0.0,83.0,18.04,9.9,5
2025-08-02,-23.8,-46.6,17.4,0.0,66.0,16.16,15.3,5
2025-08-03,-23.8,-46.6,18.1,0.0,54.0,17.0,24.6,5
2025-08-04,-23.8,-46.6,16.3,0.0,70.0,10.66,13.3,5
2025-08-05,-23.8,-46.6,14.6,1.2,92.0,8.19,11.1,5
2025-08-06,-23.8,-46.6,13.5,12.1,97.0,10.98,14.2,5
2025-08-07,-23.8,-46.6,14.5,0.0,90.0,15.66,10.6,5
2025-08-08,-23.8,-46.6,16.5,5.0,82.0,11.92,13.6,5
2025-08-09,-23.8,-46.6,12.0,2.3,88.0,11.68,12.0,5
2025-08-10,-23.8,-46.6,10.7,2.2,87.0,9.55,14.3,5
2025-08-11,-23.8,-46.6,10.8,0.4,86.0,15.85,14.8,5
2025-08-12,-23.8,-46.6,11.9,0.3,89.0,18.19,13.0,5
2025-08-13,-23.8,-46.6,14.2,0.0,79.0,20.07,11.4,5
2025-08-14,-23.8,-46.6,13.2,1.1,83.0,16.37,16.3,5
2025-08-15,-23.8,-46.6,13.1,4.0,93.0,15.33,15.9,5
2025-08-16,-23.8,-46.6,14.0,1.4,95.0,12.84,14.1,5
2025-08-17,-23.8,-46.6,15.4,0.0,90.0,16.19,13.6,5
2025-08-18,-23.8,-46.6,14.6,0.1,90.0,16.81,14.1,5
2025-08-19,-23.8,-46.6,16.3,0.0,83.0,14.17,18.5,5
2025-08-20,-23.8,-46.6,19.6,0.0,67.0,13.38,25.3,5
2025-08-21,-23.8,-46.6,20.7,0.1,67.0,17.28,21.1,5
2025-08-22,-23.8,-46.6,22.0,0.0,65.0,19.57,13.2,5
2025-08-23,-23.8,-46.6,23.2,0.0,45.0,18.52,24.6,5
2025-08-24,-23.8,-46.6,15.5,2.2,91.0,13.31,13.3,5
2025-08-25,-23.8,-46.6,14.7,0.4,94.0,15.8,14.1,5
2025-08-26,-23.8,-46.6,14.5,1.5,95.0,10.25,13.6,5
2025-08-27,-23.8,-46.6,15.8,2.3,93.0,13.49,13.0,5
2025-08-28,-23.8,-46.6,15.9,2.2,93.0,16.6,14.5,5
2025-08-29,-23.8,-46.6,15.1,2.1,97.0,7.95,11.9,5
2025-08-30,-23.8,-46.6,16.2,0.4,91.0,17.38,14.4,5
2025-08-31,-23.8,-46.6,16.2,0.5,88.0,18.04,16.5,5
2025-09-01,-23.8,-46.6,16.6,0.9,91.0,17.45,14.5,5
2025-09-02,-23.8,-46.6,18.0,0.3,86.0,18.96,12.3,5
2025-09-03,-23.8,-46.6,19.0,0.0,78.0,21.43,14.8,5
2025-09-04,-23.8,-46.6,20.6,0.0,59.0,19.36,17.5,5
2025-09-05,-23.8,-46.6,18.2,0.9,76.0,18.21,14.5,5
2025-09-06,-23.8,-46.6,14.3,7.5,97.0,10.42,14.5,5
2025-09-07,-23.8,-46.6,14.7,4.4,98.0,11.26,14.4,5
2025-09-08,-23.8,-46.6,18.3,0.0,87.0,17.83,15.3,5
2025-09-09,-23.8,-46.6,21.3,0.0,60.0,13.54,31.6,5
2025-09-10,-23.8,-46.6,16.1,0.0,85.0,23.18,13.9,5
2025-09-11,-23.8,-46.6,16.4,0.0,78.0,23.91,11.8,5
2025-09-12,-23.8,-46.6,14.6,1.3,88.0,16.86,14.3,5
2025-09-13,-23.8,-46.6,14.2,2.0,90.0,14.6,16.4,5
2025-09-14,-23.8,-46.6,15.1,1.2,89.0,20.15,18.8,5
2025-09-15,-23.8,-46.6,16.3,0.0,89.0,21.77,14.0,5
2025-09-16,-23.8,-46.6,17.6,2.7,89.0,10.2,10.4,5
2025-09-17,-23.8,-46.6,16.9,2.3,87.0,20.06,20.0,5
2025-09-18,-23.8,-46.6,16.3,2.0,91.0,21.57,13.6,5
2025-09-19,-23.8,-46.6,18.2,0.2,88.0,18.51,13.0,5
2025-09-20,-23.8,-46.6,21.9,0.0,73.0,22.33,17.9,5
2025-09-21,-23.8,-46.6,23.8,5.4,63.0,19.23,33.9,5
2025-09-22,-23.8,-46.6,21.7,1.6,76.0,3.43,32.5,5
2025-09-23,-23.8,-46.6,14.3,4.5,91.0,13.13,15.3,5
2025-09-24,-23.8,-46.6,14.1,13.0,93.0,8.57,20.0,5
2025-09-25,-23.8,-46.6,12.9,17.8,94.0,7.97,19.0,5
2025-09-26,-23.8,-46.6,12.8,9.7,89.0,18.27,20.2,5
2025-09-27,-23.8,-46.6,13.8,0.0,84.0,24.5,15.5,5
2025-09-28,-23.8,-46.6,17.1,0.0,77.0,19.88,14.1,5
2025-09-29,-23.8,-46.6,18.9,0.0,77.0,24.91,11.9,5
2025-09-30,-23.8,-46.6,19.6,0.0,77.0,24.25,11.3,5
2025-10-01,-23.8,-46.6,18.3,0.5,88.0,16.83,12.6,5
2025-10-02,-23.8,-46.6,17.3,0.6,93.0,12.14,12.2,5
2025-10-03,-23.8,-46.6,18.9,0.4,88.0,16.91,13.6,5
2025-10-04,-23.8,-46.6,18.9,5.6,85.0,9.64,13.8,5
2025-10-05,-23.8,-46.6,23.4,0.0,63.0,25.92,20.2,5
2025-10-06,-23.8,-46.6,25.4,0.0,52.0,21.93,19.2,5
2025-10-07,-23.8,-46.6,16.5,16.3,95.0,11.39,24.8,5
2025-10-08,-23.8,-46.6,13.8,21.5,95.0,7.79,22.4,5
2025-10-09,-23.8,-46.6,14.5,5.5,94.0,10.79,17.6,5
2025-10-10,-23.8,-46.6,15.8,41.7,93.0,7.91,13.4,5
2025-10-11,-23.8,-46.6,17.4,14.8,88.0,17.36,11.4,5
2025-10-12,-23.8,-46.6,20.9,1.4,78.0,18.79,15.0,5
2025-10-13,-23.8,-46.6,20.9,4.7,77.0,9.58,30.8,5
2025-10-14,-23.8,-46.6,19.0,1.2,85.0,20.29,20.1,5
2025-10-15,-23.8,-46.6,16.2,2.0,93.0,18.7,15.4,5
2025-10-16,-23.8,-46.6,18.4,0.0,89.0,23.43,17.2,5
2025-10-17,-23.8,-46.6,20.9,5.2,81.0,22.98,10.7,5
2025-10-18,-23.8,-46.6,19.1,35.4,94.0,6.8,28.4,5
2025-10-19,-23.8,-46.6,12.8,22.9,96.0,13.37,30.7,5
2025-10-20,-23.8,-46.6,12.6,6.0,85.0,21.53,21.0,5
2025-10-21,-23.8,-46.6,13.3,1.0,82.0,28.05,20.8,5
2025-10-22,-23.8,-46.6,14.1,0.3,82.0,28.98,18.8,5
2025-10-23,-23.8,-46.6,15.1,0.0,82.0,29.71,17.5,5
2025-10-24,-23.8,-46.6,16.3,0.0,81.0,28.69,13.4,5
2025-10-25,-23.8,-46.6,19.5,0.0,72.0,27.11,13.9,5
2025-10-26,-23.8,-46.6,21.4,0.1,70.0,23.45,15.6,5
2025-10-27,-23.8,-46.6,17.8,4.4,93.0,6.26,6.5,5
2025-10-28,-23.8,-46.6,17.7,29.9,96.0,5.32,10.5,5
2025-10-29,-23.8,-46.6,19.6,28.5,89.0,15.31,23.6,5
2025-10-30,-23.8,-46.6,15.0,9.4,96.0,9.03,17.1,5
2025-10-31,-23.8,-46.6,15.9,17.5,95.0,9.34,11.3,5
2025-11-01,-23.8,-46.6,19.1,0.5,87.0,20.34,12.8,5
2025-11-02,-23.8,-46.6,18.4,19.9,94.0,5.1,24.1,5
2025-11-03,-23.8,-46.6,20.3,22.0,84.0,16.35,22.5,5
2025-11-04,-23.8,-46.6,19.3,1.4,93.0,18.54,13.5,5
2025-11-05,-23.8,-46.6,22.7,0.6,80.0,16.57,24.3,5
2025-11-06,-23.8,-46.6,15.9,9.6,93.0,12.64,17.0,5
2025-11-07,-23.8,-46.6,16.9,1.3,88.0,23.18,17.8,5
2025-11-08,-23.8,-46.6,20.9,8.8,81.0,11.63,39.9,5
2025-11-09,-23.8,-46.6,14.7,11.1,91.0,16.3,21.8,5
2025-11-10,-23.8,-46.6,14.8,1.7,85.0,26.98,16.6,5
2025-11-11,-23.8,-46.6,15.5,0.0,82.0,29.49,16.6,5
2025-11-12,-23.8,-46.6,18.7,0.0,77.0,29.16,13.6,5
2025-11-13,-23.8,-46.6,19.2,1.6,86.0,14.03,9.9,5
2025-11-14,-23.8,-46.6,17.6,2.0,88.0,15.84,13.5,5
2025-11-15,-23.8,-46.6,18.3,0.8,87.0,16.75,13.1,5
2025-11-16,-23.8,-46.6,20.0,26.5,89.0,10.69,19.5,5
2025-11-17,-23.8,-46.6,20.8,24.8,91.0,11.88,21.3,5
2025-11-18,-23.8,-46.6,20.5,19.2,85.0,11.75,25.7,5
2025-11-19,-23.8,-46.6,18.3,0.2,74.0,25.64,17.7,5
2025-11-20,-23.8,-46.6,16.5,0.9,84.0,26.95,18.1,5
2025-11-21,-23.8,-46.6,19.4,0.0,71.0,28.45,12.2,5
2025-11-22,-23.8,-46.6,20.6,0.7,80.0,20.8,12.4,5
2025-11-23,-23.8,-46.6,18.0,4.7,95.0,16.2,14.7,5
2025-11-24,-23.8,-46.6,17.2,21.2,97.0,10.94,18.0,5
2025-11-25,-23.8,-46.6,17.4,3.3,86.0,21.03,15.4,5
2025-11-26,-23.8,-46.6,16.9,0.0,82.0,30.31,16.5,5
2025-11-27,-23.8,-46.6,16.3,0.8,86.0,24.97,16.5,5
2025-11-28,-23.8,-46.6,18.8,0.1,87.0,25.09,14.3,5
2025-11-29,-23.8,-46.6,21.0,0.0,73.0,30.16,12.9,5
2025-11-30,-23.8,-46.6,20.4,0.0,83.0,28.89,12.5,5
2025-12-01,-23.8,-46.6,20.3,0.7,91.0,21.8,15.2,5
2025-12-02,-23.8,-46.6,21.4,33.8,87.0,14.7,12.9,5
2025-12-03,-23.8,-46.6,20.2,9.6,92.0,21.93,15.7,5
2025-12-04,-23.8,-46.6,18.0,5.7,89.0,20.56,17.1,5
2025-12-05,-23.8,-46.6,18.7,1.6,87.0,25.32,17.2,5
2025-12-06,-23.8,-46.6,20.4,0.3,85.0,25.53,13.4,5
2025-12-07,-23.8,-46.6,21.8,0.1,84.0,23.32,13.5,5
2025-12-08,-23.8,-46.6,21.2,16.8,90.0,14.01,11.0,5
2025-12-09,-23.8,-46.6,20.2,30.3,92.0,6.46,34.7,5
2025-12-10,-23.8,-46.6,23.1,1.0,68.0,24.0,43.1,5
2025-12-11,-23.8,-46.6,23.4,0.0,59.0,29.32,28.0,5
2025-12-12,-23.8,-46.6,22.2,7.0,73.0,16.3,19.5,5
2025-12-13,-23.8,-46.6,21.5,21.1,87.0,14.58,25.9,5
2025-12-14,-23.8,-46.6,22.3,3.9,83.0,12.07,24.4,5
2025-12-15,-23.8,-46.6,23.5,2.3,83.0,22.29,17.5,5
2025-12-16,-23.8,-46.6,23.0,50.3,86.0,19.48,24.1,5
2025-12-17,-23.8,-46.6,16.2,25.6,92.0,8.64,30.1,5
2025-12-18,-23.8,-46.6,17.6,1.0,87.0,12.93,13.9,5
2025-12-19,-23.8,-46.6,18.9,2.7,92.0,12.55,14.5,5
2025-12-20,-23.8,-46.6,20.0,2.4,91.0,23.01,17.3,5
2025-12-21,-23.8,-46.6,21.9,0.0,80.0,28.08,15.6,5
2025-12-22,-23.8,-46.6,24.0,1.0,72.0,28.26,16.2,5
2025-12-23,-23.8,-46.6,25.5,0.7,62.0,26.62,18.4,5
2025-12-24,-23.8,-46.6,26.2,1.4,62.0,26.97,13.2,5
2025-12-25,-23.8,-46.6,26.6,1.9,66.0,27.22,11.1,5
2025-12-26,-23.8,-46.6,25.6,2.6,75.0,23.72,13.2,5
2025-12-27,-23.8,-46.6,25.4,0.9,79.0,25.48,11.5,5
2025-12-28,-23.8,-46.6,25.5,0.2,79.0,27.27,12.2,5
2025-12-29,-23.8,-46.6,24.7,3.3,83.0,23.85,11.9,5
2025-12-30,-23.8,-46.6,24.3,21.8,86.0,25.35,12.0,5
2025-12-31,-23.8,-46.6,24.5,17.0,81.0,21.11,16.8,5
2026-01-01,-23.8,-46.6,24.4,0.2,78.0,20.8,25.8,5
2026-01-02,-23.8,-46.6,23.1,12.0,85.0,16.87,25.2,5
2026-01-03,-23.8,-46.6,24.0,0.9,79.0,22.01,21.3,5
2026-01-04,-23.8,-46.6,18.6,19.2,96.0,17.62,16.8,5
2026-01-05,-23.8,-46.6,16.8,18.3,93.0,13.45,20.2,5
2026-01-06,-23.8,-46.6,19.4,1.2,85.0,21.61,14.0,5
2026-01-07,-23.8,-46.6,21.4,13.3,83.0,22.15,14.0,5
2026-01-08,-23.8,-46.6,22.5,32.5,81.0,23.52,17.1,5
2026-01-09,-23.8,-46.6,22.8,2.3,87.0,24.52,14.7,5
2026-01-10,-23.8,-46.6,24.7,22.8,75.0,27.67,16.8,5
2026-01-11,-23.8,-46.6,24.9,3.1,73.0,28.0,18.5,5
2026-01-12,-23.8,-46.6,24.9,2.3,72.0,25.24,15.0,5
2026-01-13,-23.8,-46.6,22.4,2.4,83.0,18.01,18.8,5
2026-01-14,-23.8,-46.6,21.8,14.0,85.0,18.97,16.7,5
2026-01-15,-23.8,-46.6,21.7,20.1,87.0,16.87,16.2,5
2026-01-16,-23.8,-46.6,21.7,14.5,88.0,17.24,14.9,5
2026-01-17,-23.8,-46.6,22.0,14.5,86.0,18.57,16.6,5
2026-01-18,-23.8,-46.6,22.4,15.6,84.0,18.3,21.9,5
2026-01-19,-23.8,-46.6,20.0,56.2,92.0,11.58,28.5,5
2026-01-20,-23.8,-46.6,17.3,13.3,88.0,15.92,21.4,5
2026-01-21,-23.8,-46.6,16.6,4.4,89.0,11.82,16.3,5
2026-01-22,-23.8,-46.6,16.9,13.9,93.0,11.02,14.4,5
2026-01-23,-23.8,-46.6,18.1,5.4,94.0,19.66,16.8,5
2026-01-24,-23.8,-46.6,18.9,8.0,94.0,14.12,15.4,5
2026-01-25,-23.8,-46.6,19.4,5.9,94.0,17.55,11.9,5
2026-01-26,-23.8,-46.6,20.4,3.7,90.0,22.88,12.6,5
2026-01-27,-23.8,-46.6,21.0,1.6,90.0,21.73,11.3,5
2026-01-28,-23.8,-46.6,21.9,4.8,85.0,19.85,17.4,5
2026-01-29,-23.8,-46.6,21.8,10.4,84.0,22.34,16.5,5
2026-01-30,-23.8,-46.6,20.7,7.9,87.0,12.87,19.5,5
2026-01-31,-23.8,-46.6,21.9,3.3,83.0,19.54,19.2,5
2026-02-01,-23.8,-46.6,22.8,2.2,81.0,13.56,27.5,5
2026-02-02,-23.8,-46.6,21.7,1.8,88.0,13.41,17.5,5
2026-02-03,-23.8,-46.6,21.7,20.4,91.0,13.67,18.2,5
2026-02-04,-23.8,-46.6,22.0,19.2,89.0,15.53,19.6,5
2026-02-05,-23.8,-46.6,20.9,9.4,92.0,17.62,13.7,5
2026-02-06,-23.8,-46.6,21.4,5.1,90.0,18.6,13.4,5
2026-02-07,-23.8,-46.6,21.6,17.4,93.0,13.56,13.9,5
2026-02-08,-23.8,-46.6,20.7,10.4,90.0,16.3,15.3,5
2026-02-09,-23.8,-46.6,19.9,12.2,94.0,10.48,7.4,5
2026-02-10,-23.8,-46.6,21.2,5.9,87.0,14.21,19.1,5
2026-02-11,-23.8,-46.6,22.5,3.8,82.0,15.88,28.2,5
2026-02-12,-23.8,-46.6,24.2,3.7,77.0,19.93,21.0,5
2026-02-13,-23.8,-46.6,25.2,6.0,73.0,25.0,14.7,5
2026-02-14,-23.8,-46.6,22.2,2.2,89.0,17.96,14.9,5
2026-02-15,-23.8,-46.6,22.4,0.0,88.0,26.23,13.0,5
2026-02-16,-23.8,-46.6,23.4,0.0,84.0,26.34,12.9,5
2026-02-17,-23.8,-46.6,24.9,0.3,73.0,21.42,13.4,5
2026-02-18,-23.8,-46.6,22.9,8.0,85.0,19.64,13.2,5
2026-02-19,-23.8,-46.6,21.3,8.3,93.0,20.28,14.0,5
2026-02-20,-23.8,-46.6,22.4,0.4,86.0,22.92,15.2,5
2026-02-21,-23.8,-46.6,21.2,7.9,94.0,16.59,16.1,5
2026-02-22,-23.8,-46.6,19.9,23.1,96.0,16.91,18.6,5
2026-02-23,-23.8,-46.6,20.2,20.4,97.0,13.08,13.8,5
2026-02-24,-23.8,-46.6,21.3,9.9,93.0,14.29,13.7,5
2026-02-25,-23.8,-46.6,22.3,8.9,90.0,14.62,10.2,5
2026-02-26,-23.8,-46.6,20.3,24.4,97.0,10.21,21.0,5
2026-02-27,-23.8,-46.6,19.0,17.5,93.0,12.81,19.3,5
2026-02-28,-23.8,-46.6,18.6,3.0,84.0,20.74,16.4,5
2026-03-01,-23.8,-46.6,18.1,1.7,81.0,21.61,15.9,5
2026-03-02,-23.8,-46.6,18.0,0.6,84.0,20.99,14.5,5
2026-03-03,-23.8,-46.6,18.5,0.8,88.0,19.81,13.4,5
2026-03-04,-23.8,-46.6,19.1,0.5,88.0,22.73,15.2,5
2026-03-05,-23.8,-46.6,20.1,1.9,91.0,20.69,14.9,5
2026-03-06,-23.8,-46.6,21.0,3.0,92.0,13.49,11.6,5
2026-03-07,-23.8,-46.6,21.8,15.6,89.0,14.63,25.9,5
2026-03-08,-23.8,-46.6,21.2,16.6,88.0,18.57,18.6,5
2026-03-09,-23.8,-46.6,19.0,16.1,97.0,6.46,15.7,5
2026-03-10,-23.8,-46.6,18.7,27.4,99.0,7.29,9.9,5
2026-03-11,-23.8,-46.6,19.0,42.8,99.0,7.16,9.4,5
2026-03-12,-23.8,-46.6,19.7,37.7,95.0,6.96,18.3,5
2026-03-13,-23.8,-46.6,19.8,5.2,92.0,11.07,13.6,5
2026-03-14,-23.8,-46.6,20.4,1.4,86.0,24.85,9.9,5
2026-03-15,-23.8,-46.6,22.3,1.3,79.0,21.38,11.7,5
2026-03-16,-23.8,-46.6,22.7,0.0,79.0,25.37,12.1,5
2026-03-17,-23.8,-46.6,21.3,0.0,86.0,21.83,12.8,5
2026-03-18,-23.8,-46.6,21.4,6.4,90.0,18.29,10.0,5
2026-03-19,-23.8,-46.6,20.7,8.6,94.0,9.13,11.6,5
2026-03-20,-23.8,-46.6,20.5,0.4,88.0,17.46,15.1,5
2026-03-21,-23.8,-46.6,20.8,0.3,88.0,22.43,13.1,5
2026-03-22,-23.8,-46.6,21.7,0.2,80.0,20.02,12.0,5
2026-03-23,-23.8,-46.6,20.9,0.5,83.0,24.45,14.8,5
2026-03-24,-23.8,-46.6,20.8,0.0,83.0,24.06,16.2,5
2026-03-25,-23.8,-46.6,21.4,4.6,87.0,18.97,8.9,5
2026-03-26,-23.8,-46.6,22.1,2.7,88.0,18.88,9.2,5
2026-03-27,-23.8,-46.6,21.8,0.0,86.0,23.34,15.0,5
2026-03-28,-23.8,-46.6,21.0,0.2,86.0,23.31,14.5,5
2026-03-29,-23.8,-46.6,20.9,0.2,87.0,22.41,11.6,5
2026-03-30,-23.8,-46.6,20.0,1.0,87.0,18.37,13.6,5
2026-03-31,-23.8,-46.6,19.0,27.2,94.0,11.26,11.4,5
2026-04-01,-23.8,-46.6,19.8,9.9,90.0,17.02,11.9,5
2026-04-02,-23.8,-46.6,21.7,7.3,85.0,17.14,17.3,5
2026-04-03,-23.8,-46.6,22.1,12.7,83.0,19.5,20.5,5
2026-04-04,-23.8,-46.6,22.3,4.2,86.0,18.91,14.4,5
2026-04-05,-23.8,-46.6,21.3,1.5,89.0,17.93,14.1,5
2026-04-06,-23.8,-46.6,20.8,1.9,92.0,18.38,13.8,5
2026-04-07,-23.8,-46.6,22.1,6.3,86.0,13.61,16.7,5
2026-04-08,-23.8,-46.6,22.5,1.3,80.0,12.19,27.2,5
2026-04-09,-23.8,-46.6,20.2,3.6,89.0,13.82,19.2,5
2026-04-10,-23.8,-46.6,17.5,5.5,92.0,7.24,11.3,5
2026-04-11,-23.8,-46.6,17.7,0.9,87.0,20.66,17.4,5
2026-04-12,-23.8,-46.6,18.8,0.0,86.0,20.33,13.3,5
2026-04-13,-23.8,-46.6,19.3,0.5,89.0,17.62,11.2,5
2026-04-14,-23.8,-46.6,18.8,0.1,86.0,19.79,15.8,5
2026-04-15,-23.8,-46.6,18.6,0.2,88.0,21.22,13.6,5
2026-04-16,-23.8,-46.6,19.1,0.1,88.0,19.9,10.7,5
2026-04-17,-23.8,-46.6,21.4,0.0,79.0,19.7,12.2,5
2026-04-18,-23.8,-46.6,21.6,3.4,78.0,16.4,19.1,5
2026-04-19,-23.8,-46.6,19.5,0.3,86.0,20.82,11.8,5
2026-04-20,-23.8,-46.6,18.1,0.2,86.0,20.96,12.3,5
2026-04-21,-23.8,-46.6,17.8,0.5,88.0,20.48,12.3,5
2026-04-22,-23.8,-46.6,18.3,1.4,89.0,18.49,11.6,5
2026-04-23,-23.8,-46.6,18.4,0.9,91.0,17.41,14.9,5
2026-04-24,-23.8,-46.6,19.6,0.0,87.0,17.61,12.4,5
2026-04-25,-23.8,-46.6,22.5,0.0,68.0,17.53,20.7,5
2026-04-26,-23.8,-46.6,23.5,0.0,67.0,17.52,19.4,5
2026-04-27,-23.8,-46.6,21.1,25.6,86.0,10.41,14.9,5
2026-04-28,-23.8,-46.6,19.2,3.7,96.0,10.37,10.3,5
2026-04-29,-23.8,-46.6,19.6,36.8,94.0,11.08,15.2,5
2026-04-30,-23.8,-46.6,19.1,6.8,91.0,12.99,15.3,5
2026-05-01,-23.8,-46.6,19.9,1.1,93.0,14.2,10.7,5
2026-05-02,-23.8,-46.6,21.9,0.4,76.0,12.3,20.0,5
2026-05-03,-23.8,-46.6,16.1,20.5,92.0,9.02,18.1,5
2026-05-04,-23.8,-46.6,17.9,0.6,87.0,15.78,11.3,5
2026-05-05,-23.8,-46.6,21.1,0.2,82.0,15.74,12.3,5
2026-05-06,-23.8,-46.6,21.3,0.1,80.0,17.47,8.4,5
2026-05-07,-23.8,-46.6,22.5,0.0,64.0,17.35,17.7,5
2026-05-08,-23.8,-46.6,23.5,0.0,58.0,12.1,32.4,5
2026-05-09,-23.8,-46.6,21.7,1.3,75.0,8.81,21.7,5
2026-05-10,-23.8,-46.6,13.9,17.3,97.0,2.46,13.0,5
2026-05-11,-23.8,-46.6,12.9,0.0,81.0,14.87,11.5,5
2026-05-12,-23.8,-46.6,13.4,0.0,88.0,17.73,8.6,5
2026-05-13,-23.8,-46.6,15.9,0.0,79.0,16.19,11.0,5
2026-05-14,-23.8,-46.6,17.1,0.0,85.0,13.19,10.5,5
2026-05-15,-23.8,-46.6,16.8,9.7,94.0,5.3,10.8,5
2026-05-16,-23.8,-46.6,18.0,6.3,91.0,13.52,15.7,5
2026-05-17,-23.8,-46.6,18.4,9.7,93.0,4.23,17.7,5
2026-05-18,-23.8,-46.6,17.3,4.4,94.0,6.29,15.2,5
2026-05-19,-23.8,-46.6,16.2,5.3,96.0,4.24,8.0,5
2026-05-20,-23.8,-46.6,16.2,10.3,96.0,9.72,9.8,5
2026-05-21,-23.8,-46.6,14.0,8.0,99.0,6.67,13.5,5
2026-05-22,-23.8,-46.6,13.3,5.3,98.0,5.99,12.4,5
2026-05-23,-23.8,-46.6,15.4,26.0,96.0,4.77,9.0,5
2026-05-24,-23.8,-46.6,16.9,24.7,96.0,9.14,11.5,5
2026-05-25,-23.8,-46.6,16.1,0.3,94.0,9.57,13.5,5
2026-05-26,-23.8,-46.6,18.6,2.8,90.0,13.84,14.9,5
2026-05-27,-23.8,-46.6,16.7,3.0,94.0,7.04,12.5,5
2026-05-28,-23.8,-46.6,14.7,0.8,92.0,14.99,11.0,5
2026-05-29,-23.8,-46.6,14.7,3.1,96.0,10.6,12.6,5
2026-05-30,-23.8,-46.6,16.2,0.5,92.0,12.02,9.6,5
2026-05-31,-23.8,-46.6,15.6,1.5,93.0,12.65,10.0,5
2026-06-01,-23.8,-46.6,14.4,1.5,95.0,11.77,12.2,5
2026-06-02,-23.8,-46.6,14.4,2.3,93.0,9.89,12.2,5
2026-06-03,-23.8,-46.6,15.1,2.6,95.0,12.85,12.0,5
2026-06-04,-23.8,-46.6,15.3,1.4,95.0,10.9,12.0,5
2026-06-05,-23.8,-46.6,14.8,0.2,90.0,14.14,13.0,5
2026-06-06,-23.8,-46.6,14.9,0.0,84.0,15.04,11.1,5
2026-06-07,-23.8,-46.6,15.4,0.0,80.0,15.16,10.7,5
2026-06-08,-23.8,-46.6,15.8,0.0,77.0,15.12,11.3,5
2026-06-09,-23.8,-46.6,16.8,0.0,71.0,12.38,16.1,5
2026-06-10,-23.8,-46.6,16.0,4.5,88.0,11.86,11.5,5
2026-06-11,-23.8,-46.6,16.4,7.3,89.0,7.65,15.1,5
2026-06-12,-23.8,-46.6,17.3,3.3,84.0,4.7,33.2,5
2026-06-13,-23.8,-46.6,18.0,2.1,85.0,10.29,25.8,5
2026-06-14,-23.8,-46.6,18.1,0.8,87.0,8.35,15.8,5
2026-06-15,-23.8,-46.6,14.7,21.3,100.0,4.31,13.1,5
2026-06-16,-23.8,-46.6,14.0,3.4,99.0,10.97,10.1,5
2026-06-17,-23.8,-46.6,14.3,0.0,88.0,14.5,10.5,5
2026-06-18,-23.8,-46.6,12.8,0.0,87.0,14.83,12.6,5
2026-06-19,-23.8,-46.6,15.7,0.0,76.0,14.71,15.9,5
2026-06-20,-23.8,-46.6,17.9,5.3,75.0,4.91,20.3,5
2026-06-21,-23.8,-46.6,14.8,0.0,87.0,14.62,13.4,5
2026-06-22,-23.8,-46.6,17.8,0.0,70.0,14.71,21.9,5
2026-06-23,-23.8,-46.6,16.2,27.5,92.0,2.54,22.9,5
2026-06-24,-23.8,-46.6,11.8,20.0,100.0,1.4,12.5,5
2026-06-25,-23.8,-46.6,10.9,7.1,99.0,3.25,12.6,5
2026-06-26,-23.8,-46.6,14.5,0.1,93.0,10.99,7.3,5
2026-06-27,-23.8,-46.6,17.0,0.0,91.0,13.7,8.7,5
2026-06-28,-23.8,-46.6,18.5,0.0,80.0,14.27,13.0,5
2026-06-29,-23.8,-46.6,18.1,1.1,83.0,13.89,16.9,5
2026-06-30,-23.8,-46.6,19.0,0.0,80.0,14.31,17.3,5
2026-07-01,-23.8,-46.6,19.9,0.0,70.0,14.29,20.9,5
2026-07-02,-23.8,-46.6,19.5,0.0,73.0,14.4,17.0,5
2026-07-03,-23.8,-46.6,16.4,2.0,88.0,11.4,13.9,5
2026-07-04,-23.8,-46.6,12.9,2.7,99.0,9.53,11.8,5
2026-07-05,-23.8,-46.6,12.7,0.2,96.0,10.68,11.4,5
2026-07-06,-23.8,-46.6,15.5,0.0,88.0,13.42,9.8,5
2026-07-07,-23.8,-46.6,14.5,1.4,92.0,7.66,15.9,5
2026-07-08,-23.8,-46.6,13.6,0.2,93.0,12.89,9.4,5
2026-07-09,-23.8,-46.6,14.4,0.0,89.0,15.13,10.0,5
2026-07-10,-23.8,-46.6,17.0,0.0,71.0,14.99,19.6,5
2026-07-11,-23.8,-46.6,18.3,6.4,70.0,14.76,21.2,5
2026-07-12,-23.8,-46.6,15.7,7.3,90.0,7.98,24.8,5
2026-07-13,-23.8,-46.6,11.6,2.7,92.0,10.5,14.2,5
2026-07-14,-23.8,-46.6,12.0,1.8,90.0,12.51,13.5,5
2026-07-15,-23.8,-46.6,13.7,0.0,81.0,15.7,12.0,5
2026-07-16,-23.8,-46.6,15.7,0.0,73.0,15.84,14.0,5
2026-07-17,-23.8,-46.6,17.2,0.0,57.0,16.14,22.2,5
2026-07-18,-23.8,-46.6,18.0,0.0,54.0,16.16,29.8,5
2025-07-19,-23.8,-46.5,12.6,0.0,83.0,15.84,10.6,5
2025-07-20,-23.8,-46.5,13.1,0.2,91.0,12.64,12.8,5
2025-07-21,-23.8,-46.5,14.3,0.0,91.0,14.88,11.1,5
2025-07-22,-23.8,-46.5,16.7,0.0,82.0,15.38,11.7,5
2025-07-23,-23.8,-46.5,14.6,0.0,83.0,16.56,12.0,5
2025-07-24,-23.8,-46.5,14.4,3.0,95.0,11.29,12.8,5
2025-07-25,-23.8,-46.5,14.9,1.2,93.0,4.58,6.2,5
2025-07-26,-23.8,-46.5,16.3,0.0,85.0,15.66,7.5,5
2025-07-27,-23.8,-46.5,19.4,0.0,64.0,16.92,24.9,5
2025-07-28,-23.8,-46.5,20.2,0.4,65.0,10.48,38.3,5
2025-07-29,-23.8,-46.5,13.0,1.8,74.0,18.46,10.6,5
2025-07-30,-23.8,-46.5,10.4,0.7,82.0,15.88,12.4,5
2025-07-31,-23.8,-46.5,11.5,0.0,85.0,17.55,14.2,5
2025-08-01,-23.8,-46.5,14.0,0.0,83.0,18.04,9.9,5
2025-08-02,-23.8,-46.5,17.4,0.0,66.0,16.16,15.3,5
2025-08-03,-23.8,-46.5,18.2,0.0,54.0,17.0,24.6,5
2025-08-04,-23.8,-46.5,16.4,0.0,70.0,10.66,13.3,5
2025-08-05,-23.8,-46.5,14.7,1.2,92.0,8.19,11.1,5
2025-08-06,-23.8,-46.5,13.6,12.1,97.0,10.98,14.2,5
2025-08-07,-23.8,-46.5,14.6,0.0,90.0,15.66,10.6,5
2025-08-08,-23.8,-46.5,16.6,5.0,82.0,11.92,13.6,5
2025-08-09,-23.8,-46.5,12.1,2.3,88.0,11.68,12.0,5
2025-08-10,-23.8,-46.5,10.8,2.2,87.0,9.55,14.3,5
2025-08-11,-23.8,-46.5,10.9,0.4,86.0,15.85,14.8,5
2025-08-12,-23.8,-46.5,12.0,0.3,89.0,18.19,13.0,5
2025-08-13,-23.8,-46.5,14.3,0.0,79.0,20.07,11.4,5
2025-08-14,-23.8,-46.5,13.3,1.1,83.0,16.37,16.3,5
2025-08-15,-23.8,-46.5,13.2,4.0,93.0,15.33,15.9,5
2025-08-16,-23.8,-46.5,14.1,1.4,95.0,12.84,14.1,5
2025-08-17,-23.8,-46.5,15.5,0.0,90.0,16.19,13.6,5
2025-08-18,-23.8,-46.5,14.7,0.1,90.0,16.81,14.1,5
2025-08-19,-23.8,-46.5,16.4,0.0,83.0,14.17,18.5,5
2025-08-20,-23.8,-46.5,19.7,0.0,67.0,13.38,25.3,5
2025-08-21,-23.8,-46.5,20.8,0.1,68.0,17.28,21.1,5
2025-08-22,-23.8,-46.5,22.1,0.0,65.0,19.57,13.2,5
2025-08-23,-23.8,-46.5,23.3,0.0,45.0,18.52,24.6,5
2025-08-24,-23.8,-46.5,15.6,2.2,91.0,13.31,13.3,5
2025-08-25,-23.8,-46.5,14.8,0.4,94.0,15.8,14.1,5
2025-08-26,-23.8,-46.5,14.6,1.5,95.0,10.25,13.6,5
2025-08-27,-23.8,-46.5,15.9,2.3,93.0,13.49,13.0,5
2025-08-28,-23.8,-46.5,16.0,2.2,93.0,16.6,14.5,5
2025-08-29,-23.8,-46.5,15.2,2.1,97.0,7.95,11.9,5
2025-08-30,-23.8,-46.5,16.3,0.4,91.0,17.38,14.4,5
2025-08-31,-23.8,-46.5,16.3,0.5,88.0,18.04,16.5,5
2025-09-01,-23.8,-46.5,16.7,0.9,91.0,17.45,14.5,5
2025-09-02,-23.8,-46.5,18.1,0.3,86.0,18.96,12.3,5
2025-09-03,-23.8,-46.5,19.1,0.0,78.0,21.43,14.8,5
2025-09-04,-23.8,-46.5,20.7,0.0,59.0,19.36,17.5,5
2025-09-05,-23.8,-46.5,18.3,0.9,76.0,18.21,14.5,5
2025-09-06,-23.8,-46.5,14.4,7.5,97.0,10.42,14.5,5
2025-09-07,-23.8,-46.5,14.8,4.4,98.0,11.26,14.4,5
2025-09-08,-23.8,-46.5,18.4,0.0,87.0,17.83,15.3,5
2025-09-09,-23.8,-46.5,21.4,0.0,61.0,13.54,31.6,5
2025-09-10,-23.8,-46.5,16.2,0.0,85.0,23.18,13.9,5
2025-09-11,-23.8,-46.5,16.5,0.0,78.0,23.91,11.8,5
2025-09-12,-23.8,-46.5,14.7,1.3,88.0,16.86,14.3,5
2025-09-13,-23.8,-46.5,14.3,2.0,90.0,14.6,16.4,5
2025-09-14,-23.8,-46.5,15.2,1.2,89.0,20.15,18.8,5
2025-09-15,-23.8,-46.5,16.4,0.0,89.0,21.77,14.0,5
2025-09-16,-23.8,-46.5,17.7,2.7,89.0,10.2,10.4,5
2025-09-17,-23.8,-46.5,17.0,2.3,87.0,20.06,20.0,5
2025-09-18,-23.8,-46.5,16.4,2.0,91.0,21.57,13.6,5
2025-09-19,-23.8,-46.5,18.3,0.2,88.0,18.51,13.0,5
2025-09-20,-23.8,-46.5,22.0,0.0,73.0,22.33,17.9,5
2025-09-21,-23.8,-46.5,23.8,5.4,63.0,19.23,33.9,5
2025-09-22,-23.8,-46.5,21.7,1.6,76.0,3.43,32.5,5
2025-09-23,-23.8,-46.5,14.4,4.5,91.0,13.13,15.3,5
2025-09-24,-23.8,-46.5,14.2,13.0,93.0,8.57,20.0,5
2025-09-25,-23.8,-46.5,13.0,17.8,94.0,7.97,19.0,5
2025-09-26,-23.8,-46.5,12.9,9.7,89.0,18.27,20.2,5
2025-09-27,-23.8,-46.5,13.9,0.0,84.0,24.5,15.5,5
2025-09-28,-23.8,-46.5,17.2,0.0,77.0,19.88,14.1,5
2025-09-29,-23.8,-46.5,19.0,0.0,77.0,24.91,11.9,5
2025-09-30,-23.8,-46.5,19.7,0.0,77.0,24.25,11.3,5
2025-10-01,-23.8,-46.5,18.4,0.5,88.0,16.83,12.6,5
2025-10-02,-23.8,-46.5,17.4,0.6,93.0,12.14,12.2,5
2025-10-03,-23.8,-46.5,19.0,0.4,88.0,16.91,13.6,5
2025-10-04,-23.8,-46.5,19.0,5.6,85.0,9.64,13.8,5
2025-10-05,-23.8,-46.5,23.5,0.0,63.0,25.92,20.2,5
2025-10-06,-23.8,-46.5,25.5,0.0,52.0,21.93,19.2,5
2025-10-07,-23.8,-46.5,16.5,16.3,95.0,11.39,24.8,5
2025-10-08,-23.8,-46.5,13.8,21.5,95.0,7.79,22.4,5
2025-10-09,-23.8,-46.5,14.6,5.5,94.0,10.79,17.6,5
2025-10-10,-23.8,-46.5,15.8,41.7,93.0,7.91,13.4,5
2025-10-11,-23.8,-46.5,17.5,14.8,88.0,17.36,11.4,5
2025-10-12,-23.8,-46.5,21.0,1.4,78.0,18.79,15.0,5
2025-10-13,-23.8,-46.5,21.0,4.7,77.0,9.58,30.8,5
2025-10-14,-23.8,-46.5,19.0,1.2,85.0,20.29,20.1,5
2025-10-15,-23.8,-46.5,16.3,2.0,94.0,18.7,15.4,5
2025-10-16,-23.8,-46.5,18.5,0.0,89.0,23.43,17.2,5
2025-10-17,-23.8,-46.5,21.0,5.2,81.0,22.98,10.7,5
2025-10-18,-23.8,-46.5,19.2,35.4,94.0,6.8,28.4,5
2025-10-19,-23.8,-46.5,12.9,22.9,96.0,13.37,30.7,5
2025-10-20,-23.8,-46.5,12.7,6.0,85.0,21.53,21.0,5
2025-10-21,-23.8,-46.5,13.4,1.0,82.0,28.05,20.8,5
2025-10-22,-23.8,-46.5,14.2,0.3,82.0,28.98,18.8,5
2025-10-23,-23.8,-46.5,15.1,0.0,82.0,29.71,17.5,5
2025-10-24,-23.8,-46.5,16.4,0.0,81.0,28.69,13.4,5
2025-10-25,-23.8,-46.5,19.6,0.0,72.0,27.11,13.9,5
2025-10-26,-23.8,-46.5,21.5,0.1,70.0,23.45,15.6,5
2025-10-27,-23.8,-46.5,17.9,4.4,93.0,6.26,6.5,5
2025-10-28,-23.8,-46.5,17.8,29.9,96.0,5.32,10.5,5
2025-10-29,-23.8,-46.5,19.7,28.5,89.0,15.31,23.6,5
2025-10-30,-23.8,-46.5,15.1,9.4,96.0,9.03,17.1,5
2025-10-31,-23.8,-46.5,16.0,17.5,95.0,9.34,11.3,5
2025-11-01,-23.8,-46.5,19.2,0.5,87.0,20.34,12.8,5
2025-11-02,-23.8,-46.5,18.5,19.9,94.0,5.1,24.1,5
2025-11-03,-23.8,-46.5,20.4,22.0,84.0,16.35,22.5,5
2025-11-04,-23.8,-46.5,19.4,1.4,93.0,18.54,13.5,5
2025-11-05,-23.8,-46.5,22.7,0.6,80.0,16.57,24.3,5
2025-11-06,-23.8,-46.5,16.0,9.6,93.0,12.64,17.0,5
2025-11-07,-23.8,-46.5,17.0,1.3,88.0,23.18,17.8,5
2025-11-08,-23.8,-46.5,21.0,8.8,81.0,11.63,39.9,5
2025-11-09,-23.8,-46.5,14.8,11.1,91.0,16.3,21.8,5
2025-11-10,-23.8,-46.5,14.9,1.7,85.0,26.98,16.6,5
2025-11-11,-23.8,-46.5,15.6,0.0,82.0,29.49,16.6,5
2025-11-12,-23.8,-46.5,18.7,0.0,78.0,29.16,13.6,5
2025-11-13,-23.8,-46.5,19.3,1.6,86.0,14.03,9.9,5
2025-11-14,-23.8,-46.5,17.7,2.0,88.0,15.84,13.5,5
2025-11-15,-23.8,-46.5,18.4,0.8,87.0,16.75,13.1,5
2025-11-16,-23.8,-46.5,20.1,26.5,89.0,10.69,19.5,5
2025-11-17,-23.8,-46.5,20.9,24.8,91.0,11.88,21.3,5
2025-11-18,-23.8,-46.5,20.6,19.2,85.0,11.75,25.7,5
2025-11-19,-23.8,-46.5,18.4,0.2,74.0,25.64,17.7,5
2025-11-20,-23.8,-46.5,16.6,0.9,84.0,26.95,18.1,5
2025-11-21,-23.8,-46.5,19.5,0.0,71.0,28.45,12.2,5
2025-11-22,-23.8,-46.5,20.7,0.7,80.0,20.8,12.4,5
2025-11-23,-23.8,-46.5,18.1,4.7,95.0,16.2,14.7,5
2025-11-24,-23.8,-46.5,17.3,21.2,97.0,10.94,18.0,5
2025-11-25,-23.8,-46.5,17.5,3.3,86.0,21.03,15.4,5
2025-11-26,-23.8,-46.5,17.0,0.0,82.0,30.31,16.5,5
2025-11-27,-23.8,-46.5,16.4,0.8,86.0,24.97,16.5,5
2025-11-28,-23.8,-46.5,18.9,0.1,87.0,25.09,14.3,5
2025-11-29,-23.8,-46.5,21.1,0.0,73.0,30.16,12.9,5
2025-11-30,-23.8,-46.5,20.5,0.0,83.0,28.89,12.5,5
2025-12-01,-23.8,-46.5,20.3,0.7,91.0,21.8,15.2,5
2025-12-02,-23.8,-46.5,21.5,33.8,87.0,14.7,12.9,5
2025-12-03,-23.8,-46.5,20.3,9.6,92.0,21.93,15.7,5
2025-12-04,-23.8,-46.5,18.1,5.7,89.0,20.56,17.1,5
2025-12-05,-23.8,-46.5,18.8,1.6,87.0,25.32,17.2,5
2025-12-06,-23.8,-46.5,20.5,0.3,85.0,25.53,13.4,5
2025-12-07,-23.8,-46.5,21.9,0.1,84.0,23.32,13.5,5
2025-12-08,-23.8,-46.5,21.3,16.8,90.0,14.01,11.0,5
2025-12-09,-23.8,-46.5,20.3,30.3,92.0,6.46,34.7,5
2025-12-10,-23.8,-46.5,23.2,1.0,68.0,24.0,43.1,5
2025-12-11,-23.8,-46.5,23.5,0.0,59.0,29.32,28.0,5
2025-12-12,-23.8,-46.5,22.3,7.0,73.0,16.3,19.5,5
2025-12-13,-23.8,-46.5,21.6,21.1,87.0,14.58,25.9,5
2025-12-14,-23.8,-46.5,22.4,3.9,83.0,12.07,24.4,5
2025-12-15,-23.8,-46.5,23.6,2.3,83.0,22.29,17.5,5
2025-12-16,-23.8,-46.5,23.1,50.3,86.0,19.48,24.1,5
2025-12-17,-23.8,-46.5,16.3,25.6,92.0,8.64,30.1,5
2025-12-18,-23.8,-46.5,17.7,1.0,87.0,12.93,13.9,5
2025-12-19,-23.8,-46.5,19.0,2.7,92.0,12.55,14.5,5
2025-12-20,-23.8,-46.5,20.1,2.4,91.0,23.01,17.3,5
2025-12-21,-23.8,-46.5,22.0,0.0,80.0,28.08,15.6,5
2025-12-22,-23.8,-46.5,24.1,1.0,72.0,28.26,16.2,5
2025-12-23,-23.8,-46.5,25.5,0.7,62.0,26.62,18.4,5
2025-12-24,-23.8,-46.5,26.3,1.4,62.0,26.97,13.2,5
2025-12-25,-23.8,-46.5,26.6,1.9,66.0,27.22,11.1,5
2025-12-26,-23.8,-46.5,25.7,2.6,75.0,23.72,13.2,5
2025-12-27,-23.8,-46.5,25.5,0.9,79.0,25.48,11.5,5
2025-12-28,-23.8,-46.5,25.6,0.2,79.0,27.27,12.2,5
2025-12-29,-23.8,-46.5,24.8,3.3,83.0,23.85,11.9,5
2025-12-30,-23.8,-46.5,24.4,21.8,86.0,25.35,12.0,5
2025-12-31,-23.8,-46.5,24.6,17.0,81.0,21.11,16.8,5
2026-01-01,-23.8,-46.5,24.5,0.2,78.0,20.8,25.8,5
2026-01-02,-23.8,-46.5,23.2,12.0,85.0,16.87,25.2,5
2026-01-03,-23.8,-46.5,24.1,0.9,79.0,22.01,21.3,5
2026-01-04,-23.8,-46.5,18.7,19.2,96.0,17.62,16.8,5
2026-01-05,-23.8,-46.5,16.9,18.3,93.0,13.45,20.2,5
2026-01-06,-23.8,-46.5,19.5,1.2,85.0,21.61,14.0,5
2026-01-07,-23.8,-46.5,21.5,13.3,83.0,22.15,14.0,5
2026-01-08,-23.8,-46.5,22.6,32.5,81.0,23.52,17.1,5
2026-01-09,-23.8,-46.5,22.9,2.3,87.0,24.52,14.7,5
2026-01-10,-23.8,-46.5,24.8,22.8,75.0,27.67,16.8,5
2026-01-11,-23.8,-46.5,25.0,3.1,73.0,28.0,18.5,5
2026-01-12,-23.8,-46.5,25.0,2.3,72.0,25.24,15.0,5
2026-01-13,-23.8,-46.5,22.5,2.4,83.0,18.01,18.8,5
2026-01-14,-23.8,-46.5,21.8,14.0,85.0,18.97,16.7,5
2026-01-15,-23.8,-46.5,21.8,20.1,87.0,16.87,16.2,5
2026-01-16,-23.8,-46.5,21.8,14.5,88.0,17.24,14.9,5
2026-01-17,-23.8,-46.5,22.1,14.5,86.0,18.57,16.6,5
2026-01-18,-23.8,-46.5,22.4,15.6,84.0,18.3,21.9,5
2026-01-19,-23.8,-46.5,20.1,56.2,92.0,11.58,28.5,5
2026-01-20,-23.8,-46.5,17.4,13.3,88.0,15.92,21.4,5
2026-01-21,-23.8,-46.5,16.6,4.4,89.0,11.82,16.3,5
2026-01-22,-23.8,-46.5,17.0,13.9,93.0,11.02,14.4,5
2026-01-23,-23.8,-46.5,18.2,5.4,94.0,19.66,16.8,5
2026-01-24,-23.8,-46.5,19.0,8.0,94.0,14.12,15.4,5
2026-01-25,-23.8,-46.5,19.5,5.9,94.0,17.55,11.9,5
2026-01-26,-23.8,-46.5,20.5,3.7,90.0,22.88,12.6,5
2026-01-27,-23.8,-46.5,21.1,1.6,90.0,21.73,11.3,5
2026-01-28,-23.8,-46.5,22.0,4.8,85.0,19.85,17.4,5
2026-01-29,-23.8,-46.5,21.9,10.4,84.0,22.34,16.5,5
2026-01-30,-23.8,-46.5,20.8,7.9,87.0,12.87,19.5,5
2026-01-31,-23.8,-46.5,22.0,3.3,83.0,19.54,19.2,5
2026-02-01,-23.8,-46.5,22.8,2.2,81.0,13.56,27.5,5
2026-02-02,-23.8,-46.5,21.8,1.8,88.0,13.41,17.5,5
2026-02-03,-23.8,-46.5,21.8,20.4,91.0,13.67,18.2,5
2026-02-04,-23.8,-46.5,22.1,19.2,89.0,15.53,19.6,5
2026-02-05,-23.8,-46.5,21.0,9.4,92.0,17.62,13.7,5
2026-02-06,-23.8,-46.5,21.5,5.1,90.0,18.6,13.4,5
2026-02-07,-23.8,-46.5,21.7,17.4,93.0,13.56,13.9,5
2026-02-08,-23.8,-46.5,20.8,10.4,90.0,16.3,15.3,5
2026-02-09,-23.8,-46.5,20.0,12.2,94.0,10.48,7.4,5
2026-02-10,-23.8,-46.5,21.3,5.9,87.0,14.21,19.1,5
2026-02-11,-23.8,-46.5,22.6,3.8,82.0,15.88,28.2,5
2026-02-12,-23.8,-46.5,24.3,3.7,77.0,19.93,21.0,5
2026-02-13,-23.8,-46.5,25.3,6.0,73.0,25.0,14.7,5
2026-02-14,-23.8,-46.5,22.3,2.2,89.0,17.96,14.9,5
2026-02-15,-23.8,-46.5,22.5,0.0,88.0,26.23,13.0,5
2026-02-16,-23.8,-46.5,23.5,0.0,84.0,26.34,12.9,5
2026-02-17,-23.8,-46.5,24.9,0.3,73.0,21.42,13.4,5
2026-02-18,-23.8,-46.5,23.0,8.0,85.0,19.64,13.2,5
2026-02-19,-23.8,-46.5,21.4,8.3,93.0,20.28,14.0,5
2026-02-20,-23.8,-46.5,22.5,0.4,86.0,22.92,15.2,5
2026-02-21,-23.8,-46.5,21.3,7.9,94.0,16.59,16.1,5
2026-02-22,-23.8,-46.5,20.0,23.1,96.0,16.91,18.6,5
2026-02-23,-23.8,-46.5,20.3,20.4,97.0,13.08,13.8,5
2026-02-24,-23.8,-46.5,21.4,9.9,93.0,14.29,13.7,5
2026-02-25,-23.8,-46.5,22.4,8.9,90.0,14.62,10.2,5
2026-02-26,-23.8,-46.5,20.4,24.4,97.0,10.21,21.0,5
2026-02-27,-23.8,-46.5,19.1,17.5,93.0,12.81,19.3,5
2026-02-28,-23.8,-46.5,18.7,3.0,84.0,20.74,16.4,5
2026-03-01,-23.8,-46.5,18.2,1.7,81.0,21.61,15.9,5
2026-03-02,-23.8,-46.5,18.1,0.6,84.0,20.99,14.5,5
2026-03-03,-23.8,-46.5,18.6,0.8,88.0,19.81,13.4,5
2026-03-04,-23.8,-46.5,19.2,0.5,88.0,22.73,15.2,5
2026-03-05,-23.8,-46.5,20.2,1.9,91.0,20.69,14.9,5
2026-03-06,-23.8,-46.5,21.1,3.0,92.0,13.49,11.6,5
2026-03-07,-23.8,-46.5,21.9,15.6,89.0,14.63,25.9,5
2026-03-08,-23.8,-46.5,21.3,16.6,88.0,18.57,18.6,5
2026-03-09,-23.8,-46.5,19.0,16.1,97.0,6.46,15.7,5
2026-03-10,-23.8,-46.5,18.8,27.4,99.0,7.29,9.9,5
2026-03-11,-23.8,-46.5,19.1,42.8,99.0,7.16,9.4,5
2026-03-12,-23.8,-46.5,19.8,37.7,95.0,6.96,18.3,5
2026-03-13,-23.8,-46.5,19.9,5.2,92.0,11.07,13.6,5
2026-03-14,-23.8,-46.5,20.5,1.4,86.0,24.85,9.9,5
2026-03-15,-23.8,-46.5,22.4,1.3,79.0,21.38,11.7,5
2026-03-16,-23.8,-46.5,22.8,0.0,79.0,25.37,12.1,5
2026-03-17,-23.8,-46.5,21.4,0.0,86.0,21.83,12.8,5
2026-03-18,-23.8,-46.5,21.5,6.4,90.0,18.29,10.0,5
2026-03-19,-23.8,-46.5,20.8,8.6,94.0,9.13,11.6,5
2026-03-20,-23.8,-46.5,20.5,0.4,88.0,17.46,15.1,5
2026-03-21,-23.8,-46.5,20.9,0.3,88.0,22.43,13.1,5
2026-03-22,-23.8,-46.5,21.8,0.2,80.0,20.02,12.0,5
2026-03-23,-23.8,-46.5,21.0,0.5,83.0,24.45,14.8,5
2026-03-24,-23.8,-46.5,20.9,0.0,83.0,24.06,16.2,5
2026-03-25,-23.8,-46.5,21.5,4.6,88.0,18.97,8.9,5
2026-03-26,-23.8,-46.5,22.2,2.7,88.0,18.88,9.2,5
2026-03-27,-23.8,-46.5,21.9,0.0,86.0,23.34,15.0,5
2026-03-28,-23.8,-46.5,21.1,0.2,86.0,23.31,14.5,5
2026-03-29,-23.8,-46.5,21.0,0.2,88.0,22.41,11.6,5
2026-03-30,-23.8,-46.5,20.1,1.0,87.0,18.37,13.6,5
2026-03-31,-23.8,-46.5,19.0,27.2,94.0,11.26,11.4,5
2026-04-01,-23.8,-46.5,19.9,9.9,90.0,17.02,11.9,5
2026-04-02,-23.8,-46.5,21.8,7.3,85.0,17.14,17.3,5
2026-04-03,-23.8,-46.5,22.2,12.7,83.0,19.5,20.5,5
2026-04-04,-23.8,-46.5,22.4,4.2,86.0,18.91,14.4,5
2026-04-05,-23.8,-46.5,21.3,1.5,89.0,17.93,14.1,5
2026-04-06,-23.8,-46.5,20.9,1.9,92.0,18.38,13.8,5
2026-04-07,-23.8,-46.5,22.2,6.3,86.0,13.61,16.7,5
2026-04-08,-23.8,-46.5,22.6,1.3,80.0,12.19,27.2,5
2026-04-09,-23.8,-46.5,20.3,3.6,89.0,13.82,19.2,5
2026-04-10,-23.8,-46.5,17.6,5.5,92.0,7.24,11.3,5
2026-04-11,-23.8,-46.5,17.8,0.9,87.0,20.66,17.4,5
2026-04-12,-23.8,-46.5,18.9,0.0,86.0,20.33,13.3,5
2026-04-13,-23.8,-46.5,19.4,0.5,89.0,17.62,11.2,5
2026-04-14,-23.8,-46.5,18.9,0.1,86.0,19.79,15.8,5
2026-04-15,-23.8,-46.5,18.7,0.2,88.0,21.22,13.6,5
2026-04-16,-23.8,-46.5,19.2,0.1,88.0,19.9,10.7,5
2026-04-17,-23.8,-46.5,21.5,0.0,79.0,19.7,12.2,5
2026-04-18,-23.8,-46.5,21.7,3.4,78.0,16.4,19.1,5
2026-04-19,-23.8,-46.5,19.6,0.3,86.0,20.82,11.8,5
2026-04-20,-23.8,-46.5,18.2,0.2,86.0,20.96,12.3,5
2026-04-21,-23.8,-46.5,17.9,0.5,88.0,20.48,12.3,5
2026-04-22,-23.8,-46.5,18.4,1.4,89.0,18.49,11.6,5
2026-04-23,-23.8,-46.5,18.5,0.9,91.0,17.41,14.9,5
2026-04-24,-23.8,-46.5,19.6,0.0,87.0,17.61,12.4,5
2026-04-25,-23.8,-46.5,22.6,0.0,68.0,17.53,20.7,5
2026-04-26,-23.8,-46.5,23.5,0.0,67.0,17.52,19.4,5
2026-04-27,-23.8,-46.5,21.2,25.6,86.0,10.41,14.9,5
2026-04-28,-23.8,-46.5,19.3,3.7,96.0,10.37,10.3,5
2026-04-29,-23.8,-46.5,19.7,36.8,94.0,11.08,15.2,5
2026-04-30,-23.8,-46.5,19.2,6.8,91.0,12.99,15.3,5
2026-05-01,-23.8,-46.5,20.0,1.1,93.0,14.2,10.7,5
2026-05-02,-23.8,-46.5,22.0,0.4,76.0,12.3,20.0,5
2026-05-03,-23.8,-46.5,16.2,20.5,92.0,9.02,18.1,5
2026-05-04,-23.8,-46.5,18.0,0.6,87.0,15.78,11.3,5
2026-05-05,-23.8,-46.5,21.2,0.2,82.0,15.74,12.3,5
2026-05-06,-23.8,-46.5,21.4,0.1,80.0,17.47,8.4,5
2026-05-07,-23.8,-46.5,22.6,0.0,64.0,17.35,17.7,5
2026-05-08,-23.8,-46.5,23.6,0.0,58.0,12.1,32.4,5
2026-05-09,-23.8,-46.5,21.8,1.3,75.0,8.81,21.7,5
2026-05-10,-23.8,-46.5,14.0,17.3,97.0,2.46,13.0,5
2026-05-11,-23.8,-46.5,13.0,0.0,81.0,14.87,11.5,5
2026-05-12,-23.8,-46.5,13.4,0.0,89.0,17.73,8.6,5
2026-05-13,-23.8,-46.5,16.0,0.0,79.0,16.19,11.0,5
2026-05-14,-23.8,-46.5,17.1,0.0,85.0,13.19,10.5,5
2026-05-15,-23.8,-46.5,16.9,9.7,94.0,5.3,10.8,5
2026-05-16,-23.8,-46.5,18.1,6.3,91.0,13.52,15.7,5
2026-05-17,-23.8,-46.5,18.5,9.7,93.0,4.23,17.7,5
2026-05-18,-23.8,-46.5,17.4,4.4,94.0,6.29,15.2,5
2026-05-19,-23.8,-46.5,16.3,5.3,96.0,4.24,8.0,5
2026-05-20,-23.8,-46.5,16.3,10.3,96.0,9.72,9.8,5
2026-05-21,-23.8,-46.5,14.1,8.0,99.0,6.67,13.5,5
2026-05-22,-23.8,-46.5,13.4,5.3,98.0,5.99,12.4,5
2026-05-23,-23.8,-46.5,15.5,26.0,96.0,4.77,9.0,5
2026-05-24,-23.8,-46.5,17.0,24.7,96.0,9.14,11.5,5
2026-05-25,-23.8,-46.5,16.2,0.3,94.0,9.57,13.5,5
2026-05-26,-23.8,-46.5,18.7,2.8,90.0,13.84,14.9,5
2026-05-27,-23.8,-46.5,16.8,3.0,94.0,7.04,12.5,5
2026-05-28,-23.8,-46.5,14.8,0.8,92.0,14.99,11.0,5
2026-05-29,-23.8,-46.5,14.8,3.1,96.0,10.6,12.6,5
2026-05-30,-23.8,-46.5,16.3,0.5,92.0,12.02,9.6,5
2026-05-31,-23.8,-46.5,15.6,1.5,93.0,12.65,10.0,5
2026-06-01,-23.8,-46.5,14.5,1.5,95.0,11.77,12.2,5
2026-06-02,-23.8,-46.5,14.5,2.3,93.0,9.89,12.2,5
2026-06-03,-23.8,-46.5,15.2,2.6,95.0,12.85,12.0,5
2026-06-04,-23.8,-46.5,15.4,1.4,95.0,10.9,12.0,5
2026-06-05,-23.8,-46.5,14.9,0.2,90.0,14.14,13.0,5
2026-06-06,-23.8,-46.5,15.0,0.0,84.0,15.04,11.1,5
2026-06-07,-23.8,-46.5,15.5,0.0,80.0,15.16,10.7,5
2026-06-08,-23.8,-46.5,15.9,0.0,77.0,15.12,11.3,5
2026-06-09,-23.8,-46.5,16.9,0.0,71.0,12.38,16.1,5
2026-06-10,-23.8,-46.5,16.1,4.5,88.0,11.86,11.5,5
2026-06-11,-23.8,-46.5,16.5,7.3,89.0,7.65,15.1,5
2026-06-12,-23.8,-46.5,17.4,3.3,84.0,4.7,33.2,5
2026-06-13,-23.8,-46.5,18.1,2.1,85.0,10.29,25.8,5
2026-06-14,-23.8,-46.5,18.2,0.8,87.0,8.35,15.8,5
2026-06-15,-23.8,-46.5,14.8,21.3,100.0,4.31,13.1,5
2026-06-16,-23.8,-46.5,14.1,3.4,99.0,10.97,10.1,5
2026-06-17,-23.8,-46.5,14.4,0.0,88.0,14.5,10.5,5
2026-06-18,-23.8,-46.5,12.9,0.0,87.0,14.83,12.6,5
2026-06-19,-23.8,-46.5,15.8,0.0,76.0,14.71,15.9,5
2026-06-20,-23.8,-46.5,18.0,5.3,76.0,4.91,20.3,5
2026-06-21,-23.8,-46.5,14.9,0.0,87.0,14.62,13.4,5
2026-06-22,-23.8,-46.5,17.9,0.0,70.0,14.71,21.9,5
2026-06-23,-23.8,-46.5,16.3,27.5,92.0,2.54,22.9,5
2026-06-24,-23.8,-46.5,11.9,20.0,100.0,1.4,12.5,5
2026-06-25,-23.8,-46.5,11.0,7.1,99.0,3.25,12.6,5
2026-06-26,-23.8,-46.5,14.6,0.1,93.0,10.99,7.3,5
2026-06-27,-23.8,-46.5,17.1,0.0,91.0,13.7,8.7,5
2026-06-28,-23.8,-46.5,18.6,0.0,80.0,14.27,13.0,5
2026-06-29,-23.8,-46.5,18.1,1.1,83.0,13.89,16.9,5
2026-06-30,-23.8,-46.5,19.1,0.0,80.0,14.31,17.3,5
2026-07-01,-23.8,-46.5,20.0,0.0,70.0,14.29,20.9,5
2026-07-02,-23.8,-46.5,19.6,0.0,73.0,14.4,17.0,5
2026-07-03,-23.8,-46.5,16.5,2.0,88.0,11.4,13.9,5
2026-07-04,-23.8,-46.5,13.0,2.7,99.0,9.53,11.8,5
2026-07-05,-23.8,-46.5,12.8,0.2,96.0,10.68,11.4,5
2026-07-06,-23.8,-46.5,15.6,0.0,88.0,13.42,9.8,5
2026-07-07,-23.8,-46.5,14.6,1.4,92.0,7.66,15.9,5
2026-07-08,-23.8,-46.5,13.7,0.2,93.0,12.89,9.4,5
2026-07-09,-23.8,-46.5,14.5,0.0,89.0,15.13,10.0,5
2026-07-10,-23.8,-46.5,17.1,0.0,71.0,14.99,19.6,5
2026-07-11,-23.8,-46.5,18.4,6.4,70.0,14.76,21.2,5
2026-07-12,-23.8,-46.5,15.8,7.3,90.0,7.98,24.8,5
2026-07-13,-23.8,-46.5,11.7,2.7,92.0,10.5,14.2,5
2026-07-14,-23.8,-46.5,12.1,1.8,90.0,12.51,13.5,5
2026-07-15,-23.8,-46.5,13.8,0.0,81.0,15.7,12.0,5
2026-07-16,-23.8,-46.5,15.8,0.0,73.0,15.84,14.0,5
2026-07-17,-23.8,-46.5,17.3,0.0,57.0,16.14,22.2,5
2026-07-18,-23.8,-46.5,18.1,0.0,54.0,16.16,29.8,5
2025-07-19,-23.7,-46.8,12.9,0.0,80.0,15.84,9.9,5
2025-07-20,-23.7,-46.8,13.7,0.0,84.0,12.64,11.4,5
2025-07-21,-23.7,-46.8,15.4,0.0,86.0,14.88,10.6,5
2025-07-22,-23.7,-46.8,16.4,0.0,77.0,15.38,10.9,5
2025-07-23,-23.7,-46.8,14.4,0.0,76.0,16.56,11.9,5
2025-07-24,-23.7,-46.8,15.3,0.6,86.0,11.29,14.4,5
2025-07-25,-23.7,-46.8,15.4,6.0,88.0,4.58,10.0,5
2025-07-26,-23.7,-46.8,16.4,0.0,78.0,15.66,6.0,5
2025-07-27,-23.7,-46.8,18.7,0.0,65.0,16.92,17.5,5
2025-07-28,-23.7,-46.8,19.2,0.7,70.0,10.48,34.4,5
2025-07-29,-23.7,-46.8,13.1,0.1,66.0,18.46,11.7,5
2025-07-30,-23.7,-46.8,10.6,0.1,79.0,15.88,10.4,5
2025-07-31,-23.7,-46.8,11.6,0.0,83.0,17.55,11.8,5
2025-08-01,-23.7,-46.8,14.0,0.0,79.0,18.04,6.4,5
2025-08-02,-23.7,-46.8,16.8,0.0,62.0,16.16,7.6,5
2025-08-03,-23.7,-46.8,17.0,0.0,57.0,17.0,13.9,5
2025-08-04,-23.7,-46.8,16.1,0.0,67.0,10.66,10.3,5
2025-08-05,-23.7,-46.8,14.9,0.4,86.0,8.19,13.1,5
2025-08-06,-23.7,-46.8,14.4,7.6,89.0,10.98,16.1,5
2025-08-07,-23.7,-46.8,16.1,0.0,79.0,15.66,12.0,5
2025-08-08,-23.7,-46.8,16.4,1.4,80.0,11.92,18.7,5
2025-08-09,-23.7,-46.8,13.3,0.8,75.0,11.68,15.3,5
2025-08-10,-23.7,-46.8,10.8,0.5,79.0,9.55,11.6,5
2025-08-11,-23.7,-46.8,10.8,0.0,81.0,15.85,14.2,5
2025-08-12,-23.7,-46.8,12.3,0.2,81.0,18.19,11.7,5
2025-08-13,-23.7,-46.8,14.8,0.0,68.0,20.07,9.0,5
2025-08-14,-23.7,-46.8,13.3,0.0,76.0,16.37,14.8,5
2025-08-15,-23.7,-46.8,14.4,0.3,78.0,15.33,16.2,5
2025-08-16,-23.7,-46.8,15.7,0.1,82.0,12.84,15.4,5
2025-08-17,-23.7,-46.8,17.2,0.0,79.0,16.19,11.6,5
2025-08-18,-23.7,-46.8,15.5,0.0,81.0,16.81,13.5,5
2025-08-19,-23.7,-46.8,18.1,0.0,72.0,14.17,9.6,5
2025-08-20,-23.7,-46.8,20.8,0.0,63.0,13.38,14.4,5
2025-08-21,-23.7,-46.8,21.5,0.1,66.0,17.28,15.4,5
2025-08-22,-23.7,-46.8,23.0,0.0,56.0,19.57,11.1,5
2025-08-23,-23.7,-46.8,24.2,0.0,37.0,18.52,20.1,5
2025-08-24,-23.7,-46.8,17.0,0.0,78.0,13.31,14.9,5
2025-08-25,-23.7,-46.8,17.5,0.1,80.0,15.8,14.5,5
2025-08-26,-23.7,-46.8,16.4,1.2,83.0,10.25,13.8,5
2025-08-27,-23.7,-46.8,17.4,2.1,83.0,13.49,11.8,5
2025-08-28,-23.7,-46.8,17.7,0.8,80.0,16.6,15.5,5
2025-08-29,-23.7,-46.8,16.4,5.9,88.0,7.95,10.8,5
2025-08-30,-23.7,-46.8,17.2,0.5,83.0,17.38,13.7,5
2025-08-31,-23.7,-46.8,17.1,0.1,81.0,18.04,16.5,5
2025-09-01,-23.7,-46.8,18.1,0.6,81.0,17.45,12.6,5
2025-09-02,-23.7,-46.8,19.7,0.1,76.0,18.96,10.1,5
2025-09-03,-23.7,-46.8,20.8,0.0,63.0,21.43,9.8,5
2025-09-04,-23.7,-46.8,21.5,0.0,50.0,19.36,12.0,5
2025-09-05,-23.7,-46.8,20.1,0.1,61.0,18.21,14.8,5
2025-09-06,-23.7,-46.8,15.4,0.8,85.0,10.42,16.3,5
2025-09-07,-23.7,-46.8,16.2,0.3,88.0,11.26,13.8,5
2025-09-08,-23.7,-46.8,20.2,0.1,79.0,17.83,11.5,5
2025-09-09,-23.7,-46.8,21.3,0.1,59.0,13.54,28.0,5
2025-09-10,-23.7,-46.8,17.3,0.0,77.0,23.18,13.9,5
2025-09-11,-23.7,-46.8,17.8,0.0,74.0,23.91,11.1,5
2025-09-12,-23.7,-46.8,15.9,0.0,75.0,16.86,14.7,5
2025-09-13,-23.7,-46.8,16.1,0.1,74.0,14.6,16.3,5
2025-09-14,-23.7,-46.8,17.0,0.2,76.0,20.15,18.7,5
2025-09-15,-23.7,-46.8,18.4,0.0,76.0,21.77,16.7,5
2025-09-16,-23.7,-46.8,18.5,5.0,83.0,10.2,14.6,5
2025-09-17,-23.7,-46.8,17.8,0.4,76.0,20.06,17.7,5
2025-09-18,-23.7,-46.8,17.8,0.2,77.0,21.57,14.0,5
2025-09-19,-23.7,-46.8,20.9,0.0,70.0,18.51,16.0,5
2025-09-20,-23.7,-46.8,24.1,0.0,57.0,22.33,16.0,5
2025-09-21,-23.7,-46.8,26.0,3.5,50.0,19.23,28.7,5
2025-09-22,-23.7,-46.8,20.9,7.9,82.0,3.43,26.7,5
2025-09-23,-23.7,-46.8,15.6,1.5,83.0,13.13,15.5,5
2025-09-24,-23.7,-46.8,15.3,0.8,87.0,8.57,19.3,5
2025-09-25,-23.7,-46.8,14.2,1.4,85.0,7.97,19.6,5
2025-09-26,-23.7,-46.8,13.9,0.6,80.0,18.27,17.7,5
2025-09-27,-23.7,-46.8,15.1,0.0,77.0,24.5,14.1,5
2025-09-28,-23.7,-46.8,18.3,0.0,72.0,19.88,11.7,5
2025-09-29,-23.7,-46.8,20.5,0.0,71.0,24.91,13.1,5
2025-09-30,-23.7,-46.8,22.4,0.0,61.0,24.25,12.5,5
2025-10-01,-23.7,-46.8,19.7,0.2,79.0,16.83,15.7,5
2025-10-02,-23.7,-46.8,18.8,0.2,83.0,12.14,13.6,5
2025-10-03,-23.7,-46.8,20.4,0.7,78.0,16.91,12.7,5
2025-10-04,-23.7,-46.8,19.0,0.9,85.0,9.64,11.1,5
2025-10-05,-23.7,-46.8,23.5,0.0,61.0,25.92,10.5,5
2025-10-06,-23.7,-46.8,25.0,0.0,55.0,21.93,15.2,5
2025-10-07,-23.7,-46.8,17.5,1.2,88.0,11.39,20.7,5
2025-10-08,-23.7,-46.8,14.8,6.5,88.0,7.79,19.5,5
2025-10-09,-23.7,-46.8,15.4,6.9,86.0,10.79,16.2,5
2025-10-10,-23.7,-46.8,16.6,24.0,91.0,7.91,10.4,5
2025-10-11,-23.7,-46.8,17.8,3.9,88.0,17.36,10.8,5
2025-10-12,-23.7,-46.8,21.0,1.8,76.0,18.79,13.3,5
2025-10-13,-23.7,-46.8,20.3,6.0,82.0,9.58,22.6,5
2025-10-14,-23.7,-46.8,19.9,0.3,81.0,20.29,15.9,5
2025-10-15,-23.7,-46.8,17.9,0.4,84.0,18.7,13.6,5
2025-10-16,-23.7,-46.8,20.1,0.0,82.0,23.43,18.0,5
2025-10-17,-23.7,-46.8,22.7,5.9,73.0,22.98,10.3,5
2025-10-18,-23.7,-46.8,19.4,24.2,91.0,6.8,26.9,5
2025-10-19,-23.7,-46.8,13.5,3.4,86.0,13.37,24.8,5
2025-10-20,-23.7,-46.8,13.2,0.4,76.0,21.53,20.0,5
2025-10-21,-23.7,-46.8,14.0,0.1,74.0,28.05,18.9,5
2025-10-22,-23.7,-46.8,14.8,0.0,76.0,28.98,17.6,5
2025-10-23,-23.7,-46.8,16.0,0.0,74.0,29.71,17.0,5
2025-10-24,-23.7,-46.8,18.0,0.0,68.0,28.69,15.9,5
2025-10-25,-23.7,-46.8,21.6,0.0,57.0,27.11,11.2,5
2025-10-26,-23.7,-46.8,23.1,0.0,58.0,23.45,14.0,5
2025-10-27,-23.7,-46.8,18.8,3.8,87.0,6.26,8.3,5
2025-10-28,-23.7,-46.8,19.4,5.0,88.0,5.32,9.4,5
2025-10-29,-23.7,-46.8,20.1,16.0,86.0,15.31,21.2,5
2025-10-30,-23.7,-46.8,16.2,7.4,87.0,9.03,15.2,5
2025-10-31,-23.7,-46.8,16.9,27.8,90.0,9.34,11.9,5
2025-11-01,-23.7,-46.8,20.2,0.7,83.0,20.34,10.7,5
2025-11-02,-23.7,-46.8,18.6,19.9,95.0,5.1,15.5,5
2025-11-03,-23.7,-46.8,20.3,14.9,85.0,16.35,17.5,5
2025-11-04,-23.7,-46.8,20.8,2.7,86.0,18.54,13.9,5
2025-11-05,-23.7,-46.8,22.7,0.9,80.0,16.57,22.5,5
2025-11-06,-23.7,-46.8,17.2,1.9,83.0,12.64,17.1,5
2025-11-07,-23.7,-46.8,19.0,0.1,80.0,23.18,12.0,5
2025-11-08,-23.7,-46.8,21.0,3.9,81.0,11.63,32.2,5
2025-11-09,-23.7,-46.8,16.2,2.1,81.0,16.3,15.9,5
2025-11-10,-23.7,-46.8,15.8,0.0,76.0,26.98,15.2,5
2025-11-11,-23.7,-46.8,16.8,0.0,77.0,29.49,14.5,5
2025-11-12,-23.7,-46.8,19.9,0.0,72.0,29.16,18.0,5
2025-11-13,-23.7,-46.8,20.5,0.6,75.0,14.03,11.0,5
2025-11-14,-23.7,-46.8,18.3,13.2,85.0,15.84,13.9,5
2025-11-15,-23.7,-46.8,19.4,0.0,80.0,16.75,13.4,5
2025-11-16,-23.7,-46.8,20.9,10.4,85.0,10.69,15.9,5
2025-11-17,-23.7,-46.8,21.4,14.4,88.0,11.88,16.9,5
2025-11-18,-23.7,-46.8,20.4,14.4,84.0,11.75,27.5,5
2025-11-19,-23.7,-46.8,18.8,0.0,69.0,25.64,14.8,5
2025-11-20,-23.7,-46.8,17.3,0.3,78.0,26.95,15.7,5
2025-11-21,-23.7,-46.8,20.6,0.0,66.0,28.45,12.2,5
2025-11-22,-23.7,-46.8,22.0,1.1,70.0,20.8,12.1,5
2025-11-23,-23.7,-46.8,19.7,5.6,83.0,16.2,15.7,5
2025-11-24,-23.7,-46.8,18.5,11.7,87.0,10.94,13.2,5
2025-11-25,-23.7,-46.8,17.9,1.3,81.0,21.03,14.3,5
2025-11-26,-23.7,-46.8,17.7,0.0,76.0,30.31,14.7,5
2025-11-27,-23.7,-46.8,17.2,0.0,79.0,24.97,16.3,5
2025-11-28,-23.7,-46.8,20.8,0.1,77.0,25.09,10.9,5
2025-11-29,-23.7,-46.8,22.5,0.0,64.0,30.16,13.8,5
2025-11-30,-23.7,-46.8,23.0,0.0,66.0,28.89,12.9,5
2025-12-01,-23.7,-46.8,22.5,0.2,77.0,21.8,13.9,5
2025-12-02,-23.7,-46.8,22.5,12.7,80.0,14.7,14.3,5
2025-12-03,-23.7,-46.8,22.3,1.6,75.0,21.93,11.7,5
2025-12-04,-23.7,-46.8,19.4,0.9,80.0,20.56,16.4,5
2025-12-05,-23.7,-46.8,20.3,0.1,77.0,25.32,18.0,5
2025-12-06,-23.7,-46.8,22.5,0.9,73.0,25.53,12.8,5
2025-12-07,-23.7,-46.8,23.8,2.1,73.0,23.32,9.8,5
2025-12-08,-23.7,-46.8,22.2,14.5,83.0,14.01,14.4,5
2025-12-09,-23.7,-46.8,20.2,17.9,91.0,6.46,31.0,5
2025-12-10,-23.7,-46.8,22.5,2.4,71.0,24.0,41.3,5
2025-12-11,-23.7,-46.8,23.0,0.0,59.0,29.32,22.9,5
2025-12-12,-23.7,-46.8,22.1,7.1,72.0,16.3,18.8,5
2025-12-13,-23.7,-46.8,21.2,21.8,88.0,14.58,21.9,5
2025-12-14,-23.7,-46.8,22.0,6.0,84.0,12.07,19.3,5
2025-12-15,-23.7,-46.8,24.1,1.3,79.0,22.29,14.8,5
2025-12-16,-23.7,-46.8,22.9,12.1,85.0,19.48,18.9,5
2025-12-17,-23.7,-46.8,17.0,3.9,86.0,8.64,23.1,5
2025-12-18,-23.7,-46.8,18.5,0.1,82.0,12.93,12.1,5
2025-12-19,-23.7,-46.8,20.0,0.7,86.0,12.55,14.1,5
2025-12-20,-23.7,-46.8,21.2,0.2,83.0,23.01,15.0,5
2025-12-21,-23.7,-46.8,23.3,0.7,72.0,28.08,13.4,5
2025-12-22,-23.7,-46.8,25.3,1.2,62.0,28.26,11.1,5
2025-12-23,-23.7,-46.8,26.7,0.8,56.0,26.62,14.7,5
2025-12-24,-23.7,-46.8,27.1,1.0,54.0,26.97,11.1,5
2025-12-25,-23.7,-46.8,28.5,0.8,54.0,27.22,8.1,5
2025-12-26,-23.7,-46.8,27.1,0.6,64.0,23.72,11.5,5
2025-12-27,-23.7,-46.8,26.8,3.9,68.0,25.48,8.6,5
2025-12-28,-23.7,-46.8,27.0,11.0,68.0,27.27,14.8,5
2025-12-29,-23.7,-46.8,26.2,1.9,69.0,23.85,11.2,5
2025-12-30,-23.7,-46.8,25.4,15.9,76.0,25.35,13.8,5
2025-12-31,-23.7,-46.8,24.2,9.2,81.0,21.11,14.9,5
2026-01-01,-23.7,-46.8,23.9,1.1,79.0,20.8,22.3,5
2026-01-02,-23.7,-46.8,22.9,7.6,83.0,16.87,20.9,5
2026-01-03,-23.7,-46.8,23.9,0.7,77.0,22.01,17.1,5
2026-01-04,-23.7,-46.8,20.0,2.3,85.0,17.62,15.9,5
2026-01-05,-23.7,-46.8,18.5,2.2,83.0,13.45,20.6,5
2026-01-06,-23.7,-46.8,20.6,0.6,77.0,21.61,13.6,5
2026-01-07,-23.7,-46.8,22.5,5.2,77.0,22.15,15.8,5
2026-01-08,-23.7,-46.8,23.1,20.3,75.0,23.52,14.6,5
2026-01-09,-23.7,-46.8,24.0,1.6,76.0,24.52,13.9,5
2026-01-10,-23.7,-46.8,25.9,13.4,66.0,27.67,13.0,5
2026-01-11,-23.7,-46.8,26.2,0.3,65.0,28.0,17.6,5
2026-01-12,-23.7,-46.8,25.2,7.4,68.0,25.24,14.5,5
2026-01-13,-23.7,-46.8,23.2,3.1,72.0,18.01,14.0,5
2026-01-14,-23.7,-46.8,21.9,13.8,81.0,18.97,11.7,5
2026-01-15,-23.7,-46.8,22.0,6.0,83.0,16.87,13.9,5
2026-01-16,-23.7,-46.8,22.0,12.1,85.0,17.24,13.1,5
2026-01-17,-23.7,-46.8,22.2,13.5,84.0,18.57,13.2,5
2026-01-18,-23.7,-46.8,22.3,7.7,83.0,18.3,18.0,5
2026-01-19,-23.7,-46.8,19.9,17.0,90.0,11.58,31.5,5
2026-01-20,-23.7,-46.8,17.8,1.7,82.0,15.92,20.5,5
2026-01-21,-23.7,-46.8,17.1,3.8,83.0,11.82,16.7,5
2026-01-22,-23.7,-46.8,17.7,2.3,86.0,11.02,18.3,5
2026-01-23,-23.7,-46.8,19.0,4.2,87.0,19.66,16.5,5
2026-01-24,-23.7,-46.8,20.1,4.9,86.0,14.12,14.2,5
2026-01-25,-23.7,-46.8,20.7,3.5,87.0,17.55,10.7,5
2026-01-26,-23.7,-46.8,20.7,1.7,86.0,22.88,13.0,5
2026-01-27,-23.7,-46.8,21.6,2.7,85.0,21.73,10.7,5
2026-01-28,-23.7,-46.8,22.1,4.3,81.0,19.85,14.6,5
2026-01-29,-23.7,-46.8,21.4,18.3,86.0,22.34,11.9,5
2026-01-30,-23.7,-46.8,20.6,7.9,87.0,12.87,15.1,5
2026-01-31,-23.7,-46.8,22.0,0.9,81.0,19.54,17.3,5
2026-02-01,-23.7,-46.8,21.9,3.7,84.0,13.56,22.9,5
2026-02-02,-23.7,-46.8,21.5,3.9,88.0,13.41,15.3,5
2026-02-03,-23.7,-46.8,21.8,17.2,89.0,13.67,15.4,5
2026-02-04,-23.7,-46.8,22.1,17.9,88.0,15.53,19.1,5
2026-02-05,-23.7,-46.8,21.8,4.0,86.0,17.62,13.5,5
2026-02-06,-23.7,-46.8,22.2,2.2,84.0,18.6,13.2,5
2026-02-07,-23.7,-46.8,22.4,8.0,87.0,13.56,10.5,5
2026-02-08,-23.7,-46.8,21.1,8.0,86.0,16.3,14.3,5
2026-02-09,-23.7,-46.8,20.0,9.2,92.0,10.48,11.6,5
2026-02-10,-23.7,-46.8,21.1,11.6,87.0,14.21,18.5,5
2026-02-11,-23.7,-46.8,22.3,13.2,82.0,15.88,20.3,5
2026-02-12,-23.7,-46.8,24.0,0.3,78.0,19.93,17.1,5
2026-02-13,-23.7,-46.8,25.0,2.0,74.0,25.0,11.9,5
2026-02-14,-23.7,-46.8,22.8,0.6,84.0,17.96,15.2,5
2026-02-15,-23.7,-46.8,23.3,0.0,81.0,26.23,13.7,5
2026-02-16,-23.7,-46.8,24.2,0.1,77.0,26.34,10.1,5
2026-02-17,-23.7,-46.8,24.9,1.4,72.0,21.42,11.8,5
2026-02-18,-23.7,-46.8,23.5,0.9,80.0,19.64,10.7,5
2026-02-19,-23.7,-46.8,22.6,2.8,84.0,20.28,12.8,5
2026-02-20,-23.7,-46.8,23.5,1.0,79.0,22.92,13.3,5
2026-02-21,-23.7,-46.8,22.8,11.8,84.0,16.59,15.0,5
2026-02-22,-23.7,-46.8,21.4,4.8,86.0,16.91,18.3,5
2026-02-23,-23.7,-46.8,21.1,14.8,92.0,13.08,13.8,5
2026-02-24,-23.7,-46.8,22.1,13.2,88.0,14.29,9.6,5
2026-02-25,-23.7,-46.8,22.7,22.9,87.0,14.62,11.7,5
2026-02-26,-23.7,-46.8,20.9,2.8,92.0,10.21,20.8,5
2026-02-27,-23.7,-46.8,19.7,2.9,87.0,12.81,17.0,5
2026-02-28,-23.7,-46.8,19.0,0.3,79.0,20.74,13.8,5
2026-03-01,-23.7,-46.8,18.5,0.3,77.0,21.61,14.6,5
2026-03-02,-23.7,-46.8,18.5,0.5,81.0,20.99,13.1,5
2026-03-03,-23.7,-46.8,19.1,0.2,83.0,19.81,13.6,5
2026-03-04,-23.7,-46.8,19.7,0.1,83.0,22.73,14.5,5
2026-03-05,-23.7,-46.8,21.0,1.2,84.0,20.69,13.1,5
2026-03-06,-23.7,-46.8,22.2,1.4,85.0,13.49,9.1,5
2026-03-07,-23.7,-46.8,22.1,13.5,88.0,14.63,16.5,5
2026-03-08,-23.7,-46.8,21.5,8.8,85.0,18.57,13.6,5
2026-03-09,-23.7,-46.8,19.8,6.9,93.0,6.46,13.9,5
2026-03-10,-23.7,-46.8,19.1,16.0,95.0,7.29,8.7,5
2026-03-11,-23.7,-46.8,19.5,27.2,96.0,7.16,8.9,5
2026-03-12,-23.7,-46.8,19.7,38.6,94.0,6.96,13.9,5
2026-03-13,-23.7,-46.8,20.2,5.1,87.0,11.07,11.0,5
2026-03-14,-23.7,-46.8,20.8,0.6,81.0,24.85,8.9,5
2026-03-15,-23.7,-46.8,22.8,1.0,77.0,21.38,9.1,5
2026-03-16,-23.7,-46.8,23.0,0.0,73.0,25.37,12.5,5
2026-03-17,-23.7,-46.8,21.8,0.1,81.0,21.83,14.9,5
2026-03-18,-23.7,-46.8,21.7,8.4,87.0,18.29,11.9,5
2026-03-19,-23.7,-46.8,21.4,15.9,90.0,9.13,10.7,5
2026-03-20,-23.7,-46.8,21.0,0.6,84.0,17.46,12.3,5
2026-03-21,-23.7,-46.8,21.7,0.1,84.0,22.43,15.0,5
2026-03-22,-23.7,-46.8,22.1,0.0,78.0,20.02,11.5,5
2026-03-23,-23.7,-46.8,21.6,0.0,79.0,24.45,13.9,5
2026-03-24,-23.7,-46.8,21.5,0.0,80.0,24.06,14.9,5
2026-03-25,-23.7,-46.8,22.1,2.0,78.0,18.97,16.5,5
2026-03-26,-23.7,-46.8,22.9,7.6,80.0,18.88,8.5,5
2026-03-27,-23.7,-46.8,22.6,0.0,78.0,23.34,15.8,5
2026-03-28,-23.7,-46.8,21.8,0.5,79.0,23.31,16.3,5
2026-03-29,-23.7,-46.8,22.1,0.0,80.0,22.41,12.3,5
2026-03-30,-23.7,-46.8,20.9,0.4,80.0,18.37,13.2,5
2026-03-31,-23.7,-46.8,19.6,16.0,88.0,11.26,9.2,5
2026-04-01,-23.7,-46.8,19.9,12.0,88.0,17.02,12.6,5
2026-04-02,-23.7,-46.8,21.6,15.9,84.0,17.14,14.8,5
2026-04-03,-23.7,-46.8,22.2,0.4,79.0,19.5,13.1,5
2026-04-04,-23.7,-46.8,22.3,6.0,83.0,18.91,10.7,5
2026-04-05,-23.7,-46.8,21.7,0.9,83.0,17.93,13.6,5
2026-04-06,-23.7,-46.8,21.8,0.9,85.0,18.38,13.0,5
2026-04-07,-23.7,-46.8,22.1,2.3,85.0,13.61,9.5,5
2026-04-08,-23.7,-46.8,22.0,1.3,82.0,12.19,20.9,5
2026-04-09,-23.7,-46.8,20.8,3.0,85.0,13.82,13.2,5
2026-04-10,-23.7,-46.8,18.4,2.5,85.0,7.24,11.4,5
2026-04-11,-23.7,-46.8,18.7,0.0,79.0,20.66,14.9,5
2026-04-12,-23.7,-46.8,19.3,0.1,80.0,20.33,13.2,5
2026-04-13,-23.7,-46.8,20.3,0.2,80.0,17.62,13.3,5
2026-04-14,-23.7,-46.8,19.7,0.0,77.0,19.79,15.4,5
2026-04-15,-23.7,-46.8,19.8,0.0,76.0,21.22,13.6,5
2026-04-16,-23.7,-46.8,20.5,0.0,78.0,19.9,13.5,5
2026-04-17,-23.7,-46.8,22.4,0.0,67.0,19.7,9.9,5
2026-04-18,-23.7,-46.8,22.4,2.0,70.0,16.4,16.5,5
2026-04-19,-23.7,-46.8,20.9,0.1,76.0,20.82,13.2,5
2026-04-20,-23.7,-46.8,19.7,0.0,75.0,20.96,11.4,5
2026-04-21,-23.7,-46.8,19.2,0.0,76.0,20.48,13.7,5
2026-04-22,-23.7,-46.8,19.8,0.0,76.0,18.49,12.8,5
2026-04-23,-23.7,-46.8,19.9,0.1,79.0,17.41,13.8,5
2026-04-24,-23.7,-46.8,21.3,0.2,74.0,17.61,11.4,5
2026-04-25,-23.7,-46.8,23.0,0.0,64.0,17.53,17.9,5
2026-04-26,-23.7,-46.8,24.0,0.0,61.0,17.52,20.2,5
2026-04-27,-23.7,-46.8,21.4,13.5,82.0,10.41,13.6,5
2026-04-28,-23.7,-46.8,20.6,11.4,90.0,10.37,9.4,5
2026-04-29,-23.7,-46.8,20.6,13.0,88.0,11.08,11.1,5
2026-04-30,-23.7,-46.8,20.0,4.5,85.0,12.99,13.5,5
2026-05-01,-23.7,-46.8,21.3,0.6,84.0,14.2,10.7,5
2026-05-02,-23.7,-46.8,21.8,0.4,74.0,12.3,16.4,5
2026-05-03,-23.7,-46.8,17.1,1.5,84.0,9.02,17.6,5
2026-05-04,-23.7,-46.8,18.8,1.0,82.0,15.78,10.7,5
2026-05-05,-23.7,-46.8,21.1,0.2,78.0,15.74,10.5,5
2026-05-06,-23.7,-46.8,21.8,0.0,76.0,17.47,11.2,5
2026-05-07,-23.7,-46.8,22.7,0.0,62.0,17.35,15.5,5
2026-05-08,-23.7,-46.8,23.5,0.0,57.0,12.1,22.9,5
2026-05-09,-23.7,-46.8,22.3,0.0,69.0,8.81,19.1,5
2026-05-10,-23.7,-46.8,14.2,11.3,93.0,2.46,11.4,5
2026-05-11,-23.7,-46.8,12.5,0.0,80.0,14.87,6.1,5
2026-05-12,-23.7,-46.8,13.4,0.0,81.0,17.73,8.3,5
2026-05-13,-23.7,-46.8,15.2,0.0,77.0,16.19,6.2,5
2026-05-14,-23.7,-46.8,17.4,0.0,76.0,13.19,10.8,5
2026-05-15,-23.7,-46.8,16.4,9.4,95.0,5.3,8.9,5
2026-05-16,-23.7,-46.8,18.1,5.4,87.0,13.52,12.9,5
2026-05-17,-23.7,-46.8,18.1,6.5,92.0,4.23,13.6,5
2026-05-18,-23.7,-46.8,17.1,3.5,92.0,6.29,12.4,5
2026-05-19,-23.7,-46.8,16.1,2.4,92.0,4.24,8.9,5
2026-05-20,-23.7,-46.8,16.9,10.9,89.0,9.72,7.4,5
2026-05-21,-23.7,-46.8,14.8,1.7,90.0,6.67,12.4,5
2026-05-22,-23.7,-46.8,14.3,1.3,91.0,5.99,11.7,5
2026-05-23,-23.7,-46.8,16.0,12.3,94.0,4.77,9.1,5
2026-05-24,-23.7,-46.8,17.8,36.5,91.0,9.14,12.3,5
2026-05-25,-23.7,-46.8,17.4,0.3,88.0,9.57,10.9,5
2026-05-26,-23.7,-46.8,19.4,1.6,85.0,13.84,13.0,5
2026-05-27,-23.7,-46.8,17.5,1.8,88.0,7.04,11.8,5
2026-05-28,-23.7,-46.8,14.7,0.0,85.0,14.99,11.3,5
2026-05-29,-23.7,-46.8,15.7,0.0,86.0,10.6,11.6,5
2026-05-30,-23.7,-46.8,17.1,0.1,85.0,12.02,10.4,5
2026-05-31,-23.7,-46.8,16.5,0.0,84.0,12.65,11.3,5
2026-06-01,-23.7,-46.8,14.8,0.2,87.0,11.77,12.8,5
2026-06-02,-23.7,-46.8,14.7,0.4,86.0,9.89,12.2,5
2026-06-03,-23.7,-46.8,16.4,0.6,85.0,12.85,12.3,5
2026-06-04,-23.7,-46.8,16.1,0.1,86.0,10.9,13.9,5
2026-06-05,-23.7,-46.8,15.1,0.1,84.0,14.14,12.2,5
2026-06-06,-23.7,-46.8,15.1,0.0,80.0,15.04,9.5,5
2026-06-07,-23.7,-46.8,15.1,0.0,72.0,15.16,7.0,5
2026-06-08,-23.7,-46.8,15.3,0.0,75.0,15.12,9.9,5
2026-06-09,-23.7,-46.8,16.3,0.0,68.0,12.38,12.9,5
2026-06-10,-23.7,-46.8,16.3,4.0,77.0,11.86,12.2,5
2026-06-11,-23.7,-46.8,16.0,8.7,89.0,7.65,12.4,5
2026-06-12,-23.7,-46.8,16.7,3.5,88.0,4.7,24.3,5
2026-06-13,-23.7,-46.8,17.9,1.0,85.0,10.29,18.5,5
2026-06-14,-23.7,-46.8,18.0,3.2,88.0,8.35,15.0,5
2026-06-15,-23.7,-46.8,15.3,26.5,96.0,4.31,10.6,5
2026-06-16,-23.7,-46.8,14.7,0.0,91.0,10.97,9.0,5
2026-06-17,-23.7,-46.8,13.9,0.0,85.0,14.5,10.7,5
2026-06-18,-23.7,-46.8,12.9,0.0,81.0,14.83,11.3,5
2026-06-19,-23.7,-46.8,15.1,0.0,78.0,14.71,12.9,5
2026-06-20,-23.7,-46.8,17.0,6.2,79.0,4.91,18.3,5
2026-06-21,-23.7,-46.8,15.1,0.0,80.0,14.62,9.6,5
2026-06-22,-23.7,-46.8,17.2,0.0,69.0,14.71,18.3,5
2026-06-23,-23.7,-46.8,16.8,29.2,89.0,2.54,17.1,5
2026-06-24,-23.7,-46.8,12.3,15.6,95.0,1.4,10.4,5
2026-06-25,-23.7,-46.8,11.3,2.3,95.0,3.25,11.7,5
2026-06-26,-23.7,-46.8,14.5,0.1,93.0,10.99,7.4,5
2026-06-27,-23.7,-46.8,17.4,0.0,89.0,13.7,6.8,5
2026-06-28,-23.7,-46.8,18.5,0.0,81.0,14.27,11.4,5
2026-06-29,-23.7,-46.8,19.0,0.3,79.0,13.89,11.0,5
2026-06-30,-23.7,-46.8,19.4,0.0,78.0,14.31,14.3,5
2026-07-01,-23.7,-46.8,19.9,0.0,70.0,14.29,13.5,5
2026-07-02,-23.7,-46.8,19.1,0.0,74.0,14.4,13.1,5
2026-07-03,-23.7,-46.8,17.7,0.1,77.0,11.4,13.1,5
2026-07-04,-23.7,-46.8,14.5,0.6,91.0,9.53,11.8,5
2026-07-05,-23.7,-46.8,14.0,0.3,90.0,10.68,9.4,5
2026-07-06,-23.7,-46.8,15.9,0.0,83.0,13.42,11.1,5
2026-07-07,-23.7,-46.8,15.0,1.1,87.0,7.66,12.6,5
2026-07-08,-23.7,-46.8,14.8,0.0,84.0,12.89,7.3,5
2026-07-09,-23.7,-46.8,14.8,0.0,79.0,15.13,5.8,5
2026-07-10,-23.7,-46.8,16.5,0.0,67.0,14.99,14.5,5
2026-07-11,-23.7,-46.8,17.9,1.3,72.0,14.76,18.5,5
2026-07-12,-23.7,-46.8,16.1,7.2,87.0,7.98,20.1,5
2026-07-13,-23.7,-46.8,12.2,0.2,83.0,10.5,13.6,5
2026-07-14,-23.7,-46.8,12.1,0.7,85.0,12.51,14.7,5
2026-07-15,-23.7,-46.8,13.7,0.0,80.0,15.7,6.9,5
2026-07-16,-23.7,-46.8,15.8,0.0,68.0,15.84,8.8,5
2026-07-17,-23.7,-46.8,16.7,0.0,57.0,16.14,13.8,5
2026-07-18,-23.7,-46.8,17.3,0.0,54.0,16.16,21.9,5
2025-07-19,-23.7,-46.5,12.3,0.0,82.0,15.84,11.0,5
2025-07-20,-23.7,-46.5,12.9,0.0,89.0,12.64,12.3,5
2025-07-21,-23.7,-46.5,14.4,0.0,89.0,14.88,12.0,5
2025-07-22,-23.7,-46.5,16.5,0.0,80.0,15.38,14.7,5
2025-07-23,-23.7,-46.5,14.3,0.0,81.0,16.56,12.6,5
2025-07-24,-23.7,-46.5,14.3,2.4,94.0,11.29,13.6,5
2025-07-25,-23.7,-46.5,14.6,1.1,91.0,4.58,7.7,5
2025-07-26,-23.7,-46.5,16.4,0.0,80.0,15.66,10.0,5
2025-07-27,-23.7,-46.5,18.6,0.0,67.0,16.92,23.0,5
2025-07-28,-23.7,-46.5,19.7,0.4,66.0,10.48,35.9,5
2025-07-29,-23.7,-46.5,12.7,1.3,76.0,18.46,11.8,5
2025-07-30,-23.7,-46.5,9.9,0.0,83.0,15.88,12.2,5
2025-07-31,-23.7,-46.5,11.3,0.0,83.0,17.55,12.2,5
2025-08-01,-23.7,-46.5,14.2,0.0,77.0,18.04,12.0,5
2025-08-02,-23.7,-46.5,16.9,0.0,66.0,16.16,14.8,5
2025-08-03,-23.7,-46.5,17.6,0.0,55.0,17.0,21.3,5
2025-08-04,-23.7,-46.5,15.9,0.0,69.0,10.66,13.1,5
2025-08-05,-23.7,-46.5,14.5,1.5,91.0,8.19,12.6,5
2025-08-06,-23.7,-46.5,13.4,6.7,96.0,10.98,15.9,5
2025-08-07,-23.7,-46.5,14.5,0.0,89.0,15.66,11.7,5
2025-08-08,-23.7,-46.5,16.4,1.5,80.0,11.92,18.1,5
2025-08-09,-23.7,-46.5,12.0,2.7,87.0,11.68,12.3,5
2025-08-10,-23.7,-46.5,10.5,1.5,86.0,9.55,14.2,5
2025-08-11,-23.7,-46.5,10.4,0.0,86.0,15.85,13.7,5
2025-08-12,-23.7,-46.5,12.0,0.1,86.0,18.19,12.8,5
2025-08-13,-23.7,-46.5,14.3,0.0,77.0,20.07,11.2,5
2025-08-14,-23.7,-46.5,13.1,0.6,82.0,16.37,16.6,5
2025-08-15,-23.7,-46.5,13.1,1.5,90.0,15.33,15.8,5
2025-08-16,-23.7,-46.5,14.1,0.7,93.0,12.84,13.3,5
2025-08-17,-23.7,-46.5,15.7,0.1,88.0,16.19,12.8,5
2025-08-18,-23.7,-46.5,14.6,0.0,89.0,16.81,14.7,5
2025-08-19,-23.7,-46.5,16.7,0.0,78.0,14.17,19.6,5
2025-08-20,-23.7,-46.5,19.6,0.0,67.0,13.38,22.3,5
2025-08-21,-23.7,-46.5,20.7,0.3,69.0,17.28,16.4,5
2025-08-22,-23.7,-46.5,22.1,0.0,63.0,19.57,14.7,5
2025-08-23,-23.7,-46.5,23.0,0.0,46.0,18.52,21.2,5
2025-08-24,-23.7,-46.5,15.3,3.0,91.0,13.31,15.2,5
2025-08-25,-23.7,-46.5,15.0,0.5,93.0,15.8,15.2,5
2025-08-26,-23.7,-46.5,14.2,1.5,96.0,10.25,13.2,5
2025-08-27,-23.7,-46.5,15.9,2.5,91.0,13.49,12.3,5
2025-08-28,-23.7,-46.5,15.9,1.2,92.0,16.6,15.2,5
2025-08-29,-23.7,-46.5,15.1,1.8,95.0,7.95,12.7,5
2025-08-30,-23.7,-46.5,16.1,1.1,89.0,17.38,14.4,5
2025-08-31,-23.7,-46.5,16.4,0.7,86.0,18.04,15.5,5
2025-09-01,-23.7,-46.5,17.2,1.1,86.0,17.45,14.7,5
2025-09-02,-23.7,-46.5,18.4,0.0,83.0,18.96,15.5,5
2025-09-03,-23.7,-46.5,19.1,0.0,74.0,21.43,18.1,5
2025-09-04,-23.7,-46.5,20.2,0.0,61.0,19.36,15.1,5
2025-09-05,-23.7,-46.5,17.9,1.0,75.0,18.21,17.3,5
2025-09-06,-23.7,-46.5,14.2,5.4,97.0,10.42,15.5,5
2025-09-07,-23.7,-46.5,15.1,1.8,95.0,11.26,13.3,5
2025-09-08,-23.7,-46.5,18.9,0.0,83.0,17.83,15.2,5
2025-09-09,-23.7,-46.5,20.9,0.1,61.0,13.54,31.8,5
2025-09-10,-23.7,-46.5,16.3,0.0,84.0,23.18,13.3,5
2025-09-11,-23.7,-46.5,16.4,0.0,74.0,23.91,10.9,5
2025-09-12,-23.7,-46.5,14.4,0.9,88.0,16.86,15.0,5
2025-09-13,-23.7,-46.5,14.2,0.9,88.0,14.6,16.7,5
2025-09-14,-23.7,-46.5,15.3,0.6,87.0,20.15,18.8,5
2025-09-15,-23.7,-46.5,16.5,0.0,88.0,21.77,14.4,5
2025-09-16,-23.7,-46.5,17.4,1.2,87.0,10.2,10.2,5
2025-09-17,-23.7,-46.5,16.6,2.0,87.0,20.06,20.9,5
2025-09-18,-23.7,-46.5,16.1,1.4,90.0,21.57,14.2,5
2025-09-19,-23.7,-46.5,18.4,0.0,86.0,18.51,13.8,5
2025-09-20,-23.7,-46.5,22.1,0.0,70.0,22.33,17.8,5
2025-09-21,-23.7,-46.5,23.6,3.1,63.0,19.23,28.9,5
2025-09-22,-23.7,-46.5,21.2,1.8,78.0,3.43,35.4,5
2025-09-23,-23.7,-46.5,14.0,2.6,91.0,13.13,19.3,5
2025-09-24,-23.7,-46.5,14.0,3.8,94.0,8.57,18.8,5
2025-09-25,-23.7,-46.5,12.9,3.0,94.0,7.97,18.6,5
2025-09-26,-23.7,-46.5,12.8,2.3,88.0,18.27,17.0,5
2025-09-27,-23.7,-46.5,13.9,0.0,83.0,24.5,14.0,5
2025-09-28,-23.7,-46.5,16.9,0.0,76.0,19.88,16.7,5
2025-09-29,-23.7,-46.5,18.9,0.0,76.0,24.91,13.5,5
2025-09-30,-23.7,-46.5,20.0,0.0,73.0,24.25,11.8,5
2025-10-01,-23.7,-46.5,18.1,0.7,88.0,16.83,13.4,5
2025-10-02,-23.7,-46.5,17.3,0.7,93.0,12.14,13.0,5
2025-10-03,-23.7,-46.5,18.7,0.1,87.0,16.91,14.5,5
2025-10-04,-23.7,-46.5,18.8,3.7,84.0,9.64,13.3,5
2025-10-05,-23.7,-46.5,23.1,0.0,63.0,25.92,17.2,5
2025-10-06,-23.7,-46.5,25.0,0.0,54.0,21.93,16.4,5
2025-10-07,-23.7,-46.5,16.3,11.9,96.0,11.39,23.8,5
2025-10-08,-23.7,-46.5,13.6,8.7,96.0,7.79,22.4,5
2025-10-09,-23.7,-46.5,14.6,3.7,91.0,10.79,15.4,5
2025-10-10,-23.7,-46.5,15.6,28.8,93.0,7.91,16.1,5
2025-10-11,-23.7,-46.5,17.3,6.6,88.0,17.36,12.0,5
2025-10-12,-23.7,-46.5,20.9,1.2,77.0,18.79,17.2,5
2025-10-13,-23.7,-46.5,20.6,7.8,78.0,9.58,25.7,5
2025-10-14,-23.7,-46.5,18.8,0.6,85.0,20.29,17.6,5
2025-10-15,-23.7,-46.5,16.4,1.4,92.0,18.7,14.3,5
2025-10-16,-23.7,-46.5,18.6,0.0,87.0,23.43,16.7,5
2025-10-17,-23.7,-46.5,21.0,5.0,81.0,22.98,12.9,5
2025-10-18,-23.7,-46.5,18.9,31.8,95.0,6.8,28.1,5
2025-10-19,-23.7,-46.5,12.3,17.5,96.0,13.37,34.5,5
2025-10-20,-23.7,-46.5,12.2,1.8,84.0,21.53,20.5,5
2025-10-21,-23.7,-46.5,13.1,0.2,80.0,28.05,18.6,5
2025-10-22,-23.7,-46.5,14.2,0.1,80.0,28.98,17.6,5
2025-10-23,-23.7,-46.5,15.0,0.0,80.0,29.71,15.7,5
2025-10-24,-23.7,-46.5,16.4,0.0,79.0,28.69,14.9,5
2025-10-25,-23.7,-46.5,19.6,0.0,70.0,27.11,17.8,5
2025-10-26,-23.7,-46.5,21.1,0.3,70.0,23.45,17.3,5
2025-10-27,-23.7,-46.5,17.9,3.1,91.0,6.26,8.3,5
2025-10-28,-23.7,-46.5,18.0,15.1,94.0,5.32,9.1,5
2025-10-29,-23.7,-46.5,19.4,20.7,89.0,15.31,23.3,5
2025-10-30,-23.7,-46.5,14.9,12.5,95.0,9.03,20.1,5
2025-10-31,-23.7,-46.5,15.9,20.6,94.0,9.34,12.2,5
2025-11-01,-23.7,-46.5,19.2,0.4,86.0,20.34,13.9,5
2025-11-02,-23.7,-46.5,18.2,20.6,95.0,5.1,23.6,5
2025-11-03,-23.7,-46.5,20.1,17.7,84.0,16.35,21.9,5
2025-11-04,-23.7,-46.5,19.4,1.0,91.0,18.54,15.9,5
2025-11-05,-23.7,-46.5,22.2,0.3,81.0,16.57,23.3,5
2025-11-06,-23.7,-46.5,15.8,4.4,92.0,12.64,20.0,5
2025-11-07,-23.7,-46.5,17.7,0.4,84.0,23.18,18.6,5
2025-11-08,-23.7,-46.5,20.6,8.0,82.0,11.63,36.7,5
2025-11-09,-23.7,-46.5,14.7,4.4,90.0,16.3,24.1,5
2025-11-10,-23.7,-46.5,14.3,1.0,85.0,26.98,16.4,5
2025-11-11,-23.7,-46.5,15.3,0.0,82.0,29.49,16.6,5
2025-11-12,-23.7,-46.5,18.5,0.0,79.0,29.16,15.5,5
2025-11-13,-23.7,-46.5,19.3,5.5,83.0,14.03,9.4,5
2025-11-14,-23.7,-46.5,17.4,1.3,86.0,15.84,12.9,5
2025-11-15,-23.7,-46.5,18.3,0.3,87.0,16.75,12.9,5
2025-11-16,-23.7,-46.5,19.7,25.6,90.0,10.69,18.6,5
2025-11-17,-23.7,-46.5,20.9,22.9,90.0,11.88,20.9,5
2025-11-18,-23.7,-46.5,20.4,16.4,85.0,11.75,26.4,5
2025-11-19,-23.7,-46.5,17.8,0.3,75.0,25.64,17.1,5
2025-11-20,-23.7,-46.5,16.4,0.8,82.0,26.95,17.8,5
2025-11-21,-23.7,-46.5,19.5,0.0,70.0,28.45,15.6,5
2025-11-22,-23.7,-46.5,20.4,1.4,79.0,20.8,13.7,5
2025-11-23,-23.7,-46.5,18.0,5.9,94.0,16.2,13.9,5
2025-11-24,-23.7,-46.5,17.1,15.5,96.0,10.94,19.7,5
2025-11-25,-23.7,-46.5,17.0,1.9,87.0,21.03,17.0,5
2025-11-26,-23.7,-46.5,16.6,0.0,82.0,30.31,16.2,5
2025-11-27,-23.7,-46.5,16.2,0.2,85.0,24.97,17.7,5
2025-11-28,-23.7,-46.5,19.1,0.3,84.0,25.09,15.1,5
2025-11-29,-23.7,-46.5,20.9,0.0,71.0,30.16,13.6,5
2025-11-30,-23.7,-46.5,20.6,0.2,78.0,28.89,12.4,5
2025-12-01,-23.7,-46.5,20.7,0.8,88.0,21.8,16.6,5
2025-12-02,-23.7,-46.5,21.4,14.9,85.0,14.7,14.5,5
2025-12-03,-23.7,-46.5,20.3,5.3,88.0,21.93,16.1,5
2025-12-04,-23.7,-46.5,18.0,1.5,88.0,20.56,17.8,5
2025-12-05,-23.7,-46.5,18.9,0.6,85.0,25.32,16.7,5
2025-12-06,-23.7,-46.5,20.6,0.7,84.0,25.53,13.7,5
2025-12-07,-23.7,-46.5,22.1,1.0,82.0,23.32,12.1,5
2025-12-08,-23.7,-46.5,21.5,18.5,86.0,14.01,14.4,5
2025-12-09,-23.7,-46.5,20.0,20.8,91.0,6.46,31.5,5
2025-12-10,-23.7,-46.5,22.7,1.7,69.0,24.0,39.9,5
2025-12-11,-23.7,-46.5,23.1,0.0,58.0,29.32,26.5,5
2025-12-12,-23.7,-46.5,22.1,9.3,70.0,16.3,19.4,5
2025-12-13,-23.7,-46.5,21.1,24.2,88.0,14.58,22.6,5
2025-12-14,-23.7,-46.5,22.1,4.6,83.0,12.07,23.5,5
2025-12-15,-23.7,-46.5,23.5,2.6,82.0,22.29,16.0,5
2025-12-16,-23.7,-46.5,22.7,26.8,86.0,19.48,26.7,5
2025-12-17,-23.7,-46.5,15.9,22.1,93.0,8.64,33.2,5
2025-12-18,-23.7,-46.5,17.6,0.1,87.0,12.93,14.0,5
2025-12-19,-23.7,-46.5,19.0,1.1,91.0,12.55,13.9,5
2025-12-20,-23.7,-46.5,20.2,0.9,88.0,23.01,16.1,5
2025-12-21,-23.7,-46.5,22.0,0.0,79.0,28.08,16.7,5
2025-12-22,-23.7,-46.5,23.8,0.8,71.0,28.26,17.0,5
2025-12-23,-23.7,-46.5,25.3,1.2,62.0,26.62,15.1,5
2025-12-24,-23.7,-46.5,26.0,2.1,62.0,26.97,11.9,5
2025-12-25,-23.7,-46.5,26.4,1.3,65.0,27.22,9.6,5
2025-12-26,-23.7,-46.5,25.5,0.2,72.0,23.72,11.7,5
2025-12-27,-23.7,-46.5,25.6,8.3,72.0,25.48,12.6,5
2025-12-28,-23.7,-46.5,25.4,0.1,77.0,27.27,12.7,5
2025-12-29,-23.7,-46.5,24.7,8.8,81.0,23.85,10.7,5
2025-12-30,-23.7,-46.5,24.0,29.1,85.0,25.35,10.8,5
2025-12-31,-23.7,-46.5,24.0,16.2,82.0,21.11,15.8,5
2026-01-01,-23.7,-46.5,24.2,0.1,77.0,20.8,21.9,5
2026-01-02,-23.7,-46.5,22.6,7.1,85.0,16.87,22.4,5
2026-01-03,-23.7,-46.5,23.6,0.4,78.0,22.01,18.1,5
2026-01-04,-23.7,-46.5,18.6,14.4,95.0,17.62,16.4,5
2026-01-05,-23.7,-46.5,16.7,6.1,93.0,13.45,20.4,5
2026-01-06,-23.7,-46.5,19.5,1.2,83.0,21.61,13.9,5
2026-01-07,-23.7,-46.5,21.4,8.1,81.0,22.15,14.9,5
2026-01-08,-23.7,-46.5,22.2,32.9,80.0,23.52,15.7,5
2026-01-09,-23.7,-46.5,22.8,2.9,84.0,24.52,13.5,5
2026-01-10,-23.7,-46.5,24.7,17.4,73.0,27.67,14.8,5
2026-01-11,-23.7,-46.5,24.9,5.4,70.0,28.0,17.8,5
2026-01-12,-23.7,-46.5,24.8,2.7,70.0,25.24,15.1,5
2026-01-13,-23.7,-46.5,21.9,4.1,83.0,18.01,17.7,5
2026-01-14,-23.7,-46.5,21.4,21.8,85.0,18.97,14.8,5
2026-01-15,-23.7,-46.5,21.4,18.3,87.0,16.87,15.2,5
2026-01-16,-23.7,-46.5,21.4,14.8,88.0,17.24,13.8,5
2026-01-17,-23.7,-46.5,21.7,8.8,85.0,18.57,17.6,5
2026-01-18,-23.7,-46.5,21.9,15.2,84.0,18.3,21.0,5
2026-01-19,-23.7,-46.5,19.6,53.2,93.0,11.58,30.0,5
2026-01-20,-23.7,-46.5,16.9,7.6,88.0,15.92,23.0,5
2026-01-21,-23.7,-46.5,16.2,2.6,89.0,11.82,16.8,5
2026-01-22,-23.7,-46.5,16.6,15.0,93.0,11.02,15.6,5
2026-01-23,-23.7,-46.5,17.9,7.1,93.0,19.66,16.3,5
2026-01-24,-23.7,-46.5,18.9,7.1,93.0,14.12,15.7,5
2026-01-25,-23.7,-46.5,19.4,6.2,93.0,17.55,13.3,5
2026-01-26,-23.7,-46.5,20.2,3.2,89.0,22.88,13.0,5
2026-01-27,-23.7,-46.5,20.9,3.4,88.0,21.73,11.5,5
2026-01-28,-23.7,-46.5,21.8,6.0,83.0,19.85,15.3,5
2026-01-29,-23.7,-46.5,21.6,10.6,82.0,22.34,13.6,5
2026-01-30,-23.7,-46.5,20.5,13.5,86.0,12.87,19.9,5
2026-01-31,-23.7,-46.5,21.7,1.3,81.0,19.54,18.9,5
2026-02-01,-23.7,-46.5,22.4,2.6,81.0,13.56,25.0,5
2026-02-02,-23.7,-46.5,21.2,8.4,88.0,13.41,18.7,5
2026-02-03,-23.7,-46.5,21.5,21.2,91.0,13.67,17.9,5
2026-02-04,-23.7,-46.5,21.8,10.5,88.0,15.53,19.9,5
2026-02-05,-23.7,-46.5,20.7,4.6,92.0,17.62,15.3,5
2026-02-06,-23.7,-46.5,21.4,6.5,88.0,18.6,14.8,5
2026-02-07,-23.7,-46.5,21.5,18.0,93.0,13.56,12.8,5
2026-02-08,-23.7,-46.5,20.5,8.2,90.0,16.3,16.0,5
2026-02-09,-23.7,-46.5,19.5,10.4,95.0,10.48,8.5,5
2026-02-10,-23.7,-46.5,20.5,8.1,90.0,14.21,19.3,5
2026-02-11,-23.7,-46.5,21.9,7.1,83.0,15.88,25.0,5
2026-02-12,-23.7,-46.5,23.7,2.2,78.0,19.93,17.8,5
2026-02-13,-23.7,-46.5,24.7,6.4,74.0,25.0,12.4,5
2026-02-14,-23.7,-46.5,22.1,1.4,88.0,17.96,14.1,5
2026-02-15,-23.7,-46.5,22.3,0.0,87.0,26.23,13.9,5
2026-02-16,-23.7,-46.5,23.2,2.1,83.0,26.34,12.4,5
2026-02-17,-23.7,-46.5,24.8,1.4,71.0,21.42,12.3,5
2026-02-18,-23.7,-46.5,22.7,5.3,84.0,19.64,12.8,5
2026-02-19,-23.7,-46.5,21.2,5.0,92.0,20.28,13.4,5
2026-02-20,-23.7,-46.5,22.3,0.1,85.0,22.92,15.9,5
2026-02-21,-23.7,-46.5,21.2,13.7,93.0,16.59,15.3,5
2026-02-22,-23.7,-46.5,19.8,18.6,96.0,16.91,16.7,5
2026-02-23,-23.7,-46.5,20.1,16.7,96.0,13.08,14.0,5
2026-02-24,-23.7,-46.5,21.3,3.8,90.0,14.29,13.5,5
2026-02-25,-23.7,-46.5,22.1,14.4,90.0,14.62,11.7,5
2026-02-26,-23.7,-46.5,20.0,29.4,98.0,10.21,22.2,5
2026-02-27,-23.7,-46.5,18.7,11.7,91.0,12.81,20.0,5
2026-02-28,-23.7,-46.5,18.2,1.2,84.0,20.74,16.2,5
2026-03-01,-23.7,-46.5,17.7,1.1,82.0,21.61,16.4,5
2026-03-02,-23.7,-46.5,17.6,0.5,85.0,20.99,14.5,5
2026-03-03,-23.7,-46.5,18.2,1.0,89.0,19.81,13.3,5
2026-03-04,-23.7,-46.5,19.1,0.0,86.0,22.73,15.7,5
2026-03-05,-23.7,-46.5,20.2,1.3,89.0,20.69,15.2,5
2026-03-06,-23.7,-46.5,21.2,5.0,90.0,13.49,10.5,5
2026-03-07,-23.7,-46.5,21.6,19.5,89.0,14.63,22.0,5
2026-03-08,-23.7,-46.5,20.9,8.4,87.0,18.57,16.0,5
2026-03-09,-23.7,-46.5,18.7,13.0,98.0,6.46,15.4,5
2026-03-10,-23.7,-46.5,18.6,20.4,99.0,7.29,7.9,5
2026-03-11,-23.7,-46.5,18.8,37.2,99.0,7.16,8.8,5
2026-03-12,-23.7,-46.5,19.4,30.0,95.0,6.96,16.8,5
2026-03-13,-23.7,-46.5,19.4,8.5,92.0,11.07,14.4,5
2026-03-14,-23.7,-46.5,20.1,1.6,85.0,24.85,10.5,5
2026-03-15,-23.7,-46.5,21.9,1.5,79.0,21.38,11.7,5
2026-03-16,-23.7,-46.5,22.5,0.0,78.0,25.37,13.2,5
2026-03-17,-23.7,-46.5,21.0,0.3,85.0,21.83,13.3,5
2026-03-18,-23.7,-46.5,21.3,4.3,88.0,18.29,10.3,5
2026-03-19,-23.7,-46.5,20.5,10.1,92.0,9.13,10.5,5
2026-03-20,-23.7,-46.5,20.0,0.1,87.0,17.46,15.2,5
2026-03-21,-23.7,-46.5,20.6,0.3,88.0,22.43,14.1,5
2026-03-22,-23.7,-46.5,21.4,0.0,80.0,20.02,12.3,5
2026-03-23,-23.7,-46.5,20.6,0.3,84.0,24.45,14.0,5
2026-03-24,-23.7,-46.5,20.6,0.0,83.0,24.06,14.2,5
2026-03-25,-23.7,-46.5,21.3,4.8,86.0,18.97,8.1,5
2026-03-26,-23.7,-46.5,21.8,4.4,88.0,18.88,9.7,5
2026-03-27,-23.7,-46.5,21.4,0.0,85.0,23.34,14.7,5
2026-03-28,-23.7,-46.5,20.7,0.1,85.0,23.31,15.0,5
2026-03-29,-23.7,-46.5,20.8,0.2,86.0,22.41,12.5,5
2026-03-30,-23.7,-46.5,19.7,3.1,86.0,18.37,14.3,5
2026-03-31,-23.7,-46.5,18.8,19.9,95.0,11.26,13.1,5
2026-04-01,-23.7,-46.5,19.4,7.9,90.0,17.02,12.4,5
2026-04-02,-23.7,-46.5,21.3,12.4,85.0,17.14,16.4,5
2026-04-03,-23.7,-46.5,21.7,13.5,83.0,19.5,18.4,5
2026-04-04,-23.7,-46.5,22.0,3.0,86.0,18.91,11.9,5
2026-04-05,-23.7,-46.5,20.8,1.1,89.0,17.93,14.1,5
2026-04-06,-23.7,-46.5,20.9,1.6,90.0,18.38,13.5,5
2026-04-07,-23.7,-46.5,21.8,10.5,86.0,13.61,15.1,5
2026-04-08,-23.7,-46.5,22.0,1.5,81.0,12.19,22.5,5
2026-04-09,-23.7,-46.5,19.8,3.0,90.0,13.82,19.1,5
2026-04-10,-23.7,-46.5,17.2,2.1,93.0,7.24,12.3,5
2026-04-11,-23.7,-46.5,17.4,0.1,86.0,20.66,16.2,5
2026-04-12,-23.7,-46.5,18.6,0.0,84.0,20.33,14.6,5
2026-04-13,-23.7,-46.5,19.1,0.3,89.0,17.62,13.9,5
2026-04-14,-23.7,-46.5,18.6,0.0,86.0,19.79,15.3,5
2026-04-15,-23.7,-46.5,18.3,0.0,85.0,21.22,13.6,5
2026-04-16,-23.7,-46.5,18.9,0.0,86.0,19.9,12.7,5
2026-04-17,-23.7,-46.5,20.8,0.0,78.0,19.7,11.1,5
2026-04-18,-23.7,-46.5,21.2,4.0,77.0,16.4,17.4,5
2026-04-19,-23.7,-46.5,19.3,0.2,85.0,20.82,13.1,5
2026-04-20,-23.7,-46.5,17.9,0.1,85.0,20.96,12.7,5
2026-04-21,-23.7,-46.5,17.6,0.0,87.0,20.48,12.8,5
2026-04-22,-23.7,-46.5,18.2,0.6,88.0,18.49,12.5,5
2026-04-23,-23.7,-46.5,18.5,0.2,88.0,17.41,14.5,5
2026-04-24,-23.7,-46.5,19.5,0.0,85.0,17.61,12.6,5
2026-04-25,-23.7,-46.5,22.4,0.0,66.0,17.53,19.3,5
2026-04-26,-23.7,-46.5,23.5,0.0,63.0,17.52,19.3,5
2026-04-27,-23.7,-46.5,21.5,14.1,80.0,10.41,14.0,5
2026-04-28,-23.7,-46.5,19.2,3.6,96.0,10.37,12.6,5
2026-04-29,-23.7,-46.5,19.7,51.1,93.0,11.08,17.3,5
2026-04-30,-23.7,-46.5,18.9,4.3,91.0,12.99,17.1,5
2026-05-01,-23.7,-46.5,20.2,0.4,89.0,14.2,11.8,5
2026-05-02,-23.7,-46.5,21.4,0.9,77.0,12.3,18.0,5
2026-05-03,-23.7,-46.5,15.9,9.0,94.0,9.02,17.7,5
2026-05-04,-23.7,-46.5,17.7,1.9,87.0,15.78,13.9,5
2026-05-05,-23.7,-46.5,20.8,0.5,81.0,15.74,13.2,5
2026-05-06,-23.7,-46.5,21.3,0.1,77.0,17.47,9.2,5
2026-05-07,-23.7,-46.5,21.9,0.0,66.0,17.35,16.5,5
2026-05-08,-23.7,-46.5,23.1,0.0,59.0,12.1,29.8,5
2026-05-09,-23.7,-46.5,21.9,0.7,73.0,8.81,20.8,5
2026-05-10,-23.7,-46.5,13.6,14.8,98.0,2.46,14.6,5
2026-05-11,-23.7,-46.5,12.4,0.0,81.0,14.87,10.9,5
2026-05-12,-23.7,-46.5,12.6,0.0,86.0,17.73,7.4,5
2026-05-13,-23.7,-46.5,15.1,0.0,79.0,16.19,10.3,5
2026-05-14,-23.7,-46.5,16.9,0.0,82.0,13.19,10.9,5
2026-05-15,-23.7,-46.5,16.3,9.3,94.0,5.3,12.3,5
2026-05-16,-23.7,-46.5,17.9,5.4,89.0,13.52,13.5,5
2026-05-17,-23.7,-46.5,18.2,11.7,92.0,4.23,16.2,5
2026-05-18,-23.7,-46.5,17.1,3.8,94.0,6.29,15.1,5
2026-05-19,-23.7,-46.5,16.0,5.0,96.0,4.24,10.3,5
2026-05-20,-23.7,-46.5,16.0,11.7,94.0,9.72,9.7,5
2026-05-21,-23.7,-46.5,13.8,4.6,98.0,6.67,14.8,5
2026-05-22,-23.7,-46.5,13.2,2.9,98.0,5.99,12.5,5
2026-05-23,-23.7,-46.5,15.3,13.1,96.0,4.77,11.2,5
2026-05-24,-23.7,-46.5,17.1,17.7,95.0,9.14,13.4,5
2026-05-25,-23.7,-46.5,16.1,0.4,93.0,9.57,14.2,5
2026-05-26,-23.7,-46.5,18.7,2.8,88.0,13.84,14.1,5
2026-05-27,-23.7,-46.5,16.4,3.3,94.0,7.04,13.9,5
2026-05-28,-23.7,-46.5,14.4,0.2,90.0,14.99,11.6,5
2026-05-29,-23.7,-46.5,14.9,1.1,93.0,10.6,12.4,5
2026-05-30,-23.7,-46.5,16.3,1.1,89.0,12.02,9.6,5
2026-05-31,-23.7,-46.5,15.5,1.7,92.0,12.65,10.2,5
2026-06-01,-23.7,-46.5,14.3,0.8,92.0,11.77,11.5,5
2026-06-02,-23.7,-46.5,14.2,1.1,91.0,9.89,12.6,5
2026-06-03,-23.7,-46.5,15.1,2.3,94.0,12.85,12.4,5
2026-06-04,-23.7,-46.5,15.3,0.8,92.0,10.9,11.6,5
2026-06-05,-23.7,-46.5,14.5,0.0,88.0,14.14,14.5,5
2026-06-06,-23.7,-46.5,14.7,0.0,80.0,15.04,11.4,5
2026-06-07,-23.7,-46.5,14.8,0.0,78.0,15.16,9.3,5
2026-06-08,-23.7,-46.5,15.0,0.0,76.0,15.12,10.7,5
2026-06-09,-23.7,-46.5,16.3,0.0,67.0,12.38,15.2,5
2026-06-10,-23.7,-46.5,16.1,4.0,81.0,11.86,12.1,5
2026-06-11,-23.7,-46.5,16.0,7.6,90.0,7.65,14.8,5
2026-06-12,-23.7,-46.5,16.8,3.5,87.0,4.7,29.3,5
2026-06-13,-23.7,-46.5,17.8,2.3,84.0,10.29,23.7,5
2026-06-14,-23.7,-46.5,18.0,1.2,87.0,8.35,17.2,5
2026-06-15,-23.7,-46.5,14.6,18.5,100.0,4.31,13.5,5
2026-06-16,-23.7,-46.5,13.8,2.3,97.0,10.97,10.4,5
2026-06-17,-23.7,-46.5,13.9,0.0,86.0,14.5,10.9,5
2026-06-18,-23.7,-46.5,12.3,0.0,85.0,14.83,12.0,5
2026-06-19,-23.7,-46.5,15.1,0.0,77.0,14.71,16.7,5
2026-06-20,-23.7,-46.5,17.5,7.2,76.0,4.91,19.3,5
2026-06-21,-23.7,-46.5,14.6,0.1,85.0,14.62,12.6,5
2026-06-22,-23.7,-46.5,17.4,0.0,69.0,14.71,19.9,5
2026-06-23,-23.7,-46.5,16.3,23.9,89.0,2.54,20.9,5
2026-06-24,-23.7,-46.5,11.6,20.3,99.0,1.4,12.7,5
2026-06-25,-23.7,-46.5,10.5,6.0,99.0,3.25,13.7,5
2026-06-26,-23.7,-46.5,14.7,0.0,91.0,10.99,8.2,5
2026-06-27,-23.7,-46.5,17.2,0.0,89.0,13.7,8.8,5
2026-06-28,-23.7,-46.5,18.4,0.0,81.0,14.27,12.9,5
2026-06-29,-23.7,-46.5,18.3,0.6,80.0,13.89,14.1,5
2026-06-30,-23.7,-46.5,19.0,0.0,79.0,14.31,17.7,5
2026-07-01,-23.7,-46.5,19.5,0.0,70.0,14.29,19.3,5
2026-07-02,-23.7,-46.5,19.2,0.0,73.0,14.4,16.6,5
2026-07-03,-23.7,-46.5,16.4,0.8,86.0,11.4,13.5,5
2026-07-04,-23.7,-46.5,12.8,1.4,99.0,9.53,12.8,5
2026-07-05,-23.7,-46.5,12.6,0.2,95.0,10.68,13.2,5
2026-07-06,-23.7,-46.5,15.6,0.0,85.0,13.42,8.4,5
2026-07-07,-23.7,-46.5,14.2,1.5,91.0,7.66,16.6,5
2026-07-08,-23.7,-46.5,13.8,0.0,90.0,12.89,9.6,5
2026-07-09,-23.7,-46.5,14.3,0.0,86.0,15.13,11.2,5
2026-07-10,-23.7,-46.5,16.7,0.0,68.0,14.99,16.8,5
2026-07-11,-23.7,-46.5,18.0,1.1,68.0,14.76,20.4,5
2026-07-12,-23.7,-46.5,15.6,7.7,90.0,7.98,22.9,5
2026-07-13,-23.7,-46.5,11.2,2.9,92.0,10.5,14.9,5
2026-07-14,-23.7,-46.5,11.8,0.8,89.0,12.51,13.6,5
2026-07-15,-23.7,-46.5,13.3,0.0,77.0,15.7,12.7,5
2026-07-16,-23.7,-46.5,15.3,0.0,73.0,15.84,14.7,5
2026-07-17,-23.7,-46.5,16.6,0.0,57.0,16.14,20.3,5
2026-07-18,-23.7,-46.5,17.5,0.0,54.0,16.16,26.4,5
2025-07-19,-23.7,-46.4,12.3,0.0,81.0,15.84,10.9,5
2025-07-20,-23.7,-46.4,12.7,0.0,88.0,12.64,11.3,5
2025-07-21,-23.7,-46.4,14.3,0.0,89.0,14.88,10.8,5
2025-07-22,-23.7,-46.4,16.1,0.0,82.0,15.38,13.0,5
2025-07-23,-23.7,-46.4,13.9,0.0,80.0,16.56,12.1,5
2025-07-24,-23.7,-46.4,14.2,2.8,94.0,11.29,11.6,5
2025-07-25,-23.7,-46.4,14.3,1.3,93.0,4.58,9.7,5
2025-07-26,-23.7,-46.4,16.1,0.0,82.0,15.66,11.6,5
2025-07-27,-23.7,-46.4,18.3,0.0,68.0,16.92,23.3,5
2025-07-28,-23.7,-46.4,19.7,1.1,65.0,10.48,37.7,5
2025-07-29,-23.7,-46.4,11.9,1.3,79.0,18.46,11.1,5
2025-07-30,-23.7,-46.4,9.2,0.0,81.0,15.88,11.7,5
2025-07-31,-23.7,-46.4,10.8,0.0,82.0,17.55,11.1,5
2025-08-01,-23.7,-46.4,13.9,0.0,79.0,18.04,14.6,5
2025-08-02,-23.7,-46.4,16.4,0.0,67.0,16.16,16.2,5
2025-08-03,-23.7,-46.4,17.0,0.0,55.0,17.0,22.8,5
2025-08-04,-23.7,-46.4,15.6,0.0,69.0,10.66,15.0,5
2025-08-05,-23.7,-46.4,14.1,1.8,91.0,8.19,12.1,5
2025-08-06,-23.7,-46.4,13.3,5.1,97.0,10.98,14.5,5
2025-08-07,-23.7,-46.4,14.2,0.0,88.0,15.66,9.7,5
2025-08-08,-23.7,-46.4,16.2,5.7,82.0,11.92,15.3,5
2025-08-09,-23.7,-46.4,11.2,3.4,91.0,11.68,14.2,5
2025-08-10,-23.7,-46.4,10.0,1.4,88.0,9.55,13.5,5
2025-08-11,-23.7,-46.4,10.1,0.0,87.0,15.85,13.2,5
2025-08-12,-23.7,-46.4,11.8,0.1,87.0,18.19,12.0,5
2025-08-13,-23.7,-46.4,13.8,0.0,79.0,20.07,11.6,5
2025-08-14,-23.7,-46.4,12.7,0.5,82.0,16.37,15.5,5
2025-08-15,-23.7,-46.4,13.0,1.0,90.0,15.33,13.6,5
2025-08-16,-23.7,-46.4,14.0,0.6,93.0,12.84,11.4,5
2025-08-17,-23.7,-46.4,15.6,0.0,88.0,16.19,12.2,5
2025-08-18,-23.7,-46.4,14.5,0.0,88.0,16.81,13.4,5
2025-08-19,-23.7,-46.4,16.7,0.0,78.0,14.17,20.9,5
2025-08-20,-23.7,-46.4,19.4,0.0,66.0,13.38,22.6,5
2025-08-21,-23.7,-46.4,20.5,0.2,70.0,17.28,18.2,5
2025-08-22,-23.7,-46.4,21.8,0.0,63.0,19.57,16.1,5
2025-08-23,-23.7,-46.4,22.6,0.0,46.0,18.52,23.6,5
2025-08-24,-23.7,-46.4,14.6,6.1,93.0,13.31,15.2,5
2025-08-25,-23.7,-46.4,14.8,0.5,94.0,15.8,13.5,5
2025-08-26,-23.7,-46.4,13.9,6.5,96.0,10.25,11.5,5
2025-08-27,-23.7,-46.4,15.6,1.5,91.0,13.49,11.2,5
2025-08-28,-23.7,-46.4,15.6,1.2,93.0,16.6,13.2,5
2025-08-29,-23.7,-46.4,14.9,2.1,95.0,7.95,10.6,5
2025-08-30,-23.7,-46.4,16.0,1.3,89.0,17.38,12.2,5
2025-08-31,-23.7,-46.4,16.2,1.2,86.0,18.04,14.3,5
2025-09-01,-23.7,-46.4,17.1,1.3,86.0,17.45,14.0,5
2025-09-02,-23.7,-46.4,18.3,0.2,82.0,18.96,15.8,5
2025-09-03,-23.7,-46.4,18.6,0.0,75.0,21.43,18.5,5
2025-09-04,-23.7,-46.4,19.6,0.0,61.0,19.36,16.0,5
2025-09-05,-23.7,-46.4,17.5,1.2,75.0,18.21,14.7,5
2025-09-06,-23.7,-46.4,13.9,7.9,97.0,10.42,14.1,5
2025-09-07,-23.7,-46.4,15.0,1.6,95.0,11.26,10.1,5
2025-09-08,-23.7,-46.4,18.7,0.0,83.0,17.83,16.6,5
2025-09-09,-23.7,-46.4,20.7,0.5,61.0,13.54,32.8,5
2025-09-10,-23.7,-46.4,15.9,0.0,85.0,23.18,12.2,5
2025-09-11,-23.7,-46.4,15.9,0.0,76.0,23.91,10.6,5
2025-09-12,-23.7,-46.4,14.1,1.2,89.0,16.86,14.0,5
2025-09-13,-23.7,-46.4,14.0,0.6,89.0,14.6,15.4,5
2025-09-14,-23.7,-46.4,15.2,0.2,87.0,20.15,17.5,5
2025-09-15,-23.7,-46.4,16.4,0.0,88.0,21.77,12.7,5
2025-09-16,-23.7,-46.4,17.1,2.3,89.0,10.2,11.1,5
2025-09-17,-23.7,-46.4,16.2,2.7,88.0,20.06,17.6,5
2025-09-18,-23.7,-46.4,15.9,1.1,91.0,21.57,14.6,5
2025-09-19,-23.7,-46.4,18.3,0.0,87.0,18.51,13.6,5
2025-09-20,-23.7,-46.4,21.7,0.0,72.0,22.33,17.7,5
2025-09-21,-23.7,-46.4,23.0,3.1,65.0,19.23,32.1,5
2025-09-22,-23.7,-46.4,21.1,2.6,79.0,3.43,35.6,5
2025-09-23,-23.7,-46.4,13.7,5.3,93.0,13.13,19.4,5
2025-09-24,-23.7,-46.4,13.7,3.8,94.0,8.57,17.2,5
2025-09-25,-23.7,-46.4,12.8,3.1,94.0,7.97,16.8,5
2025-09-26,-23.7,-46.4,12.7,2.0,87.0,18.27,16.1,5
2025-09-27,-23.7,-46.4,13.6,0.0,82.0,24.5,15.0,5
2025-09-28,-23.7,-46.4,16.6,0.0,76.0,19.88,16.3,5
2025-09-29,-23.7,-46.4,18.7,0.0,76.0,24.91,13.3,5
2025-09-30,-23.7,-46.4,19.8,0.0,74.0,24.25,12.3,5
2025-10-01,-23.7,-46.4,17.7,0.7,89.0,16.83,12.9,5
2025-10-02,-23.7,-46.4,17.0,1.0,94.0,12.14,12.1,5
2025-10-03,-23.7,-46.4,18.4,1.9,88.0,16.91,16.3,5
2025-10-04,-23.7,-46.4,18.7,2.1,83.0,9.64,15.0,5
2025-10-05,-23.7,-46.4,22.5,0.0,64.0,25.92,17.0,5
2025-10-06,-23.7,-46.4,24.5,0.0,57.0,21.93,17.1,5
2025-10-07,-23.7,-46.4,15.9,15.5,96.0,11.39,21.6,5
2025-10-08,-23.7,-46.4,13.4,9.4,97.0,7.79,19.3,5
2025-10-09,-23.7,-46.4,14.5,5.3,91.0,10.79,13.5,5
2025-10-10,-23.7,-46.4,15.4,32.9,94.0,7.91,16.2,5
2025-10-11,-23.7,-46.4,17.2,4.9,88.0,17.36,11.4,5
2025-10-12,-23.7,-46.4,20.8,3.2,79.0,18.79,18.0,5
2025-10-13,-23.7,-46.4,20.6,12.1,78.0,9.58,26.0,5
2025-10-14,-23.7,-46.4,18.7,0.6,84.0,20.29,19.3,5
2025-10-15,-23.7,-46.4,16.3,1.8,92.0,18.7,12.5,5
2025-10-16,-23.7,-46.4,18.5,0.0,87.0,23.43,14.9,5
2025-10-17,-23.7,-46.4,20.5,5.3,83.0,22.98,14.0,5
2025-10-18,-23.7,-46.4,18.7,40.9,96.0,6.8,28.0,5
2025-10-19,-23.7,-46.4,11.9,25.8,98.0,13.37,35.0,5
2025-10-20,-23.7,-46.4,12.0,1.2,84.0,21.53,18.9,5
2025-10-21,-23.7,-46.4,12.8,0.0,80.0,28.05,16.4,5
2025-10-22,-23.7,-46.4,13.8,0.1,79.0,28.98,15.5,5
2025-10-23,-23.7,-46.4,14.7,0.0,79.0,29.71,14.9,5
2025-10-24,-23.7,-46.4,16.1,0.0,79.0,28.69,15.7,5
2025-10-25,-23.7,-46.4,19.3,0.0,70.0,27.11,19.4,5
2025-10-26,-23.7,-46.4,20.7,0.0,72.0,23.45,17.9,5
2025-10-27,-23.7,-46.4,17.5,2.5,92.0,6.26,8.4,5
2025-10-28,-23.7,-46.4,17.9,14.9,95.0,5.32,11.9,5
2025-10-29,-23.7,-46.4,19.2,21.2,90.0,15.31,23.5,5
2025-10-30,-23.7,-46.4,14.7,10.0,95.0,9.03,20.0,5
2025-10-31,-23.7,-46.4,15.8,17.9,95.0,9.34,12.2,5
2025-11-01,-23.7,-46.4,19.1,0.5,86.0,20.34,13.8,5
2025-11-02,-23.7,-46.4,18.0,21.7,96.0,5.1,24.1,5
2025-11-03,-23.7,-46.4,20.1,8.6,83.0,16.35,21.0,5
2025-11-04,-23.7,-46.4,19.1,1.6,92.0,18.54,15.8,5
2025-11-05,-23.7,-46.4,22.2,0.8,80.0,16.57,21.7,5
2025-11-06,-23.7,-46.4,15.6,6.2,93.0,12.64,22.0,5
2025-11-07,-23.7,-46.4,17.6,0.2,84.0,23.18,19.9,5
2025-11-08,-23.7,-46.4,20.5,8.6,82.0,11.63,36.3,5
2025-11-09,-23.7,-46.4,14.5,7.7,91.0,16.3,23.1,5
2025-11-10,-23.7,-46.4,14.0,1.2,86.0,26.98,15.1,5
2025-11-11,-23.7,-46.4,14.8,0.0,82.0,29.49,14.6,5
2025-11-12,-23.7,-46.4,18.1,0.0,80.0,29.16,16.4,5
2025-11-13,-23.7,-46.4,19.0,0.9,84.0,14.03,9.9,5
2025-11-14,-23.7,-46.4,17.2,1.0,88.0,15.84,12.3,5
2025-11-15,-23.7,-46.4,18.2,0.1,87.0,16.75,12.1,5
2025-11-16,-23.7,-46.4,19.2,44.6,92.0,10.69,19.3,5
2025-11-17,-23.7,-46.4,20.5,27.0,92.0,11.88,20.9,5
2025-11-18,-23.7,-46.4,20.4,17.4,84.0,11.75,26.1,5
2025-11-19,-23.7,-46.4,17.4,0.5,75.0,25.64,19.1,5
2025-11-20,-23.7,-46.4,16.2,0.5,82.0,26.95,16.1,5
2025-11-21,-23.7,-46.4,19.1,0.0,69.0,28.45,16.9,5
2025-11-22,-23.7,-46.4,20.2,2.2,79.0,20.8,13.2,5
2025-11-23,-23.7,-46.4,17.9,7.7,95.0,16.2,13.4,5
2025-11-24,-23.7,-46.4,16.9,20.1,96.0,10.94,17.8,5
2025-11-25,-23.7,-46.4,16.7,2.6,87.0,21.03,16.4,5
2025-11-26,-23.7,-46.4,16.3,0.0,82.0,30.31,16.2,5
2025-11-27,-23.7,-46.4,15.9,0.2,84.0,24.97,16.1,5
2025-11-28,-23.7,-46.4,18.6,0.6,84.0,25.09,13.0,5
2025-11-29,-23.7,-46.4,20.2,0.0,74.0,30.16,13.4,5
2025-11-30,-23.7,-46.4,20.2,0.1,79.0,28.89,12.1,5
2025-12-01,-23.7,-46.4,20.4,0.8,88.0,21.8,16.7,5
2025-12-02,-23.7,-46.4,20.8,18.5,88.0,14.7,13.5,5
2025-12-03,-23.7,-46.4,20.0,5.5,89.0,21.93,14.3,5
2025-12-04,-23.7,-46.4,17.6,2.3,90.0,20.56,17.3,5
2025-12-05,-23.7,-46.4,18.7,0.3,85.0,25.32,14.0,5
2025-12-06,-23.7,-46.4,20.2,0.8,85.0,25.53,13.2,5
2025-12-07,-23.7,-46.4,21.5,0.7,83.0,23.32,12.3,5
2025-12-08,-23.7,-46.4,20.9,22.7,89.0,14.01,15.2,5
2025-12-09,-23.7,-46.4,19.8,26.1,93.0,6.46,33.5,5
2025-12-10,-23.7,-46.4,22.8,1.5,68.0,24.0,40.8,5
2025-12-11,-23.7,-46.4,23.2,0.0,55.0,29.32,27.2,5
2025-12-12,-23.7,-46.4,21.8,6.4,70.0,16.3,17.6,5
2025-12-13,-23.7,-46.4,20.9,23.0,89.0,14.58,24.0,5
2025-12-14,-23.7,-46.4,22.0,4.1,83.0,12.07,22.2,5
2025-12-15,-23.7,-46.4,23.2,2.8,83.0,22.29,15.5,5
2025-12-16,-23.7,-46.4,22.5,31.1,87.0,19.48,24.5,5
2025-12-17,-23.7,-46.4,15.8,30.9,95.0,8.64,31.0,5
2025-12-18,-23.7,-46.4,17.5,0.1,86.0,12.93,12.4,5
2025-12-19,-23.7,-46.4,18.8,1.4,91.0,12.55,13.2,5
2025-12-20,-23.7,-46.4,20.0,1.8,88.0,23.01,14.9,5
2025-12-21,-23.7,-46.4,21.8,0.0,79.0,28.08,14.3,5
2025-12-22,-23.7,-46.4,23.3,0.5,74.0,28.26,18.0,5
2025-12-23,-23.7,-46.4,24.9,0.5,64.0,26.62,16.2,5
2025-12-24,-23.7,-46.4,25.3,2.5,64.0,26.97,12.4,5
2025-12-25,-23.7,-46.4,25.7,5.3,67.0,27.22,9.8,5
2025-12-26,-23.7,-46.4,25.1,0.6,73.0,23.72,11.2,5
2025-12-27,-23.7,-46.4,25.1,0.9,74.0,25.48,9.6,5
2025-12-28,-23.7,-46.4,24.8,1.6,79.0,27.27,11.7,5
2025-12-29,-23.7,-46.4,24.2,12.0,83.0,23.85,11.2,5
2025-12-30,-23.7,-46.4,23.6,21.0,87.0,25.35,11.3,5
2025-12-31,-23.7,-46.4,23.6,10.9,83.0,21.11,15.3,5
2026-01-01,-23.7,-46.4,24.2,3.6,76.0,20.8,22.6,5
2026-01-02,-23.7,-46.4,22.4,13.6,85.0,16.87,23.0,5
2026-01-03,-23.7,-46.4,23.2,0.5,79.0,22.01,17.8,5
2026-01-04,-23.7,-46.4,18.2,18.8,97.0,17.62,15.4,5
2026-01-05,-23.7,-46.4,16.6,6.1,95.0,13.45,16.2,5
2026-01-06,-23.7,-46.4,19.3,2.6,83.0,21.61,13.3,5
2026-01-07,-23.7,-46.4,21.0,8.3,82.0,22.15,14.7,5
2026-01-08,-23.7,-46.4,21.9,20.9,82.0,23.52,15.9,5
2026-01-09,-23.7,-46.4,22.5,2.1,85.0,24.52,11.4,5
2026-01-10,-23.7,-46.4,24.3,11.4,74.0,27.67,14.7,5
2026-01-11,-23.7,-46.4,24.4,7.0,73.0,28.0,18.1,5
2026-01-12,-23.7,-46.4,24.1,0.7,72.0,25.24,14.3,5
2026-01-13,-23.7,-46.4,21.6,4.6,84.0,18.01,18.5,5
2026-01-14,-23.7,-46.4,21.3,17.8,85.0,18.97,15.6,5
2026-01-15,-23.7,-46.4,21.1,19.1,87.0,16.87,15.8,5
2026-01-16,-23.7,-46.4,21.0,13.1,89.0,17.24,13.8,5
2026-01-17,-23.7,-46.4,21.4,9.4,86.0,18.57,16.9,5
2026-01-18,-23.7,-46.4,21.8,9.6,85.0,18.3,18.9,5
2026-01-19,-23.7,-46.4,19.5,66.6,93.0,11.58,27.6,5
2026-01-20,-23.7,-46.4,16.6,11.2,90.0,15.92,21.5,5
2026-01-21,-23.7,-46.4,15.9,2.2,89.0,11.82,15.6,5
2026-01-22,-23.7,-46.4,16.0,21.6,94.0,11.02,13.1,5
2026-01-23,-23.7,-46.4,17.5,5.2,95.0,19.66,14.7,5
2026-01-24,-23.7,-46.4,18.8,5.4,93.0,14.12,14.2,5
2026-01-25,-23.7,-46.4,19.4,6.2,92.0,17.55,11.7,5
2026-01-26,-23.7,-46.4,20.0,3.2,90.0,22.88,11.4,5
2026-01-27,-23.7,-46.4,20.7,2.8,89.0,21.73,12.5,5
2026-01-28,-23.7,-46.4,21.6,8.7,84.0,19.85,15.5,5
2026-01-29,-23.7,-46.4,21.4,8.2,82.0,22.34,15.9,5
2026-01-30,-23.7,-46.4,20.2,13.3,88.0,12.87,19.3,5
2026-01-31,-23.7,-46.4,21.5,5.6,82.0,19.54,20.2,5
2026-02-01,-23.7,-46.4,22.4,1.0,80.0,13.56,25.9,5
2026-02-02,-23.7,-46.4,21.0,7.5,90.0,13.41,18.0,5
2026-02-03,-23.7,-46.4,21.2,21.9,92.0,13.67,16.3,5
2026-02-04,-23.7,-46.4,21.6,14.9,89.0,15.53,18.7,5
2026-02-05,-23.7,-46.4,20.3,6.1,94.0,17.62,14.9,5
2026-02-06,-23.7,-46.4,21.1,7.1,90.0,18.6,12.7,5
2026-02-07,-23.7,-46.4,21.1,28.4,95.0,13.56,12.3,5
2026-02-08,-23.7,-46.4,20.3,7.7,90.0,16.3,16.4,5
2026-02-09,-23.7,-46.4,19.2,11.4,96.0,10.48,8.7,5
2026-02-10,-23.7,-46.4,20.1,9.1,92.0,14.21,18.9,5
2026-02-11,-23.7,-46.4,21.7,6.0,85.0,15.88,23.9,5
2026-02-12,-23.7,-46.4,23.6,1.3,78.0,19.93,18.0,5
2026-02-13,-23.7,-46.4,24.4,3.9,75.0,25.0,13.0,5
2026-02-14,-23.7,-46.4,22.0,1.7,89.0,17.96,12.2,5
2026-02-15,-23.7,-46.4,22.2,0.1,87.0,26.23,12.9,5
2026-02-16,-23.7,-46.4,22.8,0.5,84.0,26.34,11.3,5
2026-02-17,-23.7,-46.4,24.4,2.8,72.0,21.42,12.1,5
2026-02-18,-23.7,-46.4,22.4,13.0,85.0,19.64,12.2,5
2026-02-19,-23.7,-46.4,20.9,4.0,92.0,20.28,12.6,5
2026-02-20,-23.7,-46.4,22.0,0.2,86.0,22.92,14.8,5
2026-02-21,-23.7,-46.4,20.9,14.5,94.0,16.59,13.2,5
2026-02-22,-23.7,-46.4,19.6,19.3,97.0,16.91,14.2,5
2026-02-23,-23.7,-46.4,20.0,6.3,97.0,13.08,12.4,5
2026-02-24,-23.7,-46.4,20.9,7.4,91.0,14.29,12.3,5
2026-02-25,-23.7,-46.4,21.8,9.9,91.0,14.62,10.5,5
2026-02-26,-23.7,-46.4,19.7,29.9,99.0,10.21,20.1,5
2026-02-27,-23.7,-46.4,18.5,14.8,92.0,12.81,19.1,5
2026-02-28,-23.7,-46.4,17.5,1.6,87.0,20.74,15.8,5
2026-03-01,-23.7,-46.4,17.1,1.6,85.0,21.61,15.9,5
2026-03-02,-23.7,-46.4,17.1,0.9,87.0,20.99,14.0,5
2026-03-03,-23.7,-46.4,17.7,1.2,90.0,19.81,12.7,5
2026-03-04,-23.7,-46.4,18.8,0.9,88.0,22.73,14.5,5
2026-03-05,-23.7,-46.4,19.9,1.3,90.0,20.69,14.2,5
2026-03-06,-23.7,-46.4,20.9,4.9,91.0,13.49,9.4,5
2026-03-07,-23.7,-46.4,21.6,23.3,89.0,14.63,20.8,5
2026-03-08,-23.7,-46.4,20.7,6.6,88.0,18.57,16.2,5
2026-03-09,-23.7,-46.4,18.6,18.2,98.0,6.46,14.1,5
2026-03-10,-23.7,-46.4,18.4,19.3,99.0,7.29,5.7,5
2026-03-11,-23.7,-46.4,18.7,32.7,99.0,7.16,6.9,5
2026-03-12,-23.7,-46.4,19.2,26.1,96.0,6.96,16.9,5
2026-03-13,-23.7,-46.4,19.0,9.7,93.0,11.07,14.3,5
2026-03-14,-23.7,-46.4,19.8,2.1,84.0,24.85,11.4,5
2026-03-15,-23.7,-46.4,21.6,1.2,79.0,21.38,12.1,5
2026-03-16,-23.7,-46.4,22.2,0.0,79.0,25.37,11.9,5
2026-03-17,-23.7,-46.4,20.8,0.2,84.0,21.83,11.7,5
2026-03-18,-23.7,-46.4,20.9,2.2,88.0,18.29,9.4,5
2026-03-19,-23.7,-46.4,20.1,12.5,93.0,9.13,9.5,5
2026-03-20,-23.7,-46.4,19.8,0.1,87.0,17.46,14.5,5
2026-03-21,-23.7,-46.4,20.4,0.7,87.0,22.43,12.0,5
2026-03-22,-23.7,-46.4,21.2,0.0,80.0,20.02,13.6,5
2026-03-23,-23.7,-46.4,20.2,0.4,83.0,24.45,13.7,5
2026-03-24,-23.7,-46.4,20.3,0.0,84.0,24.06,12.8,5
2026-03-25,-23.7,-46.4,20.7,4.1,88.0,18.97,9.1,5
2026-03-26,-23.7,-46.4,21.5,3.2,89.0,18.88,9.2,5
2026-03-27,-23.7,-46.4,21.3,0.0,85.0,23.34,13.8,5
2026-03-28,-23.7,-46.4,20.6,0.4,85.0,23.31,13.3,5
2026-03-29,-23.7,-46.4,20.7,0.5,87.0,22.41,10.8,5
2026-03-30,-23.7,-46.4,19.4,0.5,86.0,18.37,13.3,5
2026-03-31,-23.7,-46.4,18.6,21.4,96.0,11.26,11.2,5
2026-04-01,-23.7,-46.4,19.1,4.6,91.0,17.02,13.3,5
2026-04-02,-23.7,-46.4,20.9,18.5,88.0,17.14,16.7,5
2026-04-03,-23.7,-46.4,21.4,4.3,85.0,19.5,19.3,5
2026-04-04,-23.7,-46.4,21.8,2.2,87.0,18.91,12.8,5
2026-04-05,-23.7,-46.4,20.6,1.9,89.0,17.93,13.2,5
2026-04-06,-23.7,-46.4,20.8,2.8,90.0,18.38,11.1,5
2026-04-07,-23.7,-46.4,21.5,3.3,88.0,13.61,15.4,5
2026-04-08,-23.7,-46.4,21.8,2.4,81.0,12.19,24.7,5
2026-04-09,-23.7,-46.4,19.5,4.8,90.0,13.82,16.6,5
2026-04-10,-23.7,-46.4,17.1,5.8,93.0,7.24,11.2,5
2026-04-11,-23.7,-46.4,17.3,0.0,85.0,20.66,15.2,5
2026-04-12,-23.7,-46.4,18.4,0.2,84.0,20.33,13.0,5
2026-04-13,-23.7,-46.4,18.9,0.6,88.0,17.62,15.0,5
2026-04-14,-23.7,-46.4,18.4,0.0,85.0,19.79,14.4,5
2026-04-15,-23.7,-46.4,18.2,0.1,84.0,21.22,10.7,5
2026-04-16,-23.7,-46.4,18.6,0.0,87.0,19.9,13.2,5
2026-04-17,-23.7,-46.4,20.1,0.0,79.0,19.7,11.6,5
2026-04-18,-23.7,-46.4,20.5,4.1,80.0,16.4,17.1,5
2026-04-19,-23.7,-46.4,18.9,0.1,87.0,20.82,12.7,5
2026-04-20,-23.7,-46.4,17.5,0.0,86.0,20.96,12.5,5
2026-04-21,-23.7,-46.4,17.3,0.1,87.0,20.48,11.7,5
2026-04-22,-23.7,-46.4,17.9,0.5,89.0,18.49,11.6,5
2026-04-23,-23.7,-46.4,18.4,0.4,89.0,17.41,13.2,5
2026-04-24,-23.7,-46.4,19.2,0.0,86.0,17.61,12.9,5
2026-04-25,-23.7,-46.4,21.8,0.0,68.0,17.53,18.9,5
2026-04-26,-23.7,-46.4,22.9,0.0,66.0,17.52,18.8,5
2026-04-27,-23.7,-46.4,21.0,24.7,83.0,10.41,13.6,5
2026-04-28,-23.7,-46.4,19.1,5.1,97.0,10.37,10.9,5
2026-04-29,-23.7,-46.4,19.4,54.1,94.0,11.08,16.6,5
2026-04-30,-23.7,-46.4,18.8,3.9,91.0,12.99,17.0,5
2026-05-01,-23.7,-46.4,20.1,0.5,89.0,14.2,13.2,5
2026-05-02,-23.7,-46.4,21.0,0.7,79.0,12.3,18.2,5
2026-05-03,-23.7,-46.4,15.6,10.6,95.0,9.02,15.7,5
2026-05-04,-23.7,-46.4,17.4,0.8,87.0,15.78,14.5,5
2026-05-05,-23.7,-46.4,20.5,0.1,82.0,15.74,14.2,5
2026-05-06,-23.7,-46.4,21.0,0.2,78.0,17.47,11.8,5
2026-05-07,-23.7,-46.4,21.5,0.0,67.0,17.35,16.8,5
2026-05-08,-23.7,-46.4,22.8,0.0,60.0,12.1,29.8,5
2026-05-09,-23.7,-46.4,21.7,0.8,73.0,8.81,22.9,5
2026-05-10,-23.7,-46.4,13.2,19.2,99.0,2.46,15.2,5
2026-05-11,-23.7,-46.4,11.9,0.1,83.0,14.87,10.4,5
2026-05-12,-23.7,-46.4,11.7,0.0,85.0,17.73,8.2,5
2026-05-13,-23.7,-46.4,14.9,0.0,79.0,16.19,12.6,5
2026-05-14,-23.7,-46.4,16.7,0.0,81.0,13.19,10.6,5
2026-05-15,-23.7,-46.4,15.8,9.5,96.0,5.3,11.7,5
2026-05-16,-23.7,-46.4,17.7,4.1,90.0,13.52,12.0,5
2026-05-17,-23.7,-46.4,18.0,11.8,93.0,4.23,15.2,5
2026-05-18,-23.7,-46.4,16.8,3.9,95.0,6.29,14.5,5
2026-05-19,-23.7,-46.4,15.6,6.0,98.0,4.24,9.7,5
2026-05-20,-23.7,-46.4,15.7,12.8,95.0,9.72,8.9,5
2026-05-21,-23.7,-46.4,13.6,5.7,98.0,6.67,12.9,5
2026-05-22,-23.7,-46.4,13.1,2.9,99.0,5.99,10.6,5
2026-05-23,-23.7,-46.4,15.2,19.8,96.0,4.77,12.8,5
2026-05-24,-23.7,-46.4,16.8,20.8,95.0,9.14,12.5,5
2026-05-25,-23.7,-46.4,16.0,0.6,94.0,9.57,12.7,5
2026-05-26,-23.7,-46.4,18.6,2.0,89.0,13.84,14.3,5
2026-05-27,-23.7,-46.4,16.0,3.3,95.0,7.04,14.6,5
2026-05-28,-23.7,-46.4,14.1,0.6,91.0,14.99,11.0,5
2026-05-29,-23.7,-46.4,14.8,1.6,94.0,10.6,10.1,5
2026-05-30,-23.7,-46.4,16.1,1.4,91.0,12.02,9.0,5
2026-05-31,-23.7,-46.4,15.2,1.6,92.0,12.65,10.2,5
2026-06-01,-23.7,-46.4,13.8,1.0,93.0,11.77,10.6,5
2026-06-02,-23.7,-46.4,13.8,0.6,91.0,9.89,11.4,5
2026-06-03,-23.7,-46.4,14.9,2.3,94.0,12.85,10.5,5
2026-06-04,-23.7,-46.4,15.0,1.5,93.0,10.9,9.3,5
2026-06-05,-23.7,-46.4,14.1,0.0,89.0,14.14,12.6,5
2026-06-06,-23.7,-46.4,14.1,0.0,83.0,15.04,11.4,5
2026-06-07,-23.7,-46.4,14.3,0.0,77.0,15.16,8.0,5
2026-06-08,-23.7,-46.4,14.5,0.0,79.0,15.12,12.0,5
2026-06-09,-23.7,-46.4,15.6,0.0,71.0,12.38,15.4,5
2026-06-10,-23.7,-46.4,15.9,4.0,80.0,11.86,10.5,5
2026-06-11,-23.7,-46.4,15.8,7.3,91.0,7.65,14.4,5
2026-06-12,-23.7,-46.4,16.7,4.2,87.0,4.7,33.5,5
2026-06-13,-23.7,-46.4,17.7,4.2,85.0,10.29,25.1,5
2026-06-14,-23.7,-46.4,17.9,1.4,87.0,8.35,16.3,5
2026-06-15,-23.7,-46.4,14.5,21.3,100.0,4.31,11.2,5
2026-06-16,-23.7,-46.4,13.6,3.1,98.0,10.97,10.0,5
2026-06-17,-23.7,-46.4,13.7,0.0,87.0,14.5,9.5,5
2026-06-18,-23.7,-46.4,11.9,0.0,84.0,14.83,11.0,5
2026-06-19,-23.7,-46.4,14.9,0.0,77.0,14.71,18.0,5
2026-06-20,-23.7,-46.4,17.7,7.1,75.0,4.91,17.7,5
2026-06-21,-23.7,-46.4,14.5,0.0,86.0,14.62,13.2,5
2026-06-22,-23.7,-46.4,17.5,0.0,68.0,14.71,19.7,5
2026-06-23,-23.7,-46.4,16.3,25.5,89.0,2.54,19.9,5
2026-06-24,-23.7,-46.4,11.4,22.2,99.0,1.4,11.1,5
2026-06-25,-23.7,-46.4,10.4,4.7,100.0,3.25,11.5,5
2026-06-26,-23.7,-46.4,14.6,0.7,91.0,10.99,9.3,5
2026-06-27,-23.7,-46.4,17.2,0.0,89.0,13.7,10.4,5
2026-06-28,-23.7,-46.4,18.2,0.0,81.0,14.27,11.8,5
2026-06-29,-23.7,-46.4,18.3,0.6,81.0,13.89,16.0,5
2026-06-30,-23.7,-46.4,18.8,0.0,79.0,14.31,18.0,5
2026-07-01,-23.7,-46.4,19.4,0.0,71.0,14.29,19.2,5
2026-07-02,-23.7,-46.4,19.0,0.0,73.0,14.4,16.2,5
2026-07-03,-23.7,-46.4,16.1,1.0,86.0,11.4,12.2,5
2026-07-04,-23.7,-46.4,12.7,1.6,99.0,9.53,10.7,5
2026-07-05,-23.7,-46.4,12.5,0.3,96.0,10.68,12.5,5
2026-07-06,-23.7,-46.4,15.4,0.0,86.0,13.42,9.8,5
2026-07-07,-23.7,-46.4,13.8,2.0,92.0,7.66,15.3,5
2026-07-08,-23.7,-46.4,13.6,0.0,91.0,12.89,8.1,5
2026-07-09,-23.7,-46.4,13.9,0.0,87.0,15.13,13.2,5
2026-07-10,-23.7,-46.4,16.5,0.0,68.0,14.99,16.9,5
2026-07-11,-23.7,-46.4,17.8,2.3,67.0,14.76,20.4,5
2026-07-12,-23.7,-46.4,15.4,9.3,91.0,7.98,22.8,5
2026-07-13,-23.7,-46.4,10.6,3.7,95.0,10.5,14.3,5
2026-07-14,-23.7,-46.4,11.4,0.7,91.0,12.51,13.4,5
2026-07-15,-23.7,-46.4,13.0,0.0,77.0,15.7,13.6,5
2026-07-16,-23.7,-46.4,15.0,0.0,73.0,15.84,15.8,5
2026-07-17,-23.7,-46.4,16.2,0.0,59.0,16.14,21.6,5
2026-07-18,-23.7,-46.4,17.5,0.0,54.0,16.16,28.9,5
2025-07-19,-23.6,-46.8,14.0,0.0,74.0,15.84,9.9,5
2025-07-20,-23.6,-46.8,14.6,0.0,77.0,12.64,11.8,5
2025-07-21,-23.6,-46.8,16.7,0.0,76.0,14.88,11.3,5
2025-07-22,-23.6,-46.8,17.9,0.0,70.0,15.38,12.1,5
2025-07-23,-23.6,-46.8,15.9,0.0,69.0,16.56,11.9,5
2025-07-24,-23.6,-46.8,16.1,0.2,80.0,11.29,15.5,5
2025-07-25,-23.6,-46.8,16.2,2.3,82.0,4.58,9.1,5
2025-07-26,-23.6,-46.8,17.4,0.0,74.0,15.66,5.8,5
2025-07-27,-23.6,-46.8,19.7,0.0,59.0,16.92,18.0,5
2025-07-28,-23.6,-46.8,19.9,1.3,66.0,10.48,31.0,5
2025-07-29,-23.6,-46.8,14.0,0.0,62.0,18.46,11.9,5
2025-07-30,-23.6,-46.8,11.4,0.0,74.0,15.88,10.5,5
2025-07-31,-23.6,-46.8,12.6,0.0,76.0,17.55,10.0,5
2025-08-01,-23.6,-46.8,15.6,0.0,69.0,18.04,6.5,5
2025-08-02,-23.6,-46.8,18.5,0.0,52.0,16.16,7.7,5
2025-08-03,-23.6,-46.8,18.8,0.0,46.0,17.0,14.4,5
2025-08-04,-23.6,-46.8,17.3,0.0,58.0,10.66,9.8,5
2025-08-05,-23.6,-46.8,15.8,0.3,81.0,8.19,14.4,5
2025-08-06,-23.6,-46.8,15.4,1.5,81.0,10.98,15.3,5
2025-08-07,-23.6,-46.8,17.5,0.0,70.0,15.66,11.6,5
2025-08-08,-23.6,-46.8,17.7,8.4,74.0,11.92,19.5,5
2025-08-09,-23.6,-46.8,14.0,1.8,72.0,11.68,14.7,5
2025-08-10,-23.6,-46.8,11.4,0.5,78.0,9.55,12.2,5
2025-08-11,-23.6,-46.8,11.5,0.1,78.0,15.85,14.2,5
2025-08-12,-23.6,-46.8,13.5,0.0,74.0,18.19,11.8,5
2025-08-13,-23.6,-46.8,16.1,0.0,61.0,20.07,9.3,5
2025-08-14,-23.6,-46.8,14.2,0.0,73.0,16.37,14.5,5
2025-08-15,-23.6,-46.8,15.1,0.0,74.0,15.33,16.4,5
2025-08-16,-23.6,-46.8,16.5,0.0,76.0,12.84,13.4,5
2025-08-17,-23.6,-46.8,18.1,0.0,74.0,16.19,12.3,5
2025-08-18,-23.6,-46.8,16.7,0.0,78.0,16.81,14.4,5
2025-08-19,-23.6,-46.8,19.3,0.0,65.0,14.17,13.5,5
2025-08-20,-23.6,-46.8,22.5,0.0,52.0,13.38,14.8,5
2025-08-21,-23.6,-46.8,22.6,0.0,59.0,17.28,14.6,5
2025-08-22,-23.6,-46.8,24.1,0.0,52.0,19.57,11.5,5
2025-08-23,-23.6,-46.8,25.1,0.0,34.0,18.52,17.9,5
2025-08-24,-23.6,-46.8,17.8,0.0,73.0,13.31,15.4,5
2025-08-25,-23.6,-46.8,18.1,0.0,77.0,15.8,14.6,5
2025-08-26,-23.6,-46.8,16.9,0.6,81.0,10.25,13.4,5
2025-08-27,-23.6,-46.8,17.5,3.2,84.0,13.49,11.5,5
2025-08-28,-23.6,-46.8,17.8,0.6,81.0,16.6,16.6,5
2025-08-29,-23.6,-46.8,16.8,7.4,86.0,7.95,10.5,5
2025-08-30,-23.6,-46.8,17.4,0.4,82.0,17.38,13.5,5
2025-08-31,-23.6,-46.8,17.4,0.0,80.0,18.04,15.7,5
2025-09-01,-23.6,-46.8,18.8,0.4,79.0,17.45,13.2,5
2025-09-02,-23.6,-46.8,20.3,0.6,71.0,18.96,10.3,5
2025-09-03,-23.6,-46.8,21.3,0.0,58.0,21.43,10.7,5
2025-09-04,-23.6,-46.8,22.0,0.0,47.0,19.36,10.8,5
2025-09-05,-23.6,-46.8,20.7,0.1,59.0,18.21,16.5,5
2025-09-06,-23.6,-46.8,16.3,0.2,80.0,10.42,15.4,5
2025-09-07,-23.6,-46.8,16.9,0.1,84.0,11.26,14.4,5
2025-09-08,-23.6,-46.8,21.0,0.0,74.0,17.83,11.1,5
2025-09-09,-23.6,-46.8,21.9,0.0,57.0,13.54,26.8,5
2025-09-10,-23.6,-46.8,18.0,0.0,74.0,23.18,13.8,5
2025-09-11,-23.6,-46.8,18.8,0.0,69.0,23.91,11.3,5
2025-09-12,-23.6,-46.8,16.7,0.0,71.0,16.86,14.6,5
2025-09-13,-23.6,-46.8,16.5,0.0,72.0,14.6,16.5,5
2025-09-14,-23.6,-46.8,17.6,0.0,72.0,20.15,17.0,5
2025-09-15,-23.6,-46.8,19.1,0.0,73.0,21.77,15.2,5
2025-09-16,-23.6,-46.8,19.5,1.4,77.0,10.2,16.8,5
2025-09-17,-23.6,-46.8,18.5,0.1,71.0,20.06,18.1,5
2025-09-18,-23.6,-46.8,18.4,0.1,72.0,21.57,14.0,5
2025-09-19,-23.6,-46.8,21.8,0.0,65.0,18.51,14.9,5
2025-09-20,-23.6,-46.8,25.1,0.0,52.0,22.33,16.1,5
2025-09-21,-23.6,-46.8,26.7,2.9,47.0,19.23,27.2,5
2025-09-22,-23.6,-46.8,21.4,9.2,80.0,3.43,26.8,5
2025-09-23,-23.6,-46.8,16.0,2.2,82.0,13.13,13.7,5
2025-09-24,-23.6,-46.8,15.6,0.9,85.0,8.57,19.0,5
2025-09-25,-23.6,-46.8,14.5,0.5,83.0,7.97,18.9,5
2025-09-26,-23.6,-46.8,14.4,0.2,77.0,18.27,17.1,5
2025-09-27,-23.6,-46.8,15.8,0.0,71.0,24.5,12.2,5
2025-09-28,-23.6,-46.8,19.7,0.0,63.0,19.88,11.4,5
2025-09-29,-23.6,-46.8,21.9,0.0,62.0,24.91,11.6,5
2025-09-30,-23.6,-46.8,23.9,0.0,53.0,24.25,13.0,5
2025-10-01,-23.6,-46.8,20.6,0.1,73.0,16.83,14.4,5
2025-10-02,-23.6,-46.8,19.7,0.7,77.0,12.14,13.8,5
2025-10-03,-23.6,-46.8,21.3,2.3,73.0,16.91,13.2,5
2025-10-04,-23.6,-46.8,19.7,1.8,80.0,9.64,7.6,5
2025-10-05,-23.6,-46.8,24.6,0.0,52.0,25.92,10.3,5
2025-10-06,-23.6,-46.8,27.0,0.0,41.0,21.93,15.3,5
2025-10-07,-23.6,-46.8,18.4,1.0,82.0,11.39,21.3,5
2025-10-08,-23.6,-46.8,15.3,10.9,85.0,7.79,20.0,5
2025-10-09,-23.6,-46.8,16.0,4.9,83.0,10.79,15.5,5
2025-10-10,-23.6,-46.8,17.0,24.6,89.0,7.91,9.8,5
2025-10-11,-23.6,-46.8,18.4,2.9,87.0,17.36,7.4,5
2025-10-12,-23.6,-46.8,21.3,2.9,75.0,18.79,13.2,5
2025-10-13,-23.6,-46.8,20.5,4.4,81.0,9.58,21.7,5
2025-10-14,-23.6,-46.8,20.0,0.2,81.0,20.29,16.1,5
2025-10-15,-23.6,-46.8,18.1,0.1,83.0,18.7,13.5,5
2025-10-16,-23.6,-46.8,20.6,0.0,80.0,23.43,15.3,5
2025-10-17,-23.6,-46.8,23.7,7.9,68.0,22.98,8.5,5
2025-10-18,-23.6,-46.8,19.8,20.7,89.0,6.8,24.4,5
2025-10-19,-23.6,-46.8,13.9,2.8,84.0,13.37,20.2,5
2025-10-20,-23.6,-46.8,13.4,0.3,76.0,21.53,19.7,5
2025-10-21,-23.6,-46.8,14.3,0.0,73.0,28.05,17.8,5
2025-10-22,-23.6,-46.8,15.2,0.0,74.0,28.98,16.4,5
2025-10-23,-23.6,-46.8,16.7,0.0,68.0,29.71,15.6,5
2025-10-24,-23.6,-46.8,19.0,0.0,62.0,28.69,13.3,5
2025-10-25,-23.6,-46.8,22.6,0.0,51.0,27.11,10.9,5
2025-10-26,-23.6,-46.8,24.3,0.0,51.0,23.45,11.6,5
2025-10-27,-23.6,-46.8,20.0,3.7,77.0,6.26,6.7,5
2025-10-28,-23.6,-46.8,20.2,3.6,85.0,5.32,7.1,5
2025-10-29,-23.6,-46.8,20.5,14.9,86.0,15.31,20.7,5
2025-10-30,-23.6,-46.8,16.6,7.9,86.0,9.03,13.2,5
2025-10-31,-23.6,-46.8,17.2,22.4,88.0,9.34,12.3,5
2025-11-01,-23.6,-46.8,20.6,0.7,82.0,20.34,9.3,5
2025-11-02,-23.6,-46.8,19.0,26.3,93.0,5.1,16.4,5
2025-11-03,-23.6,-46.8,20.4,7.8,84.0,16.35,16.9,5
2025-11-04,-23.6,-46.8,21.0,2.6,85.0,18.54,14.9,5
2025-11-05,-23.6,-46.8,22.7,3.4,81.0,16.57,20.5,5
2025-11-06,-23.6,-46.8,17.6,2.1,83.0,12.64,16.2,5
2025-11-07,-23.6,-46.8,19.5,0.0,78.0,23.18,12.2,5
2025-11-08,-23.6,-46.8,21.0,8.0,81.0,11.63,27.6,5
2025-11-09,-23.6,-46.8,16.5,1.0,79.0,16.3,15.9,5
2025-11-10,-23.6,-46.8,16.1,0.0,74.0,26.98,15.6,5
2025-11-11,-23.6,-46.8,17.5,0.0,73.0,29.49,14.0,5
2025-11-12,-23.6,-46.8,21.1,0.0,66.0,29.16,18.2,5
2025-11-13,-23.6,-46.8,21.5,1.8,70.0,14.03,10.8,5
2025-11-14,-23.6,-46.8,18.8,12.3,82.0,15.84,13.8,5
2025-11-15,-23.6,-46.8,20.2,0.0,76.0,16.75,12.7,5
2025-11-16,-23.6,-46.8,21.4,15.5,83.0,10.69,15.7,5
2025-11-17,-23.6,-46.8,21.9,16.9,84.0,11.88,15.4,5
2025-11-18,-23.6,-46.8,20.7,12.2,84.0,11.75,26.2,5
2025-11-19,-23.6,-46.8,18.9,0.0,69.0,25.64,15.1,5
2025-11-20,-23.6,-46.8,17.7,0.0,76.0,26.95,16.5,5
2025-11-21,-23.6,-46.8,21.1,0.0,63.0,28.45,11.2,5
2025-11-22,-23.6,-46.8,22.7,2.6,68.0,20.8,12.8,5
2025-11-23,-23.6,-46.8,20.2,4.9,81.0,16.2,15.7,5
2025-11-24,-23.6,-46.8,18.9,15.3,85.0,10.94,14.6,5
2025-11-25,-23.6,-46.8,18.2,0.9,79.0,21.03,13.4,5
2025-11-26,-23.6,-46.8,17.8,0.0,75.0,30.31,14.1,5
2025-11-27,-23.6,-46.8,17.5,0.0,78.0,24.97,16.7,5
2025-11-28,-23.6,-46.8,21.6,0.3,72.0,25.09,11.6,5
2025-11-29,-23.6,-46.8,23.9,0.0,56.0,30.16,15.1,5
2025-11-30,-23.6,-46.8,24.6,0.1,56.0,28.89,13.8,5
2025-12-01,-23.6,-46.8,23.7,0.2,70.0,21.8,13.3,5
2025-12-02,-23.6,-46.8,23.1,18.2,76.0,14.7,14.6,5
2025-12-03,-23.6,-46.8,22.9,1.6,73.0,21.93,13.4,5
2025-12-04,-23.6,-46.8,20.0,0.7,77.0,20.56,17.3,5
2025-12-05,-23.6,-46.8,21.0,0.0,72.0,25.32,17.3,5
2025-12-06,-23.6,-46.8,23.5,0.7,67.0,25.53,12.5,5
2025-12-07,-23.6,-46.8,24.9,2.7,66.0,23.32,11.5,5
2025-12-08,-23.6,-46.8,23.1,17.0,77.0,14.01,13.1,5
2025-12-09,-23.6,-46.8,20.6,19.9,88.0,6.46,29.5,5
2025-12-10,-23.6,-46.8,22.7,3.7,70.0,24.0,39.3,5
2025-12-11,-23.6,-46.8,23.4,0.0,58.0,29.32,21.6,5
2025-12-12,-23.6,-46.8,22.7,3.8,68.0,16.3,18.4,5
2025-12-13,-23.6,-46.8,21.5,26.8,86.0,14.58,20.3,5
2025-12-14,-23.6,-46.8,22.2,7.5,83.0,12.07,18.8,5
2025-12-15,-23.6,-46.8,24.3,1.8,78.0,22.29,13.8,5
2025-12-16,-23.6,-46.8,23.2,12.1,83.0,19.48,17.8,5
2025-12-17,-23.6,-46.8,17.3,5.2,84.0,8.64,22.0,5
2025-12-18,-23.6,-46.8,18.7,0.0,82.0,12.93,11.8,5
2025-12-19,-23.6,-46.8,20.4,0.5,85.0,12.55,14.3,5
2025-12-20,-23.6,-46.8,21.6,0.4,80.0,23.01,14.8,5
2025-12-21,-23.6,-46.8,24.4,0.3,65.0,28.08,17.8,5
2025-12-22,-23.6,-46.8,27.1,0.2,50.0,28.26,10.7,5
2025-12-23,-23.6,-46.8,28.4,0.6,44.0,26.62,14.1,5
2025-12-24,-23.6,-46.8,28.5,1.0,47.0,26.97,10.1,5
2025-12-25,-23.6,-46.8,29.5,1.1,48.0,27.22,8.7,5
2025-12-26,-23.6,-46.8,28.3,0.7,55.0,23.72,9.3,5
2025-12-27,-23.6,-46.8,28.1,2.9,59.0,25.48,8.9,5
2025-12-28,-23.6,-46.8,28.0,16.6,63.0,27.27,11.0,5
2025-12-29,-23.6,-46.8,26.8,11.1,67.0,23.85,10.5,5
2025-12-30,-23.6,-46.8,25.6,11.8,76.0,25.35,13.9,5
2025-12-31,-23.6,-46.8,24.4,10.5,79.0,21.11,12.9,5
2026-01-01,-23.6,-46.8,24.3,1.6,77.0,20.8,20.7,5
2026-01-02,-23.6,-46.8,23.1,15.7,83.0,16.87,19.1,5
2026-01-03,-23.6,-46.8,24.3,1.3,75.0,22.01,16.8,5
2026-01-04,-23.6,-46.8,20.8,1.7,82.0,17.62,15.6,5
2026-01-05,-23.6,-46.8,19.1,1.3,80.0,13.45,20.5,5
2026-01-06,-23.6,-46.8,21.3,1.1,72.0,21.61,13.5,5
2026-01-07,-23.6,-46.8,23.5,2.5,69.0,22.15,14.4,5
2026-01-08,-23.6,-46.8,23.9,17.1,70.0,23.52,13.9,5
2026-01-09,-23.6,-46.8,24.7,3.4,72.0,24.52,15.4,5
2026-01-10,-23.6,-46.8,26.9,13.6,60.0,27.67,12.5,5
2026-01-11,-23.6,-46.8,27.3,0.3,59.0,28.0,16.8,5
2026-01-12,-23.6,-46.8,26.6,2.8,58.0,25.24,14.3,5
2026-01-13,-23.6,-46.8,23.5,8.8,70.0,18.01,12.1,5
2026-01-14,-23.6,-46.8,22.3,11.0,80.0,18.97,16.0,5
2026-01-15,-23.6,-46.8,22.2,10.8,82.0,16.87,13.8,5
2026-01-16,-23.6,-46.8,22.3,16.4,83.0,17.24,11.2,5
2026-01-17,-23.6,-46.8,22.3,22.8,83.0,18.57,13.4,5
2026-01-18,-23.6,-46.8,22.5,7.0,82.0,18.3,17.5,5
2026-01-19,-23.6,-46.8,20.3,18.7,89.0,11.58,27.5,5
2026-01-20,-23.6,-46.8,18.0,1.5,81.0,15.92,18.6,5
2026-01-21,-23.6,-46.8,17.3,5.4,82.0,11.82,15.7,5
2026-01-22,-23.6,-46.8,17.9,7.7,85.0,11.02,17.8,5
2026-01-23,-23.6,-46.8,19.4,2.6,85.0,19.66,15.6,5
2026-01-24,-23.6,-46.8,20.3,3.6,84.0,14.12,14.2,5
2026-01-25,-23.6,-46.8,20.9,6.4,85.0,17.55,11.7,5
2026-01-26,-23.6,-46.8,21.0,3.3,86.0,22.88,11.6,5
2026-01-27,-23.6,-46.8,22.0,2.9,84.0,21.73,13.8,5
2026-01-28,-23.6,-46.8,22.4,6.4,80.0,19.85,14.1,5
2026-01-29,-23.6,-46.8,21.8,22.2,83.0,22.34,11.3,5
2026-01-30,-23.6,-46.8,20.8,14.2,85.0,12.87,14.9,5
2026-01-31,-23.6,-46.8,22.1,1.1,81.0,19.54,17.8,5
2026-02-01,-23.6,-46.8,22.2,4.4,84.0,13.56,20.6,5
2026-02-02,-23.6,-46.8,21.5,4.1,87.0,13.41,14.7,5
2026-02-03,-23.6,-46.8,22.0,25.4,87.0,13.67,14.9,5
2026-02-04,-23.6,-46.8,22.3,18.6,86.0,15.53,18.7,5
2026-02-05,-23.6,-46.8,22.0,6.1,85.0,17.62,12.5,5
2026-02-06,-23.6,-46.8,22.5,6.4,84.0,18.6,13.7,5
2026-02-07,-23.6,-46.8,22.6,7.1,87.0,13.56,9.9,5
2026-02-08,-23.6,-46.8,21.3,16.0,84.0,16.3,13.1,5
2026-02-09,-23.6,-46.8,20.2,18.6,91.0,10.48,9.1,5
2026-02-10,-23.6,-46.8,21.4,12.8,86.0,14.21,17.6,5
2026-02-11,-23.6,-46.8,22.6,14.5,81.0,15.88,20.1,5
2026-02-12,-23.6,-46.8,24.4,0.5,77.0,19.93,15.1,5
2026-02-13,-23.6,-46.8,25.5,1.6,70.0,25.0,12.0,5
2026-02-14,-23.6,-46.8,23.4,0.7,81.0,17.96,13.2,5
2026-02-15,-23.6,-46.8,23.9,0.0,77.0,26.23,13.4,5
2026-02-16,-23.6,-46.8,25.3,0.2,71.0,26.34,8.8,5
2026-02-17,-23.6,-46.8,26.0,0.5,65.0,21.42,11.8,5
2026-02-18,-23.6,-46.8,23.9,1.1,78.0,19.64,10.6,5
2026-02-19,-23.6,-46.8,23.0,3.6,83.0,20.28,11.6,5
2026-02-20,-23.6,-46.8,23.8,0.6,77.0,22.92,12.6,5
2026-02-21,-23.6,-46.8,23.3,13.6,80.0,16.59,14.4,5
2026-02-22,-23.6,-46.8,22.0,7.6,83.0,16.91,18.7,5
2026-02-23,-23.6,-46.8,21.5,20.9,89.0,13.08,14.0,5
2026-02-24,-23.6,-46.8,22.6,17.4,85.0,14.29,9.8,5
2026-02-25,-23.6,-46.8,23.0,23.7,86.0,14.62,11.9,5
2026-02-26,-23.6,-46.8,21.3,5.1,90.0,10.21,20.6,5
2026-02-27,-23.6,-46.8,20.0,3.4,85.0,12.81,16.9,5
2026-02-28,-23.6,-46.8,19.3,0.2,78.0,20.74,13.6,5
2026-03-01,-23.6,-46.8,18.8,0.3,76.0,21.61,14.7,5
2026-03-02,-23.6,-46.8,18.7,0.2,79.0,20.99,12.7,5
2026-03-03,-23.6,-46.8,19.7,0.3,80.0,19.81,14.1,5
2026-03-04,-23.6,-46.8,20.5,0.1,78.0,22.73,14.8,5
2026-03-05,-23.6,-46.8,22.2,2.1,76.0,20.69,13.4,5
2026-03-06,-23.6,-46.8,23.2,2.0,79.0,13.49,10.2,5
2026-03-07,-23.6,-46.8,22.4,35.7,87.0,14.63,16.6,5
2026-03-08,-23.6,-46.8,21.8,12.0,84.0,18.57,12.1,5
2026-03-09,-23.6,-46.8,20.2,6.5,91.0,6.46,14.1,5
2026-03-10,-23.6,-46.8,19.4,17.2,94.0,7.29,8.7,5
2026-03-11,-23.6,-46.8,20.0,17.0,93.0,7.16,8.8,5
2026-03-12,-23.6,-46.8,20.0,32.5,93.0,6.96,16.7,5
2026-03-13,-23.6,-46.8,20.5,6.3,86.0,11.07,11.1,5
2026-03-14,-23.6,-46.8,21.0,0.3,81.0,24.85,9.4,5
2026-03-15,-23.6,-46.8,23.1,0.3,76.0,21.38,8.9,5
2026-03-16,-23.6,-46.8,23.6,0.0,71.0,25.37,13.8,5
2026-03-17,-23.6,-46.8,22.8,0.0,77.0,21.83,13.8,5
2026-03-18,-23.6,-46.8,22.7,2.0,81.0,18.29,16.9,5
2026-03-19,-23.6,-46.8,22.3,6.9,84.0,9.13,11.1,5
2026-03-20,-23.6,-46.8,21.4,0.1,82.0,17.46,12.3,5
2026-03-21,-23.6,-46.8,22.3,0.2,80.0,22.43,13.4,5
2026-03-22,-23.6,-46.8,22.8,0.0,72.0,20.02,13.2,5
2026-03-23,-23.6,-46.8,22.8,0.0,69.0,24.45,14.1,5
2026-03-24,-23.6,-46.8,23.0,0.0,70.0,24.06,14.2,5
2026-03-25,-23.6,-46.8,23.6,2.2,70.0,18.97,10.8,5
2026-03-26,-23.6,-46.8,24.0,1.8,73.0,18.88,9.9,5
2026-03-27,-23.6,-46.8,23.6,0.0,73.0,23.34,15.8,5
2026-03-28,-23.6,-46.8,22.9,0.7,72.0,23.31,15.9,5
2026-03-29,-23.6,-46.8,23.2,0.0,71.0,22.41,14.1,5
2026-03-30,-23.6,-46.8,21.9,0.1,74.0,18.37,13.2,5
2026-03-31,-23.6,-46.8,20.3,22.0,81.0,11.26,9.6,5
2026-04-01,-23.6,-46.8,20.3,9.6,86.0,17.02,10.3,5
2026-04-02,-23.6,-46.8,21.8,10.5,82.0,17.14,14.5,5
2026-04-03,-23.6,-46.8,22.6,0.1,77.0,19.5,12.7,5
2026-04-04,-23.6,-46.8,22.6,7.7,82.0,18.91,12.4,5
2026-04-05,-23.6,-46.8,21.8,2.2,82.0,17.93,13.6,5
2026-04-06,-23.6,-46.8,22.2,2.0,83.0,18.38,12.6,5
2026-04-07,-23.6,-46.8,22.6,4.4,82.0,13.61,11.5,5
2026-04-08,-23.6,-46.8,22.4,8.2,79.0,12.19,19.7,5
2026-04-09,-23.6,-46.8,21.1,3.5,83.0,13.82,13.8,5
2026-04-10,-23.6,-46.8,18.9,1.4,82.0,7.24,11.8,5
2026-04-11,-23.6,-46.8,19.0,0.0,77.0,20.66,15.3,5
2026-04-12,-23.6,-46.8,19.8,0.0,77.0,20.33,12.7,5
2026-04-13,-23.6,-46.8,21.2,0.1,75.0,17.62,14.0,5
2026-04-14,-23.6,-46.8,20.6,0.0,74.0,19.79,14.4,5
2026-04-15,-23.6,-46.8,20.5,0.0,70.0,21.22,13.8,5
2026-04-16,-23.6,-46.8,21.5,0.0,71.0,19.9,12.2,5
2026-04-17,-23.6,-46.8,23.6,0.0,61.0,19.7,9.8,5
2026-04-18,-23.6,-46.8,23.4,1.4,64.0,16.4,15.5,5
2026-04-19,-23.6,-46.8,22.0,0.1,70.0,20.82,14.8,5
2026-04-20,-23.6,-46.8,20.4,0.0,69.0,20.96,11.5,5
2026-04-21,-23.6,-46.8,19.8,0.0,71.0,20.48,13.5,5
2026-04-22,-23.6,-46.8,20.5,0.0,71.0,18.49,14.2,5
2026-04-23,-23.6,-46.8,20.7,0.0,74.0,17.41,14.3,5
2026-04-24,-23.6,-46.8,22.4,0.0,67.0,17.61,9.4,5
2026-04-25,-23.6,-46.8,23.9,0.0,58.0,17.53,17.4,5
2026-04-26,-23.6,-46.8,24.9,0.0,57.0,17.52,19.1,5
2026-04-27,-23.6,-46.8,22.5,17.0,75.0,10.41,16.0,5
2026-04-28,-23.6,-46.8,21.6,10.5,85.0,10.37,9.6,5
2026-04-29,-23.6,-46.8,21.4,21.3,86.0,11.08,10.6,5
2026-04-30,-23.6,-46.8,20.6,3.5,82.0,12.99,13.8,5
2026-05-01,-23.6,-46.8,22.0,0.2,79.0,14.2,9.8,5
2026-05-02,-23.6,-46.8,22.5,0.3,70.0,12.3,16.3,5
2026-05-03,-23.6,-46.8,17.6,2.0,81.0,9.02,16.4,5
2026-05-04,-23.6,-46.8,19.5,1.6,77.0,15.78,10.5,5
2026-05-05,-23.6,-46.8,22.3,0.0,70.0,15.74,7.7,5
2026-05-06,-23.6,-46.8,23.5,0.0,64.0,17.47,7.9,5
2026-05-07,-23.6,-46.8,23.8,0.0,55.0,17.35,18.0,5
2026-05-08,-23.6,-46.8,24.3,0.0,53.0,12.1,23.0,5
2026-05-09,-23.6,-46.8,23.5,0.0,62.0,8.81,18.3,5
2026-05-10,-23.6,-46.8,15.0,14.1,89.0,2.46,11.9,5
2026-05-11,-23.6,-46.8,13.1,0.0,77.0,14.87,6.3,5
2026-05-12,-23.6,-46.8,14.0,0.0,77.0,17.73,8.3,5
2026-05-13,-23.6,-46.8,15.8,0.0,75.0,16.19,5.3,5
2026-05-14,-23.6,-46.8,18.1,0.0,74.0,13.19,10.5,5
2026-05-15,-23.6,-46.8,17.1,9.1,91.0,5.3,7.6,5
2026-05-16,-23.6,-46.8,18.4,4.4,86.0,13.52,15.9,5
2026-05-17,-23.6,-46.8,18.6,7.1,90.0,4.23,11.9,5
2026-05-18,-23.6,-46.8,17.5,3.8,91.0,6.29,11.7,5
2026-05-19,-23.6,-46.8,16.5,3.5,90.0,4.24,8.4,5
2026-05-20,-23.6,-46.8,17.2,6.3,87.0,9.72,7.7,5
2026-05-21,-23.6,-46.8,15.2,1.9,89.0,6.67,12.7,5
2026-05-22,-23.6,-46.8,14.5,0.6,89.0,5.99,11.2,5
2026-05-23,-23.6,-46.8,16.4,19.2,92.0,4.77,9.6,5
2026-05-24,-23.6,-46.8,18.2,22.3,90.0,9.14,12.6,5
2026-05-25,-23.6,-46.8,17.8,0.6,86.0,9.57,10.5,5
2026-05-26,-23.6,-46.8,19.9,1.4,84.0,13.84,13.0,5
2026-05-27,-23.6,-46.8,18.1,1.7,87.0,7.04,11.3,5
2026-05-28,-23.6,-46.8,15.0,0.0,84.0,14.99,11.2,5
2026-05-29,-23.6,-46.8,15.9,0.0,84.0,10.6,12.8,5
2026-05-30,-23.6,-46.8,17.4,0.2,83.0,12.02,9.9,5
2026-05-31,-23.6,-46.8,16.7,0.1,84.0,12.65,9.0,5
2026-06-01,-23.6,-46.8,15.3,0.1,86.0,11.77,12.2,5
2026-06-02,-23.6,-46.8,15.1,0.1,83.0,9.89,12.6,5
2026-06-03,-23.6,-46.8,16.7,0.3,81.0,12.85,12.9,5
2026-06-04,-23.6,-46.8,16.7,0.1,81.0,10.9,13.9,5
2026-06-05,-23.6,-46.8,15.7,0.0,79.0,14.14,13.8,5
2026-06-06,-23.6,-46.8,15.9,0.0,73.0,15.04,9.2,5
2026-06-07,-23.6,-46.8,16.0,0.0,68.0,15.16,6.9,5
2026-06-08,-23.6,-46.8,16.3,0.0,70.0,15.12,10.7,5
2026-06-09,-23.6,-46.8,17.0,0.0,64.0,12.38,13.1,5
2026-06-10,-23.6,-46.8,17.0,3.5,74.0,11.86,10.6,5
2026-06-11,-23.6,-46.8,16.6,8.1,88.0,7.65,12.3,5
2026-06-12,-23.6,-46.8,17.2,3.9,84.0,4.7,22.9,5
2026-06-13,-23.6,-46.8,18.0,1.3,85.0,10.29,18.7,5
2026-06-14,-23.6,-46.8,18.3,3.0,87.0,8.35,14.8,5
2026-06-15,-23.6,-46.8,15.7,24.6,94.0,4.31,10.1,5
2026-06-16,-23.6,-46.8,15.1,0.6,90.0,10.97,8.7,5
2026-06-17,-23.6,-46.8,14.3,0.0,83.0,14.5,8.7,5
2026-06-18,-23.6,-46.8,13.3,0.0,80.0,14.83,11.3,5
2026-06-19,-23.6,-46.8,15.7,0.0,75.0,14.71,12.9,5
2026-06-20,-23.6,-46.8,17.6,7.0,76.0,4.91,17.4,5
2026-06-21,-23.6,-46.8,15.4,0.0,79.0,14.62,11.1,5
2026-06-22,-23.6,-46.8,17.4,0.0,68.0,14.71,17.3,5
2026-06-23,-23.6,-46.8,17.1,27.9,87.0,2.54,15.3,5
2026-06-24,-23.6,-46.8,12.9,17.1,92.0,1.4,9.9,5
2026-06-25,-23.6,-46.8,11.8,4.7,93.0,3.25,11.6,5
2026-06-26,-23.6,-46.8,15.0,0.0,92.0,10.99,6.9,5
2026-06-27,-23.6,-46.8,18.1,0.0,87.0,13.7,5.9,5
2026-06-28,-23.6,-46.8,19.0,0.0,79.0,14.27,11.5,5
2026-06-29,-23.6,-46.8,19.6,0.2,76.0,13.89,11.5,5
2026-06-30,-23.6,-46.8,19.9,0.0,75.0,14.31,13.0,5
2026-07-01,-23.6,-46.8,20.3,0.0,69.0,14.29,11.7,5
2026-07-02,-23.6,-46.8,19.5,0.0,72.0,14.4,12.0,5
2026-07-03,-23.6,-46.8,17.8,0.1,78.0,11.4,13.8,5
2026-07-04,-23.6,-46.8,15.0,0.7,89.0,9.53,11.5,5
2026-07-05,-23.6,-46.8,14.4,0.0,88.0,10.68,9.4,5
2026-07-06,-23.6,-46.8,16.6,0.0,80.0,13.42,10.5,5
2026-07-07,-23.6,-46.8,15.5,1.2,84.0,7.66,10.6,5
2026-07-08,-23.6,-46.8,15.5,0.0,80.0,12.89,5.8,5
2026-07-09,-23.6,-46.8,15.8,0.0,74.0,15.13,4.2,5
2026-07-10,-23.6,-46.8,17.0,0.0,68.0,14.99,13.7,5
2026-07-11,-23.6,-46.8,18.6,0.5,70.0,14.76,17.9,5
2026-07-12,-23.6,-46.8,16.6,9.4,84.0,7.98,21.1,5
2026-07-13,-23.6,-46.8,12.9,0.4,79.0,10.5,13.1,5
2026-07-14,-23.6,-46.8,12.6,0.3,82.0,12.51,14.1,5
2026-07-15,-23.6,-46.8,14.5,0.0,75.0,15.7,7.2,5
2026-07-16,-23.6,-46.8,16.5,0.0,65.0,15.84,8.2,5
2026-07-17,-23.6,-46.8,17.4,0.0,54.0,16.14,13.1,5
2026-07-18,-23.6,-46.8,17.8,0.0,52.0,16.16,20.2,5
2025-07-19,-23.6,-46.4,12.8,0.0,79.0,15.84,11.4,5
2025-07-20,-23.6,-46.4,13.9,0.0,83.0,12.64,11.8,5
2025-07-21,-23.6,-46.4,15.2,0.0,86.0,14.88,14.2,5
2025-07-22,-23.6,-46.4,16.7,0.0,78.0,15.38,13.8,5
2025-07-23,-23.6,-46.4,14.6,0.0,78.0,16.56,11.7,5
2025-07-24,-23.6,-46.4,15.6,0.2,84.0,11.29,14.6,5
2025-07-25,-23.6,-46.4,15.1,5.1,91.0,4.58,8.4,5
2025-07-26,-23.6,-46.4,16.0,0.0,81.0,15.66,8.0,5
2025-07-27,-23.6,-46.4,17.4,0.0,75.0,16.92,15.4,5
2025-07-28,-23.6,-46.4,19.5,3.6,67.0,10.48,34.8,5
2025-07-29,-23.6,-46.4,13.6,0.1,69.0,18.46,16.8,5
2025-07-30,-23.6,-46.4,10.3,0.0,77.0,15.88,10.3,5
2025-07-31,-23.6,-46.4,11.8,0.0,82.0,17.55,10.9,5
2025-08-01,-23.6,-46.4,14.2,0.0,76.0,18.04,10.7,5
2025-08-02,-23.6,-46.4,15.4,0.0,74.0,16.16,8.7,5
2025-08-03,-23.6,-46.4,16.4,0.0,59.0,17.0,12.7,5
2025-08-04,-23.6,-46.4,15.4,0.0,69.0,10.66,13.5,5
2025-08-05,-23.6,-46.4,15.1,0.0,85.0,8.19,12.4,5
2025-08-06,-23.6,-46.4,14.6,0.7,89.0,10.98,15.1,5
2025-08-07,-23.6,-46.4,15.6,0.0,85.0,15.66,12.8,5
2025-08-08,-23.6,-46.4,16.9,2.0,78.0,11.92,22.2,5
2025-08-09,-23.6,-46.4,13.1,1.6,81.0,11.68,15.2,5
2025-08-10,-23.6,-46.4,10.8,0.2,83.0,9.55,13.4,5
2025-08-11,-23.6,-46.4,11.0,0.0,82.0,15.85,14.6,5
2025-08-12,-23.6,-46.4,12.9,0.2,81.0,18.19,13.1,5
2025-08-13,-23.6,-46.4,14.9,0.0,75.0,20.07,10.0,5
2025-08-14,-23.6,-46.4,13.6,0.0,77.0,16.37,15.4,5
2025-08-15,-23.6,-46.4,14.3,0.0,81.0,15.33,13.8,5
2025-08-16,-23.6,-46.4,15.5,0.1,85.0,12.84,14.0,5
2025-08-17,-23.6,-46.4,16.5,0.0,85.0,16.19,12.1,5
2025-08-18,-23.6,-46.4,15.8,0.0,83.0,16.81,15.5,5
2025-08-19,-23.6,-46.4,16.9,0.0,78.0,14.17,14.5,5
2025-08-20,-23.6,-46.4,19.9,0.0,67.0,13.38,17.3,5
2025-08-21,-23.6,-46.4,21.1,0.0,68.0,17.28,12.9,5
2025-08-22,-23.6,-46.4,21.5,0.0,66.0,19.57,10.0,5
2025-08-23,-23.6,-46.4,22.4,0.0,50.0,18.52,15.9,5
2025-08-24,-23.6,-46.4,16.3,0.0,85.0,13.31,16.6,5
2025-08-25,-23.6,-46.4,16.9,0.0,86.0,15.8,14.2,5
2025-08-26,-23.6,-46.4,15.8,1.4,88.0,10.25,14.6,5
2025-08-27,-23.6,-46.4,16.8,2.9,87.0,13.49,13.2,5
2025-08-28,-23.6,-46.4,17.0,0.1,86.0,16.6,15.7,5
2025-08-29,-23.6,-46.4,16.5,0.3,88.0,7.95,10.1,5
2025-08-30,-23.6,-46.4,17.2,1.3,82.0,17.38,13.3,5
2025-08-31,-23.6,-46.4,17.2,0.4,80.0,18.04,14.6,5
2025-09-01,-23.6,-46.4,18.2,0.8,81.0,17.45,15.9,5
2025-09-02,-23.6,-46.4,19.2,0.0,77.0,18.96,16.7,5
2025-09-03,-23.6,-46.4,19.2,0.0,71.0,21.43,12.5,5
2025-09-04,-23.6,-46.4,20.0,0.0,60.0,19.36,9.5,5
2025-09-05,-23.6,-46.4,18.5,0.0,71.0,18.21,17.4,5
2025-09-06,-23.6,-46.4,15.6,0.2,88.0,10.42,13.8,5
2025-09-07,-23.6,-46.4,16.5,0.6,87.0,11.26,13.7,5
2025-09-08,-23.6,-46.4,20.1,0.0,77.0,17.83,13.8,5
2025-09-09,-23.6,-46.4,21.0,0.0,62.0,13.54,29.1,5
2025-09-10,-23.6,-46.4,17.6,0.0,77.0,23.18,14.6,5
2025-09-11,-23.6,-46.4,17.5,0.0,75.0,23.91,14.8,5
2025-09-12,-23.6,-46.4,15.6,0.0,80.0,16.86,15.5,5
2025-09-13,-23.6,-46.4,15.3,0.0,81.0,14.6,15.4,5
2025-09-14,-23.6,-46.4,16.3,0.1,81.0,20.15,18.4,5
2025-09-15,-23.6,-46.4,17.9,0.0,81.0,21.77,14.5,5
2025-09-16,-23.6,-46.4,18.2,4.7,83.0,10.2,15.5,5
2025-09-17,-23.6,-46.4,17.3,0.1,82.0,20.06,17.4,5
2025-09-18,-23.6,-46.4,17.3,0.1,83.0,21.57,13.7,5
2025-09-19,-23.6,-46.4,20.1,0.0,78.0,18.51,13.0,5
2025-09-20,-23.6,-46.4,22.8,0.0,64.0,22.33,15.3,5
2025-09-21,-23.6,-46.4,24.7,0.8,58.0,19.23,23.2,5
2025-09-22,-23.6,-46.4,21.4,4.8,78.0,3.43,30.4,5
2025-09-23,-23.6,-46.4,15.4,1.8,85.0,13.13,17.1,5
2025-09-24,-23.6,-46.4,15.4,0.1,85.0,8.57,16.5,5
2025-09-25,-23.6,-46.4,14.3,0.0,84.0,7.97,17.4,5
2025-09-26,-23.6,-46.4,13.7,0.4,81.0,18.27,18.0,5
2025-09-27,-23.6,-46.4,15.1,0.0,76.0,24.5,13.0,5
2025-09-28,-23.6,-46.4,17.2,0.0,75.0,19.88,17.5,5
2025-09-29,-23.6,-46.4,19.8,0.0,73.0,24.91,12.7,5
2025-09-30,-23.6,-46.4,21.2,0.0,67.0,24.25,11.2,5
2025-10-01,-23.6,-46.4,19.5,0.0,81.0,16.83,14.4,5
2025-10-02,-23.6,-46.4,18.6,0.0,86.0,12.14,13.6,5
2025-10-03,-23.6,-46.4,19.6,0.6,83.0,16.91,14.5,5
2025-10-04,-23.6,-46.4,19.3,1.3,81.0,9.64,14.0,5
2025-10-05,-23.6,-46.4,22.8,0.0,62.0,25.92,8.2,5
2025-10-06,-23.6,-46.4,24.7,0.0,58.0,21.93,13.0,5
2025-10-07,-23.6,-46.4,17.9,0.5,88.0,11.39,20.2,5
2025-10-08,-23.6,-46.4,15.1,2.1,88.0,7.79,18.4,5
2025-10-09,-23.6,-46.4,15.7,3.1,84.0,10.79,18.8,5
2025-10-10,-23.6,-46.4,16.3,19.7,92.0,7.91,15.1,5
2025-10-11,-23.6,-46.4,18.2,1.1,85.0,17.36,9.9,5
2025-10-12,-23.6,-46.4,21.1,1.2,76.0,18.79,13.6,5
2025-10-13,-23.6,-46.4,20.8,3.4,79.0,9.58,20.5,5
2025-10-14,-23.6,-46.4,19.4,0.5,82.0,20.29,17.1,5
2025-10-15,-23.6,-46.4,17.7,0.0,84.0,18.7,13.8,5
2025-10-16,-23.6,-46.4,19.6,0.0,83.0,23.43,17.8,5
2025-10-17,-23.6,-46.4,21.5,7.5,80.0,22.98,10.1,5
2025-10-18,-23.6,-46.4,19.2,26.9,94.0,6.8,30.8,5
2025-10-19,-23.6,-46.4,13.3,4.4,89.0,13.37,33.4,5
2025-10-20,-23.6,-46.4,13.1,0.0,77.0,21.53,18.6,5
2025-10-21,-23.6,-46.4,13.8,0.0,75.0,28.05,18.5,5
2025-10-22,-23.6,-46.4,14.9,0.0,76.0,28.98,13.8,5
2025-10-23,-23.6,-46.4,15.8,0.0,75.0,29.71,14.6,5
2025-10-24,-23.6,-46.4,17.2,0.0,74.0,28.69,14.9,5
2025-10-25,-23.6,-46.4,20.0,0.0,66.0,27.11,12.1,5
2025-10-26,-23.6,-46.4,21.4,0.0,67.0,23.45,13.4,5
2025-10-27,-23.6,-46.4,18.9,1.4,84.0,6.26,7.5,5
2025-10-28,-23.6,-46.4,19.1,17.8,90.0,5.32,8.7,5
2025-10-29,-23.6,-46.4,19.9,18.9,88.0,15.31,17.2,5
2025-10-30,-23.6,-46.4,16.1,4.9,88.0,9.03,16.1,5
2025-10-31,-23.6,-46.4,16.9,9.3,90.0,9.34,12.1,5
2025-11-01,-23.6,-46.4,19.9,1.2,84.0,20.34,11.9,5
2025-11-02,-23.6,-46.4,18.3,19.9,95.0,5.1,15.8,5
2025-11-03,-23.6,-46.4,20.6,1.0,82.0,16.35,17.2,5
2025-11-04,-23.6,-46.4,20.5,3.4,86.0,18.54,14.0,5
2025-11-05,-23.6,-46.4,22.5,0.7,80.0,16.57,21.4,5
2025-11-06,-23.6,-46.4,17.3,0.4,84.0,12.64,21.3,5
2025-11-07,-23.6,-46.4,18.9,0.6,79.0,23.18,13.3,5
2025-11-08,-23.6,-46.4,20.7,2.8,81.0,11.63,30.1,5
2025-11-09,-23.6,-46.4,16.0,0.9,83.0,16.3,15.8,5
2025-11-10,-23.6,-46.4,15.5,0.0,77.0,26.98,15.5,5
2025-11-11,-23.6,-46.4,16.6,0.0,76.0,29.49,15.0,5
2025-11-12,-23.6,-46.4,19.2,0.0,76.0,29.16,14.1,5
2025-11-13,-23.6,-46.4,20.1,1.2,78.0,14.03,9.0,5
2025-11-14,-23.6,-46.4,18.2,7.8,83.0,15.84,13.5,5
2025-11-15,-23.6,-46.4,19.4,0.0,82.0,16.75,11.9,5
2025-11-16,-23.6,-46.4,19.9,22.5,89.0,10.69,14.3,5
2025-11-17,-23.6,-46.4,21.0,31.9,89.0,11.88,16.1,5
2025-11-18,-23.6,-46.4,20.8,6.3,83.0,11.75,24.8,5
2025-11-19,-23.6,-46.4,18.2,0.0,72.0,25.64,15.3,5
2025-11-20,-23.6,-46.4,17.4,0.0,77.0,26.95,14.5,5
2025-11-21,-23.6,-46.4,20.0,0.0,67.0,28.45,13.0,5
2025-11-22,-23.6,-46.4,21.3,1.0,75.0,20.8,13.2,5
2025-11-23,-23.6,-46.4,19.3,3.3,86.0,16.2,14.6,5
2025-11-24,-23.6,-46.4,18.2,13.2,91.0,10.94,15.5,5
2025-11-25,-23.6,-46.4,17.7,0.3,81.0,21.03,15.9,5
2025-11-26,-23.6,-46.4,17.4,0.0,77.0,30.31,14.2,5
2025-11-27,-23.6,-46.4,17.2,0.0,81.0,24.97,17.2,5
2025-11-28,-23.6,-46.4,20.2,1.0,79.0,25.09,14.9,5
2025-11-29,-23.6,-46.4,21.2,0.0,72.0,30.16,13.0,5
2025-11-30,-23.6,-46.4,21.7,0.0,70.0,28.89,13.6,5
2025-12-01,-23.6,-46.4,21.9,0.9,81.0,21.8,15.1,5
2025-12-02,-23.6,-46.4,21.7,20.0,84.0,14.7,16.6,5
2025-12-03,-23.6,-46.4,21.6,1.4,81.0,21.93,13.0,5
2025-12-04,-23.6,-46.4,19.1,0.1,83.0,20.56,16.9,5
2025-12-05,-23.6,-46.4,19.9,0.0,79.0,25.32,16.6,5
2025-12-06,-23.6,-46.4,21.6,0.6,79.0,25.53,12.7,5
2025-12-07,-23.6,-46.4,22.9,0.6,78.0,23.32,11.2,5
2025-12-08,-23.6,-46.4,22.0,25.1,83.0,14.01,9.9,5
2025-12-09,-23.6,-46.4,20.3,16.4,91.0,6.46,22.8,5
2025-12-10,-23.6,-46.4,22.9,2.8,69.0,24.0,36.1,5
2025-12-11,-23.6,-46.4,23.4,0.0,57.0,29.32,23.4,5
2025-12-12,-23.6,-46.4,22.2,3.8,70.0,16.3,17.2,5
2025-12-13,-23.6,-46.4,21.3,30.6,87.0,14.58,17.9,5
2025-12-14,-23.6,-46.4,22.2,5.6,82.0,12.07,16.1,5
2025-12-15,-23.6,-46.4,24.0,1.6,78.0,22.29,14.8,5
2025-12-16,-23.6,-46.4,23.2,6.9,84.0,19.48,24.7,5
2025-12-17,-23.6,-46.4,16.9,15.6,88.0,8.64,24.8,5
2025-12-18,-23.6,-46.4,18.7,0.1,80.0,12.93,12.8,5
2025-12-19,-23.6,-46.4,20.1,0.5,85.0,12.55,13.2,5
2025-12-20,-23.6,-46.4,21.2,0.4,82.0,23.01,14.2,5
2025-12-21,-23.6,-46.4,22.5,0.0,74.0,28.08,14.8,5
2025-12-22,-23.6,-46.4,24.1,0.5,71.0,28.26,13.0,5
2025-12-23,-23.6,-46.4,25.8,0.2,60.0,26.62,10.3,5
2025-12-24,-23.6,-46.4,26.2,1.4,61.0,26.97,8.3,5
2025-12-25,-23.6,-46.4,26.7,0.7,64.0,27.22,6.9,5
2025-12-26,-23.6,-46.4,27.3,0.9,61.0,23.72,14.1,5
2025-12-27,-23.6,-46.4,26.6,3.6,66.0,25.48,9.1,5
2025-12-28,-23.6,-46.4,26.4,4.1,71.0,27.27,12.7,5
2025-12-29,-23.6,-46.4,25.8,1.8,73.0,23.85,11.4,5
2025-12-30,-23.6,-46.4,24.6,15.3,80.0,25.35,13.2,5
2025-12-31,-23.6,-46.4,24.2,5.3,80.0,21.11,15.4,5
2026-01-01,-23.6,-46.4,24.6,0.3,75.0,20.8,17.9,5
2026-01-02,-23.6,-46.4,22.8,10.9,83.0,16.87,20.9,5
2026-01-03,-23.6,-46.4,24.1,2.8,75.0,22.01,16.0,5
2026-01-04,-23.6,-46.4,20.1,4.6,86.0,17.62,16.1,5
2026-01-05,-23.6,-46.4,18.6,0.5,82.0,13.45,19.1,5
2026-01-06,-23.6,-46.4,20.7,0.7,76.0,21.61,16.9,5
2026-01-07,-23.6,-46.4,21.9,11.1,78.0,22.15,10.8,5
2026-01-08,-23.6,-46.4,22.4,15.3,78.0,23.52,19.2,5
2026-01-09,-23.6,-46.4,23.6,0.3,80.0,24.52,12.7,5
2026-01-10,-23.6,-46.4,25.0,3.0,70.0,27.67,15.4,5
2026-01-11,-23.6,-46.4,25.6,0.0,66.0,28.0,14.5,5
2026-01-12,-23.6,-46.4,25.6,0.9,64.0,25.24,13.6,5
2026-01-13,-23.6,-46.4,22.7,4.8,76.0,18.01,12.5,5
2026-01-14,-23.6,-46.4,22.0,9.1,83.0,18.97,10.3,5
2026-01-15,-23.6,-46.4,21.5,22.8,87.0,16.87,14.5,5
2026-01-16,-23.6,-46.4,21.5,10.7,88.0,17.24,11.3,5
2026-01-17,-23.6,-46.4,21.8,20.4,86.0,18.57,11.5,5
2026-01-18,-23.6,-46.4,22.2,5.6,83.0,18.3,14.0,5
2026-01-19,-23.6,-46.4,20.1,35.3,91.0,11.58,29.1,5
2026-01-20,-23.6,-46.4,17.7,1.0,83.0,15.92,20.4,5
2026-01-21,-23.6,-46.4,17.2,0.8,83.0,11.82,16.5,5
2026-01-22,-23.6,-46.4,17.5,15.9,88.0,11.02,15.0,5
2026-01-23,-23.6,-46.4,18.9,2.6,88.0,19.66,16.2,5
2026-01-24,-23.6,-46.4,20.2,4.8,86.0,14.12,15.1,5
2026-01-25,-23.6,-46.4,20.6,6.3,87.0,17.55,11.3,5
2026-01-26,-23.6,-46.4,20.8,2.2,85.0,22.88,12.4,5
2026-01-27,-23.6,-46.4,21.3,1.8,86.0,21.73,13.9,5
2026-01-28,-23.6,-46.4,21.8,9.1,83.0,19.85,11.0,5
2026-01-29,-23.6,-46.4,21.5,13.4,83.0,22.34,19.4,5
2026-01-30,-23.6,-46.4,20.7,24.2,86.0,12.87,14.4,5
2026-01-31,-23.6,-46.4,22.0,0.9,79.0,19.54,17.1,5
2026-02-01,-23.6,-46.4,22.4,1.8,81.0,13.56,20.8,5
2026-02-02,-23.6,-46.4,20.9,5.8,90.0,13.41,14.7,5
2026-02-03,-23.6,-46.4,21.8,10.1,88.0,13.67,14.9,5
2026-02-04,-23.6,-46.4,22.1,11.1,88.0,15.53,18.1,5
2026-02-05,-23.6,-46.4,21.5,2.7,88.0,17.62,14.5,5
2026-02-06,-23.6,-46.4,22.4,2.1,84.0,18.6,13.1,5
2026-02-07,-23.6,-46.4,21.9,22.0,91.0,13.56,12.6,5
2026-02-08,-23.6,-46.4,21.1,10.1,87.0,16.3,16.4,5
2026-02-09,-23.6,-46.4,19.6,18.6,94.0,10.48,8.1,5
2026-02-10,-23.6,-46.4,20.2,8.8,92.0,14.21,13.5,5
2026-02-11,-23.6,-46.4,22.0,11.9,85.0,15.88,15.9,5
2026-02-12,-23.6,-46.4,23.8,1.9,79.0,19.93,12.8,5
2026-02-13,-23.6,-46.4,24.8,4.0,75.0,25.0,12.5,5
2026-02-14,-23.6,-46.4,23.0,2.2,83.0,17.96,14.0,5
2026-02-15,-23.6,-46.4,23.0,0.0,82.0,26.23,14.3,5
2026-02-16,-23.6,-46.4,23.8,0.1,79.0,26.34,10.6,5
2026-02-17,-23.6,-46.4,24.9,0.7,71.0,21.42,9.6,5
2026-02-18,-23.6,-46.4,22.8,8.7,84.0,19.64,19.8,5
2026-02-19,-23.6,-46.4,22.2,1.1,86.0,20.28,13.1,5
2026-02-20,-23.6,-46.4,22.9,0.1,83.0,22.92,14.4,5
2026-02-21,-23.6,-46.4,22.5,15.2,86.0,16.59,16.7,5
2026-02-22,-23.6,-46.4,21.2,9.3,89.0,16.91,15.9,5
2026-02-23,-23.6,-46.4,21.4,11.4,90.0,13.08,14.0,5
2026-02-24,-23.6,-46.4,22.2,6.3,86.0,14.29,10.0,5
2026-02-25,-23.6,-46.4,22.8,18.0,88.0,14.62,11.9,5
2026-02-26,-23.6,-46.4,20.9,19.8,94.0,10.21,19.4,5
2026-02-27,-23.6,-46.4,19.8,1.0,85.0,12.81,16.1,5
2026-02-28,-23.6,-46.4,18.6,0.1,82.0,20.74,14.3,5
2026-03-01,-23.6,-46.4,18.3,0.0,80.0,21.61,14.2,5
2026-03-02,-23.6,-46.4,18.2,0.2,83.0,20.99,14.2,5
2026-03-03,-23.6,-46.4,19.0,0.7,85.0,19.81,13.3,5
2026-03-04,-23.6,-46.4,19.8,0.0,83.0,22.73,15.2,5
2026-03-05,-23.6,-46.4,21.2,0.6,84.0,20.69,14.7,5
2026-03-06,-23.6,-46.4,21.7,5.7,88.0,13.49,9.3,5
2026-03-07,-23.6,-46.4,21.9,20.5,90.0,14.63,15.8,5
2026-03-08,-23.6,-46.4,21.5,8.6,85.0,18.57,13.4,5
2026-03-09,-23.6,-46.4,19.6,18.7,94.0,6.46,12.6,5
2026-03-10,-23.6,-46.4,19.1,14.7,96.0,7.29,7.1,5
2026-03-11,-23.6,-46.4,19.5,22.2,96.0,7.16,7.6,5
2026-03-12,-23.6,-46.4,19.7,23.7,95.0,6.96,13.5,5
2026-03-13,-23.6,-46.4,19.9,6.9,88.0,11.07,11.8,5
2026-03-14,-23.6,-46.4,20.5,0.2,82.0,24.85,9.6,5
2026-03-15,-23.6,-46.4,21.7,0.7,80.0,21.38,14.5,5
2026-03-16,-23.6,-46.4,22.3,0.0,78.0,25.37,12.8,5
2026-03-17,-23.6,-46.4,21.6,0.1,80.0,21.83,13.8,5
2026-03-18,-23.6,-46.4,21.9,9.5,86.0,18.29,8.6,5
2026-03-19,-23.6,-46.4,20.8,4.2,90.0,9.13,9.0,5
2026-03-20,-23.6,-46.4,20.8,0.4,82.0,17.46,13.6,5
2026-03-21,-23.6,-46.4,21.3,0.0,85.0,22.43,12.4,5
2026-03-22,-23.6,-46.4,21.7,0.0,79.0,20.02,11.7,5
2026-03-23,-23.6,-46.4,20.9,0.0,80.0,24.45,13.2,5
2026-03-24,-23.6,-46.4,21.1,0.0,80.0,24.06,12.6,5
2026-03-25,-23.6,-46.4,21.9,0.5,82.0,18.97,12.1,5
2026-03-26,-23.6,-46.4,22.4,0.3,83.0,18.88,7.4,5
2026-03-27,-23.6,-46.4,22.3,0.2,79.0,23.34,15.5,5
2026-03-28,-23.6,-46.4,21.7,0.1,79.0,23.31,14.8,5
2026-03-29,-23.6,-46.4,21.9,0.0,80.0,22.41,12.0,5
2026-03-30,-23.6,-46.4,20.5,1.0,82.0,18.37,13.4,5
2026-03-31,-23.6,-46.4,19.6,18.3,89.0,11.26,11.6,5
2026-04-01,-23.6,-46.4,19.6,10.7,89.0,17.02,8.3,5
2026-04-02,-23.6,-46.4,21.1,21.4,87.0,17.14,12.2,5
2026-04-03,-23.6,-46.4,22.0,2.3,83.0,19.5,13.1,5
2026-04-04,-23.6,-46.4,21.9,0.2,85.0,18.91,7.9,5
2026-04-05,-23.6,-46.4,21.4,1.1,85.0,17.93,13.1,5
2026-04-06,-23.6,-46.4,21.7,1.2,85.0,18.38,12.9,5
2026-04-07,-23.6,-46.4,21.8,5.9,87.0,13.61,13.1,5
2026-04-08,-23.6,-46.4,21.8,2.0,82.0,12.19,16.7,5
2026-04-09,-23.6,-46.4,20.4,3.6,87.0,13.82,14.1,5
2026-04-10,-23.6,-46.4,18.3,1.0,85.0,7.24,10.7,5
2026-04-11,-23.6,-46.4,18.6,0.0,79.0,20.66,13.8,5
2026-04-12,-23.6,-46.4,19.2,0.0,80.0,20.33,13.0,5
2026-04-13,-23.6,-46.4,19.9,0.1,84.0,17.62,12.1,5
2026-04-14,-23.6,-46.4,19.4,0.0,79.0,19.79,15.3,5
2026-04-15,-23.6,-46.4,19.2,0.0,78.0,21.22,12.6,5
2026-04-16,-23.6,-46.4,19.5,0.0,81.0,19.9,11.9,5
2026-04-17,-23.6,-46.4,21.1,0.1,75.0,19.7,9.4,5
2026-04-18,-23.6,-46.4,21.6,1.6,76.0,16.4,14.0,5
2026-04-19,-23.6,-46.4,19.9,0.0,83.0,20.82,14.3,5
2026-04-20,-23.6,-46.4,18.6,0.0,83.0,20.96,12.2,5
2026-04-21,-23.6,-46.4,18.3,0.1,82.0,20.48,13.4,5
2026-04-22,-23.6,-46.4,19.2,0.0,81.0,18.49,13.2,5
2026-04-23,-23.6,-46.4,19.4,0.1,82.0,17.41,13.9,5
2026-04-24,-23.6,-46.4,20.3,0.0,79.0,17.61,11.3,5
2026-04-25,-23.6,-46.4,22.1,0.1,68.0,17.53,16.1,5
2026-04-26,-23.6,-46.4,23.4,0.1,64.0,17.52,16.8,5
2026-04-27,-23.6,-46.4,22.4,16.4,76.0,10.41,16.2,5
2026-04-28,-23.6,-46.4,20.9,3.0,90.0,10.37,11.6,5
2026-04-29,-23.6,-46.4,20.7,14.8,89.0,11.08,13.9,5
2026-04-30,-23.6,-46.4,19.7,10.2,88.0,12.99,14.9,5
2026-05-01,-23.6,-46.4,21.2,0.8,84.0,14.2,12.3,5
2026-05-02,-23.6,-46.4,21.3,0.7,78.0,12.3,14.3,5
2026-05-03,-23.6,-46.4,17.1,0.4,86.0,9.02,16.0,5
2026-05-04,-23.6,-46.4,18.4,2.5,84.0,15.78,13.8,5
2026-05-05,-23.6,-46.4,20.5,0.0,80.0,15.74,8.0,5
2026-05-06,-23.6,-46.4,21.1,0.0,76.0,17.47,8.6,5
2026-05-07,-23.6,-46.4,21.4,0.0,70.0,17.35,15.0,5
2026-05-08,-23.6,-46.4,23.1,0.0,61.0,12.1,22.1,5
2026-05-09,-23.6,-46.4,22.7,1.0,66.0,8.81,19.6,5
2026-05-10,-23.6,-46.4,14.5,10.6,94.0,2.46,14.4,5
2026-05-11,-23.6,-46.4,12.9,0.0,78.0,14.87,11.2,5
2026-05-12,-23.6,-46.4,13.6,0.0,80.0,17.73,8.6,5
2026-05-13,-23.6,-46.4,15.3,0.0,79.0,16.19,9.8,5
2026-05-14,-23.6,-46.4,17.5,0.0,80.0,13.19,11.3,5
2026-05-15,-23.6,-46.4,16.4,11.5,96.0,5.3,6.8,5
2026-05-16,-23.6,-46.4,18.3,5.2,88.0,13.52,9.8,5
2026-05-17,-23.6,-46.4,18.1,12.8,94.0,4.23,10.2,5
2026-05-18,-23.6,-46.4,17.7,1.1,90.0,6.29,11.0,5
2026-05-19,-23.6,-46.4,16.7,1.9,92.0,4.24,9.4,5
2026-05-20,-23.6,-46.4,17.0,4.7,88.0,9.72,9.1,5
2026-05-21,-23.6,-46.4,15.2,0.3,89.0,6.67,13.8,5
2026-05-22,-23.6,-46.4,14.7,3.1,89.0,5.99,11.6,5
2026-05-23,-23.6,-46.4,16.2,35.3,94.0,4.77,10.2,5
2026-05-24,-23.6,-46.4,17.5,24.9,93.0,9.14,13.2,5
2026-05-25,-23.6,-46.4,17.4,0.0,89.0,9.57,10.8,5
2026-05-26,-23.6,-46.4,19.4,2.1,84.0,13.84,11.0,5
2026-05-27,-23.6,-46.4,17.0,1.2,90.0,7.04,14.6,5
2026-05-28,-23.6,-46.4,15.0,0.1,84.0,14.99,11.4,5
2026-05-29,-23.6,-46.4,16.1,0.0,82.0,10.6,11.5,5
2026-05-30,-23.6,-46.4,17.0,0.3,86.0,12.02,10.8,5
2026-05-31,-23.6,-46.4,16.5,0.2,85.0,12.65,10.5,5
2026-06-01,-23.6,-46.4,14.8,0.1,88.0,11.77,13.1,5
2026-06-02,-23.6,-46.4,14.8,0.0,85.0,9.89,12.2,5
2026-06-03,-23.6,-46.4,16.4,0.1,84.0,12.85,13.0,5
2026-06-04,-23.6,-46.4,16.0,0.4,86.0,10.9,11.4,5
2026-06-05,-23.6,-46.4,15.1,0.0,83.0,14.14,13.7,5
2026-06-06,-23.6,-46.4,15.1,0.0,76.0,15.04,7.6,5
2026-06-07,-23.6,-46.4,14.9,0.0,73.0,15.16,9.2,5
2026-06-08,-23.6,-46.4,14.7,0.0,77.0,15.12,12.0,5
2026-06-09,-23.6,-46.4,16.3,0.0,69.0,12.38,13.1,5
2026-06-10,-23.6,-46.4,16.6,3.3,75.0,11.86,13.7,5
2026-06-11,-23.6,-46.4,16.5,7.4,89.0,7.65,12.2,5
2026-06-12,-23.6,-46.4,16.6,2.7,89.0,4.7,23.0,5
2026-06-13,-23.6,-46.4,18.0,5.9,85.0,10.29,18.9,5
2026-06-14,-23.6,-46.4,18.2,2.2,86.0,8.35,15.5,5
2026-06-15,-23.6,-46.4,15.6,14.8,95.0,4.31,11.4,5
2026-06-16,-23.6,-46.4,14.9,0.0,91.0,10.97,11.3,5
2026-06-17,-23.6,-46.4,14.1,0.0,84.0,14.5,11.1,5
2026-06-18,-23.6,-46.4,12.9,0.0,76.0,14.83,11.1,5
2026-06-19,-23.6,-46.4,14.5,0.0,81.0,14.71,12.9,5
2026-06-20,-23.6,-46.4,16.8,6.9,81.0,4.91,16.6,5
2026-06-21,-23.6,-46.4,15.3,0.0,79.0,14.62,9.7,5
2026-06-22,-23.6,-46.4,17.4,0.0,71.0,14.71,14.3,5
2026-06-23,-23.6,-46.4,16.8,20.5,85.0,2.54,13.6,5
2026-06-24,-23.6,-46.4,12.6,18.1,95.0,1.4,9.7,5
2026-06-25,-23.6,-46.4,11.8,3.5,94.0,3.25,11.0,5
2026-06-26,-23.6,-46.4,15.3,0.1,91.0,10.99,9.3,5
2026-06-27,-23.6,-46.4,17.1,0.0,90.0,13.7,6.7,5
2026-06-28,-23.6,-46.4,18.0,0.0,84.0,14.27,7.8,5
2026-06-29,-23.6,-46.4,18.5,0.4,81.0,13.89,12.6,5
2026-06-30,-23.6,-46.4,18.9,0.0,79.0,14.31,12.2,5
2026-07-01,-23.6,-46.4,19.2,0.0,74.0,14.29,13.6,5
2026-07-02,-23.6,-46.4,18.3,0.0,77.0,14.4,10.2,5
2026-07-03,-23.6,-46.4,17.0,0.0,81.0,11.4,14.9,5
2026-07-04,-23.6,-46.4,14.6,0.0,90.0,9.53,11.4,5
2026-07-05,-23.6,-46.4,14.3,0.0,87.0,10.68,14.3,5
2026-07-06,-23.6,-46.4,16.1,0.0,81.0,13.42,10.2,5
2026-07-07,-23.6,-46.4,14.6,0.5,87.0,7.66,15.1,5
2026-07-08,-23.6,-46.4,15.1,0.0,81.0,12.89,12.2,5
2026-07-09,-23.6,-46.4,14.7,0.0,81.0,15.13,6.9,5
2026-07-10,-23.6,-46.4,16.3,0.0,71.0,14.99,11.3,5
2026-07-11,-23.6,-46.4,17.6,0.2,70.0,14.76,20.7,5
2026-07-12,-23.6,-46.4,16.2,6.2,86.0,7.98,21.3,5
2026-07-13,-23.6,-46.4,12.0,0.7,85.0,10.5,14.0,5
2026-07-14,-23.6,-46.4,12.5,1.0,83.0,12.51,13.8,5
2026-07-15,-23.6,-46.4,13.2,0.0,79.0,15.7,13.7,5
2026-07-16,-23.6,-46.4,14.4,0.0,78.0,15.84,9.1,5
2026-07-17,-23.6,-46.4,15.3,0.0,64.0,16.14,12.3,5
2026-07-18,-23.6,-46.4,16.5,0.0,59.0,16.16,16.3,5
2025-07-19,-23.6,-46.3,12.6,0.0,83.0,15.84,11.7,5
2025-07-20,-23.6,-46.3,13.8,0.0,84.0,12.64,12.7,5
2025-07-21,-23.6,-46.3,15.1,0.0,86.0,14.88,13.0,5
2025-07-22,-23.6,-46.3,16.4,0.0,80.0,15.38,14.4,5
2025-07-23,-23.6,-46.3,14.7,0.0,78.0,16.56,12.4,5
2025-07-24,-23.6,-46.3,15.3,0.1,86.0,11.29,15.3,5
2025-07-25,-23.6,-46.3,14.9,3.3,91.0,4.58,8.5,5
2025-07-26,-23.6,-46.3,15.8,0.0,82.0,15.66,8.1,5
2025-07-27,-23.6,-46.3,17.1,0.0,77.0,16.92,16.2,5
2025-07-28,-23.6,-46.3,18.9,2.1,70.0,10.48,32.4,5
2025-07-29,-23.6,-46.3,13.3,0.5,74.0,18.46,16.9,5
2025-07-30,-23.6,-46.3,10.4,0.1,81.0,15.88,11.8,5
2025-07-31,-23.6,-46.3,11.9,0.0,84.0,17.55,11.3,5
2025-08-01,-23.6,-46.3,14.0,0.0,77.0,18.04,10.0,5
2025-08-02,-23.6,-46.3,15.3,0.0,74.0,16.16,8.9,5
2025-08-03,-23.6,-46.3,16.2,0.0,60.0,17.0,13.3,5
2025-08-04,-23.6,-46.3,15.5,0.0,69.0,10.66,14.0,5
2025-08-05,-23.6,-46.3,15.0,0.0,85.0,8.19,12.6,5
2025-08-06,-23.6,-46.3,14.6,1.0,89.0,10.98,15.3,5
2025-08-07,-23.6,-46.3,15.5,0.0,85.0,15.66,12.5,5
2025-08-08,-23.6,-46.3,16.8,2.1,79.0,11.92,23.4,5
2025-08-09,-23.6,-46.3,12.7,0.9,83.0,11.68,15.0,5
2025-08-10,-23.6,-46.3,10.7,0.0,86.0,9.55,14.5,5
2025-08-11,-23.6,-46.3,11.1,0.0,82.0,15.85,15.4,5
2025-08-12,-23.6,-46.3,12.8,0.4,81.0,18.19,13.7,5
2025-08-13,-23.6,-46.3,14.6,0.0,76.0,20.07,11.4,5
2025-08-14,-23.6,-46.3,13.5,0.0,79.0,16.37,16.5,5
2025-08-15,-23.6,-46.3,13.9,0.0,83.0,15.33,15.0,5
2025-08-16,-23.6,-46.3,15.2,0.1,86.0,12.84,14.3,5
2025-08-17,-23.6,-46.3,16.3,0.0,85.0,16.19,13.6,5
2025-08-18,-23.6,-46.3,15.7,0.0,82.0,16.81,15.7,5
2025-08-19,-23.6,-46.3,16.8,0.0,78.0,14.17,15.6,5
2025-08-20,-23.6,-46.3,19.5,0.0,67.0,13.38,18.8,5
2025-08-21,-23.6,-46.3,21.0,0.0,67.0,17.28,13.9,5
2025-08-22,-23.6,-46.3,21.0,0.0,67.0,19.57,10.7,5
2025-08-23,-23.6,-46.3,21.4,0.0,53.0,18.52,16.8,5
2025-08-24,-23.6,-46.3,16.2,0.0,86.0,13.31,18.5,5
2025-08-25,-23.6,-46.3,16.8,0.0,86.0,15.8,14.5,5
2025-08-26,-23.6,-46.3,15.8,0.1,89.0,10.25,14.8,5
2025-08-27,-23.6,-46.3,16.8,3.5,87.0,13.49,13.4,5
2025-08-28,-23.6,-46.3,16.9,0.1,86.0,16.6,16.9,5
2025-08-29,-23.6,-46.3,16.3,0.3,89.0,7.95,13.6,5
2025-08-30,-23.6,-46.3,16.9,0.5,84.0,17.38,14.4,5
2025-08-31,-23.6,-46.3,17.0,0.4,81.0,18.04,15.1,5
2025-09-01,-23.6,-46.3,17.9,0.1,83.0,17.45,16.5,5
2025-09-02,-23.6,-46.3,18.9,0.0,78.0,18.96,16.4,5
2025-09-03,-23.6,-46.3,18.5,0.0,73.0,21.43,12.5,5
2025-09-04,-23.6,-46.3,19.2,0.0,63.0,19.36,9.7,5
2025-09-05,-23.6,-46.3,18.1,0.0,73.0,18.21,17.2,5
2025-09-06,-23.6,-46.3,15.6,0.1,89.0,10.42,14.3,5
2025-09-07,-23.6,-46.3,16.1,0.6,90.0,11.26,14.5,5
2025-09-08,-23.6,-46.3,19.7,0.0,78.0,17.83,13.9,5
2025-09-09,-23.6,-46.3,20.4,0.0,65.0,13.54,28.3,5
2025-09-10,-23.6,-46.3,17.2,0.0,79.0,23.18,13.9,5
2025-09-11,-23.6,-46.3,17.2,0.0,76.0,23.91,15.5,5
2025-09-12,-23.6,-46.3,15.4,0.0,82.0,16.86,16.4,5
2025-09-13,-23.6,-46.3,14.9,0.0,84.0,14.6,15.8,5
2025-09-14,-23.6,-46.3,16.1,0.3,83.0,20.15,18.3,5
2025-09-15,-23.6,-46.3,17.7,0.0,82.0,21.77,15.4,5
2025-09-16,-23.6,-46.3,17.8,4.6,85.0,10.2,15.9,5
2025-09-17,-23.6,-46.3,17.2,0.1,82.0,20.06,18.5,5
2025-09-18,-23.6,-46.3,17.1,0.1,84.0,21.57,14.5,5
2025-09-19,-23.6,-46.3,19.6,0.0,79.0,18.51,14.2,5
2025-09-20,-23.6,-46.3,22.0,0.0,68.0,22.33,16.8,5
2025-09-21,-23.6,-46.3,23.5,3.3,63.0,19.23,23.4,5
2025-09-22,-23.6,-46.3,20.7,3.6,81.0,3.43,30.8,5
2025-09-23,-23.6,-46.3,15.1,1.8,87.0,13.13,18.6,5
2025-09-24,-23.6,-46.3,15.2,0.2,87.0,8.57,18.9,5
2025-09-25,-23.6,-46.3,13.9,0.4,87.0,7.97,19.5,5
2025-09-26,-23.6,-46.3,13.3,1.0,84.0,18.27,19.1,5
2025-09-27,-23.6,-46.3,14.8,0.0,79.0,24.5,13.6,5
2025-09-28,-23.6,-46.3,16.9,0.0,77.0,19.88,16.8,5
2025-09-29,-23.6,-46.3,19.5,0.0,74.0,24.91,13.6,5
2025-09-30,-23.6,-46.3,20.8,0.0,68.0,24.25,12.1,5
2025-10-01,-23.6,-46.3,19.2,0.0,82.0,16.83,15.3,5
2025-10-02,-23.6,-46.3,18.3,0.0,87.0,12.14,14.6,5
2025-10-03,-23.6,-46.3,19.3,0.3,83.0,16.91,16.4,5
2025-10-04,-23.6,-46.3,19.1,0.4,80.0,9.64,13.1,5
2025-10-05,-23.6,-46.3,21.9,0.0,66.0,25.92,9.0,5
2025-10-06,-23.6,-46.3,23.7,0.0,62.0,21.93,13.7,5
2025-10-07,-23.6,-46.3,17.8,0.5,88.0,11.39,21.3,5
2025-10-08,-23.6,-46.3,14.9,2.4,89.0,7.79,20.8,5
2025-10-09,-23.6,-46.3,15.3,2.9,87.0,10.79,19.5,5
2025-10-10,-23.6,-46.3,16.1,18.7,93.0,7.91,15.9,5
2025-10-11,-23.6,-46.3,18.1,1.0,86.0,17.36,10.6,5
2025-10-12,-23.6,-46.3,20.9,0.4,77.0,18.79,14.4,5
2025-10-13,-23.6,-46.3,20.3,2.7,82.0,9.58,20.4,5
2025-10-14,-23.6,-46.3,19.1,0.2,83.0,20.29,18.9,5
2025-10-15,-23.6,-46.3,17.4,0.0,86.0,18.7,15.2,5
2025-10-16,-23.6,-46.3,19.4,0.0,83.0,23.43,19.1,5
2025-10-17,-23.6,-46.3,21.1,6.8,81.0,22.98,10.5,5
2025-10-18,-23.6,-46.3,19.0,26.8,95.0,6.8,32.2,5
2025-10-19,-23.6,-46.3,13.3,6.8,91.0,13.37,36.0,5
2025-10-20,-23.6,-46.3,13.0,0.4,78.0,21.53,20.2,5
2025-10-21,-23.6,-46.3,13.6,0.0,76.0,28.05,21.9,5
2025-10-22,-23.6,-46.3,14.6,0.0,78.0,28.98,17.1,5
2025-10-23,-23.6,-46.3,15.6,0.0,77.0,29.71,15.4,5
2025-10-24,-23.6,-46.3,16.9,0.0,75.0,28.69,14.5,5
2025-10-25,-23.6,-46.3,19.3,0.0,69.0,27.11,12.9,5
2025-10-26,-23.6,-46.3,20.9,0.0,70.0,23.45,14.8,5
2025-10-27,-23.6,-46.3,18.6,1.1,87.0,6.26,8.4,5
2025-10-28,-23.6,-46.3,18.7,13.9,92.0,5.32,8.6,5
2025-10-29,-23.6,-46.3,19.5,13.0,89.0,15.31,20.8,5
2025-10-30,-23.6,-46.3,15.9,3.0,89.0,9.03,17.5,5
2025-10-31,-23.6,-46.3,16.7,12.9,91.0,9.34,12.7,5
2025-11-01,-23.6,-46.3,19.4,2.1,85.0,20.34,11.6,5
2025-11-02,-23.6,-46.3,18.1,23.7,96.0,5.1,16.8,5
2025-11-03,-23.6,-46.3,20.3,2.8,83.0,16.35,18.9,5
2025-11-04,-23.6,-46.3,20.2,1.1,87.0,18.54,14.7,5
2025-11-05,-23.6,-46.3,22.0,2.4,82.0,16.57,17.8,5
2025-11-06,-23.6,-46.3,17.1,0.4,85.0,12.64,20.9,5
2025-11-07,-23.6,-46.3,18.7,0.3,80.0,23.18,12.7,5
2025-11-08,-23.6,-46.3,20.1,5.7,84.0,11.63,32.2,5
2025-11-09,-23.6,-46.3,15.9,1.3,83.0,16.3,17.3,5
2025-11-10,-23.6,-46.3,15.4,0.0,77.0,26.98,17.2,5
2025-11-11,-23.6,-46.3,16.6,0.0,78.0,29.49,15.0,5
2025-11-12,-23.6,-46.3,18.9,0.0,78.0,29.16,14.0,5
2025-11-13,-23.6,-46.3,19.9,0.4,80.0,14.03,10.1,5
2025-11-14,-23.6,-46.3,18.3,3.8,83.0,15.84,13.9,5
2025-11-15,-23.6,-46.3,19.0,0.0,83.0,16.75,12.3,5
2025-11-16,-23.6,-46.3,19.5,26.8,91.0,10.69,14.8,5
2025-11-17,-23.6,-46.3,20.6,30.3,91.0,11.88,16.2,5
2025-11-18,-23.6,-46.3,20.5,6.2,84.0,11.75,26.4,5
2025-11-19,-23.6,-46.3,18.1,0.0,74.0,25.64,17.0,5
2025-11-20,-23.6,-46.3,17.0,0.1,79.0,26.95,17.2,5
2025-11-21,-23.6,-46.3,19.9,0.0,68.0,28.45,14.6,5
2025-11-22,-23.6,-46.3,21.0,1.7,76.0,20.8,13.7,5
2025-11-23,-23.6,-46.3,19.1,7.0,87.0,16.2,14.8,5
2025-11-24,-23.6,-46.3,18.0,17.8,91.0,10.94,14.8,5
2025-11-25,-23.6,-46.3,17.6,0.9,82.0,21.03,17.7,5
2025-11-26,-23.6,-46.3,17.2,0.0,77.0,30.31,15.7,5
2025-11-27,-23.6,-46.3,17.2,0.0,81.0,24.97,18.1,5
2025-11-28,-23.6,-46.3,19.8,0.4,81.0,25.09,14.7,5
2025-11-29,-23.6,-46.3,20.8,0.0,74.0,30.16,13.8,5
2025-11-30,-23.6,-46.3,21.3,0.1,72.0,28.89,15.2,5
2025-12-01,-23.6,-46.3,21.4,0.2,83.0,21.8,15.6,5
2025-12-02,-23.6,-46.3,20.9,15.2,88.0,14.7,15.9,5
2025-12-03,-23.6,-46.3,21.3,1.0,83.0,21.93,13.9,5
2025-12-04,-23.6,-46.3,18.9,0.4,85.0,20.56,18.3,5
2025-12-05,-23.6,-46.3,19.6,0.0,81.0,25.32,17.7,5
2025-12-06,-23.6,-46.3,21.2,0.1,80.0,25.53,13.1,5
2025-12-07,-23.6,-46.3,22.3,0.2,80.0,23.32,11.3,5
2025-12-08,-23.6,-46.3,21.5,23.2,86.0,14.01,15.0,5
2025-12-09,-23.6,-46.3,19.9,19.0,93.0,6.46,23.2,5
2025-12-10,-23.6,-46.3,22.8,2.0,70.0,24.0,39.5,5
2025-12-11,-23.6,-46.3,23.1,0.0,59.0,29.32,26.1,5
2025-12-12,-23.6,-46.3,21.8,4.3,74.0,16.3,18.8,5
2025-12-13,-23.6,-46.3,20.9,33.5,90.0,14.58,19.8,5
2025-12-14,-23.6,-46.3,22.0,4.5,84.0,12.07,18.0,5
2025-12-15,-23.6,-46.3,23.5,1.4,80.0,22.29,15.2,5
2025-12-16,-23.6,-46.3,23.1,8.6,84.0,19.48,27.7,5
2025-12-17,-23.6,-46.3,16.7,12.9,89.0,8.64,26.8,5
2025-12-18,-23.6,-46.3,18.6,0.0,81.0,12.93,13.9,5
2025-12-19,-23.6,-46.3,19.9,0.2,85.0,12.55,14.0,5
2025-12-20,-23.6,-46.3,20.8,0.2,84.0,23.01,16.1,5
2025-12-21,-23.6,-46.3,22.3,0.0,73.0,28.08,15.7,5
2025-12-22,-23.6,-46.3,23.4,2.0,73.0,28.26,12.1,5
2025-12-23,-23.6,-46.3,24.9,0.0,64.0,26.62,10.5,5
2025-12-24,-23.6,-46.3,25.2,0.6,66.0,26.97,9.2,5
2025-12-25,-23.6,-46.3,25.8,0.3,67.0,27.22,8.4,5
2025-12-26,-23.6,-46.3,26.2,0.2,66.0,23.72,14.8,5
2025-12-27,-23.6,-46.3,25.7,2.6,72.0,25.48,10.0,5
2025-12-28,-23.6,-46.3,25.7,0.3,74.0,27.27,11.7,5
2025-12-29,-23.6,-46.3,25.1,5.4,78.0,23.85,13.0,5
2025-12-30,-23.6,-46.3,24.4,11.4,82.0,25.35,14.4,5
2025-12-31,-23.6,-46.3,24.0,6.7,81.0,21.11,15.0,5
2026-01-01,-23.6,-46.3,24.4,1.6,76.0,20.8,19.9,5
2026-01-02,-23.6,-46.3,22.6,12.0,85.0,16.87,23.0,5
2026-01-03,-23.6,-46.3,23.7,3.5,78.0,22.01,17.1,5
2026-01-04,-23.6,-46.3,19.9,9.4,88.0,17.62,18.2,5
2026-01-05,-23.6,-46.3,18.2,0.2,85.0,13.45,21.1,5
2026-01-06,-23.6,-46.3,20.4,2.1,78.0,21.61,17.7,5
2026-01-07,-23.6,-46.3,21.3,16.4,82.0,22.15,11.7,5
2026-01-08,-23.6,-46.3,22.2,14.0,80.0,23.52,19.0,5
2026-01-09,-23.6,-46.3,23.4,0.4,80.0,24.52,15.9,5
2026-01-10,-23.6,-46.3,24.6,0.7,73.0,27.67,16.4,5
2026-01-11,-23.6,-46.3,24.9,0.0,70.0,28.0,14.7,5
2026-01-12,-23.6,-46.3,24.6,7.2,69.0,25.24,16.3,5
2026-01-13,-23.6,-46.3,22.1,5.8,82.0,18.01,13.8,5
2026-01-14,-23.6,-46.3,21.7,16.2,84.0,18.97,10.6,5
2026-01-15,-23.6,-46.3,21.1,17.7,89.0,16.87,16.3,5
2026-01-16,-23.6,-46.3,21.2,12.9,89.0,17.24,12.6,5
2026-01-17,-23.6,-46.3,21.6,13.4,87.0,18.57,11.4,5
2026-01-18,-23.6,-46.3,21.8,14.0,86.0,18.3,15.8,5
2026-01-19,-23.6,-46.3,20.1,48.5,91.0,11.58,28.7,5
2026-01-20,-23.6,-46.3,17.6,2.5,86.0,15.92,22.4,5
2026-01-21,-23.6,-46.3,17.2,1.1,84.0,11.82,17.4,5
2026-01-22,-23.6,-46.3,17.5,19.6,89.0,11.02,15.5,5
2026-01-23,-23.6,-46.3,18.8,5.7,89.0,19.66,16.6,5
2026-01-24,-23.6,-46.3,19.9,5.8,87.0,14.12,14.7,5
2026-01-25,-23.6,-46.3,20.4,6.0,88.0,17.55,12.1,5
2026-01-26,-23.6,-46.3,20.8,3.6,86.0,22.88,14.1,5
2026-01-27,-23.6,-46.3,21.2,1.1,87.0,21.73,13.1,5
2026-01-28,-23.6,-46.3,21.6,6.6,84.0,19.85,10.7,5
2026-01-29,-23.6,-46.3,21.4,10.1,85.0,22.34,18.5,5
2026-01-30,-23.6,-46.3,20.4,23.0,88.0,12.87,14.8,5
2026-01-31,-23.6,-46.3,21.7,1.3,81.0,19.54,19.1,5
2026-02-01,-23.6,-46.3,22.2,3.1,82.0,13.56,21.8,5
2026-02-02,-23.6,-46.3,20.6,8.4,92.0,13.41,15.9,5
2026-02-03,-23.6,-46.3,21.5,16.4,91.0,13.67,14.4,5
2026-02-04,-23.6,-46.3,21.8,15.0,89.0,15.53,18.5,5
2026-02-05,-23.6,-46.3,21.4,1.7,89.0,17.62,15.4,5
2026-02-06,-23.6,-46.3,22.2,1.9,86.0,18.6,14.2,5
2026-02-07,-23.6,-46.3,21.7,33.9,92.0,13.56,15.2,5
2026-02-08,-23.6,-46.3,21.0,11.6,88.0,16.3,17.3,5
2026-02-09,-23.6,-46.3,19.4,17.7,94.0,10.48,8.8,5
2026-02-10,-23.6,-46.3,19.9,10.8,94.0,14.21,14.2,5
2026-02-11,-23.6,-46.3,21.8,11.5,87.0,15.88,18.5,5
2026-02-12,-23.6,-46.3,23.5,1.0,80.0,19.93,14.7,5
2026-02-13,-23.6,-46.3,24.6,1.7,75.0,25.0,11.5,5
2026-02-14,-23.6,-46.3,22.9,0.6,83.0,17.96,14.0,5
2026-02-15,-23.6,-46.3,22.8,0.0,82.0,26.23,15.1,5
2026-02-16,-23.6,-46.3,23.5,0.0,80.0,26.34,11.7,5
2026-02-17,-23.6,-46.3,24.1,1.3,76.0,21.42,13.8,5
2026-02-18,-23.6,-46.3,22.5,17.8,87.0,19.64,18.9,5
2026-02-19,-23.6,-46.3,22.0,2.1,88.0,20.28,14.9,5
2026-02-20,-23.6,-46.3,22.7,0.0,84.0,22.92,14.4,5
2026-02-21,-23.6,-46.3,22.4,4.8,86.0,16.59,16.4,5
2026-02-22,-23.6,-46.3,21.1,16.4,90.0,16.91,16.6,5
2026-02-23,-23.6,-46.3,21.3,8.4,90.0,13.08,15.5,5
2026-02-24,-23.6,-46.3,22.1,2.7,87.0,14.29,10.8,5
2026-02-25,-23.6,-46.3,22.7,21.4,88.0,14.62,11.6,5
2026-02-26,-23.6,-46.3,20.9,14.6,95.0,10.21,19.0,5
2026-02-27,-23.6,-46.3,19.7,2.4,87.0,12.81,16.8,5
2026-02-28,-23.6,-46.3,18.5,1.3,84.0,20.74,15.8,5
2026-03-01,-23.6,-46.3,18.2,1.0,81.0,21.61,16.0,5
2026-03-02,-23.6,-46.3,18.3,0.0,84.0,20.99,14.3,5
2026-03-03,-23.6,-46.3,18.9,0.7,86.0,19.81,13.5,5
2026-03-04,-23.6,-46.3,19.7,0.0,84.0,22.73,15.9,5
2026-03-05,-23.6,-46.3,21.0,0.2,84.0,20.69,14.7,5
2026-03-06,-23.6,-46.3,21.3,7.3,89.0,13.49,10.8,5
2026-03-07,-23.6,-46.3,21.5,24.9,91.0,14.63,16.7,5
2026-03-08,-23.6,-46.3,21.3,10.9,87.0,18.57,13.5,5
2026-03-09,-23.6,-46.3,19.5,19.5,95.0,6.46,13.7,5
2026-03-10,-23.6,-46.3,19.1,15.7,96.0,7.29,9.2,5
2026-03-11,-23.6,-46.3,19.4,23.9,97.0,7.16,10.5,5
2026-03-12,-23.6,-46.3,19.5,23.1,96.0,6.96,15.7,5
2026-03-13,-23.6,-46.3,19.7,4.6,90.0,11.07,12.9,5
2026-03-14,-23.6,-46.3,20.4,0.2,83.0,24.85,11.4,5
2026-03-15,-23.6,-46.3,21.5,1.0,80.0,21.38,11.2,5
2026-03-16,-23.6,-46.3,22.2,0.0,77.0,25.37,13.4,5
2026-03-17,-23.6,-46.3,21.6,0.0,80.0,21.83,13.6,5
2026-03-18,-23.6,-46.3,21.8,1.2,86.0,18.29,9.7,5
2026-03-19,-23.6,-46.3,20.4,10.6,92.0,9.13,10.8,5
2026-03-20,-23.6,-46.3,20.7,0.1,82.0,17.46,14.6,5
2026-03-21,-23.6,-46.3,21.1,0.0,86.0,22.43,13.9,5
2026-03-22,-23.6,-46.3,21.5,0.0,78.0,20.02,12.5,5
2026-03-23,-23.6,-46.3,20.8,0.1,81.0,24.45,13.9,5
2026-03-24,-23.6,-46.3,21.0,0.0,80.0,24.06,13.3,5
2026-03-25,-23.6,-46.3,21.9,0.4,84.0,18.97,11.2,5
2026-03-26,-23.6,-46.3,22.2,0.9,85.0,18.88,8.6,5
2026-03-27,-23.6,-46.3,22.1,0.1,81.0,23.34,15.7,5
2026-03-28,-23.6,-46.3,21.6,0.1,79.0,23.31,15.3,5
2026-03-29,-23.6,-46.3,21.6,0.0,82.0,22.41,11.8,5
2026-03-30,-23.6,-46.3,20.3,0.8,82.0,18.37,14.7,5
2026-03-31,-23.6,-46.3,19.4,14.9,90.0,11.26,12.6,5
2026-04-01,-23.6,-46.3,19.5,11.0,90.0,17.02,9.5,5
2026-04-02,-23.6,-46.3,20.6,29.1,90.0,17.14,13.0,5
2026-04-03,-23.6,-46.3,21.5,2.3,86.0,19.5,14.3,5
2026-04-04,-23.6,-46.3,21.7,0.6,87.0,18.91,10.2,5
2026-04-05,-23.6,-46.3,21.3,0.4,86.0,17.93,13.8,5
2026-04-06,-23.6,-46.3,21.5,0.6,86.0,18.38,13.4,5
2026-04-07,-23.6,-46.3,21.7,7.2,88.0,13.61,12.8,5
2026-04-08,-23.6,-46.3,21.6,1.2,84.0,12.19,18.3,5
2026-04-09,-23.6,-46.3,20.3,2.9,89.0,13.82,15.9,5
2026-04-10,-23.6,-46.3,18.0,1.5,87.0,7.24,13.8,5
2026-04-11,-23.6,-46.3,18.4,0.0,82.0,20.66,15.1,5
2026-04-12,-23.6,-46.3,19.0,0.0,81.0,20.33,13.6,5
2026-04-13,-23.6,-46.3,19.5,0.0,85.0,17.62,11.5,5
2026-04-14,-23.6,-46.3,19.1,0.0,81.0,19.79,15.4,5
2026-04-15,-23.6,-46.3,18.9,0.0,81.0,21.22,12.9,5
2026-04-16,-23.6,-46.3,19.1,0.0,83.0,19.9,12.4,5
2026-04-17,-23.6,-46.3,20.5,0.0,78.0,19.7,9.6,5
2026-04-18,-23.6,-46.3,20.8,1.9,81.0,16.4,14.2,5
2026-04-19,-23.6,-46.3,19.7,0.0,85.0,20.82,14.5,5
2026-04-20,-23.6,-46.3,18.3,0.0,84.0,20.96,13.0,5
2026-04-21,-23.6,-46.3,18.1,0.0,83.0,20.48,13.0,5
2026-04-22,-23.6,-46.3,18.8,0.2,83.0,18.49,13.3,5
2026-04-23,-23.6,-46.3,19.0,0.1,84.0,17.41,14.3,5
2026-04-24,-23.6,-46.3,19.7,0.0,81.0,17.61,12.6,5
2026-04-25,-23.6,-46.3,21.4,0.0,72.0,17.53,17.1,5
2026-04-26,-23.6,-46.3,22.5,0.0,69.0,17.52,18.2,5
2026-04-27,-23.6,-46.3,21.8,13.5,78.0,10.41,17.3,5
2026-04-28,-23.6,-46.3,20.7,4.1,91.0,10.37,10.7,5
2026-04-29,-23.6,-46.3,20.5,18.9,91.0,11.08,15.7,5
2026-04-30,-23.6,-46.3,19.6,2.1,88.0,12.99,15.6,5
2026-05-01,-23.6,-46.3,20.8,0.2,85.0,14.2,11.7,5
2026-05-02,-23.6,-46.3,21.0,0.4,81.0,12.3,17.1,5
2026-05-03,-23.6,-46.3,17.0,1.6,87.0,9.02,17.7,5
2026-05-04,-23.6,-46.3,18.3,0.0,85.0,15.78,13.7,5
2026-05-05,-23.6,-46.3,20.2,0.0,82.0,15.74,8.2,5
2026-05-06,-23.6,-46.3,21.0,0.0,77.0,17.47,9.6,5
2026-05-07,-23.6,-46.3,20.9,0.0,74.0,17.35,15.4,5
2026-05-08,-23.6,-46.3,22.4,0.0,66.0,12.1,24.4,5
2026-05-09,-23.6,-46.3,22.0,1.1,71.0,8.81,21.5,5
2026-05-10,-23.6,-46.3,14.6,9.8,95.0,2.46,17.3,5
2026-05-11,-23.6,-46.3,13.2,0.1,78.0,14.87,12.1,5
2026-05-12,-23.6,-46.3,13.9,0.0,83.0,17.73,8.4,5
2026-05-13,-23.6,-46.3,15.7,0.0,80.0,16.19,10.5,5
2026-05-14,-23.6,-46.3,17.7,0.0,81.0,13.19,11.3,5
2026-05-15,-23.6,-46.3,16.3,9.5,96.0,5.3,6.3,5
2026-05-16,-23.6,-46.3,18.1,6.9,89.0,13.52,11.4,5
2026-05-17,-23.6,-46.3,17.7,15.8,95.0,4.23,10.6,5
2026-05-18,-23.6,-46.3,17.7,0.5,91.0,6.29,12.8,5
2026-05-19,-23.6,-46.3,16.7,1.8,92.0,4.24,10.0,5
2026-05-20,-23.6,-46.3,16.9,2.8,89.0,9.72,10.0,5
2026-05-21,-23.6,-46.3,15.2,0.1,90.0,6.67,14.7,5
2026-05-22,-23.6,-46.3,14.5,1.8,92.0,5.99,12.3,5
2026-05-23,-23.6,-46.3,16.0,32.9,94.0,4.77,10.9,5
2026-05-24,-23.6,-46.3,17.3,32.9,94.0,9.14,13.5,5
2026-05-25,-23.6,-46.3,17.1,0.3,91.0,9.57,10.6,5
2026-05-26,-23.6,-46.3,19.0,3.5,87.0,13.84,12.0,5
2026-05-27,-23.6,-46.3,17.0,1.2,90.0,7.04,16.1,5
2026-05-28,-23.6,-46.3,15.1,0.0,86.0,14.99,11.8,5
2026-05-29,-23.6,-46.3,15.9,0.0,84.0,10.6,12.9,5
2026-05-30,-23.6,-46.3,16.8,0.3,87.0,12.02,10.8,5
2026-05-31,-23.6,-46.3,16.4,0.1,87.0,12.65,10.1,5
2026-06-01,-23.6,-46.3,14.9,0.0,89.0,11.77,13.1,5
2026-06-02,-23.6,-46.3,14.8,0.0,87.0,9.89,12.8,5
2026-06-03,-23.6,-46.3,16.1,0.2,86.0,12.85,12.7,5
2026-06-04,-23.6,-46.3,15.7,0.7,89.0,10.9,12.5,5
2026-06-05,-23.6,-46.3,15.0,0.0,85.0,14.14,13.2,5
2026-06-06,-23.6,-46.3,14.9,0.0,79.0,15.04,9.6,5
2026-06-07,-23.6,-46.3,15.0,0.0,77.0,15.16,10.4,5
2026-06-08,-23.6,-46.3,14.8,0.0,80.0,15.12,13.1,5
2026-06-09,-23.6,-46.3,16.2,0.0,73.0,12.38,15.0,5
2026-06-10,-23.6,-46.3,16.6,3.0,77.0,11.86,13.7,5
2026-06-11,-23.6,-46.3,16.3,6.8,90.0,7.65,13.4,5
2026-06-12,-23.6,-46.3,16.4,7.0,90.0,4.7,23.9,5
2026-06-13,-23.6,-46.3,17.7,6.6,86.0,10.29,21.5,5
2026-06-14,-23.6,-46.3,17.9,1.9,88.0,8.35,16.7,5
2026-06-15,-23.6,-46.3,15.6,15.1,95.0,4.31,12.1,5
2026-06-16,-23.6,-46.3,14.9,0.3,92.0,10.97,11.9,5
2026-06-17,-23.6,-46.3,14.4,0.0,86.0,14.5,11.0,5
2026-06-18,-23.6,-46.3,13.2,0.0,78.0,14.83,13.5,5
2026-06-19,-23.6,-46.3,14.2,0.0,84.0,14.71,12.9,5
2026-06-20,-23.6,-46.3,16.6,5.5,83.0,4.91,17.8,5
2026-06-21,-23.6,-46.3,15.3,0.1,81.0,14.62,12.0,5
2026-06-22,-23.6,-46.3,17.2,0.0,73.0,14.71,15.2,5
2026-06-23,-23.6,-46.3,16.6,28.7,87.0,2.54,13.1,5
2026-06-24,-23.6,-46.3,12.9,15.9,95.0,1.4,12.0,5
2026-06-25,-23.6,-46.3,12.0,3.9,94.0,3.25,12.1,5
2026-06-26,-23.6,-46.3,15.4,0.1,91.0,10.99,12.4,5
2026-06-27,-23.6,-46.3,16.9,0.0,91.0,13.7,8.2,5
2026-06-28,-23.6,-46.3,17.6,0.0,86.0,14.27,8.2,5
2026-06-29,-23.6,-46.3,18.1,0.5,83.0,13.89,13.8,5
2026-06-30,-23.6,-46.3,18.4,0.0,82.0,14.31,12.4,5
2026-07-01,-23.6,-46.3,18.5,0.0,80.0,14.29,16.2,5
2026-07-02,-23.6,-46.3,18.1,0.0,79.0,14.4,11.8,5
2026-07-03,-23.6,-46.3,17.0,0.0,83.0,11.4,16.1,5
2026-07-04,-23.6,-46.3,14.6,0.0,92.0,9.53,12.1,5
2026-07-05,-23.6,-46.3,14.2,0.0,89.0,10.68,16.0,5
2026-07-06,-23.6,-46.3,15.9,0.0,84.0,13.42,8.5,5
2026-07-07,-23.6,-46.3,14.6,0.3,89.0,7.66,17.2,5
2026-07-08,-23.6,-46.3,14.9,0.0,83.0,12.89,11.2,5
2026-07-09,-23.6,-46.3,14.7,0.0,82.0,15.13,7.0,5
2026-07-10,-23.6,-46.3,16.0,0.0,76.0,14.99,12.7,5
2026-07-11,-23.6,-46.3,17.3,0.4,76.0,14.76,23.2,5
2026-07-12,-23.6,-46.3,15.8,5.8,88.0,7.98,23.9,5
2026-07-13,-23.6,-46.3,12.0,0.9,87.0,10.5,15.1,5
2026-07-14,-23.6,-46.3,12.3,1.2,87.0,12.51,14.9,5
2026-07-15,-23.6,-46.3,13.1,0.0,79.0,15.7,13.7,5
2026-07-16,-23.6,-46.3,14.4,0.0,79.0,15.84,10.4,5
2026-07-17,-23.6,-46.3,15.0,0.0,70.0,16.14,12.5,5
2026-07-18,-23.6,-46.3,16.4,0.0,63.0,16.16,18.0,5
2025-07-19,-23.5,-46.8,14.1,0.0,71.0,15.84,10.6,5
2025-07-20,-23.5,-46.8,14.5,0.0,76.0,12.64,11.6,5
2025-07-21,-23.5,-46.8,17.0,0.0,75.0,14.88,10.1,5
2025-07-22,-23.5,-46.8,17.7,0.0,71.0,15.38,15.0,5
2025-07-23,-23.5,-46.8,15.9,0.0,68.0,16.56,12.3,5
2025-07-24,-23.5,-46.8,16.2,0.0,78.0,11.29,14.6,5
2025-07-25,-23.5,-46.8,16.2,4.2,82.0,4.58,10.2,5
2025-07-26,-23.5,-46.8,17.8,0.0,70.0,15.66,7.0,5
2025-07-27,-23.5,-46.8,19.3,0.0,60.0,16.92,19.3,5
2025-07-28,-23.5,-46.8,19.7,2.2,67.0,10.48,30.2,5
2025-07-29,-23.5,-46.8,14.0,0.0,62.0,18.46,15.2,5
2025-07-30,-23.5,-46.8,11.4,0.0,72.0,15.88,12.0,5
2025-07-31,-23.5,-46.8,12.8,0.0,73.0,17.55,12.0,5
2025-08-01,-23.5,-46.8,16.0,0.0,67.0,18.04,8.9,5
2025-08-02,-23.5,-46.8,17.9,0.0,53.0,16.16,8.4,5
2025-08-03,-23.5,-46.8,18.1,0.0,48.0,17.0,14.1,5
2025-08-04,-23.5,-46.8,16.9,0.0,59.0,10.66,11.2,5
2025-08-05,-23.5,-46.8,15.8,0.3,80.0,8.19,15.0,5
2025-08-06,-23.5,-46.8,15.5,0.9,79.0,10.98,15.9,5
2025-08-07,-23.5,-46.8,17.9,0.0,65.0,15.66,10.4,5
2025-08-08,-23.5,-46.8,17.4,1.2,76.0,11.92,24.1,5
2025-08-09,-23.5,-46.8,14.0,1.2,71.0,11.68,16.7,5
2025-08-10,-23.5,-46.8,11.2,0.3,77.0,9.55,12.7,5
2025-08-11,-23.5,-46.8,11.5,0.0,78.0,15.85,15.3,5
2025-08-12,-23.5,-46.8,13.7,0.0,72.0,18.19,12.0,5
2025-08-13,-23.5,-46.8,16.0,0.0,61.0,20.07,10.7,5
2025-08-14,-23.5,-46.8,14.2,0.0,69.0,16.37,15.7,5
2025-08-15,-23.5,-46.8,15.1,0.0,73.0,15.33,17.5,5
2025-08-16,-23.5,-46.8,16.9,0.0,73.0,12.84,15.1,5
2025-08-17,-23.5,-46.8,18.5,0.0,71.0,16.19,11.3,5
2025-08-18,-23.5,-46.8,17.0,0.0,75.0,16.81,15.5,5
2025-08-19,-23.5,-46.8,19.5,0.0,65.0,14.17,15.1,5
2025-08-20,-23.5,-46.8,22.8,0.0,48.0,13.38,16.8,5
2025-08-21,-23.5,-46.8,22.7,0.0,57.0,17.28,12.1,5
2025-08-22,-23.5,-46.8,24.0,0.0,50.0,19.57,13.2,5
2025-08-23,-23.5,-46.8,24.4,0.0,36.0,18.52,18.0,5
2025-08-24,-23.5,-46.8,18.0,0.0,72.0,13.31,16.8,5
2025-08-25,-23.5,-46.8,18.9,0.0,73.0,15.8,15.7,5
2025-08-26,-23.5,-46.8,17.2,0.8,79.0,10.25,15.7,5
2025-08-27,-23.5,-46.8,17.5,3.0,84.0,13.49,13.3,5
2025-08-28,-23.5,-46.8,17.9,0.1,80.0,16.6,16.3,5
2025-08-29,-23.5,-46.8,16.9,6.0,84.0,7.95,13.2,5
2025-08-30,-23.5,-46.8,17.5,0.1,80.0,17.38,15.2,5
2025-08-31,-23.5,-46.8,17.6,0.0,78.0,18.04,16.2,5
2025-09-01,-23.5,-46.8,19.1,2.9,76.0,17.45,14.7,5
2025-09-02,-23.5,-46.8,20.3,0.3,69.0,18.96,11.8,5
2025-09-03,-23.5,-46.8,20.9,0.0,59.0,21.43,10.3,5
2025-09-04,-23.5,-46.8,21.4,0.0,50.0,19.36,10.8,5
2025-09-05,-23.5,-46.8,20.4,0.0,60.0,18.21,15.8,5
2025-09-06,-23.5,-46.8,16.4,0.1,79.0,10.42,16.9,5
2025-09-07,-23.5,-46.8,17.4,0.1,79.0,11.26,15.7,5
2025-09-08,-23.5,-46.8,21.9,0.1,66.0,17.83,11.4,5
2025-09-09,-23.5,-46.8,22.3,0.0,52.0,13.54,28.1,5
2025-09-10,-23.5,-46.8,18.8,0.0,68.0,23.18,13.6,5
2025-09-11,-23.5,-46.8,19.9,0.0,62.0,23.91,11.5,5
2025-09-12,-23.5,-46.8,17.1,0.0,68.0,16.86,16.6,5
2025-09-13,-23.5,-46.8,16.7,0.0,70.0,14.6,18.4,5
2025-09-14,-23.5,-46.8,17.9,0.0,71.0,20.15,18.1,5
2025-09-15,-23.5,-46.8,19.6,0.0,70.0,21.77,16.3,5
2025-09-16,-23.5,-46.8,20.0,0.2,72.0,10.2,16.6,5
2025-09-17,-23.5,-46.8,18.7,0.1,70.0,20.06,19.0,5
2025-09-18,-23.5,-46.8,18.6,0.1,70.0,21.57,14.8,5
2025-09-19,-23.5,-46.8,22.1,0.0,63.0,18.51,12.7,5
2025-09-20,-23.5,-46.8,24.7,0.0,52.0,22.33,16.5,5
2025-09-21,-23.5,-46.8,26.2,0.6,49.0,19.23,26.5,5
2025-09-22,-23.5,-46.8,20.9,14.1,83.0,3.43,27.1,5
2025-09-23,-23.5,-46.8,16.0,2.2,82.0,13.13,15.9,5
2025-09-24,-23.5,-46.8,15.5,0.0,85.0,8.57,20.0,5
2025-09-25,-23.5,-46.8,14.5,0.2,83.0,7.97,19.8,5
2025-09-26,-23.5,-46.8,14.3,0.2,77.0,18.27,19.0,5
2025-09-27,-23.5,-46.8,15.8,0.0,72.0,24.5,12.8,5
2025-09-28,-23.5,-46.8,19.6,0.0,64.0,19.88,12.3,5
2025-09-29,-23.5,-46.8,21.9,0.0,62.0,24.91,13.5,5
2025-09-30,-23.5,-46.8,24.4,0.0,51.0,24.25,14.2,5
2025-10-01,-23.5,-46.8,20.9,0.5,71.0,16.83,15.2,5
2025-10-02,-23.5,-46.8,19.8,0.8,76.0,12.14,15.2,5
2025-10-03,-23.5,-46.8,21.3,1.6,73.0,16.91,14.2,5
2025-10-04,-23.5,-46.8,19.7,4.9,79.0,9.64,8.6,5
2025-10-05,-23.5,-46.8,24.4,0.0,52.0,25.92,11.4,5
2025-10-06,-23.5,-46.8,26.7,0.0,42.0,21.93,15.7,5
2025-10-07,-23.5,-46.8,18.6,0.0,81.0,11.39,24.2,5
2025-10-08,-23.5,-46.8,15.4,2.7,83.0,7.79,21.5,5
2025-10-09,-23.5,-46.8,16.3,5.9,81.0,10.79,16.3,5
2025-10-10,-23.5,-46.8,17.2,21.5,88.0,7.91,12.1,5
2025-10-11,-23.5,-46.8,18.5,1.2,86.0,17.36,11.6,5
2025-10-12,-23.5,-46.8,21.3,2.2,74.0,18.79,16.4,5
2025-10-13,-23.5,-46.8,20.1,8.5,83.0,9.58,21.3,5
2025-10-14,-23.5,-46.8,20.1,0.3,81.0,20.29,17.8,5
2025-10-15,-23.5,-46.8,18.5,0.0,80.0,18.7,14.9,5
2025-10-16,-23.5,-46.8,21.3,0.0,75.0,23.43,17.3,5
2025-10-17,-23.5,-46.8,24.4,5.1,62.0,22.98,8.2,5
2025-10-18,-23.5,-46.8,19.5,20.3,91.0,6.8,27.6,5
2025-10-19,-23.5,-46.8,13.8,1.8,84.0,13.37,24.1,5
2025-10-20,-23.5,-46.8,13.3,0.1,76.0,21.53,21.0,5
2025-10-21,-23.5,-46.8,14.3,0.0,72.0,28.05,18.4,5
2025-10-22,-23.5,-46.8,15.4,0.0,71.0,28.98,17.3,5
2025-10-23,-23.5,-46.8,17.1,0.0,65.0,29.71,16.7,5
2025-10-24,-23.5,-46.8,19.4,0.0,60.0,28.69,13.5,5
2025-10-25,-23.5,-46.8,22.5,0.0,50.0,27.11,12.1,5
2025-10-26,-23.5,-46.8,24.0,0.0,50.0,23.45,14.9,5
2025-10-27,-23.5,-46.8,20.0,3.7,75.0,6.26,9.7,5
2025-10-28,-23.5,-46.8,20.2,3.6,84.0,5.32,7.8,5
2025-10-29,-23.5,-46.8,20.3,9.6,87.0,15.31,21.3,5
2025-10-30,-23.5,-46.8,16.6,7.5,85.0,9.03,14.4,5
2025-10-31,-23.5,-46.8,17.4,25.1,88.0,9.34,13.5,5
2025-11-01,-23.5,-46.8,20.8,0.7,81.0,20.34,12.9,5
2025-11-02,-23.5,-46.8,18.8,24.9,94.0,5.1,17.2,5
2025-11-03,-23.5,-46.8,20.2,6.7,84.0,16.35,17.6,5
2025-11-04,-23.5,-46.8,21.1,1.7,85.0,18.54,12.2,5
2025-11-05,-23.5,-46.8,22.3,2.9,82.0,16.57,20.0,5
2025-11-06,-23.5,-46.8,17.7,1.7,82.0,12.64,17.1,5
2025-11-07,-23.5,-46.8,19.9,0.1,76.0,23.18,13.2,5
2025-11-08,-23.5,-46.8,20.6,7.2,84.0,11.63,26.3,5
2025-11-09,-23.5,-46.8,16.6,0.6,79.0,16.3,16.4,5
2025-11-10,-23.5,-46.8,16.2,0.0,73.0,26.98,16.1,5
2025-11-11,-23.5,-46.8,17.6,0.0,72.0,29.49,14.5,5
2025-11-12,-23.5,-46.8,21.5,0.0,64.0,29.16,17.1,5
2025-11-13,-23.5,-46.8,21.8,0.3,67.0,14.03,12.4,5
2025-11-14,-23.5,-46.8,19.1,10.0,77.0,15.84,14.6,5
2025-11-15,-23.5,-46.8,20.6,0.0,72.0,16.75,13.9,5
2025-11-16,-23.5,-46.8,21.3,14.9,83.0,10.69,13.8,5
2025-11-17,-23.5,-46.8,21.7,20.2,86.0,11.88,15.2,5
2025-11-18,-23.5,-46.8,20.4,11.5,85.0,11.75,25.8,5
2025-11-19,-23.5,-46.8,18.9,0.0,69.0,25.64,16.6,5
2025-11-20,-23.5,-46.8,17.9,0.0,73.0,26.95,17.4,5
2025-11-21,-23.5,-46.8,21.8,0.0,58.0,28.45,13.3,5
2025-11-22,-23.5,-46.8,23.2,2.6,63.0,20.8,12.3,5
2025-11-23,-23.5,-46.8,20.3,10.5,79.0,16.2,16.7,5
2025-11-24,-23.5,-46.8,18.8,19.6,86.0,10.94,15.1,5
2025-11-25,-23.5,-46.8,18.1,0.6,79.0,21.03,14.9,5
2025-11-26,-23.5,-46.8,17.7,0.0,74.0,30.31,15.1,5
2025-11-27,-23.5,-46.8,17.6,0.0,77.0,24.97,17.1,5
2025-11-28,-23.5,-46.8,21.9,0.0,70.0,25.09,11.9,5
2025-11-29,-23.5,-46.8,24.0,0.1,54.0,30.16,14.8,5
2025-11-30,-23.5,-46.8,25.0,0.0,53.0,28.89,13.2,5
2025-12-01,-23.5,-46.8,24.1,0.1,67.0,21.8,13.7,5
2025-12-02,-23.5,-46.8,22.8,21.1,77.0,14.7,15.6,5
2025-12-03,-23.5,-46.8,22.9,2.5,73.0,21.93,16.3,5
2025-12-04,-23.5,-46.8,20.4,0.2,75.0,20.56,17.8,5
2025-12-05,-23.5,-46.8,21.3,0.6,69.0,25.32,18.1,5
2025-12-06,-23.5,-46.8,23.8,0.4,65.0,25.53,13.8,5
2025-12-07,-23.5,-46.8,25.1,0.1,64.0,23.32,11.1,5
2025-12-08,-23.5,-46.8,22.8,18.8,79.0,14.01,11.2,5
2025-12-09,-23.5,-46.8,20.2,19.6,91.0,6.46,27.3,5
2025-12-10,-23.5,-46.8,22.5,3.2,71.0,24.0,38.9,5
2025-12-11,-23.5,-46.8,23.1,0.0,59.0,29.32,22.7,5
2025-12-12,-23.5,-46.8,22.2,2.0,70.0,16.3,18.7,5
2025-12-13,-23.5,-46.8,21.1,31.3,87.0,14.58,21.2,5
2025-12-14,-23.5,-46.8,21.9,7.1,85.0,12.07,18.9,5
2025-12-15,-23.5,-46.8,23.9,2.4,79.0,22.29,15.5,5
2025-12-16,-23.5,-46.8,23.0,5.4,84.0,19.48,19.0,5
2025-12-17,-23.5,-46.8,17.2,7.2,84.0,8.64,23.8,5
2025-12-18,-23.5,-46.8,18.6,0.0,81.0,12.93,13.7,5
2025-12-19,-23.5,-46.8,20.6,0.3,83.0,12.55,15.3,5
2025-12-20,-23.5,-46.8,21.8,0.5,78.0,23.01,15.1,5
2025-12-21,-23.5,-46.8,24.8,0.3,61.0,28.08,17.0,5
2025-12-22,-23.5,-46.8,26.4,0.2,52.0,28.26,11.6,5
2025-12-23,-23.5,-46.8,27.6,0.5,49.0,26.62,14.0,5
2025-12-24,-23.5,-46.8,27.8,0.0,51.0,26.97,8.7,5
2025-12-25,-23.5,-46.8,28.9,0.5,48.0,27.22,8.8,5
2025-12-26,-23.5,-46.8,28.0,2.6,55.0,23.72,11.4,5
2025-12-27,-23.5,-46.8,27.4,0.1,64.0,25.48,8.1,5
2025-12-28,-23.5,-46.8,27.2,15.1,66.0,27.27,10.4,5
2025-12-29,-23.5,-46.8,26.6,4.3,67.0,23.85,11.9,5
2025-12-30,-23.5,-46.8,26.0,7.0,71.0,25.35,11.0,5
2025-12-31,-23.5,-46.8,24.2,7.3,78.0,21.11,14.2,5
2026-01-01,-23.5,-46.8,24.3,0.7,75.0,20.8,20.2,5
2026-01-02,-23.5,-46.8,22.9,14.0,82.0,16.87,19.5,5
2026-01-03,-23.5,-46.8,24.0,2.1,76.0,22.01,17.3,5
2026-01-04,-23.5,-46.8,21.1,0.8,79.0,17.62,16.6,5
2026-01-05,-23.5,-46.8,19.4,1.0,77.0,13.45,21.3,5
2026-01-06,-23.5,-46.8,21.6,1.4,69.0,21.61,14.5,5
2026-01-07,-23.5,-46.8,23.0,3.3,72.0,22.15,10.3,5
2026-01-08,-23.5,-46.8,23.4,13.8,72.0,23.52,16.0,5
2026-01-09,-23.5,-46.8,24.7,3.0,72.0,24.52,15.3,5
2026-01-10,-23.5,-46.8,26.7,11.7,59.0,27.67,12.9,5
2026-01-11,-23.5,-46.8,26.8,0.5,61.0,28.0,17.1,5
2026-01-12,-23.5,-46.8,25.9,4.0,62.0,25.24,16.2,5
2026-01-13,-23.5,-46.8,22.7,5.6,76.0,18.01,13.3,5
2026-01-14,-23.5,-46.8,22.1,13.7,81.0,18.97,16.3,5
2026-01-15,-23.5,-46.8,21.7,9.1,84.0,16.87,15.2,5
2026-01-16,-23.5,-46.8,22.0,18.2,84.0,17.24,13.0,5
2026-01-17,-23.5,-46.8,21.9,18.8,84.0,18.57,13.9,5
2026-01-18,-23.5,-46.8,22.1,8.4,83.0,18.3,17.6,5
2026-01-19,-23.5,-46.8,20.2,19.3,89.0,11.58,26.5,5
2026-01-20,-23.5,-46.8,18.0,0.9,80.0,15.92,20.1,5
2026-01-21,-23.5,-46.8,17.2,1.1,83.0,11.82,17.0,5
2026-01-22,-23.5,-46.8,17.8,5.2,84.0,11.02,17.9,5
2026-01-23,-23.5,-46.8,19.3,2.4,84.0,19.66,17.4,5
2026-01-24,-23.5,-46.8,20.3,2.8,84.0,14.12,14.9,5
2026-01-25,-23.5,-46.8,20.9,8.0,85.0,17.55,11.8,5
2026-01-26,-23.5,-46.8,21.3,0.7,83.0,22.88,14.6,5
2026-01-27,-23.5,-46.8,22.3,1.1,81.0,21.73,13.1,5
2026-01-28,-23.5,-46.8,22.4,10.2,78.0,19.85,12.8,5
2026-01-29,-23.5,-46.8,21.6,17.1,84.0,22.34,13.4,5
2026-01-30,-23.5,-46.8,20.4,16.4,87.0,12.87,16.3,5
2026-01-31,-23.5,-46.8,21.8,0.9,82.0,19.54,16.8,5
2026-02-01,-23.5,-46.8,21.7,8.6,86.0,13.56,20.8,5
2026-02-02,-23.5,-46.8,21.0,5.2,89.0,13.41,14.3,5
2026-02-03,-23.5,-46.8,21.6,23.3,88.0,13.67,14.3,5
2026-02-04,-23.5,-46.8,22.0,13.3,88.0,15.53,18.4,5
2026-02-05,-23.5,-46.8,21.9,11.2,86.0,17.62,13.4,5
2026-02-06,-23.5,-46.8,22.6,5.3,83.0,18.6,13.8,5
2026-02-07,-23.5,-46.8,22.4,7.4,87.0,13.56,10.8,5
2026-02-08,-23.5,-46.8,20.9,18.7,87.0,16.3,13.1,5
2026-02-09,-23.5,-46.8,20.0,20.7,92.0,10.48,7.7,5
2026-02-10,-23.5,-46.8,21.2,9.1,87.0,14.21,18.7,5
2026-02-11,-23.5,-46.8,22.3,13.5,82.0,15.88,19.5,5
2026-02-12,-23.5,-46.8,23.9,0.6,79.0,19.93,15.3,5
2026-02-13,-23.5,-46.8,25.1,2.3,72.0,25.0,11.8,5
2026-02-14,-23.5,-46.8,23.3,2.1,81.0,17.96,11.7,5
2026-02-15,-23.5,-46.8,24.0,0.0,75.0,26.23,14.2,5
2026-02-16,-23.5,-46.8,25.1,0.6,69.0,26.34,9.2,5
2026-02-17,-23.5,-46.8,25.4,0.1,67.0,21.42,12.2,5
2026-02-18,-23.5,-46.8,23.4,1.4,81.0,19.64,11.2,5
2026-02-19,-23.5,-46.8,22.9,2.0,83.0,20.28,11.8,5
2026-02-20,-23.5,-46.8,23.6,0.5,78.0,22.92,12.5,5
2026-02-21,-23.5,-46.8,23.1,5.2,81.0,16.59,14.6,5
2026-02-22,-23.5,-46.8,21.9,6.3,84.0,16.91,19.3,5
2026-02-23,-23.5,-46.8,21.5,16.9,88.0,13.08,14.5,5
2026-02-24,-23.5,-46.8,22.5,23.1,85.0,14.29,9.3,5
2026-02-25,-23.5,-46.8,22.7,22.8,87.0,14.62,14.7,5
2026-02-26,-23.5,-46.8,21.3,10.7,90.0,10.21,22.0,5
2026-02-27,-23.5,-46.8,20.0,2.4,85.0,12.81,18.4,5
2026-02-28,-23.5,-46.8,19.2,0.1,79.0,20.74,14.2,5
2026-03-01,-23.5,-46.8,18.8,0.0,76.0,21.61,15.3,5
2026-03-02,-23.5,-46.8,18.8,0.1,79.0,20.99,14.1,5
2026-03-03,-23.5,-46.8,19.9,0.0,78.0,19.81,15.0,5
2026-03-04,-23.5,-46.8,20.6,0.0,76.0,22.73,15.9,5
2026-03-05,-23.5,-46.8,22.5,0.6,73.0,20.69,15.6,5
2026-03-06,-23.5,-46.8,23.2,3.0,78.0,13.49,12.7,5
2026-03-07,-23.5,-46.8,22.1,32.8,88.0,14.63,19.7,5
2026-03-08,-23.5,-46.8,21.6,11.8,85.0,18.57,11.9,5
2026-03-09,-23.5,-46.8,20.1,7.6,91.0,6.46,14.5,5
2026-03-10,-23.5,-46.8,19.3,18.5,94.0,7.29,9.9,5
2026-03-11,-23.5,-46.8,20.0,19.2,94.0,7.16,10.1,5
2026-03-12,-23.5,-46.8,19.7,28.7,94.0,6.96,16.8,5
2026-03-13,-23.5,-46.8,20.3,7.8,86.0,11.07,8.2,5
2026-03-14,-23.5,-46.8,21.1,0.0,79.0,24.85,7.7,5
2026-03-15,-23.5,-46.8,22.9,0.4,76.0,21.38,10.7,5
2026-03-16,-23.5,-46.8,23.3,0.0,72.0,25.37,14.4,5
2026-03-17,-23.5,-46.8,22.9,0.0,77.0,21.83,13.8,5
2026-03-18,-23.5,-46.8,22.4,4.6,83.0,18.29,16.1,5
2026-03-19,-23.5,-46.8,22.1,7.2,86.0,9.13,9.6,5
2026-03-20,-23.5,-46.8,21.4,0.3,82.0,17.46,13.5,5
2026-03-21,-23.5,-46.8,22.4,0.0,79.0,22.43,16.4,5
2026-03-22,-23.5,-46.8,22.6,0.0,72.0,20.02,13.7,5
2026-03-23,-23.5,-46.8,22.8,0.0,67.0,24.45,13.9,5
2026-03-24,-23.5,-46.8,22.9,0.0,70.0,24.06,15.6,5
2026-03-25,-23.5,-46.8,23.3,2.9,71.0,18.97,10.7,5
2026-03-26,-23.5,-46.8,23.8,1.4,73.0,18.88,8.0,5
2026-03-27,-23.5,-46.8,23.6,0.0,73.0,23.34,16.7,5
2026-03-28,-23.5,-46.8,22.9,0.4,72.0,23.31,16.6,5
2026-03-29,-23.5,-46.8,23.4,0.0,70.0,22.41,13.6,5
2026-03-30,-23.5,-46.8,22.1,0.1,72.0,18.37,14.4,5
2026-03-31,-23.5,-46.8,20.5,18.7,78.0,11.26,12.1,5
2026-04-01,-23.5,-46.8,20.1,2.2,86.0,17.02,11.2,5
2026-04-02,-23.5,-46.8,21.4,8.9,84.0,17.14,17.4,5
2026-04-03,-23.5,-46.8,22.6,2.3,77.0,19.5,13.9,5
2026-04-04,-23.5,-46.8,22.6,0.8,80.0,18.91,12.8,5
2026-04-05,-23.5,-46.8,21.9,1.0,81.0,17.93,14.7,5
2026-04-06,-23.5,-46.8,22.5,0.9,80.0,18.38,13.9,5
2026-04-07,-23.5,-46.8,22.4,4.1,83.0,13.61,11.2,5
2026-04-08,-23.5,-46.8,22.1,6.2,80.0,12.19,19.2,5
2026-04-09,-23.5,-46.8,21.1,3.8,83.0,13.82,14.6,5
2026-04-10,-23.5,-46.8,19.0,1.7,80.0,7.24,13.5,5
2026-04-11,-23.5,-46.8,19.2,0.0,75.0,20.66,16.7,5
2026-04-12,-23.5,-46.8,20.4,0.0,73.0,20.33,16.0,5
2026-04-13,-23.5,-46.8,21.3,0.3,72.0,17.62,15.7,5
2026-04-14,-23.5,-46.8,20.7,0.0,72.0,19.79,15.7,5
2026-04-15,-23.5,-46.8,20.7,0.0,69.0,21.22,13.2,5
2026-04-16,-23.5,-46.8,21.7,0.0,69.0,19.9,10.5,5
2026-04-17,-23.5,-46.8,22.8,0.0,63.0,19.7,12.0,5
2026-04-18,-23.5,-46.8,22.8,0.9,67.0,16.4,15.6,5
2026-04-19,-23.5,-46.8,22.4,0.0,67.0,20.82,14.3,5
2026-04-20,-23.5,-46.8,20.6,0.0,68.0,20.96,13.1,5
2026-04-21,-23.5,-46.8,19.9,0.0,69.0,20.48,14.9,5
2026-04-22,-23.5,-46.8,20.7,0.0,69.0,18.49,14.7,5
2026-04-23,-23.5,-46.8,20.9,0.0,72.0,17.41,15.2,5
2026-04-24,-23.5,-46.8,22.4,0.0,65.0,17.61,10.0,5
2026-04-25,-23.5,-46.8,23.1,0.0,61.0,17.53,17.7,5
2026-04-26,-23.5,-46.8,24.1,0.0,60.0,17.52,19.2,5
2026-04-27,-23.5,-46.8,22.1,17.9,76.0,10.41,18.2,5
2026-04-28,-23.5,-46.8,21.8,3.6,83.0,10.37,10.5,5
2026-04-29,-23.5,-46.8,21.6,4.8,84.0,11.08,13.0,5
2026-04-30,-23.5,-46.8,20.9,1.9,80.0,12.99,13.7,5
2026-05-01,-23.5,-46.8,22.0,0.0,78.0,14.2,10.8,5
2026-05-02,-23.5,-46.8,22.4,0.1,70.0,12.3,16.7,5
2026-05-03,-23.5,-46.8,17.7,0.7,79.0,9.02,18.2,5
2026-05-04,-23.5,-46.8,19.6,1.4,76.0,15.78,11.5,5
2026-05-05,-23.5,-46.8,22.4,0.2,67.0,15.74,6.0,5
2026-05-06,-23.5,-46.8,23.7,0.0,61.0,17.47,8.2,5
2026-05-07,-23.5,-46.8,23.4,0.0,56.0,17.35,18.3,5
2026-05-08,-23.5,-46.8,23.8,0.0,56.0,12.1,23.2,5
2026-05-09,-23.5,-46.8,23.2,0.0,63.0,8.81,22.0,5
2026-05-10,-23.5,-46.8,15.1,10.8,89.0,2.46,13.5,5
2026-05-11,-23.5,-46.8,12.9,0.0,79.0,14.87,7.8,5
2026-05-12,-23.5,-46.8,13.8,0.0,77.0,17.73,9.3,5
2026-05-13,-23.5,-46.8,15.5,0.0,74.0,16.19,8.4,5
2026-05-14,-23.5,-46.8,18.0,0.0,74.0,13.19,11.2,5
2026-05-15,-23.5,-46.8,16.7,9.3,93.0,5.3,7.6,5
2026-05-16,-23.5,-46.8,18.1,3.0,86.0,13.52,17.8,5
2026-05-17,-23.5,-46.8,18.2,9.5,92.0,4.23,11.3,5
2026-05-18,-23.5,-46.8,17.4,3.1,91.0,6.29,10.4,5
2026-05-19,-23.5,-46.8,16.4,3.6,90.0,4.24,8.9,5
2026-05-20,-23.5,-46.8,17.2,4.5,87.0,9.72,9.4,5
2026-05-21,-23.5,-46.8,15.2,0.9,89.0,6.67,13.4,5
2026-05-22,-23.5,-46.8,14.6,0.2,89.0,5.99,12.8,5
2026-05-23,-23.5,-46.8,16.6,14.9,92.0,4.77,9.5,5
2026-05-24,-23.5,-46.8,18.0,14.4,91.0,9.14,11.7,5
2026-05-25,-23.5,-46.8,18.0,0.7,85.0,9.57,11.5,5
2026-05-26,-23.5,-46.8,19.7,1.8,85.0,13.84,13.3,5
2026-05-27,-23.5,-46.8,17.9,1.3,88.0,7.04,12.9,5
2026-05-28,-23.5,-46.8,15.0,0.0,84.0,14.99,11.1,5
2026-05-29,-23.5,-46.8,15.8,0.0,84.0,10.6,13.8,5
2026-05-30,-23.5,-46.8,17.4,0.0,83.0,12.02,9.4,5
2026-05-31,-23.5,-46.8,16.6,0.0,84.0,12.65,10.3,5
2026-06-01,-23.5,-46.8,15.3,0.2,85.0,11.77,12.3,5
2026-06-02,-23.5,-46.8,15.1,0.1,83.0,9.89,13.8,5
2026-06-03,-23.5,-46.8,16.7,0.1,81.0,12.85,14.5,5
2026-06-04,-23.5,-46.8,16.8,0.0,80.0,10.9,15.3,5
2026-06-05,-23.5,-46.8,15.6,0.0,79.0,14.14,13.3,5
2026-06-06,-23.5,-46.8,15.4,0.0,76.0,15.04,12.0,5
2026-06-07,-23.5,-46.8,15.2,0.0,73.0,15.16,5.8,5
2026-06-08,-23.5,-46.8,15.4,0.0,73.0,15.12,12.1,5
2026-06-09,-23.5,-46.8,16.0,0.0,70.0,12.38,13.5,5
2026-06-10,-23.5,-46.8,16.5,3.6,76.0,11.86,13.1,5
2026-06-11,-23.5,-46.8,16.1,8.0,90.0,7.65,12.6,5
2026-06-12,-23.5,-46.8,16.6,2.7,87.0,4.7,22.7,5
2026-06-13,-23.5,-46.8,17.5,2.7,87.0,10.29,20.0,5
2026-06-14,-23.5,-46.8,17.9,2.9,88.0,8.35,15.9,5
2026-06-15,-23.5,-46.8,15.7,18.9,93.0,4.31,11.5,5
2026-06-16,-23.5,-46.8,15.0,0.7,90.0,10.97,9.0,5
2026-06-17,-23.5,-46.8,14.3,0.0,83.0,14.5,11.1,5
2026-06-18,-23.5,-46.8,13.2,0.0,80.0,14.83,12.3,5
2026-06-19,-23.5,-46.8,15.4,0.0,75.0,14.71,13.8,5
2026-06-20,-23.5,-46.8,16.8,8.1,80.0,4.91,18.3,5
2026-06-21,-23.5,-46.8,15.1,0.0,79.0,14.62,12.7,5
2026-06-22,-23.5,-46.8,17.0,0.0,69.0,14.71,16.6,5
2026-06-23,-23.5,-46.8,17.0,25.1,88.0,2.54,14.2,5
2026-06-24,-23.5,-46.8,12.9,14.9,92.0,1.4,10.6,5
2026-06-25,-23.5,-46.8,11.8,2.5,93.0,3.25,13.1,5
2026-06-26,-23.5,-46.8,15.4,0.2,90.0,10.99,7.8,5
2026-06-27,-23.5,-46.8,18.3,0.1,85.0,13.7,6.6,5
2026-06-28,-23.5,-46.8,18.6,0.0,79.0,14.27,12.8,5
2026-06-29,-23.5,-46.8,19.4,0.1,77.0,13.89,11.7,5
2026-06-30,-23.5,-46.8,19.5,0.0,75.0,14.31,12.8,5
2026-07-01,-23.5,-46.8,19.6,0.0,71.0,14.29,12.5,5
2026-07-02,-23.5,-46.8,18.6,0.0,76.0,14.4,12.1,5
2026-07-03,-23.5,-46.8,17.4,0.0,80.0,11.4,12.0,5
2026-07-04,-23.5,-46.8,15.3,0.0,88.0,9.53,13.1,5
2026-07-05,-23.5,-46.8,14.7,0.0,86.0,10.68,10.9,5
2026-07-06,-23.5,-46.8,16.7,0.0,78.0,13.42,14.0,5
2026-07-07,-23.5,-46.8,15.3,1.3,84.0,7.66,11.3,5
2026-07-08,-23.5,-46.8,15.6,0.0,77.0,12.89,8.0,5
2026-07-09,-23.5,-46.8,15.6,0.0,74.0,15.13,5.1,5
2026-07-10,-23.5,-46.8,16.3,0.0,71.0,14.99,14.1,5
2026-07-11,-23.5,-46.8,18.0,0.4,72.0,14.76,17.2,5
2026-07-12,-23.5,-46.8,16.5,7.3,84.0,7.98,20.8,5
2026-07-13,-23.5,-46.8,13.0,0.2,76.0,10.5,13.7,5
2026-07-14,-23.5,-46.8,12.6,0.1,80.0,12.51,15.5,5
2026-07-15,-23.5,-46.8,14.4,0.0,73.0,15.7,9.1,5
2026-07-16,-23.5,-46.8,16.3,0.0,64.0,15.84,11.1,5
2026-07-17,-23.5,-46.8,16.8,0.0,55.0,16.14,14.0,5
2026-07-18,-23.5,-46.8,17.3,0.0,53.0,16.16,19.0,5
2025-07-19,-23.5,-46.7,14.7,0.0,66.0,15.84,10.1,5
2025-07-20,-23.5,-46.7,14.6,0.0,74.0,12.64,9.9,5
2025-07-21,-23.5,-46.7,17.4,0.0,71.0,14.88,10.8,5
2025-07-22,-23.5,-46.7,18.6,0.0,66.0,15.38,14.6,5
2025-07-23,-23.5,-46.7,16.7,0.0,65.0,16.56,11.4,5
2025-07-24,-23.5,-46.7,16.2,0.0,78.0,11.29,13.7,5
2025-07-25,-23.5,-46.7,16.2,5.4,82.0,4.58,8.2,5
2025-07-26,-23.5,-46.7,17.9,0.0,68.0,15.66,8.2,5
2025-07-27,-23.5,-46.7,20.0,0.0,56.0,16.92,17.7,5
2025-07-28,-23.5,-46.7,20.0,1.3,65.0,10.48,28.5,5
2025-07-29,-23.5,-46.7,14.3,0.0,60.0,18.46,14.4,5
2025-07-30,-23.5,-46.7,11.7,0.0,68.0,15.88,10.6,5
2025-07-31,-23.5,-46.7,12.9,0.0,71.0,17.55,11.1,5
2025-08-01,-23.5,-46.7,16.3,0.0,66.0,18.04,10.1,5
2025-08-02,-23.5,-46.7,18.6,0.0,51.0,16.16,8.8,5
2025-08-03,-23.5,-46.7,19.1,0.0,42.0,17.0,14.7,5
2025-08-04,-23.5,-46.7,17.4,0.0,55.0,10.66,10.5,5
2025-08-05,-23.5,-46.7,16.0,0.4,78.0,8.19,13.7,5
2025-08-06,-23.5,-46.7,15.6,0.3,78.0,10.98,13.7,5
2025-08-07,-23.5,-46.7,18.1,0.0,64.0,15.66,11.3,5
2025-08-08,-23.5,-46.7,18.0,2.6,72.0,11.92,20.6,5
2025-08-09,-23.5,-46.7,14.2,1.8,71.0,11.68,15.2,5
2025-08-10,-23.5,-46.7,11.4,0.5,77.0,9.55,11.6,5
2025-08-11,-23.5,-46.7,11.6,0.0,77.0,15.85,13.7,5
2025-08-12,-23.5,-46.7,13.7,0.0,72.0,18.19,10.1,5
2025-08-13,-23.5,-46.7,16.8,0.0,56.0,20.07,9.4,5
2025-08-14,-23.5,-46.7,14.8,0.0,67.0,16.37,14.7,5
2025-08-15,-23.5,-46.7,15.0,0.0,73.0,15.33,15.7,5
2025-08-16,-23.5,-46.7,16.7,0.0,75.0,12.84,12.5,5
2025-08-17,-23.5,-46.7,18.3,0.0,72.0,16.19,10.0,5
2025-08-18,-23.5,-46.7,17.1,0.0,75.0,16.81,14.4,5
2025-08-19,-23.5,-46.7,19.2,0.0,66.0,14.17,15.2,5
2025-08-20,-23.5,-46.7,22.9,0.0,47.0,13.38,17.3,5
2025-08-21,-23.5,-46.7,22.8,0.1,57.0,17.28,13.0,5
2025-08-22,-23.5,-46.7,24.1,0.0,51.0,19.57,12.4,5
2025-08-23,-23.5,-46.7,24.9,0.0,35.0,18.52,16.4,5
2025-08-24,-23.5,-46.7,18.2,0.0,71.0,13.31,14.9,5
2025-08-25,-23.5,-46.7,18.6,0.0,74.0,15.8,13.8,5
2025-08-26,-23.5,-46.7,17.1,2.1,79.0,10.25,12.7,5
2025-08-27,-23.5,-46.7,17.1,4.0,87.0,13.49,11.4,5
2025-08-28,-23.5,-46.7,17.6,0.4,83.0,16.6,15.0,5
2025-08-29,-23.5,-46.7,16.7,11.3,86.0,7.95,12.4,5
2025-08-30,-23.5,-46.7,17.3,0.4,82.0,17.38,13.6,5
2025-08-31,-23.5,-46.7,17.4,0.0,80.0,18.04,14.0,5
2025-09-01,-23.5,-46.7,18.8,0.0,79.0,17.45,14.9,5
2025-09-02,-23.5,-46.7,19.8,0.2,73.0,18.96,14.0,5
2025-09-03,-23.5,-46.7,20.4,0.0,64.0,21.43,12.8,5
2025-09-04,-23.5,-46.7,21.0,0.0,56.0,19.36,9.9,5
2025-09-05,-23.5,-46.7,20.0,0.0,64.0,18.21,14.6,5
2025-09-06,-23.5,-46.7,16.4,0.2,80.0,10.42,14.9,5
2025-09-07,-23.5,-46.7,17.2,0.0,80.0,11.26,13.9,5
2025-09-08,-23.5,-46.7,21.6,0.0,68.0,17.83,11.7,5
2025-09-09,-23.5,-46.7,22.6,0.0,51.0,13.54,28.2,5
2025-09-10,-23.5,-46.7,18.9,0.0,67.0,23.18,10.8,5
2025-09-11,-23.5,-46.7,19.9,0.0,60.0,23.91,10.9,5
2025-09-12,-23.5,-46.7,17.1,0.0,68.0,16.86,14.7,5
2025-09-13,-23.5,-46.7,16.4,0.0,72.0,14.6,16.3,5
2025-09-14,-23.5,-46.7,17.5,0.0,73.0,20.15,15.6,5
2025-09-15,-23.5,-46.7,19.2,0.0,73.0,21.77,13.8,5
2025-09-16,-23.5,-46.7,19.9,0.4,72.0,10.2,17.7,5
2025-09-17,-23.5,-46.7,18.6,0.0,71.0,20.06,17.2,5
2025-09-18,-23.5,-46.7,18.4,0.0,71.0,21.57,13.3,5
2025-09-19,-23.5,-46.7,22.1,0.0,63.0,18.51,13.0,5
2025-09-20,-23.5,-46.7,25.2,0.0,50.0,22.33,15.7,5
2025-09-21,-23.5,-46.7,26.3,0.3,48.0,19.23,24.3,5
2025-09-22,-23.5,-46.7,21.3,7.7,79.0,3.43,26.2,5
2025-09-23,-23.5,-46.7,16.0,2.7,82.0,13.13,15.3,5
2025-09-24,-23.5,-46.7,15.5,0.6,85.0,8.57,17.6,5
2025-09-25,-23.5,-46.7,14.5,0.1,82.0,7.97,18.2,5
2025-09-26,-23.5,-46.7,14.3,0.2,77.0,18.27,17.4,5
2025-09-27,-23.5,-46.7,16.0,0.0,70.0,24.5,12.0,5
2025-09-28,-23.5,-46.7,19.8,0.0,61.0,19.88,11.2,5
2025-09-29,-23.5,-46.7,22.5,0.0,57.0,24.91,10.7,5
2025-09-30,-23.5,-46.7,24.5,0.0,51.0,24.25,14.2,5
2025-10-01,-23.5,-46.7,21.1,0.5,70.0,16.83,13.7,5
2025-10-02,-23.5,-46.7,20.0,0.4,75.0,12.14,13.5,5
2025-10-03,-23.5,-46.7,21.2,7.4,75.0,16.91,11.6,5
2025-10-04,-23.5,-46.7,19.9,5.9,79.0,9.64,10.4,5
2025-10-05,-23.5,-46.7,24.2,0.0,54.0,25.92,10.7,5
2025-10-06,-23.5,-46.7,26.8,0.0,42.0,21.93,13.8,5
2025-10-07,-23.5,-46.7,18.8,0.6,81.0,11.39,22.4,5
2025-10-08,-23.5,-46.7,15.4,9.0,83.0,7.79,19.0,5
2025-10-09,-23.5,-46.7,16.4,2.5,79.0,10.79,16.8,5
2025-10-10,-23.5,-46.7,17.1,21.6,88.0,7.91,12.1,5
2025-10-11,-23.5,-46.7,18.7,4.7,85.0,17.36,9.5,5
2025-10-12,-23.5,-46.7,21.5,2.9,73.0,18.79,14.5,5
2025-10-13,-23.5,-46.7,20.3,5.2,81.0,9.58,20.7,5
2025-10-14,-23.5,-46.7,19.9,0.1,82.0,20.29,16.3,5
2025-10-15,-23.5,-46.7,18.3,0.1,81.0,18.7,13.2,5
2025-10-16,-23.5,-46.7,21.1,0.0,76.0,23.43,14.5,5
2025-10-17,-23.5,-46.7,24.5,11.5,61.0,22.98,7.7,5
2025-10-18,-23.5,-46.7,19.6,22.7,90.0,6.8,24.3,5
2025-10-19,-23.5,-46.7,13.8,2.2,84.0,13.37,20.2,5
2025-10-20,-23.5,-46.7,13.3,0.1,76.0,21.53,18.7,5
2025-10-21,-23.5,-46.7,14.2,0.0,72.0,28.05,16.7,5
2025-10-22,-23.5,-46.7,15.4,0.0,71.0,28.98,15.4,5
2025-10-23,-23.5,-46.7,16.9,0.0,66.0,29.71,14.3,5
2025-10-24,-23.5,-46.7,19.2,0.0,60.0,28.69,12.7,5
2025-10-25,-23.5,-46.7,22.4,0.0,51.0,27.11,11.9,5
2025-10-26,-23.5,-46.7,24.3,0.0,48.0,23.45,12.0,5
2025-10-27,-23.5,-46.7,20.1,2.6,76.0,6.26,7.3,5
2025-10-28,-23.5,-46.7,20.0,4.9,85.0,5.32,8.3,5
2025-10-29,-23.5,-46.7,20.5,10.9,85.0,15.31,19.6,5
2025-10-30,-23.5,-46.7,16.6,4.6,85.0,9.03,12.3,5
2025-10-31,-23.5,-46.7,17.3,17.7,89.0,9.34,12.3,5
2025-11-01,-23.5,-46.7,20.9,0.7,80.0,20.34,10.9,5
2025-11-02,-23.5,-46.7,18.9,26.9,93.0,5.1,17.8,5
2025-11-03,-23.5,-46.7,20.3,9.0,84.0,16.35,16.5,5
2025-11-04,-23.5,-46.7,21.2,3.1,84.0,18.54,11.5,5
2025-11-05,-23.5,-46.7,22.7,3.4,80.0,16.57,18.5,5
2025-11-06,-23.5,-46.7,18.0,1.6,79.0,12.64,15.6,5
2025-11-07,-23.5,-46.7,20.0,0.5,73.0,23.18,12.2,5
2025-11-08,-23.5,-46.7,21.0,9.2,81.0,11.63,25.1,5
2025-11-09,-23.5,-46.7,16.7,0.5,76.0,16.3,15.5,5
2025-11-10,-23.5,-46.7,16.4,0.0,70.0,26.98,15.3,5
2025-11-11,-23.5,-46.7,18.0,0.0,67.0,29.49,14.3,5
2025-11-12,-23.5,-46.7,21.9,0.0,60.0,29.16,14.6,5
2025-11-13,-23.5,-46.7,22.3,0.7,63.0,14.03,11.9,5
2025-11-14,-23.5,-46.7,19.2,10.8,76.0,15.84,12.6,5
2025-11-15,-23.5,-46.7,20.6,0.0,71.0,16.75,12.6,5
2025-11-16,-23.5,-46.7,21.3,11.6,82.0,10.69,14.9,5
2025-11-17,-23.5,-46.7,21.8,26.4,85.0,11.88,14.3,5
2025-11-18,-23.5,-46.7,20.6,11.4,84.0,11.75,25.0,5
2025-11-19,-23.5,-46.7,18.8,0.0,69.0,25.64,15.4,5
2025-11-20,-23.5,-46.7,17.8,0.0,73.0,26.95,15.7,5
2025-11-21,-23.5,-46.7,21.9,0.0,56.0,28.45,12.6,5
2025-11-22,-23.5,-46.7,23.4,1.6,61.0,20.8,11.5,5
2025-11-23,-23.5,-46.7,20.4,10.5,78.0,16.2,14.9,5
2025-11-24,-23.5,-46.7,18.9,25.0,84.0,10.94,14.3,5
2025-11-25,-23.5,-46.7,18.1,1.0,79.0,21.03,13.0,5
2025-11-26,-23.5,-46.7,17.9,0.0,72.0,30.31,14.4,5
2025-11-27,-23.5,-46.7,17.8,0.0,75.0,24.97,15.9,5
2025-11-28,-23.5,-46.7,22.4,0.3,65.0,25.09,13.0,5
2025-11-29,-23.5,-46.7,24.3,0.1,49.0,30.16,12.8,5
2025-11-30,-23.5,-46.7,25.0,0.0,52.0,28.89,12.9,5
2025-12-01,-23.5,-46.7,24.1,0.1,66.0,21.8,12.4,5
2025-12-02,-23.5,-46.7,22.9,18.3,77.0,14.7,14.1,5
2025-12-03,-23.5,-46.7,22.8,5.1,73.0,21.93,14.6,5
2025-12-04,-23.5,-46.7,20.3,0.6,74.0,20.56,16.5,5
2025-12-05,-23.5,-46.7,21.3,0.4,69.0,25.32,15.6,5
2025-12-06,-23.5,-46.7,23.6,0.5,66.0,25.53,12.3,5
2025-12-07,-23.5,-46.7,25.0,2.5,64.0,23.32,11.3,5
2025-12-08,-23.5,-46.7,22.9,22.8,77.0,14.01,13.2,5
2025-12-09,-23.5,-46.7,20.3,17.2,89.0,6.46,27.1,5
2025-12-10,-23.5,-46.7,22.7,4.9,69.0,24.0,38.3,5
2025-12-11,-23.5,-46.7,23.9,0.0,54.0,29.32,21.6,5
2025-12-12,-23.5,-46.7,23.1,2.9,63.0,16.3,16.9,5
2025-12-13,-23.5,-46.7,21.4,27.2,86.0,14.58,20.6,5
2025-12-14,-23.5,-46.7,22.1,6.9,83.0,12.07,18.3,5
2025-12-15,-23.5,-46.7,24.2,1.6,77.0,22.29,14.4,5
2025-12-16,-23.5,-46.7,23.3,4.4,82.0,19.48,17.1,5
2025-12-17,-23.5,-46.7,17.2,7.0,83.0,8.64,20.3,5
2025-12-18,-23.5,-46.7,18.5,0.0,81.0,12.93,12.7,5
2025-12-19,-23.5,-46.7,20.4,0.5,84.0,12.55,13.6,5
2025-12-20,-23.5,-46.7,21.8,0.6,78.0,23.01,13.3,5
2025-12-21,-23.5,-46.7,24.9,0.5,60.0,28.08,14.3,5
2025-12-22,-23.5,-46.7,26.5,0.3,52.0,28.26,11.4,5
2025-12-23,-23.5,-46.7,27.7,0.2,47.0,26.62,12.7,5
2025-12-24,-23.5,-46.7,28.2,1.0,47.0,26.97,9.3,5
2025-12-25,-23.5,-46.7,28.8,1.1,50.0,27.22,7.6,5
2025-12-26,-23.5,-46.7,28.1,0.6,55.0,23.72,9.3,5
2025-12-27,-23.5,-46.7,27.4,1.2,64.0,25.48,8.4,5
2025-12-28,-23.5,-46.7,27.7,18.0,62.0,27.27,12.5,5
2025-12-29,-23.5,-46.7,26.7,6.8,66.0,23.85,11.8,5
2025-12-30,-23.5,-46.7,25.4,16.0,76.0,25.35,10.3,5
2025-12-31,-23.5,-46.7,24.0,10.9,80.0,21.11,12.8,5
2026-01-01,-23.5,-46.7,24.5,0.4,74.0,20.8,18.4,5
2026-01-02,-23.5,-46.7,22.9,15.4,82.0,16.87,17.6,5
2026-01-03,-23.5,-46.7,24.3,2.9,74.0,22.01,16.2,5
2026-01-04,-23.5,-46.7,21.1,1.6,79.0,17.62,15.2,5
2026-01-05,-23.5,-46.7,19.3,0.4,77.0,13.45,19.0,5
2026-01-06,-23.5,-46.7,21.4,2.7,70.0,21.61,14.7,5
2026-01-07,-23.5,-46.7,23.1,3.4,71.0,22.15,11.4,5
2026-01-08,-23.5,-46.7,23.3,15.4,72.0,23.52,15.5,5
2026-01-09,-23.5,-46.7,24.6,6.7,72.0,24.52,9.3,5
2026-01-10,-23.5,-46.7,26.7,7.4,59.0,27.67,15.0,5
2026-01-11,-23.5,-46.7,27.0,0.3,59.0,28.0,16.1,5
2026-01-12,-23.5,-46.7,26.5,4.3,57.0,25.24,18.4,5
2026-01-13,-23.5,-46.7,22.9,4.3,74.0,18.01,12.5,5
2026-01-14,-23.5,-46.7,22.1,18.2,80.0,18.97,14.5,5
2026-01-15,-23.5,-46.7,21.8,13.1,83.0,16.87,15.2,5
2026-01-16,-23.5,-46.7,22.2,20.5,83.0,17.24,12.0,5
2026-01-17,-23.5,-46.7,22.0,21.2,83.0,18.57,14.8,5
2026-01-18,-23.5,-46.7,22.2,12.7,82.0,18.3,17.5,5
2026-01-19,-23.5,-46.7,20.2,15.4,89.0,11.58,24.6,5
2026-01-20,-23.5,-46.7,18.0,1.2,81.0,15.92,17.8,5
2026-01-21,-23.5,-46.7,17.1,7.0,83.0,11.82,15.0,5
2026-01-22,-23.5,-46.7,17.7,9.2,84.0,11.02,15.1,5
2026-01-23,-23.5,-46.7,19.3,3.0,84.0,19.66,15.3,5
2026-01-24,-23.5,-46.7,20.2,4.2,84.0,14.12,13.7,5
2026-01-25,-23.5,-46.7,20.8,11.5,86.0,17.55,10.7,5
2026-01-26,-23.5,-46.7,21.1,3.0,85.0,22.88,12.6,5
2026-01-27,-23.5,-46.7,22.1,1.3,82.0,21.73,13.3,5
2026-01-28,-23.5,-46.7,22.3,9.2,79.0,19.85,9.9,5
2026-01-29,-23.5,-46.7,21.7,16.2,83.0,22.34,12.2,5
2026-01-30,-23.5,-46.7,20.5,16.8,86.0,12.87,15.7,5
2026-01-31,-23.5,-46.7,21.9,0.6,80.0,19.54,15.9,5
2026-02-01,-23.5,-46.7,22.0,2.6,84.0,13.56,21.4,5
2026-02-02,-23.5,-46.7,21.2,7.3,88.0,13.41,14.0,5
2026-02-03,-23.5,-46.7,21.7,40.0,87.0,13.67,14.1,5
2026-02-04,-23.5,-46.7,22.1,10.6,86.0,15.53,16.3,5
2026-02-05,-23.5,-46.7,21.8,9.6,86.0,17.62,13.4,5
2026-02-06,-23.5,-46.7,22.5,7.8,84.0,18.6,11.8,5
2026-02-07,-23.5,-46.7,22.3,9.1,87.0,13.56,10.6,5
2026-02-08,-23.5,-46.7,20.9,19.9,86.0,16.3,13.4,5
2026-02-09,-23.5,-46.7,19.9,22.1,92.0,10.48,7.4,5
2026-02-10,-23.5,-46.7,21.1,16.7,87.0,14.21,17.1,5
2026-02-11,-23.5,-46.7,22.3,12.5,81.0,15.88,19.3,5
2026-02-12,-23.5,-46.7,24.2,0.6,76.0,19.93,14.3,5
2026-02-13,-23.5,-46.7,25.8,0.9,66.0,25.0,13.0,5
2026-02-14,-23.5,-46.7,23.9,1.3,75.0,17.96,12.1,5
2026-02-15,-23.5,-46.7,24.6,0.5,68.0,26.23,13.0,5
2026-02-16,-23.5,-46.7,26.1,0.1,62.0,26.34,7.5,5
2026-02-17,-23.5,-46.7,26.1,1.8,61.0,21.42,11.3,5
2026-02-18,-23.5,-46.7,23.8,1.2,78.0,19.64,10.9,5
2026-02-19,-23.5,-46.7,22.9,2.6,83.0,20.28,11.3,5
2026-02-20,-23.5,-46.7,24.0,0.3,76.0,22.92,12.4,5
2026-02-21,-23.5,-46.7,23.4,8.6,78.0,16.59,15.3,5
2026-02-22,-23.5,-46.7,21.8,8.5,84.0,16.91,17.6,5
2026-02-23,-23.5,-46.7,21.5,16.6,89.0,13.08,13.2,5
2026-02-24,-23.5,-46.7,22.4,18.0,85.0,14.29,8.1,5
2026-02-25,-23.5,-46.7,22.8,34.6,87.0,14.62,12.6,5
2026-02-26,-23.5,-46.7,21.2,8.6,90.0,10.21,21.9,5
2026-02-27,-23.5,-46.7,20.0,2.5,85.0,12.81,16.7,5
2026-02-28,-23.5,-46.7,19.3,0.3,78.0,20.74,14.0,5
2026-03-01,-23.5,-46.7,18.8,0.0,76.0,21.61,14.0,5
2026-03-02,-23.5,-46.7,18.9,0.0,77.0,20.99,12.8,5
2026-03-03,-23.5,-46.7,20.2,0.0,74.0,19.81,13.6,5
2026-03-04,-23.5,-46.7,21.1,0.0,70.0,22.73,14.8,5
2026-03-05,-23.5,-46.7,22.7,0.7,71.0,20.69,13.4,5
2026-03-06,-23.5,-46.7,23.2,2.6,78.0,13.49,12.7,5
2026-03-07,-23.5,-46.7,22.3,37.3,87.0,14.63,17.6,5
2026-03-08,-23.5,-46.7,21.6,8.6,84.0,18.57,12.3,5
2026-03-09,-23.5,-46.7,20.1,9.3,90.0,6.46,13.1,5
2026-03-10,-23.5,-46.7,19.3,17.3,94.0,7.29,8.7,5
2026-03-11,-23.5,-46.7,19.9,18.1,94.0,7.16,9.5,5
2026-03-12,-23.5,-46.7,19.8,28.0,93.0,6.96,15.3,5
2026-03-13,-23.5,-46.7,20.3,3.4,86.0,11.07,10.6,5
2026-03-14,-23.5,-46.7,21.1,0.1,80.0,24.85,9.7,5
2026-03-15,-23.5,-46.7,23.2,1.0,73.0,21.38,10.3,5
2026-03-16,-23.5,-46.7,24.1,0.0,67.0,25.37,13.8,5
2026-03-17,-23.5,-46.7,23.8,0.0,69.0,21.83,12.1,5
2026-03-18,-23.5,-46.7,23.3,7.0,76.0,18.29,14.0,5
2026-03-19,-23.5,-46.7,22.4,6.7,81.0,9.13,8.8,5
2026-03-20,-23.5,-46.7,21.5,0.4,80.0,17.46,12.6,5
2026-03-21,-23.5,-46.7,23.0,0.2,74.0,22.43,14.5,5
2026-03-22,-23.5,-46.7,23.3,0.0,66.0,20.02,13.1,5
2026-03-23,-23.5,-46.7,23.3,0.1,62.0,24.45,14.1,5
2026-03-24,-23.5,-46.7,23.3,0.4,67.0,24.06,13.2,5
2026-03-25,-23.5,-46.7,23.8,2.6,67.0,18.97,10.8,5
2026-03-26,-23.5,-46.7,23.9,2.0,73.0,18.88,13.0,5
2026-03-27,-23.5,-46.7,23.8,0.0,70.0,23.34,14.8,5
2026-03-28,-23.5,-46.7,23.1,0.1,69.0,23.31,13.7,5
2026-03-29,-23.5,-46.7,23.5,0.0,68.0,22.41,12.7,5
2026-03-30,-23.5,-46.7,22.3,0.2,71.0,18.37,12.8,5
2026-03-31,-23.5,-46.7,20.4,28.9,78.0,11.26,11.1,5
2026-04-01,-23.5,-46.7,20.2,6.9,86.0,17.02,13.0,5
2026-04-02,-23.5,-46.7,21.7,5.9,81.0,17.14,14.2,5
2026-04-03,-23.5,-46.7,22.6,0.5,77.0,19.5,12.5,5
2026-04-04,-23.5,-46.7,22.5,4.8,82.0,18.91,10.9,5
2026-04-05,-23.5,-46.7,21.7,0.4,82.0,17.93,13.5,5
2026-04-06,-23.5,-46.7,22.4,0.5,81.0,18.38,12.4,5
2026-04-07,-23.5,-46.7,22.3,5.9,83.0,13.61,10.5,5
2026-04-08,-23.5,-46.7,22.1,5.3,80.0,12.19,17.0,5
2026-04-09,-23.5,-46.7,20.9,7.2,84.0,13.82,13.6,5
2026-04-10,-23.5,-46.7,18.6,0.8,83.0,7.24,11.7,5
2026-04-11,-23.5,-46.7,18.9,0.0,77.0,20.66,15.5,5
2026-04-12,-23.5,-46.7,19.9,0.0,75.0,20.33,13.5,5
2026-04-13,-23.5,-46.7,21.3,0.2,73.0,17.62,14.9,5
2026-04-14,-23.5,-46.7,20.7,0.0,72.0,19.79,14.1,5
2026-04-15,-23.5,-46.7,20.5,0.0,69.0,21.22,11.8,5
2026-04-16,-23.5,-46.7,21.6,0.1,70.0,19.9,10.7,5
2026-04-17,-23.5,-46.7,23.2,0.0,60.0,19.7,11.0,5
2026-04-18,-23.5,-46.7,23.1,1.7,64.0,16.4,14.3,5
2026-04-19,-23.5,-46.7,22.3,0.0,68.0,20.82,14.6,5
2026-04-20,-23.5,-46.7,20.4,0.0,68.0,20.96,11.8,5
2026-04-21,-23.5,-46.7,19.6,0.0,70.0,20.48,13.6,5
2026-04-22,-23.5,-46.7,20.6,0.0,69.0,18.49,13.8,5
2026-04-23,-23.5,-46.7,20.7,0.0,72.0,17.41,13.7,5
2026-04-24,-23.5,-46.7,22.3,0.0,65.0,17.61,9.0,5
2026-04-25,-23.5,-46.7,23.6,0.0,58.0,17.53,16.6,5
2026-04-26,-23.5,-46.7,24.6,0.0,57.0,17.52,17.5,5
2026-04-27,-23.5,-46.7,22.8,18.9,72.0,10.41,17.1,5
2026-04-28,-23.5,-46.7,21.7,9.6,84.0,10.37,10.5,5
2026-04-29,-23.5,-46.7,21.5,8.5,85.0,11.08,11.4,5
2026-04-30,-23.5,-46.7,20.7,1.2,81.0,12.99,13.8,5
2026-05-01,-23.5,-46.7,22.0,0.1,78.0,14.2,9.7,5
2026-05-02,-23.5,-46.7,22.6,0.5,68.0,12.3,16.0,5
2026-05-03,-23.5,-46.7,17.6,1.1,80.0,9.02,15.7,5
2026-05-04,-23.5,-46.7,19.5,1.8,76.0,15.78,11.4,5
2026-05-05,-23.5,-46.7,22.5,0.2,66.0,15.74,7.2,5
2026-05-06,-23.5,-46.7,23.8,0.0,60.0,17.47,10.0,5
2026-05-07,-23.5,-46.7,23.5,0.0,55.0,17.35,17.8,5
2026-05-08,-23.5,-46.7,23.9,0.0,55.0,12.1,22.4,5
2026-05-09,-23.5,-46.7,23.6,0.1,61.0,8.81,20.5,5
2026-05-10,-23.5,-46.7,15.3,13.0,89.0,2.46,12.4,5
2026-05-11,-23.5,-46.7,13.3,0.0,75.0,14.87,8.2,5
2026-05-12,-23.5,-46.7,13.9,0.0,76.0,17.73,8.8,5
2026-05-13,-23.5,-46.7,16.0,0.0,72.0,16.19,6.5,5
2026-05-14,-23.5,-46.7,18.4,0.0,73.0,13.19,10.5,5
2026-05-15,-23.5,-46.7,17.2,8.2,90.0,5.3,7.9,5
2026-05-16,-23.5,-46.7,18.4,6.4,84.0,13.52,13.6,5
2026-05-17,-23.5,-46.7,18.4,10.6,91.0,4.23,11.2,5
2026-05-18,-23.5,-46.7,17.5,3.5,90.0,6.29,9.6,5
2026-05-19,-23.5,-46.7,16.5,2.9,91.0,4.24,7.9,5
2026-05-20,-23.5,-46.7,17.2,3.9,87.0,9.72,8.7,5
2026-05-21,-23.5,-46.7,15.3,1.5,88.0,6.67,12.3,5
2026-05-22,-23.5,-46.7,14.5,0.4,90.0,5.99,11.5,5
2026-05-23,-23.5,-46.7,16.6,18.0,91.0,4.77,9.0,5
2026-05-24,-23.5,-46.7,18.1,9.8,91.0,9.14,12.0,5
2026-05-25,-23.5,-46.7,18.0,1.0,86.0,9.57,9.8,5
2026-05-26,-23.5,-46.7,19.8,3.0,83.0,13.84,13.0,5
2026-05-27,-23.5,-46.7,18.0,1.2,88.0,7.04,11.2,5
2026-05-28,-23.5,-46.7,15.1,0.0,84.0,14.99,11.3,5
2026-05-29,-23.5,-46.7,15.8,0.0,84.0,10.6,12.2,5
2026-05-30,-23.5,-46.7,17.4,0.2,83.0,12.02,9.3,5
2026-05-31,-23.5,-46.7,16.6,0.3,84.0,12.65,10.0,5
2026-06-01,-23.5,-46.7,15.3,0.0,84.0,11.77,12.0,5
2026-06-02,-23.5,-46.7,15.2,0.0,82.0,9.89,12.8,5
2026-06-03,-23.5,-46.7,16.7,0.0,80.0,12.85,13.1,5
2026-06-04,-23.5,-46.7,16.8,0.0,79.0,10.9,13.5,5
2026-06-05,-23.5,-46.7,15.7,0.0,78.0,14.14,12.2,5
2026-06-06,-23.5,-46.7,16.0,0.0,71.0,15.04,10.1,5
2026-06-07,-23.5,-46.7,15.9,0.0,68.0,15.16,7.6,5
2026-06-08,-23.5,-46.7,16.3,0.0,68.0,15.12,10.7,5
2026-06-09,-23.5,-46.7,17.0,0.0,63.0,12.38,13.3,5
2026-06-10,-23.5,-46.7,17.2,3.7,71.0,11.86,11.8,5
2026-06-11,-23.5,-46.7,16.5,7.6,88.0,7.65,11.8,5
2026-06-12,-23.5,-46.7,17.1,2.5,83.0,4.7,22.6,5
2026-06-13,-23.5,-46.7,17.7,2.9,86.0,10.29,19.1,5
2026-06-14,-23.5,-46.7,18.2,1.5,86.0,8.35,15.2,5
2026-06-15,-23.5,-46.7,15.7,19.9,93.0,4.31,9.8,5
2026-06-16,-23.5,-46.7,15.1,1.0,90.0,10.97,8.0,5
2026-06-17,-23.5,-46.7,14.2,0.0,82.0,14.5,10.4,5
2026-06-18,-23.5,-46.7,13.1,0.0,79.0,14.83,11.5,5
2026-06-19,-23.5,-46.7,15.8,0.0,74.0,14.71,13.7,5
2026-06-20,-23.5,-46.7,17.7,8.7,74.0,4.91,17.7,5
2026-06-21,-23.5,-46.7,15.4,0.0,78.0,14.62,12.2,5
2026-06-22,-23.5,-46.7,17.6,0.0,65.0,14.71,16.5,5
2026-06-23,-23.5,-46.7,17.1,28.2,86.0,2.54,15.9,5
2026-06-24,-23.5,-46.7,13.0,28.0,92.0,1.4,8.9,5
2026-06-25,-23.5,-46.7,11.7,3.0,93.0,3.25,11.2,5
2026-06-26,-23.5,-46.7,15.4,0.4,91.0,10.99,6.7,5
2026-06-27,-23.5,-46.7,18.4,0.0,85.0,13.7,8.3,5
2026-06-28,-23.5,-46.7,19.1,0.0,78.0,14.27,12.1,5
2026-06-29,-23.5,-46.7,19.8,0.3,74.0,13.89,12.3,5
2026-06-30,-23.5,-46.7,19.9,0.0,73.0,14.31,13.2,5
2026-07-01,-23.5,-46.7,20.2,0.0,68.0,14.29,12.6,5
2026-07-02,-23.5,-46.7,19.6,0.0,70.0,14.4,10.9,5
2026-07-03,-23.5,-46.7,17.8,0.0,78.0,11.4,13.2,5
2026-07-04,-23.5,-46.7,15.4,0.0,86.0,9.53,10.9,5
2026-07-05,-23.5,-46.7,14.8,0.0,84.0,10.68,9.4,5
2026-07-06,-23.5,-46.7,17.2,0.0,75.0,13.42,12.8,5
2026-07-07,-23.5,-46.7,15.8,1.1,81.0,7.66,11.8,5
2026-07-08,-23.5,-46.7,16.0,0.0,75.0,12.89,7.1,5
2026-07-09,-23.5,-46.7,16.3,0.0,70.0,15.13,5.9,5
2026-07-10,-23.5,-46.7,17.4,0.0,63.0,14.99,12.7,5
2026-07-11,-23.5,-46.7,19.1,0.2,65.0,14.76,17.3,5
2026-07-12,-23.5,-46.7,16.8,7.2,82.0,7.98,19.5,5
2026-07-13,-23.5,-46.7,13.2,0.4,75.0,10.5,12.3,5
2026-07-14,-23.5,-46.7,12.8,0.1,79.0,12.51,14.2,5
2026-07-15,-23.5,-46.7,14.7,0.0,71.0,15.7,10.5,5
2026-07-16,-23.5,-46.7,16.5,0.0,63.0,15.84,9.2,5
2026-07-17,-23.5,-46.7,17.2,0.0,53.0,16.14,13.3,5
2026-07-18,-23.5,-46.7,17.6,0.0,52.0,16.16,18.8,5
2025-07-19,-23.5,-46.6,14.4,0.0,68.0,15.84,9.3,5
2025-07-20,-23.5,-46.6,14.3,0.0,76.0,12.64,9.4,5
2025-07-21,-23.5,-46.6,17.1,0.0,73.0,14.88,10.6,5
2025-07-22,-23.5,-46.6,18.8,0.0,65.0,15.38,13.7,5
2025-07-23,-23.5,-46.6,16.7,0.0,65.0,16.56,10.1,5
2025-07-24,-23.5,-46.6,16.0,0.1,79.0,11.29,13.8,5
2025-07-25,-23.5,-46.6,15.8,5.1,85.0,4.58,8.6,5
2025-07-26,-23.5,-46.6,17.4,0.0,71.0,15.66,8.4,5
2025-07-27,-23.5,-46.6,19.8,0.0,58.0,16.92,15.7,5
2025-07-28,-23.5,-46.6,20.2,1.7,63.0,10.48,30.4,5
2025-07-29,-23.5,-46.6,14.4,0.1,58.0,18.46,14.5,5
2025-07-30,-23.5,-46.6,11.4,0.0,69.0,15.88,9.9,5
2025-07-31,-23.5,-46.6,12.6,0.0,72.0,17.55,10.8,5
2025-08-01,-23.5,-46.6,15.8,0.0,68.0,18.04,11.1,5
2025-08-02,-23.5,-46.6,18.3,0.0,55.0,16.16,8.8,5
2025-08-03,-23.5,-46.6,18.9,0.0,45.0,17.0,14.8,5
2025-08-04,-23.5,-46.6,17.2,0.0,58.0,10.66,9.4,5
2025-08-05,-23.5,-46.6,15.9,0.8,79.0,8.19,12.3,5
2025-08-06,-23.5,-46.6,15.5,0.5,80.0,10.98,12.8,5
2025-08-07,-23.5,-46.6,17.6,0.0,69.0,15.66,10.0,5
2025-08-08,-23.5,-46.6,17.9,6.6,73.0,11.92,21.0,5
2025-08-09,-23.5,-46.6,14.1,2.3,73.0,11.68,15.4,5
2025-08-10,-23.5,-46.6,11.3,0.5,79.0,9.55,11.0,5
2025-08-11,-23.5,-46.6,11.3,0.0,80.0,15.85,13.0,5
2025-08-12,-23.5,-46.6,13.2,0.0,75.0,18.19,10.1,5
2025-08-13,-23.5,-46.6,16.6,0.0,60.0,20.07,10.3,5
2025-08-14,-23.5,-46.6,14.6,0.0,70.0,16.37,13.0,5
2025-08-15,-23.5,-46.6,14.8,0.0,74.0,15.33,14.4,5
2025-08-16,-23.5,-46.6,16.3,0.0,77.0,12.84,12.2,5
2025-08-17,-23.5,-46.6,17.9,0.0,75.0,16.19,8.9,5
2025-08-18,-23.5,-46.6,16.7,0.0,77.0,16.81,13.6,5
2025-08-19,-23.5,-46.6,18.6,0.0,69.0,14.17,13.9,5
2025-08-20,-23.5,-46.6,22.4,0.1,49.0,13.38,15.0,5
2025-08-21,-23.5,-46.6,23.1,0.4,56.0,17.28,12.3,5
2025-08-22,-23.5,-46.6,24.2,0.0,50.0,19.57,11.0,5
2025-08-23,-23.5,-46.6,25.0,0.0,34.0,18.52,16.0,5
2025-08-24,-23.5,-46.6,18.1,0.1,72.0,13.31,13.6,5
2025-08-25,-23.5,-46.6,18.2,0.0,76.0,15.8,13.3,5
2025-08-26,-23.5,-46.6,16.8,3.5,80.0,10.25,11.9,5
2025-08-27,-23.5,-46.6,16.9,5.0,87.0,13.49,11.6,5
2025-08-28,-23.5,-46.6,17.5,0.5,82.0,16.6,14.4,5
2025-08-29,-23.5,-46.6,16.6,8.8,86.0,7.95,9.4,5
2025-08-30,-23.5,-46.6,17.3,0.3,82.0,17.38,12.6,5
2025-08-31,-23.5,-46.6,17.3,0.0,80.0,18.04,13.5,5
2025-09-01,-23.5,-46.6,18.6,0.2,79.0,17.45,15.4,5
2025-09-02,-23.5,-46.6,19.7,2.2,73.0,18.96,14.1,5
2025-09-03,-23.5,-46.6,20.4,0.0,64.0,21.43,13.3,5
2025-09-04,-23.5,-46.6,21.2,0.0,51.0,19.36,10.2,5
2025-09-05,-23.5,-46.6,20.1,0.0,61.0,18.21,12.4,5
2025-09-06,-23.5,-46.6,16.2,0.3,81.0,10.42,13.6,5
2025-09-07,-23.5,-46.6,17.0,0.3,82.0,11.26,12.5,5
2025-09-08,-23.5,-46.6,21.3,0.0,69.0,17.83,12.0,5
2025-09-09,-23.5,-46.6,22.8,0.0,49.0,13.54,30.4,5
2025-09-10,-23.5,-46.6,19.1,0.0,64.0,23.18,11.4,5
2025-09-11,-23.5,-46.6,19.6,0.0,61.0,23.91,9.6,5
2025-09-12,-23.5,-46.6,17.0,0.0,69.0,16.86,13.5,5
2025-09-13,-23.5,-46.6,16.1,0.0,73.0,14.6,15.3,5
2025-09-14,-23.5,-46.6,17.2,0.0,74.0,20.15,15.7,5
2025-09-15,-23.5,-46.6,18.8,0.0,75.0,21.77,12.9,5
2025-09-16,-23.5,-46.6,19.7,1.5,74.0,10.2,19.2,5
2025-09-17,-23.5,-46.6,18.3,0.1,73.0,20.06,16.3,5
2025-09-18,-23.5,-46.6,18.2,0.0,73.0,21.57,12.6,5
2025-09-19,-23.5,-46.6,21.8,0.0,65.0,18.51,13.5,5
2025-09-20,-23.5,-46.6,25.2,0.0,50.0,22.33,15.6,5
2025-09-21,-23.5,-46.6,26.2,0.3,49.0,19.23,24.6,5
2025-09-22,-23.5,-46.6,21.6,9.1,77.0,3.43,26.8,5
2025-09-23,-23.5,-46.6,15.9,3.1,82.0,13.13,13.6,5
2025-09-24,-23.5,-46.6,15.5,0.5,84.0,8.57,16.5,5
2025-09-25,-23.5,-46.6,14.5,0.2,82.0,7.97,17.4,5
2025-09-26,-23.5,-46.6,14.3,0.5,76.0,18.27,17.2,5
2025-09-27,-23.5,-46.6,16.0,0.0,69.0,24.5,14.7,5
2025-09-28,-23.5,-46.6,19.5,0.0,62.0,19.88,12.5,5
2025-09-29,-23.5,-46.6,22.1,0.0,60.0,24.91,12.8,5
2025-09-30,-23.5,-46.6,24.1,0.0,53.0,24.25,13.2,5
2025-10-01,-23.5,-46.6,21.2,0.4,69.0,16.83,12.0,5
2025-10-02,-23.5,-46.6,19.9,0.0,75.0,12.14,12.7,5
2025-10-03,-23.5,-46.6,21.1,2.8,74.0,16.91,12.5,5
2025-10-04,-23.5,-46.6,20.1,2.7,77.0,9.64,10.4,5
2025-10-05,-23.5,-46.6,24.5,0.0,52.0,25.92,9.6,5
2025-10-06,-23.5,-46.6,27.5,0.0,38.0,21.93,12.4,5
2025-10-07,-23.5,-46.6,19.0,1.0,79.0,11.39,19.8,5
2025-10-08,-23.5,-46.6,15.5,13.8,82.0,7.79,16.9,5
2025-10-09,-23.5,-46.6,16.4,1.0,78.0,10.79,19.6,5
2025-10-10,-23.5,-46.6,17.1,18.5,88.0,7.91,13.2,5
2025-10-11,-23.5,-46.6,18.7,6.6,85.0,17.36,8.3,5
2025-10-12,-23.5,-46.6,21.5,2.4,73.0,18.79,13.8,5
2025-10-13,-23.5,-46.6,20.6,5.1,80.0,9.58,20.2,5
2025-10-14,-23.5,-46.6,19.6,0.6,82.0,20.29,15.1,5
2025-10-15,-23.5,-46.6,18.1,0.1,82.0,18.7,12.5,5
2025-10-16,-23.5,-46.6,20.7,0.0,78.0,23.43,13.6,5
2025-10-17,-23.5,-46.6,23.9,7.9,66.0,22.98,8.3,5
2025-10-18,-23.5,-46.6,19.6,26.3,90.0,6.8,23.1,5
2025-10-19,-23.5,-46.6,13.7,2.1,85.0,13.37,19.9,5
2025-10-20,-23.5,-46.6,13.2,0.3,77.0,21.53,17.6,5
2025-10-21,-23.5,-46.6,14.1,0.0,73.0,28.05,16.6,5
2025-10-22,-23.5,-46.6,15.3,0.0,71.0,28.98,14.1,5
2025-10-23,-23.5,-46.6,16.8,0.0,66.0,29.71,14.5,5
2025-10-24,-23.5,-46.6,18.9,0.0,62.0,28.69,13.7,5
2025-10-25,-23.5,-46.6,22.1,0.0,52.0,27.11,12.2,5
2025-10-26,-23.5,-46.6,24.1,0.0,49.0,23.45,10.6,5
2025-10-27,-23.5,-46.6,20.2,1.8,74.0,6.26,7.6,5
2025-10-28,-23.5,-46.6,19.6,13.7,88.0,5.32,8.7,5
2025-10-29,-23.5,-46.6,20.7,17.6,85.0,15.31,19.9,5
2025-10-30,-23.5,-46.6,16.4,7.6,86.0,9.03,10.5,5
2025-10-31,-23.5,-46.6,17.2,18.5,89.0,9.34,11.4,5
2025-11-01,-23.5,-46.6,20.8,1.1,80.0,20.34,10.8,5
2025-11-02,-23.5,-46.6,18.9,22.5,92.0,5.1,16.4,5
2025-11-03,-23.5,-46.6,20.6,9.1,82.0,16.35,17.0,5
2025-11-04,-23.5,-46.6,21.2,3.0,84.0,18.54,10.7,5
2025-11-05,-23.5,-46.6,23.0,4.8,78.0,16.57,19.0,5
2025-11-06,-23.5,-46.6,18.1,1.3,77.0,12.64,14.6,5
2025-11-07,-23.5,-46.6,20.0,0.8,72.0,23.18,12.9,5
2025-11-08,-23.5,-46.6,21.3,7.2,78.0,11.63,25.6,5
2025-11-09,-23.5,-46.6,16.6,0.4,76.0,16.3,15.1,5
2025-11-10,-23.5,-46.6,16.4,0.0,70.0,26.98,14.5,5
2025-11-11,-23.5,-46.6,18.0,0.0,67.0,29.49,14.3,5
2025-11-12,-23.5,-46.6,21.8,0.0,60.0,29.16,13.6,5
2025-11-13,-23.5,-46.6,22.5,1.3,61.0,14.03,9.2,5
2025-11-14,-23.5,-46.6,19.1,13.2,75.0,15.84,11.7,5
2025-11-15,-23.5,-46.6,20.4,0.0,73.0,16.75,11.9,5
2025-11-16,-23.5,-46.6,20.9,11.0,84.0,10.69,15.4,5
2025-11-17,-23.5,-46.6,21.6,21.6,85.0,11.88,13.8,5
2025-11-18,-23.5,-46.6,20.7,12.5,83.0,11.75,23.6,5
2025-11-19,-23.5,-46.6,18.5,0.1,70.0,25.64,13.7,5
2025-11-20,-23.5,-46.6,17.8,0.2,74.0,26.95,15.1,5
2025-11-21,-23.5,-46.6,21.7,0.0,57.0,28.45,14.2,5
2025-11-22,-23.5,-46.6,23.2,2.0,63.0,20.8,10.9,5
2025-11-23,-23.5,-46.6,20.1,13.1,81.0,16.2,14.6,5
2025-11-24,-23.5,-46.6,18.8,27.0,85.0,10.94,12.8,5
2025-11-25,-23.5,-46.6,18.0,1.0,80.0,21.03,12.5,5
2025-11-26,-23.5,-46.6,17.9,0.0,72.0,30.31,13.7,5
2025-11-27,-23.5,-46.6,18.0,0.0,73.0,24.97,14.3,5
2025-11-28,-23.5,-46.6,22.4,0.9,65.0,25.09,13.9,5
2025-11-29,-23.5,-46.6,24.2,0.0,50.0,30.16,13.2,5
2025-11-30,-23.5,-46.6,24.8,0.1,53.0,28.89,11.3,5
2025-12-01,-23.5,-46.6,23.8,0.3,68.0,21.8,11.9,5
2025-12-02,-23.5,-46.6,23.0,16.5,75.0,14.7,14.4,5
2025-12-03,-23.5,-46.6,22.5,5.6,76.0,21.93,13.4,5
2025-12-04,-23.5,-46.6,20.0,0.4,75.0,20.56,15.3,5
2025-12-05,-23.5,-46.6,21.1,0.2,70.0,25.32,16.9,5
2025-12-06,-23.5,-46.6,23.5,0.9,66.0,25.53,12.5,5
2025-12-07,-23.5,-46.6,25.0,1.6,63.0,23.32,10.8,5
2025-12-08,-23.5,-46.6,22.8,16.8,76.0,14.01,17.0,5
2025-12-09,-23.5,-46.6,20.4,15.4,89.0,6.46,28.7,5
2025-12-10,-23.5,-46.6,22.8,4.0,69.0,24.0,38.6,5
2025-12-11,-23.5,-46.6,24.1,0.0,53.0,29.32,21.6,5
2025-12-12,-23.5,-46.6,23.3,3.5,63.0,16.3,16.8,5
2025-12-13,-23.5,-46.6,21.6,24.5,85.0,14.58,19.2,5
2025-12-14,-23.5,-46.6,22.2,7.5,82.0,12.07,18.5,5
2025-12-15,-23.5,-46.6,24.2,2.2,76.0,22.29,14.5,5
2025-12-16,-23.5,-46.6,23.3,10.8,83.0,19.48,16.1,5
2025-12-17,-23.5,-46.6,17.0,7.4,84.0,8.64,19.1,5
2025-12-18,-23.5,-46.6,18.5,0.0,82.0,12.93,13.0,5
2025-12-19,-23.5,-46.6,20.2,0.4,85.0,12.55,12.9,5
2025-12-20,-23.5,-46.6,21.5,0.5,80.0,23.01,12.4,5
2025-12-21,-23.5,-46.6,24.5,0.3,63.0,28.08,13.3,5
2025-12-22,-23.5,-46.6,26.4,1.1,52.0,28.26,11.6,5
2025-12-23,-23.5,-46.6,27.7,0.2,47.0,26.62,12.5,5
2025-12-24,-23.5,-46.6,28.3,1.6,47.0,26.97,9.4,5
2025-12-25,-23.5,-46.6,28.7,1.4,51.0,27.22,9.3,5
2025-12-26,-23.5,-46.6,28.0,0.4,55.0,23.72,12.1,5
2025-12-27,-23.5,-46.6,27.1,4.4,66.0,25.48,9.7,5
2025-12-28,-23.5,-46.6,27.9,13.2,61.0,27.27,12.6,5
2025-12-29,-23.5,-46.6,26.2,5.0,71.0,23.85,13.6,5
2025-12-30,-23.5,-46.6,24.9,8.0,78.0,25.35,12.2,5
2025-12-31,-23.5,-46.6,23.9,8.0,81.0,21.11,14.9,5
2026-01-01,-23.5,-46.6,24.3,3.4,76.0,20.8,18.1,5
2026-01-02,-23.5,-46.6,22.8,17.5,83.0,16.87,18.3,5
2026-01-03,-23.5,-46.6,24.3,2.8,73.0,22.01,14.9,5
2026-01-04,-23.5,-46.6,21.0,2.0,79.0,17.62,14.4,5
2026-01-05,-23.5,-46.6,19.1,0.2,78.0,13.45,17.4,5
2026-01-06,-23.5,-46.6,21.1,1.2,72.0,21.61,15.2,5
2026-01-07,-23.5,-46.6,22.8,4.5,73.0,22.15,12.7,5
2026-01-08,-23.5,-46.6,22.9,14.7,74.0,23.52,13.6,5
2026-01-09,-23.5,-46.6,24.3,12.8,74.0,24.52,12.5,5
2026-01-10,-23.5,-46.6,26.4,6.1,61.0,27.67,13.5,5
2026-01-11,-23.5,-46.6,27.0,0.4,58.0,28.0,15.0,5
2026-01-12,-23.5,-46.6,26.8,6.3,56.0,25.24,14.5,5
2026-01-13,-23.5,-46.6,23.1,1.7,73.0,18.01,11.1,5
2026-01-14,-23.5,-46.6,22.2,18.6,79.0,18.97,10.2,5
2026-01-15,-23.5,-46.6,21.8,15.4,84.0,16.87,15.8,5
2026-01-16,-23.5,-46.6,22.2,21.5,83.0,17.24,10.9,5
2026-01-17,-23.5,-46.6,21.9,22.0,83.0,18.57,14.2,5
2026-01-18,-23.5,-46.6,22.2,16.6,82.0,18.3,16.7,5
2026-01-19,-23.5,-46.6,20.1,21.4,89.0,11.58,23.4,5
2026-01-20,-23.5,-46.6,17.8,1.3,81.0,15.92,16.2,5
2026-01-21,-23.5,-46.6,16.9,10.6,84.0,11.82,14.6,5
2026-01-22,-23.5,-46.6,17.5,13.2,86.0,11.02,14.2,5
2026-01-23,-23.5,-46.6,19.1,3.3,86.0,19.66,14.8,5
2026-01-24,-23.5,-46.6,20.1,3.3,85.0,14.12,13.4,5
2026-01-25,-23.5,-46.6,20.7,10.4,86.0,17.55,10.0,5
2026-01-26,-23.5,-46.6,20.9,6.2,85.0,22.88,9.6,5
2026-01-27,-23.5,-46.6,21.8,0.9,84.0,21.73,14.0,5
2026-01-28,-23.5,-46.6,22.1,6.3,81.0,19.85,8.7,5
2026-01-29,-23.5,-46.6,21.6,17.9,83.0,22.34,10.4,5
2026-01-30,-23.5,-46.6,20.5,19.0,85.0,12.87,14.8,5
2026-01-31,-23.5,-46.6,22.0,0.5,80.0,19.54,16.1,5
2026-02-01,-23.5,-46.6,22.2,3.7,82.0,13.56,22.5,5
2026-02-02,-23.5,-46.6,21.2,9.9,88.0,13.41,14.1,5
2026-02-03,-23.5,-46.6,21.8,27.1,88.0,13.67,13.4,5
2026-02-04,-23.5,-46.6,22.1,11.9,86.0,15.53,16.4,5
2026-02-05,-23.5,-46.6,21.7,4.7,87.0,17.62,12.2,5
2026-02-06,-23.5,-46.6,22.4,6.3,85.0,18.6,13.2,5
2026-02-07,-23.5,-46.6,22.1,16.8,89.0,13.56,8.7,5
2026-02-08,-23.5,-46.6,20.8,17.8,85.0,16.3,13.0,5
2026-02-09,-23.5,-46.6,19.8,19.2,92.0,10.48,8.0,5
2026-02-10,-23.5,-46.6,21.0,29.1,87.0,14.21,14.8,5
2026-02-11,-23.5,-46.6,22.2,12.3,81.0,15.88,18.4,5
2026-02-12,-23.5,-46.6,24.2,2.0,76.0,19.93,13.4,5
2026-02-13,-23.5,-46.6,25.9,1.8,66.0,25.0,11.8,5
2026-02-14,-23.5,-46.6,23.7,0.5,78.0,17.96,13.0,5
2026-02-15,-23.5,-46.6,24.5,0.0,69.0,26.23,12.4,5
2026-02-16,-23.5,-46.6,26.0,0.4,62.0,26.34,9.6,5
2026-02-17,-23.5,-46.6,26.2,4.3,61.0,21.42,11.8,5
2026-02-18,-23.5,-46.6,23.8,3.4,76.0,19.64,9.9,5
2026-02-19,-23.5,-46.6,23.0,2.9,81.0,20.28,11.4,5
2026-02-20,-23.5,-46.6,24.1,0.2,74.0,22.92,12.1,5
2026-02-21,-23.5,-46.6,23.4,15.0,78.0,16.59,14.5,5
2026-02-22,-23.5,-46.6,21.5,11.9,86.0,16.91,16.4,5
2026-02-23,-23.5,-46.6,21.3,9.7,90.0,13.08,12.9,5
2026-02-24,-23.5,-46.6,22.1,30.1,87.0,14.29,7.3,5
2026-02-25,-23.5,-46.6,22.7,23.0,87.0,14.62,10.5,5
2026-02-26,-23.5,-46.6,21.2,15.1,90.0,10.21,22.6,5
2026-02-27,-23.5,-46.6,19.9,1.5,85.0,12.81,15.1,5
2026-02-28,-23.5,-46.6,19.0,0.3,79.0,20.74,13.6,5
2026-03-01,-23.5,-46.6,18.7,0.0,76.0,21.61,13.0,5
2026-03-02,-23.5,-46.6,18.8,0.1,78.0,20.99,11.9,5
2026-03-03,-23.5,-46.6,20.2,0.0,75.0,19.81,12.5,5
2026-03-04,-23.5,-46.6,21.1,0.1,71.0,22.73,13.3,5
2026-03-05,-23.5,-46.6,22.5,1.3,73.0,20.69,12.3,5
2026-03-06,-23.5,-46.6,22.9,3.2,80.0,13.49,11.7,5
2026-03-07,-23.5,-46.6,22.1,25.4,88.0,14.63,14.8,5
2026-03-08,-23.5,-46.6,21.6,10.4,84.0,18.57,15.2,5
2026-03-09,-23.5,-46.6,19.8,13.7,92.0,6.46,13.0,5
2026-03-10,-23.5,-46.6,19.2,15.8,94.0,7.29,8.5,5
2026-03-11,-23.5,-46.6,19.7,18.5,94.0,7.16,9.2,5
2026-03-12,-23.5,-46.6,19.8,26.6,92.0,6.96,14.6,5
2026-03-13,-23.5,-46.6,20.2,3.2,87.0,11.07,10.6,5
2026-03-14,-23.5,-46.6,21.0,0.1,80.0,24.85,8.1,5
2026-03-15,-23.5,-46.6,23.1,0.9,73.0,21.38,10.9,5
2026-03-16,-23.5,-46.6,24.4,0.0,65.0,25.37,12.7,5
2026-03-17,-23.5,-46.6,23.8,0.4,68.0,21.83,12.9,5
2026-03-18,-23.5,-46.6,23.5,13.6,76.0,18.29,10.2,5
2026-03-19,-23.5,-46.6,22.2,8.3,82.0,9.13,9.1,5
2026-03-20,-23.5,-46.6,21.3,0.4,81.0,17.46,11.8,5
2026-03-21,-23.5,-46.6,22.9,0.0,74.0,22.43,12.3,5
2026-03-22,-23.5,-46.6,23.3,0.1,65.0,20.02,12.3,5
2026-03-23,-23.5,-46.6,22.9,0.4,66.0,24.45,14.7,5
2026-03-24,-23.5,-46.6,23.2,0.0,68.0,24.06,10.9,5
2026-03-25,-23.5,-46.6,23.7,2.8,69.0,18.97,9.9,5
2026-03-26,-23.5,-46.6,23.6,5.3,76.0,18.88,7.5,5
2026-03-27,-23.5,-46.6,23.5,0.0,72.0,23.34,14.1,5
2026-03-28,-23.5,-46.6,22.8,0.3,71.0,23.31,12.7,5
2026-03-29,-23.5,-46.6,23.2,0.0,70.0,22.41,12.0,5
2026-03-30,-23.5,-46.6,22.1,0.1,70.0,18.37,12.2,5
2026-03-31,-23.5,-46.6,20.2,20.1,79.0,11.26,9.8,5
2026-04-01,-23.5,-46.6,20.1,21.0,86.0,17.02,11.7,5
2026-04-02,-23.5,-46.6,21.7,6.5,81.0,17.14,13.2,5
2026-04-03,-23.5,-46.6,22.5,0.5,77.0,19.5,12.4,5
2026-04-04,-23.5,-46.6,22.3,6.9,83.0,18.91,10.4,5
2026-04-05,-23.5,-46.6,21.6,0.4,83.0,17.93,12.4,5
2026-04-06,-23.5,-46.6,22.2,0.5,81.0,18.38,12.4,5
2026-04-07,-23.5,-46.6,22.2,9.2,83.0,13.61,12.6,5
2026-04-08,-23.5,-46.6,22.1,1.6,80.0,12.19,16.5,5
2026-04-09,-23.5,-46.6,20.8,14.1,85.0,13.82,14.6,5
2026-04-10,-23.5,-46.6,18.3,1.5,85.0,7.24,10.3,5
2026-04-11,-23.5,-46.6,18.6,0.0,78.0,20.66,14.5,5
2026-04-12,-23.5,-46.6,19.4,0.0,78.0,20.33,12.1,5
2026-04-13,-23.5,-46.6,21.0,0.1,75.0,17.62,12.7,5
2026-04-14,-23.5,-46.6,20.3,0.0,74.0,19.79,14.8,5
2026-04-15,-23.5,-46.6,20.1,0.0,71.0,21.22,10.8,5
2026-04-16,-23.5,-46.6,21.2,0.0,72.0,19.9,10.3,5
2026-04-17,-23.5,-46.6,23.1,0.0,62.0,19.7,9.5,5
2026-04-18,-23.5,-46.6,23.1,3.1,64.0,16.4,14.4,5
2026-04-19,-23.5,-46.6,21.9,0.0,70.0,20.82,13.3,5
2026-04-20,-23.5,-46.6,20.0,0.0,69.0,20.96,11.2,5
2026-04-21,-23.5,-46.6,19.2,0.0,73.0,20.48,12.6,5
2026-04-22,-23.5,-46.6,20.4,0.0,71.0,18.49,13.0,5
2026-04-23,-23.5,-46.6,20.4,0.0,74.0,17.41,12.7,5
2026-04-24,-23.5,-46.6,22.0,0.0,67.0,17.61,10.3,5
2026-04-25,-23.5,-46.6,23.7,0.0,57.0,17.53,16.6,5
2026-04-26,-23.5,-46.6,24.7,0.0,57.0,17.52,17.1,5
2026-04-27,-23.5,-46.6,23.0,14.3,71.0,10.41,16.2,5
2026-04-28,-23.5,-46.6,21.4,12.2,86.0,10.37,10.6,5
2026-04-29,-23.5,-46.6,21.3,15.4,87.0,11.08,13.7,5
2026-04-30,-23.5,-46.6,20.3,3.3,85.0,12.99,14.2,5
2026-05-01,-23.5,-46.6,21.5,0.6,81.0,14.2,10.2,5
2026-05-02,-23.5,-46.6,22.2,0.2,71.0,12.3,15.5,5
2026-05-03,-23.5,-46.6,17.4,1.7,83.0,9.02,15.2,5
2026-05-04,-23.5,-46.6,19.0,2.2,81.0,15.78,13.9,5
2026-05-05,-23.5,-46.6,21.8,0.0,74.0,15.74,6.9,5
2026-05-06,-23.5,-46.6,22.8,0.0,66.0,17.47,10.4,5
2026-05-07,-23.5,-46.6,23.2,0.0,57.0,17.35,16.5,5
2026-05-08,-23.5,-46.6,24.1,0.1,54.0,12.1,22.3,5
2026-05-09,-23.5,-46.6,23.7,0.0,59.0,8.81,18.9,5
2026-05-10,-23.5,-46.6,15.4,12.6,88.0,2.46,10.8,5
2026-05-11,-23.5,-46.6,13.3,0.0,76.0,14.87,9.1,5
2026-05-12,-23.5,-46.6,13.5,0.0,77.0,17.73,9.0,5
2026-05-13,-23.5,-46.6,16.0,0.0,73.0,16.19,6.3,5
2026-05-14,-23.5,-46.6,18.3,0.0,74.0,13.19,10.0,5
2026-05-15,-23.5,-46.6,17.0,7.5,91.0,5.3,7.2,5
2026-05-16,-23.5,-46.6,18.6,7.6,84.0,13.52,10.6,5
2026-05-17,-23.5,-46.6,18.5,11.3,91.0,4.23,11.4,5
2026-05-18,-23.5,-46.6,17.6,2.2,90.0,6.29,10.1,5
2026-05-19,-23.5,-46.6,16.7,4.2,90.0,4.24,7.6,5
2026-05-20,-23.5,-46.6,17.2,3.7,87.0,9.72,8.7,5
2026-05-21,-23.5,-46.6,15.2,0.8,88.0,6.67,11.8,5
2026-05-22,-23.5,-46.6,14.4,0.7,90.0,5.99,11.0,5
2026-05-23,-23.5,-46.6,16.6,26.9,92.0,4.77,9.0,5
2026-05-24,-23.5,-46.6,18.1,10.9,91.0,9.14,13.9,5
2026-05-25,-23.5,-46.6,17.7,1.0,87.0,9.57,8.9,5
2026-05-26,-23.5,-46.6,19.8,1.9,83.0,13.84,11.3,5
2026-05-27,-23.5,-46.6,17.8,1.5,89.0,7.04,10.5,5
2026-05-28,-23.5,-46.6,15.1,0.0,85.0,14.99,11.0,5
2026-05-29,-23.5,-46.6,15.7,0.0,83.0,10.6,11.6,5
2026-05-30,-23.5,-46.6,17.3,0.3,84.0,12.02,9.4,5
2026-05-31,-23.5,-46.6,16.7,0.1,83.0,12.65,9.3,5
2026-06-01,-23.5,-46.6,15.1,0.0,85.0,11.77,11.3,5
2026-06-02,-23.5,-46.6,15.0,0.0,82.0,9.89,12.0,5
2026-06-03,-23.5,-46.6,16.7,0.0,80.0,12.85,12.4,5
2026-06-04,-23.5,-46.6,16.7,0.0,80.0,10.9,12.7,5
2026-06-05,-23.5,-46.6,15.6,0.0,78.0,14.14,11.4,5
2026-06-06,-23.5,-46.6,16.1,0.0,69.0,15.04,10.6,5
2026-06-07,-23.5,-46.6,16.4,0.0,63.0,15.16,6.6,5
2026-06-08,-23.5,-46.6,16.8,0.0,64.0,15.12,10.5,5
2026-06-09,-23.5,-46.6,17.5,0.0,61.0,12.38,12.8,5
2026-06-10,-23.5,-46.6,17.5,3.8,69.0,11.86,10.2,5
2026-06-11,-23.5,-46.6,16.6,7.4,87.0,7.65,11.9,5
2026-06-12,-23.5,-46.6,17.0,2.7,84.0,4.7,23.0,5
2026-06-13,-23.5,-46.6,17.8,3.9,85.0,10.29,19.9,5
2026-06-14,-23.5,-46.6,18.4,1.2,86.0,8.35,15.4,5
2026-06-15,-23.5,-46.6,15.7,17.0,93.0,4.31,9.5,5
2026-06-16,-23.5,-46.6,15.0,1.0,90.0,10.97,7.6,5
2026-06-17,-23.5,-46.6,14.0,0.0,81.0,14.5,9.7,5
2026-06-18,-23.5,-46.6,12.9,0.0,78.0,14.83,11.1,5
2026-06-19,-23.5,-46.6,15.6,0.0,75.0,14.71,14.1,5
2026-06-20,-23.5,-46.6,17.7,7.1,74.0,4.91,16.3,5
2026-06-21,-23.5,-46.6,15.6,0.0,78.0,14.62,12.4,5
2026-06-22,-23.5,-46.6,17.8,0.0,65.0,14.71,15.3,5
2026-06-23,-23.5,-46.6,17.3,26.3,85.0,2.54,16.4,5
2026-06-24,-23.5,-46.6,12.8,21.3,93.0,1.4,7.0,5
2026-06-25,-23.5,-46.6,11.4,3.8,95.0,3.25,10.2,5
2026-06-26,-23.5,-46.6,15.2,0.5,92.0,10.99,8.3,5
2026-06-27,-23.5,-46.6,18.2,0.0,86.0,13.7,8.6,5
2026-06-28,-23.5,-46.6,19.1,0.0,78.0,14.27,11.9,5
2026-06-29,-23.5,-46.6,20.0,0.1,72.0,13.89,10.9,5
2026-06-30,-23.5,-46.6,20.1,0.0,72.0,14.31,13.1,5
2026-07-01,-23.5,-46.6,20.8,0.0,64.0,14.29,12.6,5
2026-07-02,-23.5,-46.6,20.0,0.0,66.0,14.4,11.2,5
2026-07-03,-23.5,-46.6,18.1,0.1,76.0,11.4,12.8,5
2026-07-04,-23.5,-46.6,15.3,0.0,85.0,9.53,10.1,5
2026-07-05,-23.5,-46.6,14.7,0.0,84.0,10.68,9.5,5
2026-07-06,-23.5,-46.6,17.2,0.0,74.0,13.42,12.6,5
2026-07-07,-23.5,-46.6,15.9,1.3,80.0,7.66,13.2,5
2026-07-08,-23.5,-46.6,16.0,0.0,73.0,12.89,6.1,5
2026-07-09,-23.5,-46.6,16.5,0.0,69.0,15.13,4.6,5
2026-07-10,-23.5,-46.6,18.3,0.0,58.0,14.99,12.6,5
2026-07-11,-23.5,-46.6,19.7,0.3,61.0,14.76,17.5,5
2026-07-12,-23.5,-46.6,17.0,7.5,81.0,7.98,19.1,5
2026-07-13,-23.5,-46.6,13.2,0.6,73.0,10.5,11.8,5
2026-07-14,-23.5,-46.6,12.7,0.1,79.0,12.51,13.3,5
2026-07-15,-23.5,-46.6,14.6,0.0,72.0,15.7,12.0,5
2026-07-16,-23.5,-46.6,16.5,0.0,64.0,15.84,9.1,5
2026-07-17,-23.5,-46.6,17.5,0.0,51.0,16.14,12.6,5
2026-07-18,-23.5,-46.6,17.9,0.0,51.0,16.16,18.8,5
2025-07-19,-23.5,-46.4,13.9,0.0,74.0,15.84,10.6,5
2025-07-20,-23.5,-46.4,14.1,0.0,80.0,12.64,11.5,5
2025-07-21,-23.5,-46.4,16.1,0.0,81.0,14.88,11.3,5
2025-07-22,-23.5,-46.4,18.0,0.0,70.0,15.38,12.7,5
2025-07-23,-23.5,-46.4,15.5,0.0,74.0,16.56,10.4,5
2025-07-24,-23.5,-46.4,16.0,0.1,80.0,11.29,13.5,5
2025-07-25,-23.5,-46.4,15.3,9.9,90.0,4.58,8.9,5
2025-07-26,-23.5,-46.4,16.6,0.0,79.0,15.66,7.2,5
2025-07-27,-23.5,-46.4,18.6,0.0,69.0,16.92,16.1,5
2025-07-28,-23.5,-46.4,20.5,1.7,62.0,10.48,32.2,5
2025-07-29,-23.5,-46.4,14.6,0.1,60.0,18.46,16.5,5
2025-07-30,-23.5,-46.4,11.1,0.0,73.0,15.88,10.0,5
2025-07-31,-23.5,-46.4,12.4,0.0,76.0,17.55,11.1,5
2025-08-01,-23.5,-46.4,14.7,0.0,74.0,18.04,10.5,5
2025-08-02,-23.5,-46.4,16.9,0.0,68.0,16.16,9.2,5
2025-08-03,-23.5,-46.4,17.9,0.0,52.0,17.0,12.5,5
2025-08-04,-23.5,-46.4,16.6,0.0,60.0,10.66,13.5,5
2025-08-05,-23.5,-46.4,15.8,0.0,79.0,8.19,11.8,5
2025-08-06,-23.5,-46.4,15.4,1.1,82.0,10.98,13.5,5
2025-08-07,-23.5,-46.4,16.7,0.0,78.0,15.66,11.4,5
2025-08-08,-23.5,-46.4,17.7,2.1,75.0,11.92,20.6,5
2025-08-09,-23.5,-46.4,14.2,2.2,74.0,11.68,17.1,5
2025-08-10,-23.5,-46.4,11.5,0.4,78.0,9.55,12.1,5
2025-08-11,-23.5,-46.4,11.5,0.0,79.0,15.85,14.3,5
2025-08-12,-23.5,-46.4,13.3,0.0,76.0,18.19,11.9,5
2025-08-13,-23.5,-46.4,16.1,0.0,67.0,20.07,8.5,5
2025-08-14,-23.5,-46.4,14.4,0.0,77.0,16.37,13.5,5
2025-08-15,-23.5,-46.4,14.9,0.1,76.0,15.33,13.7,5
2025-08-16,-23.5,-46.4,16.2,0.0,79.0,12.84,15.6,5
2025-08-17,-23.5,-46.4,17.3,0.0,80.0,16.19,12.1,5
2025-08-18,-23.5,-46.4,16.4,0.0,80.0,16.81,13.0,5
2025-08-19,-23.5,-46.4,17.6,0.0,75.0,14.17,13.3,5
2025-08-20,-23.5,-46.4,21.6,0.0,56.0,13.38,13.0,5
2025-08-21,-23.5,-46.4,23.1,0.0,57.0,17.28,11.5,5
2025-08-22,-23.5,-46.4,23.3,0.0,57.0,19.57,10.0,5
2025-08-23,-23.5,-46.4,24.7,0.0,39.0,18.52,15.9,5
2025-08-24,-23.5,-46.4,17.7,0.1,76.0,13.31,14.4,5
2025-08-25,-23.5,-46.4,17.7,0.2,80.0,15.8,12.7,5
2025-08-26,-23.5,-46.4,16.8,1.6,82.0,10.25,14.7,5
2025-08-27,-23.5,-46.4,17.2,5.2,86.0,13.49,12.2,5
2025-08-28,-23.5,-46.4,17.6,0.2,82.0,16.6,14.6,5
2025-08-29,-23.5,-46.4,16.9,2.0,85.0,7.95,9.2,5
2025-08-30,-23.5,-46.4,17.7,0.1,79.0,17.38,12.6,5
2025-08-31,-23.5,-46.4,17.7,0.4,77.0,18.04,13.4,5
2025-09-01,-23.5,-46.4,18.8,0.5,77.0,17.45,14.5,5
2025-09-02,-23.5,-46.4,20.0,0.2,71.0,18.96,14.6,5
2025-09-03,-23.5,-46.4,20.3,0.0,65.0,21.43,10.8,5
2025-09-04,-23.5,-46.4,21.5,0.0,52.0,19.36,8.2,5
2025-09-05,-23.5,-46.4,19.7,0.0,64.0,18.21,16.0,5
2025-09-06,-23.5,-46.4,16.4,0.6,82.0,10.42,13.3,5
2025-09-07,-23.5,-46.4,17.2,0.4,82.0,11.26,13.0,5
2025-09-08,-23.5,-46.4,20.8,0.1,73.0,17.83,13.0,5
2025-09-09,-23.5,-46.4,22.8,0.4,52.0,13.54,28.9,5
2025-09-10,-23.5,-46.4,18.9,0.0,68.0,23.18,12.5,5
2025-09-11,-23.5,-46.4,18.6,0.0,70.0,23.91,13.3,5
2025-09-12,-23.5,-46.4,16.7,0.0,74.0,16.86,14.2,5
2025-09-13,-23.5,-46.4,16.1,0.0,75.0,14.6,15.3,5
2025-09-14,-23.5,-46.4,17.0,0.0,75.0,20.15,17.4,5
2025-09-15,-23.5,-46.4,18.7,0.0,75.0,21.77,13.9,5
2025-09-16,-23.5,-46.4,19.3,1.9,77.0,10.2,15.7,5
2025-09-17,-23.5,-46.4,18.2,0.5,76.0,20.06,16.7,5
2025-09-18,-23.5,-46.4,18.3,0.2,75.0,21.57,12.9,5
2025-09-19,-23.5,-46.4,21.5,0.0,69.0,18.51,15.4,5
2025-09-20,-23.5,-46.4,24.9,0.0,54.0,22.33,15.3,5
2025-09-21,-23.5,-46.4,26.4,0.6,50.0,19.23,24.9,5
2025-09-22,-23.5,-46.4,22.2,7.0,74.0,3.43,29.0,5
2025-09-23,-23.5,-46.4,16.1,2.9,82.0,13.13,14.2,5
2025-09-24,-23.5,-46.4,15.9,0.3,83.0,8.57,15.5,5
2025-09-25,-23.5,-46.4,14.8,0.7,81.0,7.97,16.8,5
2025-09-26,-23.5,-46.4,14.3,0.6,77.0,18.27,17.0,5
2025-09-27,-23.5,-46.4,16.0,0.0,70.0,24.5,13.8,5
2025-09-28,-23.5,-46.4,18.6,0.0,68.0,19.88,13.3,5
2025-09-29,-23.5,-46.4,21.1,0.0,67.0,24.91,12.5,5
2025-09-30,-23.5,-46.4,22.9,0.0,59.0,24.25,11.0,5
2025-10-01,-23.5,-46.4,20.8,0.0,72.0,16.83,13.3,5
2025-10-02,-23.5,-46.4,19.5,0.0,79.0,12.14,12.5,5
2025-10-03,-23.5,-46.4,20.7,0.7,78.0,16.91,11.5,5
2025-10-04,-23.5,-46.4,20.4,1.5,76.0,9.64,12.0,5
2025-10-05,-23.5,-46.4,24.9,0.0,52.0,25.92,11.1,5
2025-10-06,-23.5,-46.4,27.2,0.0,44.0,21.93,12.6,5
2025-10-07,-23.5,-46.4,19.1,0.6,80.0,11.39,18.6,5
2025-10-08,-23.5,-46.4,15.9,3.0,82.0,7.79,16.5,5
2025-10-09,-23.5,-46.4,16.4,17.6,80.0,10.79,20.2,5
2025-10-10,-23.5,-46.4,17.0,33.1,89.0,7.91,12.7,5
2025-10-11,-23.5,-46.4,18.8,2.1,84.0,17.36,8.2,5
2025-10-12,-23.5,-46.4,21.7,1.9,74.0,18.79,14.2,5
2025-10-13,-23.5,-46.4,21.6,6.5,75.0,9.58,18.9,5
2025-10-14,-23.5,-46.4,19.9,0.6,80.0,20.29,15.1,5
2025-10-15,-23.5,-46.4,18.3,0.0,82.0,18.7,12.5,5
2025-10-16,-23.5,-46.4,20.4,0.0,79.0,23.43,16.5,5
2025-10-17,-23.5,-46.4,23.0,3.3,72.0,22.98,11.6,5
2025-10-18,-23.5,-46.4,19.9,30.6,91.0,6.8,24.5,5
2025-10-19,-23.5,-46.4,13.9,2.0,85.0,13.37,22.7,5
2025-10-20,-23.5,-46.4,13.6,0.1,75.0,21.53,17.6,5
2025-10-21,-23.5,-46.4,14.3,0.0,72.0,28.05,17.5,5
2025-10-22,-23.5,-46.4,15.4,0.0,72.0,28.98,12.9,5
2025-10-23,-23.5,-46.4,16.6,0.0,68.0,29.71,14.9,5
2025-10-24,-23.5,-46.4,18.4,0.0,66.0,28.69,14.7,5
2025-10-25,-23.5,-46.4,21.7,0.0,56.0,27.11,11.0,5
2025-10-26,-23.5,-46.4,23.2,0.0,57.0,23.45,11.0,5
2025-10-27,-23.5,-46.4,20.1,1.9,73.0,6.26,7.7,5
2025-10-28,-23.5,-46.4,19.6,8.9,89.0,5.32,7.0,5
2025-10-29,-23.5,-46.4,20.8,11.2,85.0,15.31,16.9,5
2025-10-30,-23.5,-46.4,16.6,5.2,86.0,9.03,12.3,5
2025-10-31,-23.5,-46.4,17.5,9.1,88.0,9.34,10.1,5
2025-11-01,-23.5,-46.4,20.8,1.0,79.0,20.34,10.3,5
2025-11-02,-23.5,-46.4,19.0,19.2,93.0,5.1,12.7,5
2025-11-03,-23.5,-46.4,21.3,0.5,79.0,16.35,17.2,5
2025-11-04,-23.5,-46.4,21.2,1.9,84.0,18.54,13.2,5
2025-11-05,-23.5,-46.4,23.2,1.2,77.0,16.57,23.4,5
2025-11-06,-23.5,-46.4,18.1,1.4,79.0,12.64,16.6,5
2025-11-07,-23.5,-46.4,19.7,0.3,74.0,23.18,11.8,5
2025-11-08,-23.5,-46.4,21.5,3.2,77.0,11.63,25.7,5
2025-11-09,-23.5,-46.4,16.7,0.9,78.0,16.3,15.0,5
2025-11-10,-23.5,-46.4,16.4,0.0,71.0,26.98,14.9,5
2025-11-11,-23.5,-46.4,17.7,0.0,69.0,29.49,13.8,5
2025-11-12,-23.5,-46.4,20.7,0.0,68.0,29.16,16.3,5
2025-11-13,-23.5,-46.4,21.6,1.4,69.0,14.03,8.6,5
2025-11-14,-23.5,-46.4,19.0,10.6,79.0,15.84,12.6,5
2025-11-15,-23.5,-46.4,20.2,0.0,77.0,16.75,11.1,5
2025-11-16,-23.5,-46.4,20.8,15.6,85.0,10.69,12.6,5
2025-11-17,-23.5,-46.4,21.6,25.8,87.0,11.88,16.7,5
2025-11-18,-23.5,-46.4,21.3,10.9,81.0,11.75,24.9,5
2025-11-19,-23.5,-46.4,18.8,0.2,70.0,25.64,14.1,5
2025-11-20,-23.5,-46.4,17.9,0.2,75.0,26.95,14.0,5
2025-11-21,-23.5,-46.4,21.1,0.0,61.0,28.45,12.2,5
2025-11-22,-23.5,-46.4,22.7,1.7,66.0,20.8,10.1,5
2025-11-23,-23.5,-46.4,20.0,5.4,82.0,16.2,18.1,5
2025-11-24,-23.5,-46.4,18.8,12.8,87.0,10.94,13.2,5
2025-11-25,-23.5,-46.4,18.1,0.7,79.0,21.03,13.2,5
2025-11-26,-23.5,-46.4,18.0,0.0,74.0,30.31,12.8,5
2025-11-27,-23.5,-46.4,17.9,0.1,76.0,24.97,14.9,5
2025-11-28,-23.5,-46.4,21.6,1.3,71.0,25.09,14.1,5
2025-11-29,-23.5,-46.4,22.9,0.0,61.0,30.16,14.1,5
2025-11-30,-23.5,-46.4,23.4,0.0,60.0,28.89,13.5,5
2025-12-01,-23.5,-46.4,23.1,1.2,72.0,21.8,12.4,5
2025-12-02,-23.5,-46.4,23.0,7.7,77.0,14.7,15.3,5
2025-12-03,-23.5,-46.4,22.4,4.3,78.0,21.93,12.1,5
2025-12-04,-23.5,-46.4,19.9,0.2,78.0,20.56,14.9,5
2025-12-05,-23.5,-46.4,20.7,0.0,73.0,25.32,15.9,5
2025-12-06,-23.5,-46.4,23.0,1.4,70.0,25.53,11.5,5
2025-12-07,-23.5,-46.4,24.3,1.3,69.0,23.32,9.7,5
2025-12-08,-23.5,-46.4,22.7,20.2,79.0,14.01,13.1,5
2025-12-09,-23.5,-46.4,20.9,16.8,87.0,6.46,27.5,5
2025-12-10,-23.5,-46.4,23.3,2.0,68.0,24.0,36.8,5
2025-12-11,-23.5,-46.4,24.5,0.0,53.0,29.32,22.3,5
2025-12-12,-23.5,-46.4,23.4,1.9,63.0,16.3,17.5,5
2025-12-13,-23.5,-46.4,22.0,24.5,84.0,14.58,16.3,5
2025-12-14,-23.5,-46.4,22.7,7.7,80.0,12.07,14.9,5
2025-12-15,-23.5,-46.4,24.6,1.5,75.0,22.29,14.4,5
2025-12-16,-23.5,-46.4,23.8,8.5,82.0,19.48,17.8,5
2025-12-17,-23.5,-46.4,17.3,12.4,85.0,8.64,19.3,5
2025-12-18,-23.5,-46.4,19.0,0.1,80.0,12.93,12.8,5
2025-12-19,-23.5,-46.4,20.4,0.2,85.0,12.55,12.8,5
2025-12-20,-23.5,-46.4,21.5,0.4,81.0,23.01,13.0,5
2025-12-21,-23.5,-46.4,23.4,0.0,70.0,28.08,13.1,5
2025-12-22,-23.5,-46.4,25.6,0.0,61.0,28.26,10.3,5
2025-12-23,-23.5,-46.4,27.6,0.8,50.0,26.62,10.4,5
2025-12-24,-23.5,-46.4,28.1,1.5,49.0,26.97,8.7,5
2025-12-25,-23.5,-46.4,28.5,1.5,54.0,27.22,7.1,5
2025-12-26,-23.5,-46.4,28.9,1.0,52.0,23.72,12.2,5
2025-12-27,-23.5,-46.4,27.9,2.3,61.0,25.48,7.6,5
2025-12-28,-23.5,-46.4,27.8,11.0,63.0,27.27,11.1,5
2025-12-29,-23.5,-46.4,26.2,6.2,74.0,23.85,10.2,5
2025-12-30,-23.5,-46.4,25.2,7.6,78.0,25.35,13.4,5
2025-12-31,-23.5,-46.4,24.6,2.6,79.0,21.11,15.5,5
2026-01-01,-23.5,-46.4,24.8,3.0,74.0,20.8,17.6,5
2026-01-02,-23.5,-46.4,23.1,17.2,82.0,16.87,19.7,5
2026-01-03,-23.5,-46.4,24.7,3.9,72.0,22.01,16.0,5
2026-01-04,-23.5,-46.4,21.1,1.7,80.0,17.62,14.7,5
2026-01-05,-23.5,-46.4,19.4,0.5,77.0,13.45,17.9,5
2026-01-06,-23.5,-46.4,21.4,0.5,71.0,21.61,15.7,5
2026-01-07,-23.5,-46.4,22.8,8.3,73.0,22.15,12.6,5
2026-01-08,-23.5,-46.4,23.0,22.5,77.0,23.52,12.9,5
2026-01-09,-23.5,-46.4,24.1,0.8,78.0,24.52,10.9,5
2026-01-10,-23.5,-46.4,26.0,0.5,66.0,27.67,13.5,5
2026-01-11,-23.5,-46.4,27.0,0.2,59.0,28.0,13.7,5
2026-01-12,-23.5,-46.4,27.1,4.9,56.0,25.24,14.5,5
2026-01-13,-23.5,-46.4,23.6,1.8,72.0,18.01,10.8,5
2026-01-14,-23.5,-46.4,22.5,9.7,79.0,18.97,8.1,5
2026-01-15,-23.5,-46.4,22.1,22.3,84.0,16.87,11.5,5
2026-01-16,-23.5,-46.4,22.1,19.2,85.0,17.24,8.8,5
2026-01-17,-23.5,-46.4,22.1,19.9,85.0,18.57,10.0,5
2026-01-18,-23.5,-46.4,22.6,14.1,82.0,18.3,14.1,5
2026-01-19,-23.5,-46.4,20.7,22.4,87.0,11.58,25.5,5
2026-01-20,-23.5,-46.4,18.2,0.5,81.0,15.92,16.9,5
2026-01-21,-23.5,-46.4,17.6,5.1,82.0,11.82,14.7,5
2026-01-22,-23.5,-46.4,17.8,7.3,86.0,11.02,13.4,5
2026-01-23,-23.5,-46.4,19.2,3.5,86.0,19.66,14.7,5
2026-01-24,-23.5,-46.4,20.5,3.9,85.0,14.12,12.6,5
2026-01-25,-23.5,-46.4,20.9,5.1,86.0,17.55,9.6,5
2026-01-26,-23.5,-46.4,21.0,10.9,85.0,22.88,9.1,5
2026-01-27,-23.5,-46.4,21.7,2.9,86.0,21.73,9.2,5
2026-01-28,-23.5,-46.4,22.2,4.4,82.0,19.85,13.8,5
2026-01-29,-23.5,-46.4,21.9,15.2,82.0,22.34,14.2,5
2026-01-30,-23.5,-46.4,21.0,25.2,85.0,12.87,12.9,5
2026-01-31,-23.5,-46.4,22.5,0.9,77.0,19.54,16.1,5
2026-02-01,-23.5,-46.4,22.8,1.4,79.0,13.56,20.5,5
2026-02-02,-23.5,-46.4,21.5,12.1,88.0,13.41,12.6,5
2026-02-03,-23.5,-46.4,22.3,14.0,86.0,13.67,15.7,5
2026-02-04,-23.5,-46.4,22.5,14.4,86.0,15.53,16.8,5
2026-02-05,-23.5,-46.4,22.1,2.9,86.0,17.62,13.0,5
2026-02-06,-23.5,-46.4,22.7,8.0,84.0,18.6,12.1,5
2026-02-07,-23.5,-46.4,22.2,21.9,90.0,13.56,10.6,5
2026-02-08,-23.5,-46.4,21.3,11.3,85.0,16.3,13.7,5
2026-02-09,-23.5,-46.4,20.0,19.3,93.0,10.48,8.0,5
2026-02-10,-23.5,-46.4,20.8,16.3,90.0,14.21,13.3,5
2026-02-11,-23.5,-46.4,22.6,18.8,82.0,15.88,16.1,5
2026-02-12,-23.5,-46.4,24.4,1.9,76.0,19.93,11.5,5
2026-02-13,-23.5,-46.4,25.7,0.2,71.0,25.0,9.8,5
2026-02-14,-23.5,-46.4,23.7,0.7,79.0,17.96,14.1,5
2026-02-15,-23.5,-46.4,24.0,0.1,74.0,26.23,12.4,5
2026-02-16,-23.5,-46.4,25.2,2.5,70.0,26.34,9.9,5
2026-02-17,-23.5,-46.4,26.3,0.9,64.0,21.42,10.3,5
2026-02-18,-23.5,-46.4,23.6,10.2,80.0,19.64,16.6,5
2026-02-19,-23.5,-46.4,23.1,1.5,81.0,20.28,12.5,5
2026-02-20,-23.5,-46.4,24.0,2.2,76.0,22.92,14.4,5
2026-02-21,-23.5,-46.4,23.4,15.5,80.0,16.59,16.4,5
2026-02-22,-23.5,-46.4,21.8,12.6,86.0,16.91,14.7,5
2026-02-23,-23.5,-46.4,21.8,11.7,88.0,13.08,12.4,5
2026-02-24,-23.5,-46.4,22.5,15.0,86.0,14.29,8.8,5
2026-02-25,-23.5,-46.4,23.2,23.7,85.0,14.62,12.1,5
2026-02-26,-23.5,-46.4,21.4,14.0,92.0,10.21,18.1,5
2026-02-27,-23.5,-46.4,20.2,0.9,84.0,12.81,13.9,5
2026-02-28,-23.5,-46.4,19.0,0.4,82.0,20.74,13.8,5
2026-03-01,-23.5,-46.4,18.7,0.0,78.0,21.61,13.2,5
2026-03-02,-23.5,-46.4,18.7,0.5,81.0,20.99,12.2,5
2026-03-03,-23.5,-46.4,19.7,0.0,81.0,19.81,13.2,5
2026-03-04,-23.5,-46.4,20.6,0.0,77.0,22.73,14.3,5
2026-03-05,-23.5,-46.4,22.0,1.3,78.0,20.69,12.2,5
2026-03-06,-23.5,-46.4,22.3,3.3,84.0,13.49,9.1,5
2026-03-07,-23.5,-46.4,22.3,19.6,89.0,14.63,14.7,5
2026-03-08,-23.5,-46.4,22.0,17.5,83.0,18.57,12.3,5
2026-03-09,-23.5,-46.4,20.0,22.8,93.0,6.46,10.3,5
2026-03-10,-23.5,-46.4,19.5,14.7,95.0,7.29,6.7,5
2026-03-11,-23.5,-46.4,19.9,22.7,95.0,7.16,8.6,5
2026-03-12,-23.5,-46.4,20.2,25.9,92.0,6.96,15.0,5
2026-03-13,-23.5,-46.4,20.4,3.7,87.0,11.07,10.3,5
2026-03-14,-23.5,-46.4,21.0,0.0,80.0,24.85,8.8,5
2026-03-15,-23.5,-46.4,22.6,0.9,77.0,21.38,13.5,5
2026-03-16,-23.5,-46.4,23.3,0.0,72.0,25.37,12.6,5
2026-03-17,-23.5,-46.4,22.9,0.0,74.0,21.83,12.3,5
2026-03-18,-23.5,-46.4,22.9,6.9,80.0,18.29,7.3,5
2026-03-19,-23.5,-46.4,21.7,7.0,86.0,9.13,8.1,5
2026-03-20,-23.5,-46.4,21.3,0.6,82.0,17.46,12.1,5
2026-03-21,-23.5,-46.4,22.0,0.0,83.0,22.43,12.6,5
2026-03-22,-23.5,-46.4,22.4,0.0,75.0,20.02,11.6,5
2026-03-23,-23.5,-46.4,21.6,0.1,77.0,24.45,13.0,5
2026-03-24,-23.5,-46.4,22.2,0.0,75.0,24.06,11.4,5
2026-03-25,-23.5,-46.4,23.1,1.0,75.0,18.97,11.9,5
2026-03-26,-23.5,-46.4,23.2,1.1,79.0,18.88,9.3,5
2026-03-27,-23.5,-46.4,23.2,0.1,75.0,23.34,14.6,5
2026-03-28,-23.5,-46.4,22.5,0.3,74.0,23.31,14.2,5
2026-03-29,-23.5,-46.4,22.8,0.0,74.0,22.41,10.9,5
2026-03-30,-23.5,-46.4,21.3,0.9,77.0,18.37,12.1,5
2026-03-31,-23.5,-46.4,20.3,17.3,83.0,11.26,10.0,5
2026-04-01,-23.5,-46.4,20.0,21.0,88.0,17.02,7.9,5
2026-04-02,-23.5,-46.4,21.8,11.6,84.0,17.14,12.0,5
2026-04-03,-23.5,-46.4,22.4,3.2,80.0,19.5,12.5,5
2026-04-04,-23.5,-46.4,22.5,3.9,83.0,18.91,13.2,5
2026-04-05,-23.5,-46.4,21.9,0.5,83.0,17.93,12.3,5
2026-04-06,-23.5,-46.4,22.1,0.4,84.0,18.38,12.9,5
2026-04-07,-23.5,-46.4,22.4,7.2,85.0,13.61,9.9,5
2026-04-08,-23.5,-46.4,22.6,3.3,78.0,12.19,16.8,5
2026-04-09,-23.5,-46.4,21.1,5.6,84.0,13.82,15.8,5
2026-04-10,-23.5,-46.4,18.8,2.7,82.0,7.24,10.3,5
2026-04-11,-23.5,-46.4,19.2,0.2,75.0,20.66,13.0,5
2026-04-12,-23.5,-46.4,19.8,0.0,75.0,20.33,11.4,5
2026-04-13,-23.5,-46.4,20.9,0.0,76.0,17.62,12.1,5
2026-04-14,-23.5,-46.4,20.2,0.0,75.0,19.79,14.9,5
2026-04-15,-23.5,-46.4,19.9,0.0,74.0,21.22,11.5,5
2026-04-16,-23.5,-46.4,20.5,0.0,76.0,19.9,11.3,5
2026-04-17,-23.5,-46.4,22.3,0.0,71.0,19.7,7.1,5
2026-04-18,-23.5,-46.4,23.0,1.5,67.0,16.4,18.6,5
2026-04-19,-23.5,-46.4,21.2,0.0,75.0,20.82,13.3,5
2026-04-20,-23.5,-46.4,19.6,0.0,75.0,20.96,11.7,5
2026-04-21,-23.5,-46.4,19.0,0.0,75.0,20.48,14.3,5
2026-04-22,-23.5,-46.4,20.2,0.0,74.0,18.49,13.0,5
2026-04-23,-23.5,-46.4,20.2,0.2,77.0,17.41,13.5,5
2026-04-24,-23.5,-46.4,21.5,0.0,72.0,17.61,10.2,5
2026-04-25,-23.5,-46.4,23.6,0.0,63.0,17.53,16.6,5
2026-04-26,-23.5,-46.4,24.9,0.0,58.0,17.52,16.3,5
2026-04-27,-23.5,-46.4,23.4,10.7,71.0,10.41,16.2,5
2026-04-28,-23.5,-46.4,21.6,9.8,87.0,10.37,9.9,5
2026-04-29,-23.5,-46.4,21.3,6.0,88.0,11.08,11.9,5
2026-04-30,-23.5,-46.4,20.2,39.6,86.0,12.99,14.0,5
2026-05-01,-23.5,-46.4,21.5,0.2,83.0,14.2,10.7,5
2026-05-02,-23.5,-46.4,22.1,0.5,75.0,12.3,14.8,5
2026-05-03,-23.5,-46.4,17.6,0.2,83.0,9.02,15.5,5
2026-05-04,-23.5,-46.4,19.1,0.2,81.0,15.78,13.3,5
2026-05-05,-23.5,-46.4,21.4,0.0,77.0,15.74,6.6,5
2026-05-06,-23.5,-46.4,22.0,0.0,73.0,17.47,8.0,5
2026-05-07,-23.5,-46.4,22.7,0.0,65.0,17.35,14.6,5
2026-05-08,-23.5,-46.4,24.2,0.0,55.0,12.1,20.7,5
2026-05-09,-23.5,-46.4,24.0,0.8,59.0,8.81,17.8,5
2026-05-10,-23.5,-46.4,15.5,13.5,89.0,2.46,10.7,5
2026-05-11,-23.5,-46.4,13.4,0.0,78.0,14.87,9.8,5
2026-05-12,-23.5,-46.4,13.7,0.0,80.0,17.73,8.9,5
2026-05-13,-23.5,-46.4,15.8,0.0,79.0,16.19,8.2,5
2026-05-14,-23.5,-46.4,17.8,0.0,80.0,13.19,9.1,5
2026-05-15,-23.5,-46.4,17.0,10.5,95.0,5.3,6.0,5
2026-05-16,-23.5,-46.4,18.8,12.6,86.0,13.52,8.3,5
2026-05-17,-23.5,-46.4,18.6,11.6,93.0,4.23,13.5,5
2026-05-18,-23.5,-46.4,18.2,1.1,88.0,6.29,11.0,5
2026-05-19,-23.5,-46.4,17.2,1.7,90.0,4.24,8.3,5
2026-05-20,-23.5,-46.4,17.4,2.2,87.0,9.72,7.8,5
2026-05-21,-23.5,-46.4,15.5,0.5,88.0,6.67,12.2,5
2026-05-22,-23.5,-46.4,15.0,3.1,89.0,5.99,11.2,5
2026-05-23,-23.5,-46.4,16.7,23.5,92.0,4.77,8.3,5
2026-05-24,-23.5,-46.4,18.0,21.9,91.0,9.14,11.1,5
2026-05-25,-23.5,-46.4,17.7,0.3,88.0,9.57,9.6,5
2026-05-26,-23.5,-46.4,19.9,3.1,84.0,13.84,8.8,5
2026-05-27,-23.5,-46.4,17.4,1.3,90.0,7.04,11.7,5
2026-05-28,-23.5,-46.4,15.3,0.0,84.0,14.99,11.7,5
2026-05-29,-23.5,-46.4,16.1,0.1,84.0,10.6,11.7,5
2026-05-30,-23.5,-46.4,17.3,0.4,86.0,12.02,10.1,5
2026-05-31,-23.5,-46.4,16.9,0.0,83.0,12.65,10.3,5
2026-06-01,-23.5,-46.4,15.0,0.2,88.0,11.77,11.9,5
2026-06-02,-23.5,-46.4,15.0,0.0,84.0,9.89,12.1,5
2026-06-03,-23.5,-46.4,16.6,0.0,83.0,12.85,12.9,5
2026-06-04,-23.5,-46.4,16.4,0.1,84.0,10.9,12.1,5
2026-06-05,-23.5,-46.4,15.6,0.1,81.0,14.14,12.2,5
2026-06-06,-23.5,-46.4,16.2,0.0,71.0,15.04,11.0,5
2026-06-07,-23.5,-46.4,16.1,0.0,67.0,15.16,7.3,5
2026-06-08,-23.5,-46.4,16.0,0.0,70.0,15.12,11.2,5
2026-06-09,-23.5,-46.4,17.1,0.0,65.0,12.38,13.4,5
2026-06-10,-23.5,-46.4,17.1,3.1,72.0,11.86,11.0,5
2026-06-11,-23.5,-46.4,17.1,6.9,87.0,7.65,11.9,5
2026-06-12,-23.5,-46.4,17.1,3.7,86.0,4.7,22.0,5
2026-06-13,-23.5,-46.4,18.5,2.9,83.0,10.29,17.3,5
2026-06-14,-23.5,-46.4,18.9,3.0,84.0,8.35,14.6,5
2026-06-15,-23.5,-46.4,16.1,9.9,93.0,4.31,9.3,5
2026-06-16,-23.5,-46.4,15.4,0.0,89.0,10.97,9.9,5
2026-06-17,-23.5,-46.4,14.3,0.0,81.0,14.5,10.6,5
2026-06-18,-23.5,-46.4,12.9,0.0,79.0,14.83,11.4,5
2026-06-19,-23.5,-46.4,15.2,0.0,79.0,14.71,10.7,5
2026-06-20,-23.5,-46.4,17.4,6.1,79.0,4.91,14.3,5
2026-06-21,-23.5,-46.4,16.0,0.0,78.0,14.62,9.4,5
2026-06-22,-23.5,-46.4,17.9,0.0,69.0,14.71,15.5,5
2026-06-23,-23.5,-46.4,17.8,22.3,80.0,2.54,13.3,5
2026-06-24,-23.5,-46.4,13.1,17.1,93.0,1.4,7.6,5
2026-06-25,-23.5,-46.4,12.1,5.0,93.0,3.25,10.0,5
2026-06-26,-23.5,-46.4,15.3,0.2,92.0,10.99,7.8,5
2026-06-27,-23.5,-46.4,17.4,0.0,91.0,13.7,5.8,5
2026-06-28,-23.5,-46.4,18.8,0.0,82.0,14.27,8.4,5
2026-06-29,-23.5,-46.4,19.3,0.3,78.0,13.89,11.4,5
2026-06-30,-23.5,-46.4,19.4,0.0,79.0,14.31,9.6,5
2026-07-01,-23.5,-46.4,20.4,0.0,70.0,14.29,11.1,5
2026-07-02,-23.5,-46.4,18.8,0.0,77.0,14.4,10.2,5
2026-07-03,-23.5,-46.4,17.5,0.0,80.0,11.4,13.5,5
2026-07-04,-23.5,-46.4,15.2,0.2,88.0,9.53,9.9,5
2026-07-05,-23.5,-46.4,14.8,0.0,86.0,10.68,10.8,5
2026-07-06,-23.5,-46.4,16.7,0.0,79.0,13.42,12.1,5
2026-07-07,-23.5,-46.4,15.3,1.2,84.0,7.66,14.2,5
2026-07-08,-23.5,-46.4,15.6,0.0,79.0,12.89,9.7,5
2026-07-09,-23.5,-46.4,15.2,0.0,83.0,15.13,5.7,5
2026-07-10,-23.5,-46.4,17.5,0.0,65.0,14.99,11.8,5
2026-07-11,-23.5,-46.4,18.9,0.2,66.0,14.76,16.5,5
2026-07-12,-23.5,-46.4,17.1,6.8,80.0,7.98,19.8,5
2026-07-13,-23.5,-46.4,12.9,0.5,77.0,10.5,12.6,5
2026-07-14,-23.5,-46.4,12.7,0.1,81.0,12.51,12.8,5
2026-07-15,-23.5,-46.4,13.9,0.0,78.0,15.7,11.2,5
2026-07-16,-23.5,-46.4,15.4,0.0,73.0,15.84,8.7,5
2026-07-17,-23.5,-46.4,16.8,0.0,56.0,16.14,12.2,5
2026-07-18,-23.5,-46.4,18.0,0.0,53.0,16.16,15.5,5
2025-07-19,-23.5,-46.3,13.3,0.0,78.0,15.84,11.6,5
2025-07-20,-23.5,-46.3,14.0,0.0,83.0,12.64,13.2,5
2025-07-21,-23.5,-46.3,15.7,0.0,84.0,14.88,11.5,5
2025-07-22,-23.5,-46.3,17.3,0.0,75.0,15.38,12.5,5
2025-07-23,-23.5,-46.3,15.1,0.0,76.0,16.56,10.9,5
2025-07-24,-23.5,-46.3,15.7,0.1,83.0,11.29,13.6,5
2025-07-25,-23.5,-46.3,15.1,8.8,92.0,4.58,9.1,5
2025-07-26,-23.5,-46.3,16.3,0.0,81.0,15.66,7.4,5
2025-07-27,-23.5,-46.3,17.9,0.0,74.0,16.92,15.0,5
2025-07-28,-23.5,-46.3,19.9,2.0,65.0,10.48,29.3,5
2025-07-29,-23.5,-46.3,14.3,1.6,66.0,18.46,16.6,5
2025-07-30,-23.5,-46.3,11.0,0.0,77.0,15.88,10.4,5
2025-07-31,-23.5,-46.3,12.1,0.0,79.0,17.55,11.2,5
2025-08-01,-23.5,-46.3,14.3,0.0,76.0,18.04,11.1,5
2025-08-02,-23.5,-46.3,16.0,0.0,73.0,16.16,8.4,5
2025-08-03,-23.5,-46.3,17.1,0.0,58.0,17.0,11.3,5
2025-08-04,-23.5,-46.3,16.2,0.0,66.0,10.66,14.4,5
2025-08-05,-23.5,-46.3,15.7,0.0,83.0,8.19,11.8,5
2025-08-06,-23.5,-46.3,15.4,1.0,83.0,10.98,13.6,5
2025-08-07,-23.5,-46.3,16.3,0.0,83.0,15.66,12.0,5
2025-08-08,-23.5,-46.3,17.6,0.6,76.0,11.92,21.6,5
2025-08-09,-23.5,-46.3,13.9,1.5,77.0,11.68,17.5,5
2025-08-10,-23.5,-46.3,11.3,0.6,81.0,9.55,12.0,5
2025-08-11,-23.5,-46.3,11.6,0.0,80.0,15.85,15.1,5
2025-08-12,-23.5,-46.3,13.2,0.0,79.0,18.19,12.2,5
2025-08-13,-23.5,-46.3,15.5,0.0,73.0,20.07,9.8,5
2025-08-14,-23.5,-46.3,14.1,0.0,78.0,16.37,14.7,5
2025-08-15,-23.5,-46.3,14.6,0.0,79.0,15.33,13.7,5
2025-08-16,-23.5,-46.3,16.0,0.0,82.0,12.84,15.2,5
2025-08-17,-23.5,-46.3,17.0,0.0,82.0,16.19,12.6,5
2025-08-18,-23.5,-46.3,16.2,0.0,82.0,16.81,14.6,5
2025-08-19,-23.5,-46.3,17.1,0.0,78.0,14.17,14.1,5
2025-08-20,-23.5,-46.3,20.6,0.0,64.0,13.38,14.3,5
2025-08-21,-23.5,-46.3,22.4,0.0,62.0,17.28,12.5,5
2025-08-22,-23.5,-46.3,22.3,0.0,63.0,19.57,10.5,5
2025-08-23,-23.5,-46.3,23.8,0.0,43.0,18.52,15.2,5
2025-08-24,-23.5,-46.3,17.5,0.0,79.0,13.31,15.0,5
2025-08-25,-23.5,-46.3,17.7,0.0,81.0,15.8,13.2,5
2025-08-26,-23.5,-46.3,16.9,0.2,83.0,10.25,15.2,5
2025-08-27,-23.5,-46.3,17.2,3.4,86.0,13.49,12.1,5
2025-08-28,-23.5,-46.3,17.6,0.2,83.0,16.6,15.0,5
2025-08-29,-23.5,-46.3,16.9,0.8,87.0,7.95,9.2,5
2025-08-30,-23.5,-46.3,17.5,0.4,82.0,17.38,13.4,5
2025-08-31,-23.5,-46.3,17.4,0.2,80.0,18.04,13.8,5
2025-09-01,-23.5,-46.3,18.5,0.3,80.0,17.45,14.6,5
2025-09-02,-23.5,-46.3,19.6,0.0,74.0,18.96,15.7,5
2025-09-03,-23.5,-46.3,19.6,0.0,68.0,21.43,11.0,5
2025-09-04,-23.5,-46.3,20.6,0.0,59.0,19.36,11.4,5
2025-09-05,-23.5,-46.3,19.2,0.0,66.0,18.21,18.4,5
2025-09-06,-23.5,-46.3,16.5,0.5,82.0,10.42,13.6,5
2025-09-07,-23.5,-46.3,17.1,0.3,83.0,11.26,13.7,5
2025-09-08,-23.5,-46.3,20.2,0.0,77.0,17.83,13.8,5
2025-09-09,-23.5,-46.3,21.8,0.5,58.0,13.54,26.7,5
2025-09-10,-23.5,-46.3,18.4,0.0,73.0,23.18,13.4,5
2025-09-11,-23.5,-46.3,18.1,0.0,74.0,23.91,14.1,5
2025-09-12,-23.5,-46.3,16.5,0.0,75.0,16.86,14.8,5
2025-09-13,-23.5,-46.3,15.9,0.1,78.0,14.6,14.5,5
2025-09-14,-23.5,-46.3,16.9,0.0,77.0,20.15,17.6,5
2025-09-15,-23.5,-46.3,18.6,0.0,76.0,21.77,14.0,5
2025-09-16,-23.5,-46.3,18.9,1.9,80.0,10.2,18.6,5
2025-09-17,-23.5,-46.3,18.2,0.3,76.0,20.06,17.3,5
2025-09-18,-23.5,-46.3,18.3,0.2,76.0,21.57,12.9,5
2025-09-19,-23.5,-46.3,21.1,0.0,71.0,18.51,13.3,5
2025-09-20,-23.5,-46.3,24.1,0.1,59.0,22.33,14.2,5
2025-09-21,-23.5,-46.3,25.7,0.5,54.0,19.23,22.3,5
2025-09-22,-23.5,-46.3,22.0,3.8,75.0,3.43,28.6,5
2025-09-23,-23.5,-46.3,16.1,2.5,83.0,13.13,15.5,5
2025-09-24,-23.5,-46.3,15.9,0.0,84.0,8.57,16.1,5
2025-09-25,-23.5,-46.3,14.7,0.4,83.0,7.97,17.1,5
2025-09-26,-23.5,-46.3,14.1,0.8,80.0,18.27,16.8,5
2025-09-27,-23.5,-46.3,15.6,0.0,74.0,24.5,14.4,5
2025-09-28,-23.5,-46.3,17.8,0.0,74.0,19.88,15.0,5
2025-09-29,-23.5,-46.3,20.5,0.0,70.0,24.91,13.0,5
2025-09-30,-23.5,-46.3,22.0,0.0,63.0,24.25,11.8,5
2025-10-01,-23.5,-46.3,20.4,0.0,75.0,16.83,14.4,5
2025-10-02,-23.5,-46.3,19.3,0.0,82.0,12.14,12.8,5
2025-10-03,-23.5,-46.3,20.3,0.7,80.0,16.91,14.3,5
2025-10-04,-23.5,-46.3,20.0,0.6,77.0,9.64,10.6,5
2025-10-05,-23.5,-46.3,23.8,0.0,58.0,25.92,11.6,5
2025-10-06,-23.5,-46.3,26.1,0.0,51.0,21.93,12.5,5
2025-10-07,-23.5,-46.3,19.1,0.6,80.0,11.39,20.0,5
2025-10-08,-23.5,-46.3,15.8,2.7,84.0,7.79,17.3,5
2025-10-09,-23.5,-46.3,16.2,2.2,82.0,10.79,19.4,5
2025-10-10,-23.5,-46.3,16.8,9.6,90.0,7.91,14.1,5
2025-10-11,-23.5,-46.3,18.7,1.9,85.0,17.36,8.7,5
2025-10-12,-23.5,-46.3,21.5,1.4,76.0,18.79,12.7,5
2025-10-13,-23.5,-46.3,21.3,5.4,79.0,9.58,17.4,5
2025-10-14,-23.5,-46.3,19.8,0.4,81.0,20.29,17.3,5
2025-10-15,-23.5,-46.3,18.2,0.0,84.0,18.7,13.3,5
2025-10-16,-23.5,-46.3,20.1,0.0,82.0,23.43,17.0,5
2025-10-17,-23.5,-46.3,21.8,3.3,81.0,22.98,11.0,5
2025-10-18,-23.5,-46.3,19.8,31.5,92.0,6.8,26.2,5
2025-10-19,-23.5,-46.3,14.0,3.0,85.0,13.37,25.6,5
2025-10-20,-23.5,-46.3,13.7,0.0,76.0,21.53,17.8,5
2025-10-21,-23.5,-46.3,14.3,0.0,73.0,28.05,19.6,5
2025-10-22,-23.5,-46.3,15.1,0.0,75.0,28.98,15.2,5
2025-10-23,-23.5,-46.3,16.2,0.0,73.0,29.71,15.1,5
2025-10-24,-23.5,-46.3,17.9,0.0,70.0,28.69,14.3,5
2025-10-25,-23.5,-46.3,20.7,0.0,63.0,27.11,11.2,5
2025-10-26,-23.5,-46.3,22.4,0.0,62.0,23.45,12.8,5
2025-10-27,-23.5,-46.3,19.6,1.0,79.0,6.26,8.9,5
2025-10-28,-23.5,-46.3,19.4,5.8,90.0,5.32,7.7,5
2025-10-29,-23.5,-46.3,20.6,11.5,86.0,15.31,15.4,5
2025-10-30,-23.5,-46.3,16.6,5.4,86.0,9.03,12.9,5
2025-10-31,-23.5,-46.3,17.4,7.4,89.0,9.34,10.8,5
2025-11-01,-23.5,-46.3,20.3,1.1,83.0,20.34,10.2,5
2025-11-02,-23.5,-46.3,18.6,19.8,95.0,5.1,13.6,5
2025-11-03,-23.5,-46.3,21.1,1.2,81.0,16.35,16.0,5
2025-11-04,-23.5,-46.3,21.1,2.7,85.0,18.54,13.4,5
2025-11-05,-23.5,-46.3,22.9,1.8,79.0,16.57,21.2,5
2025-11-06,-23.5,-46.3,17.9,1.0,82.0,12.64,16.6,5
2025-11-07,-23.5,-46.3,19.2,0.8,79.0,23.18,12.1,5
2025-11-08,-23.5,-46.3,20.9,3.5,81.0,11.63,27.2,5
2025-11-09,-23.5,-46.3,16.6,1.2,80.0,16.3,15.7,5
2025-11-10,-23.5,-46.3,16.1,0.0,76.0,26.98,15.7,5
2025-11-11,-23.5,-46.3,17.1,0.0,76.0,29.49,13.9,5
2025-11-12,-23.5,-46.3,19.5,0.0,77.0,29.16,15.2,5
2025-11-13,-23.5,-46.3,20.5,0.6,80.0,14.03,8.9,5
2025-11-14,-23.5,-46.3,19.0,4.5,81.0,15.84,13.1,5
2025-11-15,-23.5,-46.3,19.8,0.0,81.0,16.75,11.1,5
2025-11-16,-23.5,-46.3,20.5,16.1,87.0,10.69,11.4,5
2025-11-17,-23.5,-46.3,21.3,28.5,88.0,11.88,16.4,5
2025-11-18,-23.5,-46.3,21.3,10.8,81.0,11.75,23.0,5
2025-11-19,-23.5,-46.3,18.8,0.1,71.0,25.64,15.0,5
2025-11-20,-23.5,-46.3,17.7,0.1,77.0,26.95,14.9,5
2025-11-21,-23.5,-46.3,20.3,0.0,67.0,28.45,13.8,5
2025-11-22,-23.5,-46.3,21.9,0.8,74.0,20.8,10.0,5
2025-11-23,-23.5,-46.3,19.7,4.9,85.0,16.2,17.0,5
2025-11-24,-23.5,-46.3,18.6,11.4,89.0,10.94,11.9,5
2025-11-25,-23.5,-46.3,18.3,0.7,80.0,21.03,14.8,5
2025-11-26,-23.5,-46.3,17.8,0.0,76.0,30.31,13.5,5
2025-11-27,-23.5,-46.3,17.6,0.0,80.0,24.97,17.1,5
2025-11-28,-23.5,-46.3,20.8,0.6,78.0,25.09,15.9,5
2025-11-29,-23.5,-46.3,21.9,0.0,69.0,30.16,13.0,5
2025-11-30,-23.5,-46.3,22.6,0.0,64.0,28.89,13.5,5
2025-12-01,-23.5,-46.3,22.4,0.5,78.0,21.8,16.3,5
2025-12-02,-23.5,-46.3,22.2,25.7,83.0,14.7,15.0,5
2025-12-03,-23.5,-46.3,22.4,1.8,79.0,21.93,13.9,5
2025-12-04,-23.5,-46.3,19.9,0.3,80.0,20.56,15.9,5
2025-12-05,-23.5,-46.3,20.5,0.0,76.0,25.32,16.9,5
2025-12-06,-23.5,-46.3,22.4,0.7,73.0,25.53,12.3,5
2025-12-07,-23.5,-46.3,23.7,0.4,73.0,23.32,9.6,5
2025-12-08,-23.5,-46.3,22.3,20.6,83.0,14.01,12.5,5
2025-12-09,-23.5,-46.3,20.7,18.9,89.0,6.46,24.8,5
2025-12-10,-23.5,-46.3,23.4,1.8,68.0,24.0,35.5,5
2025-12-11,-23.5,-46.3,24.1,0.0,56.0,29.32,22.6,5
2025-12-12,-23.5,-46.3,22.8,8.7,69.0,16.3,16.8,5
2025-12-13,-23.5,-46.3,21.8,33.3,86.0,14.58,15.8,5
2025-12-14,-23.5,-46.3,22.7,9.6,82.0,12.07,14.6,5
2025-12-15,-23.5,-46.3,24.4,0.5,77.0,22.29,13.9,5
2025-12-16,-23.5,-46.3,23.9,8.5,82.0,19.48,20.9,5
2025-12-17,-23.5,-46.3,17.3,11.9,85.0,8.64,21.5,5
2025-12-18,-23.5,-46.3,19.1,0.0,79.0,12.93,13.2,5
2025-12-19,-23.5,-46.3,20.4,0.4,84.0,12.55,12.6,5
2025-12-20,-23.5,-46.3,21.4,0.2,82.0,23.01,13.2,5
2025-12-21,-23.5,-46.3,22.9,0.0,73.0,28.08,13.8,5
2025-12-22,-23.5,-46.3,24.5,0.3,69.0,28.26,11.4,5
2025-12-23,-23.5,-46.3,26.7,0.2,56.0,26.62,10.6,5
2025-12-24,-23.5,-46.3,27.2,0.9,56.0,26.97,8.3,5
2025-12-25,-23.5,-46.3,27.8,0.8,58.0,27.22,7.8,5
2025-12-26,-23.5,-46.3,28.4,0.9,55.0,23.72,9.9,5
2025-12-27,-23.5,-46.3,27.3,0.4,66.0,25.48,9.5,5
2025-12-28,-23.5,-46.3,27.1,7.8,70.0,27.27,9.9,5
2025-12-29,-23.5,-46.3,26.0,6.8,76.0,23.85,12.3,5
2025-12-30,-23.5,-46.3,25.2,10.5,79.0,25.35,11.3,5
2025-12-31,-23.5,-46.3,24.8,2.7,78.0,21.11,14.2,5
2026-01-01,-23.5,-46.3,25.0,0.6,74.0,20.8,17.1,5
2026-01-02,-23.5,-46.3,23.1,13.3,82.0,16.87,20.1,5
2026-01-03,-23.5,-46.3,24.7,3.2,74.0,22.01,15.5,5
2026-01-04,-23.5,-46.3,21.0,2.7,81.0,17.62,16.0,5
2026-01-05,-23.5,-46.3,19.3,0.5,78.0,13.45,18.6,5
2026-01-06,-23.5,-46.3,21.5,0.1,71.0,21.61,16.2,5
2026-01-07,-23.5,-46.3,22.5,13.6,75.0,22.15,10.8,5
2026-01-08,-23.5,-46.3,23.1,20.2,77.0,23.52,12.8,5
2026-01-09,-23.5,-46.3,24.2,0.5,79.0,24.52,13.9,5
2026-01-10,-23.5,-46.3,25.6,0.2,68.0,27.67,13.0,5
2026-01-11,-23.5,-46.3,26.7,0.1,61.0,28.0,12.9,5
2026-01-12,-23.5,-46.3,26.5,3.9,60.0,25.24,13.8,5
2026-01-13,-23.5,-46.3,23.4,3.4,73.0,18.01,13.8,5
2026-01-14,-23.5,-46.3,22.4,15.2,82.0,18.97,9.0,5
2026-01-15,-23.5,-46.3,21.8,23.8,87.0,16.87,11.2,5
2026-01-16,-23.5,-46.3,21.8,17.8,88.0,17.24,9.6,5
2026-01-17,-23.5,-46.3,22.0,13.6,86.0,18.57,10.1,5
2026-01-18,-23.5,-46.3,22.5,10.4,83.0,18.3,13.2,5
2026-01-19,-23.5,-46.3,20.7,34.4,88.0,11.58,27.3,5
2026-01-20,-23.5,-46.3,18.3,1.1,82.0,15.92,17.9,5
2026-01-21,-23.5,-46.3,17.8,3.6,82.0,11.82,15.4,5
2026-01-22,-23.5,-46.3,18.0,7.7,86.0,11.02,12.5,5
2026-01-23,-23.5,-46.3,19.4,6.4,86.0,19.66,14.4,5
2026-01-24,-23.5,-46.3,20.5,6.0,85.0,14.12,12.9,5
2026-01-25,-23.5,-46.3,20.9,6.3,87.0,17.55,10.0,5
2026-01-26,-23.5,-46.3,21.0,5.7,85.0,22.88,11.8,5
2026-01-27,-23.5,-46.3,21.5,2.7,87.0,21.73,10.1,5
2026-01-28,-23.5,-46.3,21.9,5.4,85.0,19.85,14.2,5
2026-01-29,-23.5,-46.3,21.8,12.8,84.0,22.34,18.6,5
2026-01-30,-23.5,-46.3,20.9,18.2,86.0,12.87,12.9,5
2026-01-31,-23.5,-46.3,22.4,0.7,78.0,19.54,16.1,5
2026-02-01,-23.5,-46.3,22.8,2.1,79.0,13.56,19.6,5
2026-02-02,-23.5,-46.3,21.2,14.3,90.0,13.41,12.2,5
2026-02-03,-23.5,-46.3,22.1,14.3,89.0,13.67,13.6,5
2026-02-04,-23.5,-46.3,22.4,16.4,87.0,15.53,14.9,5
2026-02-05,-23.5,-46.3,22.1,3.1,86.0,17.62,13.9,5
2026-02-06,-23.5,-46.3,22.7,8.3,85.0,18.6,12.2,5
2026-02-07,-23.5,-46.3,22.2,25.8,91.0,13.56,15.5,5
2026-02-08,-23.5,-46.3,21.3,14.6,87.0,16.3,14.8,5
2026-02-09,-23.5,-46.3,19.8,27.2,93.0,10.48,8.0,5
2026-02-10,-23.5,-46.3,20.5,11.9,92.0,14.21,11.9,5
2026-02-11,-23.5,-46.3,22.4,14.7,84.0,15.88,14.8,5
2026-02-12,-23.5,-46.3,24.3,2.4,78.0,19.93,10.8,5
2026-02-13,-23.5,-46.3,25.3,0.5,75.0,25.0,8.2,5
2026-02-14,-23.5,-46.3,23.7,1.6,80.0,17.96,15.4,5
2026-02-15,-23.5,-46.3,23.4,0.0,79.0,26.23,12.5,5
2026-02-16,-23.5,-46.3,24.5,0.5,76.0,26.34,8.7,5
2026-02-17,-23.5,-46.3,25.2,3.6,71.0,21.42,9.5,5
2026-02-18,-23.5,-46.3,23.0,17.6,85.0,19.64,15.7,5
2026-02-19,-23.5,-46.3,22.8,1.4,84.0,20.28,12.1,5
2026-02-20,-23.5,-46.3,23.5,0.2,80.0,22.92,14.8,5
2026-02-21,-23.5,-46.3,23.3,7.3,81.0,16.59,16.9,5
2026-02-22,-23.5,-46.3,21.9,9.9,86.0,16.91,15.0,5
2026-02-23,-23.5,-46.3,22.0,6.7,87.0,13.08,13.2,5
2026-02-24,-23.5,-46.3,22.7,3.1,85.0,14.29,9.2,5
2026-02-25,-23.5,-46.3,23.3,30.6,86.0,14.62,9.8,5
2026-02-26,-23.5,-46.3,21.4,7.1,92.0,10.21,15.9,5
2026-02-27,-23.5,-46.3,20.3,0.8,84.0,12.81,14.1,5
2026-02-28,-23.5,-46.3,19.0,0.3,83.0,20.74,14.4,5
2026-03-01,-23.5,-46.3,18.7,0.4,80.0,21.61,14.7,5
2026-03-02,-23.5,-46.3,18.7,0.3,82.0,20.99,13.8,5
2026-03-03,-23.5,-46.3,19.5,0.3,84.0,19.81,13.1,5
2026-03-04,-23.5,-46.3,20.3,0.0,81.0,22.73,14.8,5
2026-03-05,-23.5,-46.3,21.6,1.1,82.0,20.69,13.7,5
2026-03-06,-23.5,-46.3,21.8,2.2,89.0,13.49,7.9,5
2026-03-07,-23.5,-46.3,22.2,22.5,89.0,14.63,14.1,5
2026-03-08,-23.5,-46.3,21.9,11.0,84.0,18.57,9.6,5
2026-03-09,-23.5,-46.3,19.9,20.6,94.0,6.46,11.6,5
2026-03-10,-23.5,-46.3,19.4,16.1,96.0,7.29,7.1,5
2026-03-11,-23.5,-46.3,19.8,25.2,95.0,7.16,7.8,5
2026-03-12,-23.5,-46.3,20.1,23.9,93.0,6.96,12.1,5
2026-03-13,-23.5,-46.3,20.3,2.7,87.0,11.07,10.3,5
2026-03-14,-23.5,-46.3,20.8,0.0,82.0,24.85,10.1,5
2026-03-15,-23.5,-46.3,22.2,0.5,80.0,21.38,11.9,5
2026-03-16,-23.5,-46.3,22.6,0.0,77.0,25.37,13.1,5
2026-03-17,-23.5,-46.3,22.1,0.0,79.0,21.83,12.2,5
2026-03-18,-23.5,-46.3,22.5,3.9,83.0,18.29,8.9,5
2026-03-19,-23.5,-46.3,21.1,8.8,90.0,9.13,9.0,5
2026-03-20,-23.5,-46.3,21.2,0.2,82.0,17.46,13.0,5
2026-03-21,-23.5,-46.3,21.7,0.0,85.0,22.43,12.3,5
2026-03-22,-23.5,-46.3,22.0,0.0,77.0,20.02,10.9,5
2026-03-23,-23.5,-46.3,21.0,0.1,80.0,24.45,13.3,5
2026-03-24,-23.5,-46.3,21.5,0.0,80.0,24.06,11.1,5
2026-03-25,-23.5,-46.3,22.4,0.4,81.0,18.97,10.1,5
2026-03-26,-23.5,-46.3,22.8,0.6,82.0,18.88,7.9,5
2026-03-27,-23.5,-46.3,22.8,0.0,77.0,23.34,14.3,5
2026-03-28,-23.5,-46.3,22.3,0.1,75.0,23.31,14.0,5
2026-03-29,-23.5,-46.3,22.5,0.0,76.0,22.41,11.2,5
2026-03-30,-23.5,-46.3,21.0,2.4,80.0,18.37,13.2,5
2026-03-31,-23.5,-46.3,20.1,26.8,88.0,11.26,11.6,5
2026-04-01,-23.5,-46.3,19.9,8.8,89.0,17.02,9.1,5
2026-04-02,-23.5,-46.3,21.4,18.7,88.0,17.14,11.2,5
2026-04-03,-23.5,-46.3,22.3,3.9,83.0,19.5,12.7,5
2026-04-04,-23.5,-46.3,22.2,1.0,86.0,18.91,11.7,5
2026-04-05,-23.5,-46.3,21.9,0.6,84.0,17.93,12.4,5
2026-04-06,-23.5,-46.3,21.9,0.2,85.0,18.38,13.2,5
2026-04-07,-23.5,-46.3,22.2,6.2,86.0,13.61,9.0,5
2026-04-08,-23.5,-46.3,22.4,1.5,79.0,12.19,15.8,5
2026-04-09,-23.5,-46.3,21.1,2.1,85.0,13.82,15.6,5
2026-04-10,-23.5,-46.3,18.8,1.0,82.0,7.24,10.7,5
2026-04-11,-23.5,-46.3,19.2,0.0,76.0,20.66,13.0,5
2026-04-12,-23.5,-46.3,19.7,0.0,76.0,20.33,12.4,5
2026-04-13,-23.5,-46.3,20.7,0.0,78.0,17.62,11.9,5
2026-04-14,-23.5,-46.3,20.1,0.0,76.0,19.79,15.0,5
2026-04-15,-23.5,-46.3,19.6,0.0,76.0,21.22,12.5,5
2026-04-16,-23.5,-46.3,20.1,0.0,77.0,19.9,11.5,5
2026-04-17,-23.5,-46.3,21.8,0.0,72.0,19.7,9.0,5
2026-04-18,-23.5,-46.3,22.3,1.1,72.0,16.4,16.1,5
2026-04-19,-23.5,-46.3,20.8,0.0,78.0,20.82,13.5,5
2026-04-20,-23.5,-46.3,19.3,0.0,78.0,20.96,12.2,5
2026-04-21,-23.5,-46.3,18.9,0.0,77.0,20.48,13.6,5
2026-04-22,-23.5,-46.3,19.9,0.0,77.0,18.49,13.9,5
2026-04-23,-23.5,-46.3,20.0,0.2,79.0,17.41,13.5,5
2026-04-24,-23.5,-46.3,20.9,0.0,75.0,17.61,11.8,5
2026-04-25,-23.5,-46.3,23.1,0.0,63.0,17.53,16.2,5
2026-04-26,-23.5,-46.3,24.4,0.0,59.0,17.52,15.9,5
2026-04-27,-23.5,-46.3,23.2,9.9,71.0,10.41,15.5,5
2026-04-28,-23.5,-46.3,21.5,3.9,88.0,10.37,10.1,5
2026-04-29,-23.5,-46.3,21.2,8.9,88.0,11.08,12.3,5
2026-04-30,-23.5,-46.3,20.2,24.4,87.0,12.99,14.9,5
2026-05-01,-23.5,-46.3,21.3,0.4,84.0,14.2,11.0,5
2026-05-02,-23.5,-46.3,21.8,0.5,78.0,12.3,15.0,5
2026-05-03,-23.5,-46.3,17.7,0.8,84.0,9.02,16.0,5
2026-05-04,-23.5,-46.3,18.9,0.4,82.0,15.78,13.8,5
2026-05-05,-23.5,-46.3,20.8,0.1,81.0,15.74,6.9,5
2026-05-06,-23.5,-46.3,21.3,0.0,76.0,17.47,8.5,5
2026-05-07,-23.5,-46.3,21.8,0.0,70.0,17.35,14.4,5
2026-05-08,-23.5,-46.3,23.4,0.0,61.0,12.1,20.1,5
2026-05-09,-23.5,-46.3,23.2,0.9,65.0,8.81,16.9,5
2026-05-10,-23.5,-46.3,15.4,9.5,91.0,2.46,12.5,5
2026-05-11,-23.5,-46.3,13.5,0.0,77.0,14.87,10.3,5
2026-05-12,-23.5,-46.3,14.2,0.0,75.0,17.73,8.3,5
2026-05-13,-23.5,-46.3,15.9,0.0,78.0,16.19,9.3,5
2026-05-14,-23.5,-46.3,17.7,0.0,81.0,13.19,11.3,5
2026-05-15,-23.5,-46.3,16.9,10.0,95.0,5.3,5.1,5
2026-05-16,-23.5,-46.3,18.7,12.1,88.0,13.52,10.1,5
2026-05-17,-23.5,-46.3,18.4,16.0,94.0,4.23,10.5,5
2026-05-18,-23.5,-46.3,18.2,0.3,89.0,6.29,11.4,5
2026-05-19,-23.5,-46.3,17.2,1.6,90.0,4.24,9.4,5
2026-05-20,-23.5,-46.3,17.4,1.4,87.0,9.72,8.5,5
2026-05-21,-23.5,-46.3,15.8,0.3,87.0,6.67,13.0,5
2026-05-22,-23.5,-46.3,15.1,5.1,89.0,5.99,11.1,5
2026-05-23,-23.5,-46.3,16.5,29.5,93.0,4.77,9.2,5
2026-05-24,-23.5,-46.3,17.8,44.5,92.0,9.14,11.7,5
2026-05-25,-23.5,-46.3,17.7,0.6,89.0,9.57,10.4,5
2026-05-26,-23.5,-46.3,19.7,2.4,85.0,13.84,9.6,5
2026-05-27,-23.5,-46.3,17.3,1.2,90.0,7.04,14.1,5
2026-05-28,-23.5,-46.3,15.4,0.0,84.0,14.99,11.0,5
2026-05-29,-23.5,-46.3,16.0,0.1,84.0,10.6,11.9,5
2026-05-30,-23.5,-46.3,17.2,0.4,86.0,12.02,10.9,5
2026-05-31,-23.5,-46.3,16.9,0.0,85.0,12.65,11.6,5
2026-06-01,-23.5,-46.3,15.2,0.0,87.0,11.77,13.4,5
2026-06-02,-23.5,-46.3,15.1,0.0,85.0,9.89,12.3,5
2026-06-03,-23.5,-46.3,16.5,0.0,85.0,12.85,12.9,5
2026-06-04,-23.5,-46.3,16.2,0.1,86.0,10.9,12.1,5
2026-06-05,-23.5,-46.3,15.4,0.0,82.0,14.14,13.4,5
2026-06-06,-23.5,-46.3,15.7,0.0,74.0,15.04,8.4,5
2026-06-07,-23.5,-46.3,15.3,0.0,72.0,15.16,7.3,5
2026-06-08,-23.5,-46.3,15.2,0.0,76.0,15.12,10.5,5
2026-06-09,-23.5,-46.3,16.5,0.0,70.0,12.38,14.2,5
2026-06-10,-23.5,-46.3,16.5,2.7,77.0,11.86,11.1,5
2026-06-11,-23.5,-46.3,17.0,6.6,88.0,7.65,11.3,5
2026-06-12,-23.5,-46.3,17.1,4.0,87.0,4.7,20.6,5
2026-06-13,-23.5,-46.3,18.4,5.6,83.0,10.29,17.8,5
2026-06-14,-23.5,-46.3,18.8,4.3,85.0,8.35,13.3,5
2026-06-15,-23.5,-46.3,16.2,9.0,93.0,4.31,9.7,5
2026-06-16,-23.5,-46.3,15.6,0.1,89.0,10.97,10.8,5
2026-06-17,-23.5,-46.3,14.6,0.0,82.0,14.5,10.5,5
2026-06-18,-23.5,-46.3,13.1,0.0,79.0,14.83,11.6,5
2026-06-19,-23.5,-46.3,14.8,0.0,82.0,14.71,11.2,5
2026-06-20,-23.5,-46.3,17.1,6.1,81.0,4.91,14.4,5
2026-06-21,-23.5,-46.3,15.9,0.1,80.0,14.62,7.5,5
2026-06-22,-23.5,-46.3,18.0,0.0,70.0,14.71,13.9,5
2026-06-23,-23.5,-46.3,17.4,20.3,83.0,2.54,12.9,5
2026-06-24,-23.5,-46.3,13.4,16.2,93.0,1.4,8.4,5
2026-06-25,-23.5,-46.3,12.5,4.4,92.0,3.25,10.7,5
2026-06-26,-23.5,-46.3,15.5,0.0,91.0,10.99,9.9,5
2026-06-27,-23.5,-46.3,17.3,0.0,91.0,13.7,6.4,5
2026-06-28,-23.5,-46.3,18.5,0.0,83.0,14.27,8.8,5
2026-06-29,-23.5,-46.3,18.9,0.4,81.0,13.89,11.1,5
2026-06-30,-23.5,-46.3,19.2,0.0,80.0,14.31,9.1,5
2026-07-01,-23.5,-46.3,19.7,0.0,74.0,14.29,12.0,5
2026-07-02,-23.5,-46.3,18.5,0.0,77.0,14.4,9.4,5
2026-07-03,-23.5,-46.3,17.2,0.0,82.0,11.4,14.0,5
2026-07-04,-23.5,-46.3,15.4,0.0,88.0,9.53,11.2,5
2026-07-05,-23.5,-46.3,14.9,0.0,86.0,10.68,13.7,5
2026-07-06,-23.5,-46.3,16.3,0.0,81.0,13.42,9.1,5
2026-07-07,-23.5,-46.3,15.0,0.8,86.0,7.66,15.1,5
2026-07-08,-23.5,-46.3,15.4,0.0,82.0,12.89,12.6,5
2026-07-09,-23.5,-46.3,14.9,0.0,83.0,15.13,6.0,5
2026-07-10,-23.5,-46.3,16.6,0.0,72.0,14.99,10.5,5
2026-07-11,-23.5,-46.3,18.0,0.2,72.0,14.76,15.1,5
2026-07-12,-23.5,-46.3,16.7,7.9,83.0,7.98,19.8,5
2026-07-13,-23.5,-46.3,12.8,0.8,81.0,10.5,13.1,5
2026-07-14,-23.5,-46.3,12.6,0.2,83.0,12.51,13.9,5
2026-07-15,-23.5,-46.3,13.5,0.0,80.0,15.7,12.9,5
2026-07-16,-23.5,-46.3,14.7,0.0,79.0,15.84,8.9,5
2026-07-17,-23.5,-46.3,15.9,0.0,63.0,16.14,12.4,5
2026-07-18,-23.5,-46.3,17.3,0.0,57.0,16.16,15.3,5
2025-07-19,-23.4,-46.8,13.6,0.0,72.0,15.84,10.0,5
2025-07-20,-23.4,-46.8,14.0,0.0,79.0,12.64,10.5,5
2025-07-21,-23.4,-46.8,16.4,0.0,76.0,14.88,10.9,5
2025-07-22,-23.4,-46.8,16.8,0.0,73.0,15.38,13.3,5
2025-07-23,-23.4,-46.8,15.3,0.0,69.0,16.56,11.4,5
2025-07-24,-23.4,-46.8,15.5,0.0,81.0,11.29,14.4,5
2025-07-25,-23.4,-46.8,15.1,4.1,88.0,4.58,9.9,5
2025-07-26,-23.4,-46.8,16.2,0.0,77.0,15.66,7.6,5
2025-07-27,-23.4,-46.8,17.7,0.0,65.0,16.92,17.6,5
2025-07-28,-23.4,-46.8,19.0,1.1,70.0,10.48,29.6,5
2025-07-29,-23.4,-46.8,13.3,0.1,68.0,18.46,13.4,5
2025-07-30,-23.4,-46.8,10.5,0.0,74.0,15.88,11.4,5
2025-07-31,-23.4,-46.8,12.1,0.0,74.0,17.55,13.6,5
2025-08-01,-23.4,-46.8,14.6,0.0,72.0,18.04,10.1,5
2025-08-02,-23.4,-46.8,15.4,0.0,65.0,16.16,9.2,5
2025-08-03,-23.4,-46.8,16.3,0.0,58.0,17.0,14.6,5
2025-08-04,-23.4,-46.8,15.4,0.0,67.0,10.66,10.1,5
2025-08-05,-23.4,-46.8,15.2,0.1,83.0,8.19,12.2,5
2025-08-06,-23.4,-46.8,15.1,1.8,82.0,10.98,14.5,5
2025-08-07,-23.4,-46.8,16.8,0.0,72.0,15.66,9.7,5
2025-08-08,-23.4,-46.8,16.8,0.9,76.0,11.92,21.9,5
2025-08-09,-23.4,-46.8,13.8,2.4,75.0,11.68,17.7,5
2025-08-10,-23.4,-46.8,10.6,0.4,79.0,9.55,12.3,5
2025-08-11,-23.4,-46.8,11.1,0.0,79.0,15.85,12.7,5
2025-08-12,-23.4,-46.8,13.3,0.0,74.0,18.19,12.8,5
2025-08-13,-23.4,-46.8,14.6,0.0,67.0,20.07,9.8,5
2025-08-14,-23.4,-46.8,13.5,0.0,71.0,16.37,15.2,5
2025-08-15,-23.4,-46.8,14.6,0.0,75.0,15.33,16.2,5
2025-08-16,-23.4,-46.8,16.7,0.0,76.0,12.84,13.3,5
2025-08-17,-23.4,-46.8,17.9,0.2,75.0,16.19,12.1,5
2025-08-18,-23.4,-46.8,16.1,0.0,78.0,16.81,13.8,5
2025-08-19,-23.4,-46.8,18.3,0.0,70.0,14.17,13.2,5
2025-08-20,-23.4,-46.8,21.3,0.0,57.0,13.38,18.0,5
2025-08-21,-23.4,-46.8,21.4,0.1,66.0,17.28,10.1,5
2025-08-22,-23.4,-46.8,22.0,0.0,60.0,19.57,12.7,5
2025-08-23,-23.4,-46.8,22.4,0.0,46.0,18.52,17.7,5
2025-08-24,-23.4,-46.8,17.9,0.0,73.0,13.31,14.8,5
2025-08-25,-23.4,-46.8,19.0,0.0,73.0,15.8,14.0,5
2025-08-26,-23.4,-46.8,17.1,2.6,81.0,10.25,13.9,5
2025-08-27,-23.4,-46.8,16.9,8.4,88.0,13.49,11.0,5
2025-08-28,-23.4,-46.8,17.9,0.3,81.0,16.6,18.0,5
2025-08-29,-23.4,-46.8,16.6,5.1,86.0,7.95,9.0,5
2025-08-30,-23.4,-46.8,17.2,0.0,81.0,17.38,13.6,5
2025-08-31,-23.4,-46.8,17.4,0.2,78.0,18.04,13.6,5
2025-09-01,-23.4,-46.8,18.5,0.8,78.0,17.45,12.9,5
2025-09-02,-23.4,-46.8,19.1,0.1,74.0,18.96,10.2,5
2025-09-03,-23.4,-46.8,19.4,0.0,66.0,21.43,12.0,5
2025-09-04,-23.4,-46.8,19.7,0.0,59.0,19.36,12.1,5
2025-09-05,-23.4,-46.8,19.7,0.0,65.0,18.21,15.3,5
2025-09-06,-23.4,-46.8,16.4,0.1,81.0,10.42,16.8,5
2025-09-07,-23.4,-46.8,17.5,0.1,80.0,11.26,14.4,5
2025-09-08,-23.4,-46.8,20.9,0.1,71.0,17.83,11.2,5
2025-09-09,-23.4,-46.8,21.3,0.0,56.0,13.54,27.8,5
2025-09-10,-23.4,-46.8,18.3,0.0,68.0,23.18,13.9,5
2025-09-11,-23.4,-46.8,18.8,0.0,64.0,23.91,12.5,5
2025-09-12,-23.4,-46.8,16.8,0.0,69.0,16.86,16.0,5
2025-09-13,-23.4,-46.8,16.3,0.0,74.0,14.6,17.2,5
2025-09-14,-23.4,-46.8,17.8,0.0,74.0,20.15,18.4,5
2025-09-15,-23.4,-46.8,19.4,0.0,73.0,21.77,16.4,5
2025-09-16,-23.4,-46.8,19.0,0.3,77.0,10.2,15.6,5
2025-09-17,-23.4,-46.8,18.3,0.0,73.0,20.06,16.6,5
2025-09-18,-23.4,-46.8,18.4,0.0,72.0,21.57,14.6,5
2025-09-19,-23.4,-46.8,21.4,0.0,65.0,18.51,14.5,5
2025-09-20,-23.4,-46.8,23.3,0.0,58.0,22.33,16.0,5
2025-09-21,-23.4,-46.8,25.2,1.7,53.0,19.23,27.4,5
2025-09-22,-23.4,-46.8,20.2,18.9,86.0,3.43,26.3,5
2025-09-23,-23.4,-46.8,16.3,2.5,82.0,13.13,15.4,5
2025-09-24,-23.4,-46.8,15.8,0.0,83.0,8.57,18.8,5
2025-09-25,-23.4,-46.8,14.6,0.3,81.0,7.97,20.6,5
2025-09-26,-23.4,-46.8,14.3,0.3,76.0,18.27,20.4,5
2025-09-27,-23.4,-46.8,15.9,0.0,73.0,24.5,12.9,5
2025-09-28,-23.4,-46.8,18.7,0.0,68.0,19.88,13.3,5
2025-09-29,-23.4,-46.8,21.0,0.0,66.0,24.91,10.7,5
2025-09-30,-23.4,-46.8,22.7,0.0,59.0,24.25,8.1,5
2025-10-01,-23.4,-46.8,20.7,0.0,72.0,16.83,13.4,5
2025-10-02,-23.4,-46.8,19.7,0.0,77.0,12.14,16.3,5
2025-10-03,-23.4,-46.8,20.7,2.7,77.0,16.91,13.8,5
2025-10-04,-23.4,-46.8,19.2,2.4,80.0,9.64,10.8,5
2025-10-05,-23.4,-46.8,23.3,0.0,56.0,25.92,13.4,5
2025-10-06,-23.4,-46.8,25.3,0.0,50.0,21.93,14.8,5
2025-10-07,-23.4,-46.8,19.0,0.0,80.0,11.39,23.4,5
2025-10-08,-23.4,-46.8,15.6,2.4,82.0,7.79,20.8,5
2025-10-09,-23.4,-46.8,16.5,35.2,80.0,10.79,17.5,5
2025-10-10,-23.4,-46.8,17.2,16.3,90.0,7.91,10.1,5
2025-10-11,-23.4,-46.8,18.7,0.4,85.0,17.36,9.7,5
2025-10-12,-23.4,-46.8,21.1,2.2,74.0,18.79,17.0,5
2025-10-13,-23.4,-46.8,19.6,9.2,87.0,9.58,23.5,5
2025-10-14,-23.4,-46.8,19.8,1.5,83.0,20.29,17.4,5
2025-10-15,-23.4,-46.8,18.9,0.0,79.0,18.7,15.3,5
2025-10-16,-23.4,-46.8,21.2,0.0,76.0,23.43,16.8,5
2025-10-17,-23.4,-46.8,23.1,3.3,70.0,22.98,9.8,5
2025-10-18,-23.4,-46.8,18.8,33.1,95.0,6.8,26.6,5
2025-10-19,-23.4,-46.8,13.8,1.3,83.0,13.37,27.2,5
2025-10-20,-23.4,-46.8,13.3,0.2,74.0,21.53,20.8,5
2025-10-21,-23.4,-46.8,14.2,0.0,71.0,28.05,18.3,5
2025-10-22,-23.4,-46.8,15.4,0.0,70.0,28.98,16.0,5
2025-10-23,-23.4,-46.8,16.4,0.0,69.0,29.71,13.1,5
2025-10-24,-23.4,-46.8,17.9,0.0,67.0,28.69,13.5,5
2025-10-25,-23.4,-46.8,20.5,0.0,61.0,27.11,13.5,5
2025-10-26,-23.4,-46.8,21.9,0.0,59.0,23.45,12.1,5
2025-10-27,-23.4,-46.8,18.7,2.4,86.0,6.26,7.2,5
2025-10-28,-23.4,-46.8,19.2,26.7,91.0,5.32,7.9,5
2025-10-29,-23.4,-46.8,19.9,9.7,88.0,15.31,20.4,5
2025-10-30,-23.4,-46.8,16.7,3.9,86.0,9.03,13.0,5
2025-10-31,-23.4,-46.8,17.2,32.3,91.0,9.34,12.4,5
2025-11-01,-23.4,-46.8,20.6,2.2,81.0,20.34,10.3,5
2025-11-02,-23.4,-46.8,18.3,23.7,97.0,5.1,20.0,5
2025-11-03,-23.4,-46.8,20.1,3.4,84.0,16.35,17.7,5
2025-11-04,-23.4,-46.8,21.1,4.9,84.0,18.54,12.9,5
2025-11-05,-23.4,-46.8,21.9,2.1,83.0,16.57,20.1,5
2025-11-06,-23.4,-46.8,17.9,0.8,80.0,12.64,17.7,5
2025-11-07,-23.4,-46.8,20.1,0.2,76.0,23.18,14.1,5
2025-11-08,-23.4,-46.8,20.2,8.6,87.0,11.63,25.9,5
2025-11-09,-23.4,-46.8,16.6,0.2,77.0,16.3,16.7,5
2025-11-10,-23.4,-46.8,16.2,0.0,73.0,26.98,17.5,5
2025-11-11,-23.4,-46.8,17.6,0.0,74.0,29.49,15.2,5
2025-11-12,-23.4,-46.8,20.6,0.0,70.0,29.16,11.5,5
2025-11-13,-23.4,-46.8,20.9,0.2,73.0,14.03,10.4,5
2025-11-14,-23.4,-46.8,18.8,2.3,79.0,15.84,14.1,5
2025-11-15,-23.4,-46.8,20.1,0.1,77.0,16.75,13.6,5
2025-11-16,-23.4,-46.8,20.7,8.7,86.0,10.69,13.8,5
2025-11-17,-23.4,-46.8,21.1,8.6,89.0,11.88,16.3,5
2025-11-18,-23.4,-46.8,20.1,12.3,87.0,11.75,25.0,5
2025-11-19,-23.4,-46.8,18.6,0.1,69.0,25.64,15.5,5
2025-11-20,-23.4,-46.8,17.8,0.0,74.0,26.95,17.1,5
2025-11-21,-23.4,-46.8,21.0,0.0,64.0,28.45,12.4,5
2025-11-22,-23.4,-46.8,21.7,3.3,73.0,20.8,10.7,5
2025-11-23,-23.4,-46.8,19.5,22.8,84.0,16.2,14.5,5
2025-11-24,-23.4,-46.8,18.0,16.9,90.0,10.94,11.5,5
2025-11-25,-23.4,-46.8,17.9,0.7,79.0,21.03,16.0,5
2025-11-26,-23.4,-46.8,17.6,0.0,73.0,30.31,15.1,5
2025-11-27,-23.4,-46.8,17.6,0.0,75.0,24.97,20.1,5
2025-11-28,-23.4,-46.8,21.3,0.1,72.0,25.09,12.8,5
2025-11-29,-23.4,-46.8,22.3,0.0,62.0,30.16,11.1,5
2025-11-30,-23.4,-46.8,23.3,0.0,60.0,28.89,12.4,5
2025-12-01,-23.4,-46.8,23.2,0.0,72.0,21.8,14.5,5
2025-12-02,-23.4,-46.8,21.3,7.4,86.0,14.7,16.1,5
2025-12-03,-23.4,-46.8,21.8,1.3,78.0,21.93,14.7,5
2025-12-04,-23.4,-46.8,20.3,0.4,76.0,20.56,18.8,5
2025-12-05,-23.4,-46.8,21.0,0.0,72.0,25.32,17.6,5
2025-12-06,-23.4,-46.8,22.7,0.1,71.0,25.53,13.7,5
2025-12-07,-23.4,-46.8,23.3,0.2,73.0,23.32,11.3,5
2025-12-08,-23.4,-46.8,21.7,18.9,85.0,14.01,14.8,5
2025-12-09,-23.4,-46.8,19.5,21.6,95.0,6.46,32.3,5
2025-12-10,-23.4,-46.8,22.3,3.5,72.0,24.0,36.3,5
2025-12-11,-23.4,-46.8,22.8,0.0,62.0,29.32,22.1,5
2025-12-12,-23.4,-46.8,21.4,1.5,76.0,16.3,18.4,5
2025-12-13,-23.4,-46.8,20.8,28.9,90.0,14.58,22.7,5
2025-12-14,-23.4,-46.8,21.6,8.6,86.0,12.07,18.9,5
2025-12-15,-23.4,-46.8,23.3,0.7,80.0,22.29,14.7,5
2025-12-16,-23.4,-46.8,22.7,5.6,86.0,19.48,18.5,5
2025-12-17,-23.4,-46.8,16.9,9.9,86.0,8.64,21.1,5
2025-12-18,-23.4,-46.8,18.7,0.1,80.0,12.93,13.8,5
2025-12-19,-23.4,-46.8,20.7,1.6,83.0,12.55,15.8,5
2025-12-20,-23.4,-46.8,21.8,1.5,78.0,23.01,14.7,5
2025-12-21,-23.4,-46.8,23.5,0.0,68.0,28.08,11.9,5
2025-12-22,-23.4,-46.8,24.0,0.3,66.0,28.26,12.1,5
2025-12-23,-23.4,-46.8,24.9,0.0,63.0,26.62,12.9,5
2025-12-24,-23.4,-46.8,25.4,0.3,64.0,26.97,8.4,5
2025-12-25,-23.4,-46.8,26.2,0.6,63.0,27.22,12.3,5
2025-12-26,-23.4,-46.8,26.4,3.6,64.0,23.72,11.9,5
2025-12-27,-23.4,-46.8,25.2,5.5,75.0,25.48,10.2,5
2025-12-28,-23.4,-46.8,25.3,12.3,74.0,27.27,22.7,5
2025-12-29,-23.4,-46.8,24.8,9.9,77.0,23.85,10.5,5
2025-12-30,-23.4,-46.8,24.6,14.1,80.0,25.35,17.4,5
2025-12-31,-23.4,-46.8,23.1,5.6,84.0,21.11,16.3,5
2026-01-01,-23.4,-46.8,23.4,1.0,82.0,20.8,16.9,5
2026-01-02,-23.4,-46.8,22.2,10.7,87.0,16.87,17.0,5
2026-01-03,-23.4,-46.8,22.8,1.9,83.0,22.01,15.6,5
2026-01-04,-23.4,-46.8,21.0,0.4,81.0,17.62,16.5,5
2026-01-05,-23.4,-46.8,19.2,0.7,79.0,13.45,19.8,5
2026-01-06,-23.4,-46.8,20.8,1.8,75.0,21.61,15.5,5
2026-01-07,-23.4,-46.8,21.2,13.9,81.0,22.15,13.1,5
2026-01-08,-23.4,-46.8,21.8,27.5,81.0,23.52,15.9,5
2026-01-09,-23.4,-46.8,23.7,2.0,76.0,24.52,14.6,5
2026-01-10,-23.4,-46.8,24.6,8.5,70.0,27.67,15.0,5
2026-01-11,-23.4,-46.8,24.7,0.4,70.0,28.0,16.7,5
2026-01-12,-23.4,-46.8,24.2,3.0,70.0,25.24,23.5,5
2026-01-13,-23.4,-46.8,21.7,6.3,81.0,18.01,16.0,5
2026-01-14,-23.4,-46.8,21.4,23.3,85.0,18.97,16.2,5
2026-01-15,-23.4,-46.8,21.1,13.2,88.0,16.87,15.4,5
2026-01-16,-23.4,-46.8,21.5,18.5,87.0,17.24,14.2,5
2026-01-17,-23.4,-46.8,21.5,23.2,86.0,18.57,14.0,5
2026-01-18,-23.4,-46.8,21.7,9.7,86.0,18.3,18.1,5
2026-01-19,-23.4,-46.8,19.9,16.3,91.0,11.58,23.6,5
2026-01-20,-23.4,-46.8,18.0,0.6,80.0,15.92,20.1,5
2026-01-21,-23.4,-46.8,16.9,0.8,83.0,11.82,17.1,5
2026-01-22,-23.4,-46.8,17.3,8.2,86.0,11.02,17.1,5
2026-01-23,-23.4,-46.8,19.1,2.1,84.0,19.66,16.8,5
2026-01-24,-23.4,-46.8,20.2,2.6,84.0,14.12,14.1,5
2026-01-25,-23.4,-46.8,20.6,4.5,85.0,17.55,15.6,5
2026-01-26,-23.4,-46.8,21.0,5.2,83.0,22.88,10.8,5
2026-01-27,-23.4,-46.8,21.9,0.9,80.0,21.73,12.1,5
2026-01-28,-23.4,-46.8,21.3,8.3,84.0,19.85,10.8,5
2026-01-29,-23.4,-46.8,20.6,18.1,89.0,22.34,15.8,5
2026-01-30,-23.4,-46.8,19.8,18.7,91.0,12.87,13.2,5
2026-01-31,-23.4,-46.8,21.4,0.7,83.0,19.54,14.6,5
2026-02-01,-23.4,-46.8,21.1,4.7,88.0,13.56,20.3,5
2026-02-02,-23.4,-46.8,20.6,10.0,92.0,13.41,12.5,5
2026-02-03,-23.4,-46.8,21.0,17.6,93.0,13.67,11.9,5
2026-02-04,-23.4,-46.8,21.8,10.6,89.0,15.53,15.9,5
2026-02-05,-23.4,-46.8,21.5,7.7,88.0,17.62,13.9,5
2026-02-06,-23.4,-46.8,22.2,5.0,85.0,18.6,11.3,5
2026-02-07,-23.4,-46.8,21.7,15.6,91.0,13.56,8.8,5
2026-02-08,-23.4,-46.8,20.5,26.4,89.0,16.3,11.9,5
2026-02-09,-23.4,-46.8,19.3,16.7,96.0,10.48,9.7,5
2026-02-10,-23.4,-46.8,20.5,13.2,90.0,14.21,20.4,5
2026-02-11,-23.4,-46.8,21.8,15.0,84.0,15.88,19.9,5
2026-02-12,-23.4,-46.8,23.4,0.8,80.0,19.93,16.5,5
2026-02-13,-23.4,-46.8,24.5,4.3,74.0,25.0,12.2,5
2026-02-14,-23.4,-46.8,23.0,2.4,81.0,17.96,11.7,5
2026-02-15,-23.4,-46.8,23.8,0.0,75.0,26.23,13.5,5
2026-02-16,-23.4,-46.8,23.9,0.0,73.0,26.34,10.1,5
2026-02-17,-23.4,-46.8,23.6,3.9,76.0,21.42,10.6,5
2026-02-18,-23.4,-46.8,22.8,1.2,82.0,19.64,11.8,5
2026-02-19,-23.4,-46.8,22.5,3.7,84.0,20.28,10.3,5
2026-02-20,-23.4,-46.8,23.3,0.0,78.0,22.92,12.0,5
2026-02-21,-23.4,-46.8,22.3,9.0,86.0,16.59,13.4,5
2026-02-22,-23.4,-46.8,21.4,6.6,87.0,16.91,17.2,5
2026-02-23,-23.4,-46.8,21.4,9.0,89.0,13.08,14.8,5
2026-02-24,-23.4,-46.8,21.9,16.4,87.0,14.29,11.1,5
2026-02-25,-23.4,-46.8,22.0,25.9,90.0,14.62,10.0,5
2026-02-26,-23.4,-46.8,21.0,20.2,91.0,10.21,22.0,5
2026-02-27,-23.4,-46.8,20.0,2.2,85.0,12.81,18.0,5
2026-02-28,-23.4,-46.8,19.0,0.0,79.0,20.74,15.3,5
2026-03-01,-23.4,-46.8,18.5,0.0,77.0,21.61,15.3,5
2026-03-02,-23.4,-46.8,18.5,0.0,79.0,20.99,15.3,5
2026-03-03,-23.4,-46.8,19.5,0.1,80.0,19.81,13.6,5
2026-03-04,-23.4,-46.8,20.0,0.0,79.0,22.73,14.7,5
2026-03-05,-23.4,-46.8,21.7,0.2,78.0,20.69,13.3,5
2026-03-06,-23.4,-46.8,21.9,7.2,87.0,13.49,12.9,5
2026-03-07,-23.4,-46.8,21.3,19.1,92.0,14.63,16.7,5
2026-03-08,-23.4,-46.8,21.3,15.5,86.0,18.57,12.7,5
2026-03-09,-23.4,-46.8,19.6,9.6,95.0,6.46,12.4,5
2026-03-10,-23.4,-46.8,18.8,14.4,97.0,7.29,8.6,5
2026-03-11,-23.4,-46.8,19.5,20.8,97.0,7.16,8.6,5
2026-03-12,-23.4,-46.8,19.3,29.5,96.0,6.96,15.5,5
2026-03-13,-23.4,-46.8,19.6,5.2,89.0,11.07,8.8,5
2026-03-14,-23.4,-46.8,20.5,0.0,77.0,24.85,7.6,5
2026-03-15,-23.4,-46.8,22.1,0.5,77.0,21.38,9.8,5
2026-03-16,-23.4,-46.8,22.7,0.0,71.0,25.37,10.9,5
2026-03-17,-23.4,-46.8,22.4,0.0,75.0,21.83,11.3,5
2026-03-18,-23.4,-46.8,21.8,8.1,85.0,18.29,13.6,5
2026-03-19,-23.4,-46.8,21.0,18.0,93.0,9.13,8.5,5
2026-03-20,-23.4,-46.8,20.8,0.7,83.0,17.46,13.8,5
2026-03-21,-23.4,-46.8,22.1,0.0,80.0,22.43,13.9,5
2026-03-22,-23.4,-46.8,21.8,0.0,73.0,20.02,12.7,5
2026-03-23,-23.4,-46.8,22.0,0.0,71.0,24.45,14.8,5
2026-03-24,-23.4,-46.8,21.6,0.0,76.0,24.06,11.5,5
2026-03-25,-23.4,-46.8,21.6,1.0,81.0,18.97,17.1,5
2026-03-26,-23.4,-46.8,22.2,1.5,82.0,18.88,8.4,5
2026-03-27,-23.4,-46.8,23.0,0.0,73.0,23.34,12.3,5
2026-03-28,-23.4,-46.8,22.3,0.0,74.0,23.31,14.3,5
2026-03-29,-23.4,-46.8,22.5,0.0,73.0,22.41,10.2,5
2026-03-30,-23.4,-46.8,21.4,1.3,75.0,18.37,12.3,5
2026-03-31,-23.4,-46.8,19.9,9.5,81.0,11.26,12.8,5
2026-04-01,-23.4,-46.8,19.8,2.6,85.0,17.02,11.6,5
2026-04-02,-23.4,-46.8,21.0,15.0,86.0,17.14,15.2,5
2026-04-03,-23.4,-46.8,22.0,0.8,79.0,19.5,13.6,5
2026-04-04,-23.4,-46.8,22.2,1.4,81.0,18.91,10.4,5
2026-04-05,-23.4,-46.8,21.6,0.1,81.0,17.93,13.2,5
2026-04-06,-23.4,-46.8,22.3,0.8,81.0,18.38,11.5,5
2026-04-07,-23.4,-46.8,21.4,5.8,88.0,13.61,10.1,5
2026-04-08,-23.4,-46.8,21.4,0.7,84.0,12.19,16.8,5
2026-04-09,-23.4,-46.8,20.7,6.4,87.0,13.82,13.9,5
2026-04-10,-23.4,-46.8,18.4,9.7,84.0,7.24,12.8,5
2026-04-11,-23.4,-46.8,18.7,0.0,77.0,20.66,16.1,5
2026-04-12,-23.4,-46.8,19.7,0.0,75.0,20.33,13.9,5
2026-04-13,-23.4,-46.8,20.3,0.0,77.0,17.62,15.0,5
2026-04-14,-23.4,-46.8,19.9,0.0,77.0,19.79,15.5,5
2026-04-15,-23.4,-46.8,19.7,0.0,73.0,21.22,9.7,5
2026-04-16,-23.4,-46.8,20.3,0.0,73.0,19.9,7.9,5
2026-04-17,-23.4,-46.8,20.8,0.0,70.0,19.7,10.7,5
2026-04-18,-23.4,-46.8,21.0,4.0,76.0,16.4,14.3,5
2026-04-19,-23.4,-46.8,21.2,0.0,72.0,20.82,11.4,5
2026-04-20,-23.4,-46.8,19.8,0.0,70.0,20.96,12.9,5
2026-04-21,-23.4,-46.8,19.1,0.0,72.0,20.48,12.8,5
2026-04-22,-23.4,-46.8,20.0,0.0,74.0,18.49,13.6,5
2026-04-23,-23.4,-46.8,20.2,0.0,76.0,17.41,12.2,5
2026-04-24,-23.4,-46.8,20.7,0.0,72.0,17.61,9.1,5
2026-04-25,-23.4,-46.8,21.3,0.0,69.0,17.53,16.8,5
2026-04-26,-23.4,-46.8,22.2,0.2,70.0,17.52,18.9,5
2026-04-27,-23.4,-46.8,21.1,12.0,83.0,10.41,16.9,5
2026-04-28,-23.4,-46.8,21.0,6.3,88.0,10.37,12.6,5
2026-04-29,-23.4,-46.8,21.0,5.7,87.0,11.08,12.7,5
2026-04-30,-23.4,-46.8,20.6,0.8,82.0,12.99,13.6,5
2026-05-01,-23.4,-46.8,21.3,0.6,81.0,14.2,10.2,5
2026-05-02,-23.4,-46.8,21.3,0.2,75.0,12.3,17.1,5
2026-05-03,-23.4,-46.8,17.2,0.6,83.0,9.02,18.1,5
2026-05-04,-23.4,-46.8,18.9,0.8,80.0,15.78,11.4,5
2026-05-05,-23.4,-46.8,21.0,0.2,74.0,15.74,8.8,5
2026-05-06,-23.4,-46.8,21.1,0.0,71.0,17.47,10.7,5
2026-05-07,-23.4,-46.8,21.4,0.0,65.0,17.35,17.4,5
2026-05-08,-23.4,-46.8,22.4,0.0,63.0,12.1,24.3,5
2026-05-09,-23.4,-46.8,22.1,0.0,69.0,8.81,21.1,5
2026-05-10,-23.4,-46.8,15.3,12.1,94.0,2.46,10.5,5
2026-05-11,-23.4,-46.8,12.2,0.0,77.0,14.87,9.1,5
2026-05-12,-23.4,-46.8,13.1,0.0,77.0,17.73,9.9,5
2026-05-13,-23.4,-46.8,15.1,0.0,72.0,16.19,7.8,5
2026-05-14,-23.4,-46.8,16.6,0.0,74.0,13.19,11.9,5
2026-05-15,-23.4,-46.8,15.6,6.6,98.0,5.3,8.7,5
2026-05-16,-23.4,-46.8,17.8,3.2,85.0,13.52,10.3,5
2026-05-17,-23.4,-46.8,17.5,11.6,95.0,4.23,9.7,5
2026-05-18,-23.4,-46.8,17.2,0.7,92.0,6.29,9.7,5
2026-05-19,-23.4,-46.8,16.3,2.2,93.0,4.24,8.2,5
2026-05-20,-23.4,-46.8,16.9,2.4,88.0,9.72,9.5,5
2026-05-21,-23.4,-46.8,15.3,0.7,87.0,6.67,14.6,5
2026-05-22,-23.4,-46.8,14.7,0.4,88.0,5.99,14.1,5
2026-05-23,-23.4,-46.8,16.3,16.6,94.0,4.77,12.2,5
2026-05-24,-23.4,-46.8,17.6,17.2,93.0,9.14,12.5,5
2026-05-25,-23.4,-46.8,17.9,2.0,90.0,9.57,10.5,5
2026-05-26,-23.4,-46.8,19.0,1.9,87.0,13.84,11.8,5
2026-05-27,-23.4,-46.8,17.6,1.1,88.0,7.04,12.1,5
2026-05-28,-23.4,-46.8,14.9,0.0,83.0,14.99,11.3,5
2026-05-29,-23.4,-46.8,15.7,0.1,83.0,10.6,12.7,5
2026-05-30,-23.4,-46.8,17.1,0.3,85.0,12.02,9.7,5
2026-05-31,-23.4,-46.8,16.2,0.0,85.0,12.65,9.8,5
2026-06-01,-23.4,-46.8,14.9,0.0,86.0,11.77,13.6,5
2026-06-02,-23.4,-46.8,14.7,0.0,83.0,9.89,14.0,5
2026-06-03,-23.4,-46.8,16.5,0.0,81.0,12.85,13.4,5
2026-06-04,-23.4,-46.8,16.6,0.0,81.0,10.9,12.3,5
2026-06-05,-23.4,-46.8,15.3,0.0,79.0,14.14,11.8,5
2026-06-06,-23.4,-46.8,14.1,0.0,81.0,15.04,10.6,5
2026-06-07,-23.4,-46.8,13.6,0.0,77.0,15.16,6.5,5
2026-06-08,-23.4,-46.8,13.9,0.0,74.0,15.12,9.8,5
2026-06-09,-23.4,-46.8,14.9,0.0,71.0,12.38,13.7,5
2026-06-10,-23.4,-46.8,15.9,3.4,75.0,11.86,10.6,5
2026-06-11,-23.4,-46.8,15.3,8.2,94.0,7.65,9.8,5
2026-06-12,-23.4,-46.8,15.8,2.8,91.0,4.7,23.6,5
2026-06-13,-23.4,-46.8,17.0,12.0,90.0,10.29,19.7,5
2026-06-14,-23.4,-46.8,17.6,1.6,90.0,8.35,15.8,5
2026-06-15,-23.4,-46.8,15.6,9.1,97.0,4.31,10.2,5
2026-06-16,-23.4,-46.8,14.9,0.6,91.0,10.97,8.7,5
2026-06-17,-23.4,-46.8,13.8,0.0,79.0,14.5,10.3,5
2026-06-18,-23.4,-46.8,12.3,0.0,79.0,14.83,13.8,5
2026-06-19,-23.4,-46.8,14.6,0.0,76.0,14.71,14.2,5
2026-06-20,-23.4,-46.8,16.4,11.4,81.0,4.91,16.9,5
2026-06-21,-23.4,-46.8,14.4,0.1,80.0,14.62,10.5,5
2026-06-22,-23.4,-46.8,16.2,0.0,70.0,14.71,17.9,5
2026-06-23,-23.4,-46.8,16.5,28.4,90.0,2.54,14.2,5
2026-06-24,-23.4,-46.8,12.8,17.1,96.0,1.4,9.3,5
2026-06-25,-23.4,-46.8,11.7,3.2,95.0,3.25,14.6,5
2026-06-26,-23.4,-46.8,14.9,0.6,90.0,10.99,6.6,5
2026-06-27,-23.4,-46.8,17.2,0.0,85.0,13.7,6.7,5
2026-06-28,-23.4,-46.8,17.7,0.0,80.0,14.27,12.4,5
2026-06-29,-23.4,-46.8,18.8,0.0,79.0,13.89,11.6,5
2026-06-30,-23.4,-46.8,18.5,0.0,78.0,14.31,13.9,5
2026-07-01,-23.4,-46.8,18.8,0.0,74.0,14.29,12.9,5
2026-07-02,-23.4,-46.8,17.7,0.0,78.0,14.4,11.3,5
2026-07-03,-23.4,-46.8,16.7,0.0,81.0,11.4,12.0,5
2026-07-04,-23.4,-46.8,15.8,0.0,86.0,9.53,12.5,5
2026-07-05,-23.4,-46.8,15.1,0.0,84.0,10.68,10.0,5
2026-07-06,-23.4,-46.8,16.0,0.0,79.0,13.42,12.2,5
2026-07-07,-23.4,-46.8,14.8,1.5,87.0,7.66,11.7,5
2026-07-08,-23.4,-46.8,14.8,0.0,81.0,12.89,5.5,5
2026-07-09,-23.4,-46.8,14.3,0.0,79.0,15.13,5.6,5
2026-07-10,-23.4,-46.8,15.3,0.0,72.0,14.99,11.9,5
2026-07-11,-23.4,-46.8,17.1,1.2,70.0,14.76,15.7,5
2026-07-12,-23.4,-46.8,16.2,6.0,87.0,7.98,19.0,5
2026-07-13,-23.4,-46.8,12.9,0.3,76.0,10.5,14.8,5
2026-07-14,-23.4,-46.8,12.0,0.0,81.0,12.51,16.0,5
2026-07-15,-23.4,-46.8,13.4,0.0,75.0,15.7,10.1,5
2026-07-16,-23.4,-46.8,14.9,0.0,68.0,15.84,13.1,5
2026-07-17,-23.4,-46.8,15.4,0.0,62.0,16.14,14.8,5
2026-07-18,-23.4,-46.8,15.9,0.0,60.0,16.16,19.3,5
2025-07-19,-23.4,-46.7,12.3,0.0,72.0,15.84,10.7,5
2025-07-20,-23.4,-46.7,12.4,0.0,81.0,12.64,12.5,5
2025-07-21,-23.4,-46.7,15.0,0.0,76.0,14.88,10.0,5
2025-07-22,-23.4,-46.7,15.6,0.0,72.0,15.38,14.0,5
2025-07-23,-23.4,-46.7,13.9,0.0,68.0,16.56,11.3,5
2025-07-24,-23.4,-46.7,13.7,0.0,83.0,11.29,15.7,5
2025-07-25,-23.4,-46.7,13.3,5.6,90.0,4.58,11.0,5
2025-07-26,-23.4,-46.7,14.8,0.0,77.0,15.66,9.2,5
2025-07-27,-23.4,-46.7,16.5,0.0,64.0,16.92,19.0,5
2025-07-28,-23.4,-46.7,17.3,0.8,71.0,10.48,29.9,5
2025-07-29,-23.4,-46.7,11.9,0.1,67.0,18.46,15.5,5
2025-07-30,-23.4,-46.7,9.1,0.0,74.0,15.88,12.7,5
2025-07-31,-23.4,-46.7,10.5,0.0,75.0,17.55,15.4,5
2025-08-01,-23.4,-46.7,13.5,0.0,72.0,18.04,13.6,5
2025-08-02,-23.4,-46.7,14.3,0.0,64.0,16.16,11.5,5
2025-08-03,-23.4,-46.7,14.7,0.0,59.0,17.0,16.5,5
2025-08-04,-23.4,-46.7,14.0,0.0,65.0,10.66,9.1,5
2025-08-05,-23.4,-46.7,13.6,0.1,82.0,8.19,12.2,5
2025-08-06,-23.4,-46.7,13.4,1.8,83.0,10.98,15.2,5
2025-08-07,-23.4,-46.7,15.3,0.0,72.0,15.66,9.5,5
2025-08-08,-23.4,-46.7,15.6,0.5,74.0,11.92,22.8,5
2025-08-09,-23.4,-46.7,12.3,1.5,75.0,11.68,18.6,5
2025-08-10,-23.4,-46.7,9.2,0.3,80.0,9.55,12.4,5
2025-08-11,-23.4,-46.7,9.5,0.0,80.0,15.85,13.1,5
2025-08-12,-23.4,-46.7,11.5,0.0,77.0,18.19,13.4,5
2025-08-13,-23.4,-46.7,13.3,0.0,67.0,20.07,10.2,5
2025-08-14,-23.4,-46.7,12.0,0.0,72.0,16.37,15.4,5
2025-08-15,-23.4,-46.7,12.9,0.0,77.0,15.33,18.1,5
2025-08-16,-23.4,-46.7,14.9,0.0,78.0,12.84,14.1,5
2025-08-17,-23.4,-46.7,16.2,0.2,77.0,16.19,11.8,5
2025-08-18,-23.4,-46.7,14.6,0.0,79.0,16.81,13.8,5
2025-08-19,-23.4,-46.7,16.7,0.0,71.0,14.17,13.7,5
2025-08-20,-23.4,-46.7,19.8,0.0,57.0,13.38,18.2,5
2025-08-21,-23.4,-46.7,20.1,0.0,65.0,17.28,11.3,5
2025-08-22,-23.4,-46.7,20.8,0.0,59.0,19.57,13.8,5
2025-08-23,-23.4,-46.7,20.9,0.0,45.0,18.52,19.2,5
2025-08-24,-23.4,-46.7,16.4,0.0,73.0,13.31,15.7,5
2025-08-25,-23.4,-46.7,17.4,0.0,73.0,15.8,16.0,5
2025-08-26,-23.4,-46.7,15.6,5.2,81.0,10.25,14.8,5
2025-08-27,-23.4,-46.7,15.4,2.7,88.0,13.49,12.1,5
2025-08-28,-23.4,-46.7,16.1,0.1,82.0,16.6,16.8,5
2025-08-29,-23.4,-46.7,15.0,5.9,88.0,7.95,11.0,5
2025-08-30,-23.4,-46.7,15.6,0.0,81.0,17.38,14.1,5
2025-08-31,-23.4,-46.7,15.7,0.1,79.0,18.04,15.9,5
2025-09-01,-23.4,-46.7,16.8,0.4,79.0,17.45,16.0,5
2025-09-02,-23.4,-46.7,17.4,0.1,76.0,18.96,13.7,5
2025-09-03,-23.4,-46.7,17.6,0.0,67.0,21.43,11.9,5
2025-09-04,-23.4,-46.7,17.7,0.0,61.0,19.36,11.9,5
2025-09-05,-23.4,-46.7,17.7,0.0,68.0,18.21,14.7,5
2025-09-06,-23.4,-46.7,14.5,0.0,84.0,10.42,16.9,5
2025-09-07,-23.4,-46.7,15.7,0.0,83.0,11.26,16.3,5
2025-09-08,-23.4,-46.7,19.0,0.1,74.0,17.83,13.1,5
2025-09-09,-23.4,-46.7,19.6,0.0,58.0,13.54,30.2,5
2025-09-10,-23.4,-46.7,16.8,0.0,69.0,23.18,13.7,5
2025-09-11,-23.4,-46.7,17.1,0.0,66.0,23.91,10.5,5
2025-09-12,-23.4,-46.7,15.0,0.0,72.0,16.86,17.0,5
2025-09-13,-23.4,-46.7,14.3,0.0,76.0,14.6,17.0,5
2025-09-14,-23.4,-46.7,15.9,0.0,76.0,20.15,17.3,5
2025-09-15,-23.4,-46.7,17.6,0.0,75.0,21.77,14.8,5
2025-09-16,-23.4,-46.7,17.5,0.0,77.0,10.2,17.5,5
2025-09-17,-23.4,-46.7,16.5,0.0,75.0,20.06,16.8,5
2025-09-18,-23.4,-46.7,16.6,0.0,74.0,21.57,15.3,5
2025-09-19,-23.4,-46.7,19.7,0.0,66.0,18.51,14.8,5
2025-09-20,-23.4,-46.7,21.9,0.0,56.0,22.33,16.4,5
2025-09-21,-23.4,-46.7,23.6,0.3,53.0,19.23,28.6,5
2025-09-22,-23.4,-46.7,18.9,12.5,84.0,3.43,28.6,5
2025-09-23,-23.4,-46.7,14.7,2.2,82.0,13.13,15.6,5
2025-09-24,-23.4,-46.7,14.2,0.0,83.0,8.57,19.3,5
2025-09-25,-23.4,-46.7,13.0,0.1,82.0,7.97,21.8,5
2025-09-26,-23.4,-46.7,12.6,0.3,77.0,18.27,21.2,5
2025-09-27,-23.4,-46.7,14.4,0.0,73.0,24.5,15.8,5
2025-09-28,-23.4,-46.7,17.2,0.0,67.0,19.88,13.9,5
2025-09-29,-23.4,-46.7,19.7,0.0,65.0,24.91,12.6,5
2025-09-30,-23.4,-46.7,21.6,0.0,56.0,24.25,11.9,5
2025-10-01,-23.4,-46.7,19.4,0.0,70.0,16.83,15.1,5
2025-10-02,-23.4,-46.7,18.1,0.0,78.0,12.14,15.9,5
2025-10-03,-23.4,-46.7,19.2,1.1,77.0,16.91,12.6,5
2025-10-04,-23.4,-46.7,17.8,2.7,80.0,9.64,12.0,5
2025-10-05,-23.4,-46.7,21.6,0.0,57.0,25.92,13.2,5
2025-10-06,-23.4,-46.7,23.6,0.0,49.0,21.93,14.9,5
2025-10-07,-23.4,-46.7,17.5,0.0,80.0,11.39,24.5,5
2025-10-08,-23.4,-46.7,14.0,1.9,83.0,7.79,21.1,5
2025-10-09,-23.4,-46.7,14.8,8.7,81.0,10.79,20.4,5
2025-10-10,-23.4,-46.7,15.6,29.9,90.0,7.91,13.2,5
2025-10-11,-23.4,-46.7,17.2,0.2,85.0,17.36,11.8,5
2025-10-12,-23.4,-46.7,19.8,2.4,73.0,18.79,15.9,5
2025-10-13,-23.4,-46.7,18.1,8.4,86.0,9.58,24.3,5
2025-10-14,-23.4,-46.7,18.0,1.3,84.0,20.29,16.9,5
2025-10-15,-23.4,-46.7,17.1,0.0,81.0,18.7,14.9,5
2025-10-16,-23.4,-46.7,19.6,0.0,77.0,23.43,17.9,5
2025-10-17,-23.4,-46.7,21.6,4.4,70.0,22.98,10.6,5
2025-10-18,-23.4,-46.7,17.2,30.5,95.0,6.8,27.5,5
2025-10-19,-23.4,-46.7,12.1,1.1,83.0,13.37,28.1,5
2025-10-20,-23.4,-46.7,11.6,0.0,75.0,21.53,21.1,5
2025-10-21,-23.4,-46.7,12.5,0.0,72.0,28.05,18.6,5
2025-10-22,-23.4,-46.7,13.7,0.0,70.0,28.98,16.6,5
2025-10-23,-23.4,-46.7,14.8,0.0,70.0,29.71,14.6,5
2025-10-24,-23.4,-46.7,16.4,0.0,68.0,28.69,14.9,5
2025-10-25,-23.4,-46.7,18.9,0.0,61.0,27.11,13.3,5
2025-10-26,-23.4,-46.7,20.3,0.0,58.0,23.45,13.0,5
2025-10-27,-23.4,-46.7,17.1,1.6,85.0,6.26,8.2,5
2025-10-28,-23.4,-46.7,17.7,14.2,90.0,5.32,8.9,5
2025-10-29,-23.4,-46.7,18.5,14.6,88.0,15.31,23.1,5
2025-10-30,-23.4,-46.7,15.0,2.4,87.0,9.03,12.8,5
2025-10-31,-23.4,-46.7,15.7,31.1,91.0,9.34,13.4,5
2025-11-01,-23.4,-46.7,19.1,1.2,81.0,20.34,11.9,5
2025-11-02,-23.4,-46.7,16.8,26.7,97.0,5.1,21.4,5
2025-11-03,-23.4,-46.7,18.6,4.5,84.0,16.35,19.0,5
2025-11-04,-23.4,-46.7,19.6,3.6,84.0,18.54,12.7,5
2025-11-05,-23.4,-46.7,20.6,2.3,82.0,16.57,21.6,5
2025-11-06,-23.4,-46.7,16.4,1.0,80.0,12.64,18.0,5
2025-11-07,-23.4,-46.7,18.4,0.6,77.0,23.18,15.4,5
2025-11-08,-23.4,-46.7,18.6,7.5,87.0,11.63,27.0,5
2025-11-09,-23.4,-46.7,15.0,0.1,77.0,16.3,18.4,5
2025-11-10,-23.4,-46.7,14.6,0.0,73.0,26.98,17.1,5
2025-11-11,-23.4,-46.7,16.0,0.0,75.0,29.49,15.8,5
2025-11-12,-23.4,-46.7,19.0,0.0,70.0,29.16,12.8,5
2025-11-13,-23.4,-46.7,19.4,0.1,73.0,14.03,9.3,5
2025-11-14,-23.4,-46.7,17.1,2.5,80.0,15.84,13.3,5
2025-11-15,-23.4,-46.7,18.3,0.0,79.0,16.75,13.8,5
2025-11-16,-23.4,-46.7,19.0,11.9,87.0,10.69,15.7,5
2025-11-17,-23.4,-46.7,19.4,21.2,90.0,11.88,17.6,5
2025-11-18,-23.4,-46.7,18.5,10.7,88.0,11.75,26.4,5
2025-11-19,-23.4,-46.7,16.9,0.1,70.0,25.64,16.0,5
2025-11-20,-23.4,-46.7,16.1,0.1,75.0,26.95,18.1,5
2025-11-21,-23.4,-46.7,19.5,0.0,63.0,28.45,14.2,5
2025-11-22,-23.4,-46.7,20.3,1.5,72.0,20.8,11.8,5
2025-11-23,-23.4,-46.7,17.8,16.9,85.0,16.2,14.7,5
2025-11-24,-23.4,-46.7,16.5,21.7,90.0,10.94,12.3,5
2025-11-25,-23.4,-46.7,16.2,0.7,80.0,21.03,16.4,5
2025-11-26,-23.4,-46.7,16.0,0.0,73.0,30.31,15.9,5
2025-11-27,-23.4,-46.7,16.0,0.0,75.0,24.97,17.5,5
2025-11-28,-23.4,-46.7,19.7,0.3,73.0,25.09,13.0,5
2025-11-29,-23.4,-46.7,20.7,0.0,61.0,30.16,10.3,5
2025-11-30,-23.4,-46.7,21.8,0.0,60.0,28.89,11.4,5
2025-12-01,-23.4,-46.7,21.5,0.1,73.0,21.8,13.6,5
2025-12-02,-23.4,-46.7,19.9,9.8,85.0,14.7,16.8,5
2025-12-03,-23.4,-46.7,20.1,2.6,79.0,21.93,14.1,5
2025-12-04,-23.4,-46.7,18.4,0.0,78.0,20.56,18.0,5
2025-12-05,-23.4,-46.7,19.3,0.1,74.0,25.32,18.0,5
2025-12-06,-23.4,-46.7,21.0,0.3,73.0,25.53,15.4,5
2025-12-07,-23.4,-46.7,21.7,0.2,73.0,23.32,13.3,5
2025-12-08,-23.4,-46.7,19.8,17.2,86.0,14.01,14.3,5
2025-12-09,-23.4,-46.7,17.9,18.6,94.0,6.46,33.1,5
2025-12-10,-23.4,-46.7,20.7,3.8,73.0,24.0,39.1,5
2025-12-11,-23.4,-46.7,21.3,0.0,62.0,29.32,23.3,5
2025-12-12,-23.4,-46.7,20.1,1.6,75.0,16.3,18.8,5
2025-12-13,-23.4,-46.7,19.2,28.3,89.0,14.58,23.4,5
2025-12-14,-23.4,-46.7,20.0,4.9,86.0,12.07,20.5,5
2025-12-15,-23.4,-46.7,21.8,1.0,80.0,22.29,15.5,5
2025-12-16,-23.4,-46.7,21.2,12.1,86.0,19.48,19.6,5
2025-12-17,-23.4,-46.7,15.2,7.8,87.0,8.64,22.4,5
2025-12-18,-23.4,-46.7,17.0,0.2,81.0,12.93,13.7,5
2025-12-19,-23.4,-46.7,18.9,1.2,84.0,12.55,15.3,5
2025-12-20,-23.4,-46.7,20.1,1.0,79.0,23.01,14.3,5
2025-12-21,-23.4,-46.7,21.9,0.0,68.0,28.08,13.8,5
2025-12-22,-23.4,-46.7,22.3,0.1,66.0,28.26,12.6,5
2025-12-23,-23.4,-46.7,23.0,0.0,64.0,26.62,13.9,5
2025-12-24,-23.4,-46.7,23.9,0.2,62.0,26.97,9.4,5
2025-12-25,-23.4,-46.7,24.7,0.0,63.0,27.22,12.3,5
2025-12-26,-23.4,-46.7,25.0,1.8,62.0,23.72,14.6,5
2025-12-27,-23.4,-46.7,23.7,4.4,75.0,25.48,10.9,5
2025-12-28,-23.4,-46.7,23.9,12.1,73.0,27.27,22.9,5
2025-12-29,-23.4,-46.7,23.4,14.9,77.0,23.85,11.7,5
2025-12-30,-23.4,-46.7,23.0,17.7,80.0,25.35,16.5,5
2025-12-31,-23.4,-46.7,21.5,3.8,84.0,21.11,17.1,5
2026-01-01,-23.4,-46.7,21.8,1.8,82.0,20.8,18.1,5
2026-01-02,-23.4,-46.7,20.5,14.1,87.0,16.87,18.5,5
2026-01-03,-23.4,-46.7,21.3,3.0,83.0,22.01,16.7,5
2026-01-04,-23.4,-46.7,19.4,0.6,82.0,17.62,16.0,5
2026-01-05,-23.4,-46.7,17.5,0.6,80.0,13.45,20.0,5
2026-01-06,-23.4,-46.7,19.1,3.2,75.0,21.61,17.3,5
2026-01-07,-23.4,-46.7,19.7,10.0,82.0,22.15,14.0,5
2026-01-08,-23.4,-46.7,20.2,30.3,82.0,23.52,15.0,5
2026-01-09,-23.4,-46.7,22.1,1.9,77.0,24.52,16.6,5
2026-01-10,-23.4,-46.7,23.2,4.8,69.0,27.67,20.8,5
2026-01-11,-23.4,-46.7,23.2,0.4,69.0,28.0,17.8,5
2026-01-12,-23.4,-46.7,22.8,5.3,68.0,25.24,17.8,5
2026-01-13,-23.4,-46.7,20.2,5.5,81.0,18.01,15.7,5
2026-01-14,-23.4,-46.7,19.9,12.9,84.0,18.97,15.7,5
2026-01-15,-23.4,-46.7,19.5,8.1,88.0,16.87,15.6,5
2026-01-16,-23.4,-46.7,20.0,12.6,86.0,17.24,15.2,5
2026-01-17,-23.4,-46.7,19.8,30.2,86.0,18.57,14.6,5
2026-01-18,-23.4,-46.7,20.1,7.7,85.0,18.3,19.3,5
2026-01-19,-23.4,-46.7,18.2,18.7,91.0,11.58,23.2,5
2026-01-20,-23.4,-46.7,16.3,0.7,82.0,15.92,20.3,5
2026-01-21,-23.4,-46.7,15.2,0.8,84.0,11.82,17.4,5
2026-01-22,-23.4,-46.7,15.7,6.6,87.0,11.02,18.6,5
2026-01-23,-23.4,-46.7,17.5,1.9,85.0,19.66,16.9,5
2026-01-24,-23.4,-46.7,18.6,2.3,85.0,14.12,14.4,5
2026-01-25,-23.4,-46.7,18.9,9.4,87.0,17.55,16.1,5
2026-01-26,-23.4,-46.7,19.5,5.4,83.0,22.88,10.2,5
2026-01-27,-23.4,-46.7,20.3,0.9,81.0,21.73,13.4,5
2026-01-28,-23.4,-46.7,19.7,9.0,84.0,19.85,11.0,5
2026-01-29,-23.4,-46.7,19.3,16.8,88.0,22.34,17.6,5
2026-01-30,-23.4,-46.7,18.2,15.5,90.0,12.87,16.5,5
2026-01-31,-23.4,-46.7,19.7,0.7,83.0,19.54,15.8,5
2026-02-01,-23.4,-46.7,19.5,3.1,88.0,13.56,22.4,5
2026-02-02,-23.4,-46.7,18.9,12.0,93.0,13.41,14.7,5
2026-02-03,-23.4,-46.7,19.4,17.2,92.0,13.67,15.2,5
2026-02-04,-23.4,-46.7,20.2,9.2,89.0,15.53,17.9,5
2026-02-05,-23.4,-46.7,19.8,13.8,89.0,17.62,14.2,5
2026-02-06,-23.4,-46.7,20.6,6.0,85.0,18.6,13.0,5
2026-02-07,-23.4,-46.7,20.1,19.7,91.0,13.56,10.1,5
2026-02-08,-23.4,-46.7,18.9,24.4,90.0,16.3,11.8,5
2026-02-09,-23.4,-46.7,17.6,15.1,95.0,10.48,9.2,5
2026-02-10,-23.4,-46.7,18.8,14.6,90.0,14.21,21.7,5
2026-02-11,-23.4,-46.7,20.1,11.6,85.0,15.88,21.4,5
2026-02-12,-23.4,-46.7,21.7,1.3,81.0,19.93,16.9,5
2026-02-13,-23.4,-46.7,22.9,4.0,73.0,25.0,13.4,5
2026-02-14,-23.4,-46.7,21.6,0.9,80.0,17.96,12.8,5
2026-02-15,-23.4,-46.7,22.2,0.0,75.0,26.23,12.0,5
2026-02-16,-23.4,-46.7,22.6,0.1,72.0,26.34,8.6,5
2026-02-17,-23.4,-46.7,22.1,1.8,76.0,21.42,12.2,5
2026-02-18,-23.4,-46.7,21.2,1.3,82.0,19.64,12.9,5
2026-02-19,-23.4,-46.7,20.8,2.0,85.0,20.28,10.9,5
2026-02-20,-23.4,-46.7,21.8,0.0,78.0,22.92,12.2,5
2026-02-21,-23.4,-46.7,20.7,23.0,87.0,16.59,14.8,5
2026-02-22,-23.4,-46.7,19.7,10.6,88.0,16.91,17.3,5
2026-02-23,-23.4,-46.7,19.6,10.4,91.0,13.08,14.2,5
2026-02-24,-23.4,-46.7,20.3,20.6,87.0,14.29,10.8,5
2026-02-25,-23.4,-46.7,20.5,21.6,89.0,14.62,13.8,5
2026-02-26,-23.4,-46.7,19.3,18.2,93.0,10.21,21.6,5
2026-02-27,-23.4,-46.7,18.3,1.9,85.0,12.81,17.5,5
2026-02-28,-23.4,-46.7,17.3,0.2,80.0,20.74,15.1,5
2026-03-01,-23.4,-46.7,16.9,0.0,77.0,21.61,16.3,5
2026-03-02,-23.4,-46.7,16.9,0.0,80.0,20.99,15.0,5
2026-03-03,-23.4,-46.7,18.0,0.6,80.0,19.81,12.6,5
2026-03-04,-23.4,-46.7,18.6,0.0,79.0,22.73,14.2,5
2026-03-05,-23.4,-46.7,20.2,0.1,78.0,20.69,12.7,5
2026-03-06,-23.4,-46.7,20.2,12.1,87.0,13.49,12.8,5
2026-03-07,-23.4,-46.7,19.7,23.4,92.0,14.63,17.5,5
2026-03-08,-23.4,-46.7,19.7,7.0,86.0,18.57,13.5,5
2026-03-09,-23.4,-46.7,17.9,10.8,95.0,6.46,13.6,5
2026-03-10,-23.4,-46.7,17.3,13.6,98.0,7.29,11.2,5
2026-03-11,-23.4,-46.7,17.9,23.0,97.0,7.16,11.2,5
2026-03-12,-23.4,-46.7,17.7,26.3,96.0,6.96,19.2,5
2026-03-13,-23.4,-46.7,18.1,2.5,89.0,11.07,9.7,5
2026-03-14,-23.4,-46.7,19.0,0.0,77.0,24.85,7.8,5
2026-03-15,-23.4,-46.7,20.6,0.4,77.0,21.38,10.1,5
2026-03-16,-23.4,-46.7,21.5,0.0,70.0,25.37,11.4,5
2026-03-17,-23.4,-46.7,21.2,0.2,74.0,21.83,9.9,5
2026-03-18,-23.4,-46.7,20.2,5.9,86.0,18.29,13.2,5
2026-03-19,-23.4,-46.7,19.4,16.5,92.0,9.13,10.5,5
2026-03-20,-23.4,-46.7,19.3,0.7,83.0,17.46,14.0,5
2026-03-21,-23.4,-46.7,20.6,0.0,80.0,22.43,12.6,5
2026-03-22,-23.4,-46.7,20.2,0.0,72.0,20.02,11.5,5
2026-03-23,-23.4,-46.7,20.3,0.1,71.0,24.45,12.2,5
2026-03-24,-23.4,-46.7,20.2,0.0,76.0,24.06,9.4,5
2026-03-25,-23.4,-46.7,20.2,1.6,80.0,18.97,17.0,5
2026-03-26,-23.4,-46.7,20.7,0.7,82.0,18.88,11.4,5
2026-03-27,-23.4,-46.7,21.4,0.0,73.0,23.34,12.9,5
2026-03-28,-23.4,-46.7,20.6,0.0,75.0,23.31,12.9,5
2026-03-29,-23.4,-46.7,21.0,0.0,74.0,22.41,10.1,5
2026-03-30,-23.4,-46.7,19.9,0.9,74.0,18.37,12.9,5
2026-03-31,-23.4,-46.7,18.3,19.0,81.0,11.26,14.2,5
2026-04-01,-23.4,-46.7,18.3,3.3,86.0,17.02,13.1,5
2026-04-02,-23.4,-46.7,19.5,10.3,85.0,17.14,15.8,5
2026-04-03,-23.4,-46.7,20.3,0.1,80.0,19.5,14.8,5
2026-04-04,-23.4,-46.7,20.5,1.2,83.0,18.91,11.8,5
2026-04-05,-23.4,-46.7,20.1,0.4,82.0,17.93,13.9,5
2026-04-06,-23.4,-46.7,20.6,1.6,82.0,18.38,11.4,5
2026-04-07,-23.4,-46.7,19.6,4.7,89.0,13.61,12.7,5
2026-04-08,-23.4,-46.7,19.8,2.0,85.0,12.19,19.0,5
2026-04-09,-23.4,-46.7,19.0,9.3,88.0,13.82,14.6,5
2026-04-10,-23.4,-46.7,16.7,3.8,85.0,7.24,14.4,5
2026-04-11,-23.4,-46.7,17.0,0.0,79.0,20.66,16.2,5
2026-04-12,-23.4,-46.7,18.0,0.0,77.0,20.33,12.2,5
2026-04-13,-23.4,-46.7,18.8,0.0,78.0,17.62,13.5,5
2026-04-14,-23.4,-46.7,18.0,0.0,79.0,19.79,16.4,5
2026-04-15,-23.4,-46.7,17.9,0.0,74.0,21.22,11.0,5
2026-04-16,-23.4,-46.7,18.8,0.0,74.0,19.9,10.3,5
2026-04-17,-23.4,-46.7,19.4,0.0,68.0,19.7,10.6,5
2026-04-18,-23.4,-46.7,19.6,3.5,73.0,16.4,14.3,5
2026-04-19,-23.4,-46.7,19.6,0.0,73.0,20.82,11.6,5
2026-04-20,-23.4,-46.7,18.1,0.0,71.0,20.96,12.8,5
2026-04-21,-23.4,-46.7,17.4,0.0,73.0,20.48,13.4,5
2026-04-22,-23.4,-46.7,18.6,0.0,74.0,18.49,12.4,5
2026-04-23,-23.4,-46.7,18.5,0.0,77.0,17.41,12.0,5
2026-04-24,-23.4,-46.7,19.3,0.0,71.0,17.61,10.1,5
2026-04-25,-23.4,-46.7,20.1,0.0,67.0,17.53,17.5,5
2026-04-26,-23.4,-46.7,20.8,0.0,69.0,17.52,19.1,5
2026-04-27,-23.4,-46.7,19.9,16.9,80.0,10.41,17.4,5
2026-04-28,-23.4,-46.7,19.4,10.2,89.0,10.37,13.5,5
2026-04-29,-23.4,-46.7,19.5,7.7,87.0,11.08,15.1,5
2026-04-30,-23.4,-46.7,19.1,0.8,82.0,12.99,14.8,5
2026-05-01,-23.4,-46.7,19.6,0.8,83.0,14.2,11.4,5
2026-05-02,-23.4,-46.7,19.8,0.3,74.0,12.3,16.7,5
2026-05-03,-23.4,-46.7,15.6,0.5,84.0,9.02,17.6,5
2026-05-04,-23.4,-46.7,17.3,0.1,81.0,15.78,12.8,5
2026-05-05,-23.4,-46.7,19.4,0.4,75.0,15.74,8.2,5
2026-05-06,-23.4,-46.7,19.8,0.0,70.0,17.47,12.5,5
2026-05-07,-23.4,-46.7,19.8,0.0,65.0,17.35,19.1,5
2026-05-08,-23.4,-46.7,20.6,0.0,64.0,12.1,25.3,5
2026-05-09,-23.4,-46.7,20.4,0.1,68.0,8.81,23.2,5
2026-05-10,-23.4,-46.7,13.8,12.4,94.0,2.46,12.0,5
2026-05-11,-23.4,-46.7,10.9,0.0,77.0,14.87,9.6,5
2026-05-12,-23.4,-46.7,11.7,0.0,77.0,17.73,11.6,5
2026-05-13,-23.4,-46.7,14.0,0.0,69.0,16.19,8.1,5
2026-05-14,-23.4,-46.7,15.5,0.0,72.0,13.19,12.5,5
2026-05-15,-23.4,-46.7,14.2,6.1,97.0,5.3,9.1,5
2026-05-16,-23.4,-46.7,16.5,4.3,84.0,13.52,10.4,5
2026-05-17,-23.4,-46.7,16.2,12.3,94.0,4.23,10.0,5
2026-05-18,-23.4,-46.7,15.8,0.4,91.0,6.29,10.6,5
2026-05-19,-23.4,-46.7,14.8,1.3,92.0,4.24,8.7,5
2026-05-20,-23.4,-46.7,15.5,1.7,88.0,9.72,10.1,5
2026-05-21,-23.4,-46.7,13.8,0.5,87.0,6.67,15.2,5
2026-05-22,-23.4,-46.7,13.1,0.6,89.0,5.99,14.4,5
2026-05-23,-23.4,-46.7,14.8,19.4,94.0,4.77,14.2,5
2026-05-24,-23.4,-46.7,16.2,15.5,93.0,9.14,13.5,5
2026-05-25,-23.4,-46.7,16.2,1.4,89.0,9.57,10.9,5
2026-05-26,-23.4,-46.7,17.6,2.9,86.0,13.84,13.7,5
2026-05-27,-23.4,-46.7,16.2,2.5,88.0,7.04,12.4,5
2026-05-28,-23.4,-46.7,13.6,0.0,83.0,14.99,11.7,5
2026-05-29,-23.4,-46.7,14.0,0.0,84.0,10.6,13.8,5
2026-05-30,-23.4,-46.7,15.7,0.5,84.0,12.02,10.3,5
2026-05-31,-23.4,-46.7,14.8,0.0,85.0,12.65,10.8,5
2026-06-01,-23.4,-46.7,13.5,0.0,86.0,11.77,13.0,5
2026-06-02,-23.4,-46.7,13.1,0.0,84.0,9.89,13.8,5
2026-06-03,-23.4,-46.7,14.8,0.0,82.0,12.85,13.6,5
2026-06-04,-23.4,-46.7,14.8,0.0,82.0,10.9,14.3,5
2026-06-05,-23.4,-46.7,13.6,0.0,80.0,14.14,13.4,5
2026-06-06,-23.4,-46.7,12.7,0.0,81.0,15.04,10.4,5
2026-06-07,-23.4,-46.7,12.4,0.0,74.0,15.16,7.1,5
2026-06-08,-23.4,-46.7,12.8,0.0,72.0,15.12,11.0,5
2026-06-09,-23.4,-46.7,13.8,0.0,69.0,12.38,14.0,5
2026-06-10,-23.4,-46.7,14.7,3.4,74.0,11.86,10.5,5
2026-06-11,-23.4,-46.7,14.0,7.8,92.0,7.65,12.1,5
2026-06-12,-23.4,-46.7,14.6,3.2,89.0,4.7,25.9,5
2026-06-13,-23.4,-46.7,15.5,9.9,90.0,10.29,20.6,5
2026-06-14,-23.4,-46.7,16.2,1.7,90.0,8.35,17.1,5
2026-06-15,-23.4,-46.7,14.1,8.5,96.0,4.31,11.7,5
2026-06-16,-23.4,-46.7,13.4,0.8,91.0,10.97,9.0,5
2026-06-17,-23.4,-46.7,12.3,0.0,79.0,14.5,10.5,5
2026-06-18,-23.4,-46.7,10.9,0.0,78.0,14.83,16.0,5
2026-06-19,-23.4,-46.7,13.5,0.0,75.0,14.71,15.1,5
2026-06-20,-23.4,-46.7,15.4,9.7,77.0,4.91,18.4,5
2026-06-21,-23.4,-46.7,13.0,0.1,79.0,14.62,10.8,5
2026-06-22,-23.4,-46.7,15.7,0.0,65.0,14.71,19.1,5
2026-06-23,-23.4,-46.7,15.1,29.0,88.0,2.54,17.3,5
2026-06-24,-23.4,-46.7,11.2,16.7,96.0,1.4,10.8,5
2026-06-25,-23.4,-46.7,10.1,3.5,95.0,3.25,14.9,5
2026-06-26,-23.4,-46.7,13.7,1.4,90.0,10.99,8.4,5
2026-06-27,-23.4,-46.7,15.9,0.0,86.0,13.7,9.9,5
2026-06-28,-23.4,-46.7,16.5,0.0,79.0,14.27,13.2,5
2026-06-29,-23.4,-46.7,17.5,0.0,77.0,13.89,12.6,5
2026-06-30,-23.4,-46.7,17.3,0.0,76.0,14.31,14.3,5
2026-07-01,-23.4,-46.7,17.5,0.0,73.0,14.29,14.1,5
2026-07-02,-23.4,-46.7,16.7,0.0,74.0,14.4,12.2,5
2026-07-03,-23.4,-46.7,15.7,0.0,79.0,11.4,12.2,5
2026-07-04,-23.4,-46.7,14.2,0.0,86.0,9.53,12.5,5
2026-07-05,-23.4,-46.7,13.6,0.0,85.0,10.68,10.7,5
2026-07-06,-23.4,-46.7,14.7,0.0,78.0,13.42,13.6,5
2026-07-07,-23.4,-46.7,13.6,1.3,86.0,7.66,12.6,5
2026-07-08,-23.4,-46.7,13.4,0.0,80.0,12.89,6.1,5
2026-07-09,-23.4,-46.7,13.0,0.0,75.0,15.13,5.8,5
2026-07-10,-23.4,-46.7,14.2,0.0,71.0,14.99,13.8,5
2026-07-11,-23.4,-46.7,15.8,0.7,69.0,14.76,17.4,5
2026-07-12,-23.4,-46.7,14.6,8.9,87.0,7.98,20.3,5
2026-07-13,-23.4,-46.7,11.4,0.2,75.0,10.5,13.6,5
2026-07-14,-23.4,-46.7,10.5,0.0,81.0,12.51,16.4,5
2026-07-15,-23.4,-46.7,12.1,0.0,75.0,15.7,14.3,5
2026-07-16,-23.4,-46.7,13.5,0.0,67.0,15.84,11.4,5
2026-07-17,-23.4,-46.7,14.0,0.0,61.0,16.14,15.2,5
2026-07-18,-23.4,-46.7,14.7,0.0,60.0,16.16,21.6,5
2025-07-19,-23.4,-46.6,12.7,0.0,72.0,15.84,10.7,5
2025-07-20,-23.4,-46.6,12.7,0.0,82.0,12.64,14.0,5
2025-07-21,-23.4,-46.6,15.4,0.0,76.0,14.88,11.5,5
2025-07-22,-23.4,-46.6,16.5,0.0,69.0,15.38,14.7,5
2025-07-23,-23.4,-46.6,14.8,0.0,65.0,16.56,11.6,5
2025-07-24,-23.4,-46.6,13.9,0.0,84.0,11.29,15.0,5
2025-07-25,-23.4,-46.6,13.6,3.3,92.0,4.58,10.7,5
2025-07-26,-23.4,-46.6,15.4,0.0,77.0,15.66,10.0,5
2025-07-27,-23.4,-46.6,17.5,0.0,61.0,16.92,18.5,5
2025-07-28,-23.4,-46.6,17.9,1.8,70.0,10.48,32.0,5
2025-07-29,-23.4,-46.6,12.4,0.3,67.0,18.46,17.3,5
2025-07-30,-23.4,-46.6,9.5,0.0,74.0,15.88,12.5,5
2025-07-31,-23.4,-46.6,10.9,0.0,77.0,17.55,16.8,5
2025-08-01,-23.4,-46.6,14.1,0.0,71.0,18.04,14.6,5
2025-08-02,-23.4,-46.6,15.5,0.0,60.0,16.16,10.3,5
2025-08-03,-23.4,-46.6,15.3,0.0,56.0,17.0,16.5,5
2025-08-04,-23.4,-46.6,14.9,0.0,61.0,10.66,10.3,5
2025-08-05,-23.4,-46.6,14.0,0.2,83.0,8.19,12.1,5
2025-08-06,-23.4,-46.6,13.8,1.6,84.0,10.98,14.3,5
2025-08-07,-23.4,-46.6,15.8,0.0,72.0,15.66,11.1,5
2025-08-08,-23.4,-46.6,16.4,0.4,72.0,11.92,23.9,5
2025-08-09,-23.4,-46.6,12.9,2.4,76.0,11.68,19.2,5
2025-08-10,-23.4,-46.6,9.7,0.5,80.0,9.55,12.8,5
2025-08-11,-23.4,-46.6,9.9,0.0,80.0,15.85,12.3,5
2025-08-12,-23.4,-46.6,11.7,0.0,79.0,18.19,12.8,5
2025-08-13,-23.4,-46.6,14.1,0.0,65.0,20.07,10.5,5
2025-08-14,-23.4,-46.6,12.6,0.0,71.0,16.37,15.3,5
2025-08-15,-23.4,-46.6,13.2,0.0,79.0,15.33,18.8,5
2025-08-16,-23.4,-46.6,15.1,0.0,80.0,12.84,15.5,5
2025-08-17,-23.4,-46.6,16.4,0.3,78.0,16.19,11.1,5
2025-08-18,-23.4,-46.6,14.9,0.0,80.0,16.81,13.1,5
2025-08-19,-23.4,-46.6,16.9,0.0,72.0,14.17,14.8,5
2025-08-20,-23.4,-46.6,20.1,0.0,56.0,13.38,18.1,5
2025-08-21,-23.4,-46.6,20.8,0.2,63.0,17.28,11.6,5
2025-08-22,-23.4,-46.6,21.3,0.0,58.0,19.57,13.0,5
2025-08-23,-23.4,-46.6,21.3,0.0,45.0,18.52,19.2,5
2025-08-24,-23.4,-46.6,16.4,0.0,76.0,13.31,15.0,5
2025-08-25,-23.4,-46.6,17.5,0.1,77.0,15.8,15.3,5
2025-08-26,-23.4,-46.6,15.6,4.5,85.0,10.25,14.4,5
2025-08-27,-23.4,-46.6,15.8,3.7,89.0,13.49,12.3,5
2025-08-28,-23.4,-46.6,16.4,0.2,83.0,16.6,15.7,5
2025-08-29,-23.4,-46.6,15.3,10.1,89.0,7.95,13.8,5
2025-08-30,-23.4,-46.6,15.9,0.0,82.0,17.38,15.8,5
2025-08-31,-23.4,-46.6,16.0,0.0,80.0,18.04,16.4,5
2025-09-01,-23.4,-46.6,17.1,0.9,81.0,17.45,18.7,5
2025-09-02,-23.4,-46.6,17.8,0.4,77.0,18.96,16.4,5
2025-09-03,-23.4,-46.6,18.0,0.0,68.0,21.43,11.9,5
2025-09-04,-23.4,-46.6,18.1,0.0,61.0,19.36,12.2,5
2025-09-05,-23.4,-46.6,18.0,0.0,68.0,18.21,15.5,5
2025-09-06,-23.4,-46.6,14.8,0.3,86.0,10.42,16.3,5
2025-09-07,-23.4,-46.6,15.9,0.0,84.0,11.26,17.5,5
2025-09-08,-23.4,-46.6,19.2,0.0,76.0,17.83,13.9,5
2025-09-09,-23.4,-46.6,20.2,0.0,58.0,13.54,31.0,5
2025-09-10,-23.4,-46.6,17.2,0.0,70.0,23.18,13.8,5
2025-09-11,-23.4,-46.6,17.5,0.0,66.0,23.91,10.9,5
2025-09-12,-23.4,-46.6,15.1,0.0,75.0,16.86,16.0,5
2025-09-13,-23.4,-46.6,14.5,0.0,79.0,14.6,17.3,5
2025-09-14,-23.4,-46.6,15.9,0.0,79.0,20.15,15.9,5
2025-09-15,-23.4,-46.6,17.7,0.0,77.0,21.77,13.5,5
2025-09-16,-23.4,-46.6,17.8,0.7,79.0,10.2,16.9,5
2025-09-17,-23.4,-46.6,16.6,0.0,78.0,20.06,17.1,5
2025-09-18,-23.4,-46.6,16.7,0.0,77.0,21.57,14.8,5
2025-09-19,-23.4,-46.6,19.7,0.0,70.0,18.51,15.4,5
2025-09-20,-23.4,-46.6,21.8,0.0,59.0,22.33,17.1,5
2025-09-21,-23.4,-46.6,23.3,0.3,57.0,19.23,28.1,5
2025-09-22,-23.4,-46.6,19.3,6.3,84.0,3.43,30.9,5
2025-09-23,-23.4,-46.6,15.0,2.3,83.0,13.13,15.5,5
2025-09-24,-23.4,-46.6,14.6,0.1,84.0,8.57,18.8,5
2025-09-25,-23.4,-46.6,13.3,0.9,84.0,7.97,21.8,5
2025-09-26,-23.4,-46.6,12.8,0.7,79.0,18.27,21.6,5
2025-09-27,-23.4,-46.6,14.6,0.0,74.0,24.5,16.9,5
2025-09-28,-23.4,-46.6,17.6,0.0,67.0,19.88,13.8,5
2025-09-29,-23.4,-46.6,20.1,0.0,65.0,24.91,13.4,5
2025-09-30,-23.4,-46.6,21.7,0.0,58.0,24.25,12.6,5
2025-10-01,-23.4,-46.6,19.8,0.0,72.0,16.83,13.2,5
2025-10-02,-23.4,-46.6,18.2,0.0,80.0,12.14,15.2,5
2025-10-03,-23.4,-46.6,19.4,2.1,79.0,16.91,13.9,5
2025-10-04,-23.4,-46.6,18.2,2.1,81.0,9.64,13.3,5
2025-10-05,-23.4,-46.6,22.0,0.0,57.0,25.92,13.0,5
2025-10-06,-23.4,-46.6,24.0,0.0,49.0,21.93,15.0,5
2025-10-07,-23.4,-46.6,17.8,0.0,81.0,11.39,23.5,5
2025-10-08,-23.4,-46.6,14.2,2.2,86.0,7.79,20.8,5
2025-10-09,-23.4,-46.6,14.9,5.5,83.0,10.79,23.3,5
2025-10-10,-23.4,-46.6,15.9,35.1,92.0,7.91,16.0,5
2025-10-11,-23.4,-46.6,17.6,0.6,85.0,17.36,11.9,5
2025-10-12,-23.4,-46.6,20.4,2.1,72.0,18.79,16.3,5
2025-10-13,-23.4,-46.6,18.7,7.8,85.0,9.58,23.9,5
2025-10-14,-23.4,-46.6,18.3,0.8,85.0,20.29,16.1,5
2025-10-15,-23.4,-46.6,17.3,0.0,82.0,18.7,14.8,5
2025-10-16,-23.4,-46.6,19.9,0.0,77.0,23.43,17.3,5
2025-10-17,-23.4,-46.6,21.8,7.2,71.0,22.98,10.3,5
2025-10-18,-23.4,-46.6,17.7,29.0,95.0,6.8,26.2,5
2025-10-19,-23.4,-46.6,12.4,1.4,85.0,13.37,26.8,5
2025-10-20,-23.4,-46.6,12.0,0.2,76.0,21.53,21.0,5
2025-10-21,-23.4,-46.6,12.7,0.0,74.0,28.05,19.4,5
2025-10-22,-23.4,-46.6,14.0,0.0,71.0,28.98,17.9,5
2025-10-23,-23.4,-46.6,15.1,0.0,71.0,29.71,16.1,5
2025-10-24,-23.4,-46.6,16.8,0.0,68.0,28.69,16.4,5
2025-10-25,-23.4,-46.6,19.3,0.0,61.0,27.11,12.8,5
2025-10-26,-23.4,-46.6,21.0,0.0,58.0,23.45,12.6,5
2025-10-27,-23.4,-46.6,17.5,1.2,86.0,6.26,8.6,5
2025-10-28,-23.4,-46.6,18.0,13.2,91.0,5.32,8.9,5
2025-10-29,-23.4,-46.6,19.0,18.1,88.0,15.31,24.9,5
2025-10-30,-23.4,-46.6,15.3,4.4,88.0,9.03,12.6,5
2025-10-31,-23.4,-46.6,16.0,32.0,92.0,9.34,12.8,5
2025-11-01,-23.4,-46.6,19.6,0.8,82.0,20.34,12.3,5
2025-11-02,-23.4,-46.6,17.2,25.1,97.0,5.1,22.5,5
2025-11-03,-23.4,-46.6,19.1,4.4,84.0,16.35,20.2,5
2025-11-04,-23.4,-46.6,20.1,3.6,84.0,18.54,12.1,5
2025-11-05,-23.4,-46.6,21.2,1.0,81.0,16.57,22.8,5
2025-11-06,-23.4,-46.6,16.8,1.2,81.0,12.64,17.2,5
2025-11-07,-23.4,-46.6,18.7,0.8,78.0,23.18,15.5,5
2025-11-08,-23.4,-46.6,19.2,14.0,87.0,11.63,28.5,5
2025-11-09,-23.4,-46.6,15.3,0.3,79.0,16.3,18.4,5
2025-11-10,-23.4,-46.6,15.0,0.0,74.0,26.98,16.7,5
2025-11-11,-23.4,-46.6,16.4,0.0,75.0,29.49,15.7,5
2025-11-12,-23.4,-46.6,19.5,0.0,70.0,29.16,14.4,5
2025-11-13,-23.4,-46.6,19.8,0.3,74.0,14.03,10.5,5
2025-11-14,-23.4,-46.6,17.3,12.8,83.0,15.84,12.5,5
2025-11-15,-23.4,-46.6,18.4,0.3,81.0,16.75,15.0,5
2025-11-16,-23.4,-46.6,19.3,14.5,88.0,10.69,16.9,5
2025-11-17,-23.4,-46.6,19.7,25.3,90.0,11.88,18.3,5
2025-11-18,-23.4,-46.6,18.9,6.3,88.0,11.75,27.0,5
2025-11-19,-23.4,-46.6,17.2,0.2,71.0,25.64,15.3,5
2025-11-20,-23.4,-46.6,16.4,0.2,76.0,26.95,18.6,5
2025-11-21,-23.4,-46.6,19.9,0.0,62.0,28.45,16.2,5
2025-11-22,-23.4,-46.6,21.0,2.6,70.0,20.8,12.0,5
2025-11-23,-23.4,-46.6,18.1,28.2,87.0,16.2,13.9,5
2025-11-24,-23.4,-46.6,16.9,24.6,92.0,10.94,13.3,5
2025-11-25,-23.4,-46.6,16.5,0.8,81.0,21.03,16.5,5
2025-11-26,-23.4,-46.6,16.4,0.0,73.0,30.31,16.0,5
2025-11-27,-23.4,-46.6,16.4,0.0,76.0,24.97,16.5,5
2025-11-28,-23.4,-46.6,20.2,0.3,73.0,25.09,14.3,5
2025-11-29,-23.4,-46.6,21.3,0.0,59.0,30.16,11.5,5
2025-11-30,-23.4,-46.6,22.5,0.0,58.0,28.89,12.5,5
2025-12-01,-23.4,-46.6,21.8,0.0,73.0,21.8,13.6,5
2025-12-02,-23.4,-46.6,20.4,7.6,84.0,14.7,16.1,5
2025-12-03,-23.4,-46.6,20.4,4.4,80.0,21.93,13.4,5
2025-12-04,-23.4,-46.6,18.5,0.0,81.0,20.56,17.1,5
2025-12-05,-23.4,-46.6,19.6,0.1,75.0,25.32,17.4,5
2025-12-06,-23.4,-46.6,21.4,0.5,73.0,25.53,14.6,5
2025-12-07,-23.4,-46.6,22.2,1.6,73.0,23.32,13.2,5
2025-12-08,-23.4,-46.6,20.2,16.0,88.0,14.01,13.9,5
2025-12-09,-23.4,-46.6,18.4,17.2,95.0,6.46,33.7,5
2025-12-10,-23.4,-46.6,21.2,5.2,73.0,24.0,42.0,5
2025-12-11,-23.4,-46.6,21.8,0.0,61.0,29.32,24.7,5
2025-12-12,-23.4,-46.6,20.7,0.9,73.0,16.3,18.2,5
2025-12-13,-23.4,-46.6,19.8,29.4,89.0,14.58,23.6,5
2025-12-14,-23.4,-46.6,20.4,7.6,87.0,12.07,21.6,5
2025-12-15,-23.4,-46.6,22.3,2.0,79.0,22.29,16.5,5
2025-12-16,-23.4,-46.6,21.7,7.9,86.0,19.48,19.5,5
2025-12-17,-23.4,-46.6,15.4,9.8,89.0,8.64,21.7,5
2025-12-18,-23.4,-46.6,17.4,0.1,81.0,12.93,15.1,5
2025-12-19,-23.4,-46.6,19.1,1.0,85.0,12.55,15.2,5
2025-12-20,-23.4,-46.6,20.4,0.8,81.0,23.01,15.1,5
2025-12-21,-23.4,-46.6,22.4,0.1,68.0,28.08,13.9,5
2025-12-22,-23.4,-46.6,23.0,0.2,65.0,28.26,13.4,5
2025-12-23,-23.4,-46.6,23.6,0.4,62.0,26.62,13.7,5
2025-12-24,-23.4,-46.6,24.3,0.3,62.0,26.97,10.2,5
2025-12-25,-23.4,-46.6,25.1,0.0,62.0,27.22,10.0,5
2025-12-26,-23.4,-46.6,25.1,2.7,65.0,23.72,13.7,5
2025-12-27,-23.4,-46.6,23.8,4.1,77.0,25.48,16.0,5
2025-12-28,-23.4,-46.6,24.8,4.9,69.0,27.27,17.4,5
2025-12-29,-23.4,-46.6,23.6,19.7,79.0,23.85,9.4,5
2025-12-30,-23.4,-46.6,23.3,9.7,81.0,25.35,11.9,5
2025-12-31,-23.4,-46.6,22.0,2.6,83.0,21.11,17.1,5
2026-01-01,-23.4,-46.6,22.3,1.1,82.0,20.8,21.0,5
2026-01-02,-23.4,-46.6,20.9,8.4,88.0,16.87,20.8,5
2026-01-03,-23.4,-46.6,21.7,2.9,82.0,22.01,17.6,5
2026-01-04,-23.4,-46.6,19.7,0.4,83.0,17.62,16.2,5
2026-01-05,-23.4,-46.6,17.8,1.2,81.0,13.45,19.7,5
2026-01-06,-23.4,-46.6,19.3,1.5,77.0,21.61,19.3,5
2026-01-07,-23.4,-46.6,20.2,6.4,82.0,22.15,13.6,5
2026-01-08,-23.4,-46.6,20.6,27.5,83.0,23.52,14.4,5
2026-01-09,-23.4,-46.6,22.4,2.0,78.0,24.52,16.4,5
2026-01-10,-23.4,-46.6,23.8,2.6,68.0,27.67,15.7,5
2026-01-11,-23.4,-46.6,23.5,0.7,70.0,28.0,17.1,5
2026-01-12,-23.4,-46.6,23.1,7.5,67.0,25.24,16.9,5
2026-01-13,-23.4,-46.6,20.6,7.2,81.0,18.01,14.4,5
2026-01-14,-23.4,-46.6,20.4,8.3,84.0,18.97,15.2,5
2026-01-15,-23.4,-46.6,19.9,17.7,88.0,16.87,16.2,5
2026-01-16,-23.4,-46.6,20.5,10.0,85.0,17.24,14.4,5
2026-01-17,-23.4,-46.6,20.2,20.8,86.0,18.57,14.8,5
2026-01-18,-23.4,-46.6,20.5,8.5,85.0,18.3,19.0,5
2026-01-19,-23.4,-46.6,18.6,20.4,93.0,11.58,22.9,5
2026-01-20,-23.4,-46.6,16.5,1.2,84.0,15.92,19.1,5
2026-01-21,-23.4,-46.6,15.6,3.9,86.0,11.82,17.4,5
2026-01-22,-23.4,-46.6,16.0,14.1,89.0,11.02,18.0,5
2026-01-23,-23.4,-46.6,17.7,2.3,87.0,19.66,16.6,5
2026-01-24,-23.4,-46.6,18.9,3.3,86.0,14.12,14.3,5
2026-01-25,-23.4,-46.6,19.1,9.0,89.0,17.55,13.6,5
2026-01-26,-23.4,-46.6,19.8,5.5,85.0,22.88,11.1,5
2026-01-27,-23.4,-46.6,20.6,0.6,82.0,21.73,14.1,5
2026-01-28,-23.4,-46.6,20.2,11.6,84.0,19.85,11.7,5
2026-01-29,-23.4,-46.6,20.0,11.0,87.0,22.34,16.7,5
2026-01-30,-23.4,-46.6,18.7,15.6,90.0,12.87,16.6,5
2026-01-31,-23.4,-46.6,20.1,1.2,83.0,19.54,17.6,5
2026-02-01,-23.4,-46.6,20.0,3.9,88.0,13.56,23.3,5
2026-02-02,-23.4,-46.6,19.4,11.1,93.0,13.41,17.3,5
2026-02-03,-23.4,-46.6,19.8,11.6,93.0,13.67,15.6,5
2026-02-04,-23.4,-46.6,20.5,13.4,90.0,15.53,19.7,5
2026-02-05,-23.4,-46.6,20.2,12.1,89.0,17.62,13.3,5
2026-02-06,-23.4,-46.6,21.0,13.1,86.0,18.6,11.4,5
2026-02-07,-23.4,-46.6,20.4,18.2,92.0,13.56,11.3,5
2026-02-08,-23.4,-46.6,19.3,25.0,91.0,16.3,13.9,5
2026-02-09,-23.4,-46.6,18.1,15.5,96.0,10.48,9.8,5
2026-02-10,-23.4,-46.6,19.2,18.8,91.0,14.21,20.8,5
2026-02-11,-23.4,-46.6,20.5,15.2,86.0,15.88,22.3,5
2026-02-12,-23.4,-46.6,22.1,0.8,81.0,19.93,15.8,5
2026-02-13,-23.4,-46.6,23.4,2.8,73.0,25.0,14.7,5
2026-02-14,-23.4,-46.6,21.9,0.8,81.0,17.96,12.9,5
2026-02-15,-23.4,-46.6,22.5,0.0,76.0,26.23,12.8,5
2026-02-16,-23.4,-46.6,23.1,0.0,72.0,26.34,9.2,5
2026-02-17,-23.4,-46.6,22.6,2.7,75.0,21.42,13.4,5
2026-02-18,-23.4,-46.6,21.6,3.0,83.0,19.64,12.0,5
2026-02-19,-23.4,-46.6,21.1,2.9,86.0,20.28,10.8,5
2026-02-20,-23.4,-46.6,22.3,0.2,78.0,22.92,12.7,5
2026-02-21,-23.4,-46.6,21.1,25.2,87.0,16.59,13.8,5
2026-02-22,-23.4,-46.6,20.0,14.4,89.0,16.91,17.0,5
2026-02-23,-23.4,-46.6,19.9,9.2,93.0,13.08,14.4,5
2026-02-24,-23.4,-46.6,20.6,16.6,90.0,14.29,9.1,5
2026-02-25,-23.4,-46.6,21.0,21.0,90.0,14.62,14.4,5
2026-02-26,-23.4,-46.6,19.6,27.0,94.0,10.21,20.9,5
2026-02-27,-23.4,-46.6,18.7,1.7,86.0,12.81,17.5,5
2026-02-28,-23.4,-46.6,17.6,0.5,81.0,20.74,14.0,5
2026-03-01,-23.4,-46.6,17.3,0.0,78.0,21.61,17.4,5
2026-03-02,-23.4,-46.6,17.3,0.0,81.0,20.99,13.8,5
2026-03-03,-23.4,-46.6,18.4,0.6,82.0,19.81,12.1,5
2026-03-04,-23.4,-46.6,19.1,0.0,80.0,22.73,13.9,5
2026-03-05,-23.4,-46.6,20.7,0.6,79.0,20.69,13.2,5
2026-03-06,-23.4,-46.6,20.5,14.4,89.0,13.49,13.8,5
2026-03-07,-23.4,-46.6,20.0,22.0,92.0,14.63,19.3,5
2026-03-08,-23.4,-46.6,20.1,12.9,87.0,18.57,14.7,5
2026-03-09,-23.4,-46.6,18.2,12.6,97.0,6.46,14.3,5
2026-03-10,-23.4,-46.6,17.7,14.5,98.0,7.29,12.7,5
2026-03-11,-23.4,-46.6,18.2,22.3,99.0,7.16,12.4,5
2026-03-12,-23.4,-46.6,18.2,25.1,97.0,6.96,19.3,5
2026-03-13,-23.4,-46.6,18.5,2.4,90.0,11.07,9.4,5
2026-03-14,-23.4,-46.6,19.6,0.0,77.0,24.85,9.7,5
2026-03-15,-23.4,-46.6,21.1,0.7,75.0,21.38,10.9,5
2026-03-16,-23.4,-46.6,22.3,0.0,67.0,25.37,13.0,5
2026-03-17,-23.4,-46.6,21.7,0.0,74.0,21.83,11.4,5
2026-03-18,-23.4,-46.6,20.7,3.6,85.0,18.29,13.0,5
2026-03-19,-23.4,-46.6,19.7,21.2,94.0,9.13,10.9,5
2026-03-20,-23.4,-46.6,19.8,1.0,84.0,17.46,13.9,5
2026-03-21,-23.4,-46.6,21.1,0.0,80.0,22.43,12.6,5
2026-03-22,-23.4,-46.6,20.8,0.0,72.0,20.02,11.5,5
2026-03-23,-23.4,-46.6,20.4,0.1,73.0,24.45,15.3,5
2026-03-24,-23.4,-46.6,20.7,0.2,76.0,24.06,9.8,5
2026-03-25,-23.4,-46.6,20.7,1.1,79.0,18.97,13.6,5
2026-03-26,-23.4,-46.6,21.0,2.2,84.0,18.88,8.2,5
2026-03-27,-23.4,-46.6,21.7,0.0,74.0,23.34,12.9,5
2026-03-28,-23.4,-46.6,20.8,0.0,77.0,23.31,11.6,5
2026-03-29,-23.4,-46.6,21.2,0.0,75.0,22.41,11.7,5
2026-03-30,-23.4,-46.6,20.2,0.1,75.0,18.37,12.3,5
2026-03-31,-23.4,-46.6,18.5,13.9,85.0,11.26,14.8,5
2026-04-01,-23.4,-46.6,18.6,8.9,87.0,17.02,13.1,5
2026-04-02,-23.4,-46.6,20.0,7.3,85.0,17.14,16.2,5
2026-04-03,-23.4,-46.6,20.5,0.7,82.0,19.5,15.8,5
2026-04-04,-23.4,-46.6,20.7,0.7,84.0,18.91,9.4,5
2026-04-05,-23.4,-46.6,20.3,0.8,83.0,17.93,13.8,5
2026-04-06,-23.4,-46.6,20.8,0.8,84.0,18.38,11.3,5
2026-04-07,-23.4,-46.6,20.1,6.7,89.0,13.61,12.5,5
2026-04-08,-23.4,-46.6,20.2,5.9,85.0,12.19,20.4,5
2026-04-09,-23.4,-46.6,19.4,8.1,88.0,13.82,15.3,5
2026-04-10,-23.4,-46.6,17.0,4.5,87.0,7.24,14.7,5
2026-04-11,-23.4,-46.6,17.2,0.0,80.0,20.66,16.7,5
2026-04-12,-23.4,-46.6,18.3,0.0,78.0,20.33,13.2,5
2026-04-13,-23.4,-46.6,19.2,0.0,79.0,17.62,10.5,5
2026-04-14,-23.4,-46.6,18.1,0.0,81.0,19.79,15.4,5
2026-04-15,-23.4,-46.6,18.0,0.0,75.0,21.22,12.1,5
2026-04-16,-23.4,-46.6,19.0,0.0,76.0,19.9,11.4,5
2026-04-17,-23.4,-46.6,19.6,0.0,68.0,19.7,11.2,5
2026-04-18,-23.4,-46.6,19.9,2.5,74.0,16.4,14.8,5
2026-04-19,-23.4,-46.6,19.6,0.0,75.0,20.82,12.5,5
2026-04-20,-23.4,-46.6,18.2,0.0,73.0,20.96,11.8,5
2026-04-21,-23.4,-46.6,17.5,0.0,76.0,20.48,13.5,5
2026-04-22,-23.4,-46.6,18.8,0.0,76.0,18.49,12.2,5
2026-04-23,-23.4,-46.6,18.6,0.0,80.0,17.41,12.5,5
2026-04-24,-23.4,-46.6,19.7,0.0,72.0,17.61,10.8,5
2026-04-25,-23.4,-46.6,20.6,0.0,66.0,17.53,18.5,5
2026-04-26,-23.4,-46.6,21.3,0.1,68.0,17.52,20.2,5
2026-04-27,-23.4,-46.6,20.4,16.8,79.0,10.41,18.9,5
2026-04-28,-23.4,-46.6,19.8,12.2,89.0,10.37,12.9,5
2026-04-29,-23.4,-46.6,19.9,10.3,88.0,11.08,15.5,5
2026-04-30,-23.4,-46.6,19.5,0.4,84.0,12.99,13.8,5
2026-05-01,-23.4,-46.6,19.9,0.9,84.0,14.2,11.9,5
2026-05-02,-23.4,-46.6,20.4,0.2,72.0,12.3,17.1,5
2026-05-03,-23.4,-46.6,15.9,0.5,86.0,9.02,17.6,5
2026-05-04,-23.4,-46.6,17.7,0.2,82.0,15.78,14.8,5
2026-05-05,-23.4,-46.6,19.9,0.4,75.0,15.74,8.5,5
2026-05-06,-23.4,-46.6,20.6,0.0,68.0,17.47,11.0,5
2026-05-07,-23.4,-46.6,20.4,0.0,64.0,17.35,18.4,5
2026-05-08,-23.4,-46.6,21.2,0.0,64.0,12.1,25.6,5
2026-05-09,-23.4,-46.6,21.0,0.1,68.0,8.81,23.9,5
2026-05-10,-23.4,-46.6,14.3,12.5,95.0,2.46,10.6,5
2026-05-11,-23.4,-46.6,11.6,0.0,76.0,14.87,11.3,5
2026-05-12,-23.4,-46.6,12.1,0.0,79.0,17.73,12.7,5
2026-05-13,-23.4,-46.6,14.9,0.0,66.0,16.19,10.2,5
2026-05-14,-23.4,-46.6,16.3,0.0,71.0,13.19,13.3,5
2026-05-15,-23.4,-46.6,14.7,7.6,97.0,5.3,8.0,5
2026-05-16,-23.4,-46.6,17.3,3.0,83.0,13.52,12.5,5
2026-05-17,-23.4,-46.6,16.9,12.3,93.0,4.23,10.2,5
2026-05-18,-23.4,-46.6,16.4,0.3,91.0,6.29,11.9,5
2026-05-19,-23.4,-46.6,15.4,1.4,93.0,4.24,8.4,5
2026-05-20,-23.4,-46.6,15.9,1.9,90.0,9.72,9.7,5
2026-05-21,-23.4,-46.6,14.3,1.0,88.0,6.67,14.9,5
2026-05-22,-23.4,-46.6,13.5,0.7,91.0,5.99,15.0,5
2026-05-23,-23.4,-46.6,15.4,26.2,95.0,4.77,14.9,5
2026-05-24,-23.4,-46.6,16.8,8.9,94.0,9.14,14.1,5
2026-05-25,-23.4,-46.6,16.4,1.6,92.0,9.57,11.0,5
2026-05-26,-23.4,-46.6,18.0,3.3,86.0,13.84,14.4,5
2026-05-27,-23.4,-46.6,16.6,3.3,88.0,7.04,11.6,5
2026-05-28,-23.4,-46.6,13.9,0.0,83.0,14.99,11.0,5
2026-05-29,-23.4,-46.6,14.3,0.1,85.0,10.6,13.4,5
2026-05-30,-23.4,-46.6,16.1,0.3,85.0,12.02,10.6,5
2026-05-31,-23.4,-46.6,15.2,0.0,85.0,12.65,10.4,5
2026-06-01,-23.4,-46.6,14.0,0.0,86.0,11.77,12.1,5
2026-06-02,-23.4,-46.6,13.3,0.0,85.0,9.89,13.5,5
2026-06-03,-23.4,-46.6,15.0,0.0,83.0,12.85,13.1,5
2026-06-04,-23.4,-46.6,15.1,0.0,84.0,10.9,14.5,5
2026-06-05,-23.4,-46.6,13.8,0.0,81.0,14.14,14.5,5
2026-06-06,-23.4,-46.6,13.3,0.0,79.0,15.04,10.4,5
2026-06-07,-23.4,-46.6,13.1,0.0,71.0,15.16,7.1,5
2026-06-08,-23.4,-46.6,13.6,0.0,69.0,15.12,12.4,5
2026-06-09,-23.4,-46.6,14.3,0.0,67.0,12.38,15.2,5
2026-06-10,-23.4,-46.6,15.5,3.0,71.0,11.86,9.1,5
2026-06-11,-23.4,-46.6,14.3,7.1,92.0,7.65,14.4,5
2026-06-12,-23.4,-46.6,14.9,3.2,89.0,4.7,27.2,5
2026-06-13,-23.4,-46.6,15.9,9.6,92.0,10.29,22.0,5
2026-06-14,-23.4,-46.6,16.7,1.7,90.0,8.35,18.0,5
2026-06-15,-23.4,-46.6,14.5,9.3,97.0,4.31,12.0,5
2026-06-16,-23.4,-46.6,13.8,0.9,92.0,10.97,9.2,5
2026-06-17,-23.4,-46.6,12.7,0.0,79.0,14.5,10.5,5
2026-06-18,-23.4,-46.6,11.1,0.0,80.0,14.83,15.6,5
2026-06-19,-23.4,-46.6,14.0,0.0,74.0,14.71,15.4,5
2026-06-20,-23.4,-46.6,16.0,7.4,77.0,4.91,19.4,5
2026-06-21,-23.4,-46.6,13.6,0.1,78.0,14.62,12.1,5
2026-06-22,-23.4,-46.6,16.2,0.0,62.0,14.71,18.1,5
2026-06-23,-23.4,-46.6,15.7,29.0,87.0,2.54,18.4,5
2026-06-24,-23.4,-46.6,11.6,16.5,98.0,1.4,11.2,5
2026-06-25,-23.4,-46.6,10.5,4.3,96.0,3.25,14.3,5
2026-06-26,-23.4,-46.6,14.1,1.5,92.0,10.99,11.0,5
2026-06-27,-23.4,-46.6,16.5,0.2,86.0,13.7,10.8,5
2026-06-28,-23.4,-46.6,17.1,0.0,80.0,14.27,13.2,5
2026-06-29,-23.4,-46.6,17.9,0.0,77.0,13.89,13.2,5
2026-06-30,-23.4,-46.6,17.8,0.0,75.0,14.31,14.5,5
2026-07-01,-23.4,-46.6,17.8,0.0,73.0,14.29,15.5,5
2026-07-02,-23.4,-46.6,17.0,0.0,73.0,14.4,12.9,5
2026-07-03,-23.4,-46.6,16.3,0.0,77.0,11.4,11.8,5
2026-07-04,-23.4,-46.6,14.5,0.0,88.0,9.53,11.9,5
2026-07-05,-23.4,-46.6,13.9,0.0,86.0,10.68,10.4,5
2026-07-06,-23.4,-46.6,15.2,0.0,77.0,13.42,15.7,5
2026-07-07,-23.4,-46.6,14.0,1.5,85.0,7.66,13.9,5
2026-07-08,-23.4,-46.6,13.8,0.0,79.0,12.89,6.5,5
2026-07-09,-23.4,-46.6,13.7,0.0,74.0,15.13,5.5,5
2026-07-10,-23.4,-46.6,14.9,0.0,68.0,14.99,16.0,5
2026-07-11,-23.4,-46.6,16.6,0.4,66.0,14.76,18.8,5
2026-07-12,-23.4,-46.6,15.0,9.3,88.0,7.98,22.1,5
2026-07-13,-23.4,-46.6,11.7,0.3,76.0,10.5,12.7,5
2026-07-14,-23.4,-46.6,10.6,0.0,84.0,12.51,15.4,5
2026-07-15,-23.4,-46.6,12.5,0.0,76.0,15.7,14.9,5
2026-07-16,-23.4,-46.6,13.7,0.0,68.0,15.84,10.8,5
2026-07-17,-23.4,-46.6,14.0,0.0,63.0,16.14,15.1,5
2026-07-18,-23.4,-46.6,14.9,0.0,61.0,16.16,21.3,5
2025-07-19,-23.4,-46.5,13.1,0.0,75.0,15.84,10.3,5
2025-07-20,-23.4,-46.5,13.1,0.0,85.0,12.64,13.1,5
2025-07-21,-23.4,-46.5,16.0,0.0,78.0,14.88,11.2,5
2025-07-22,-23.4,-46.5,17.3,0.0,69.0,15.38,15.4,5
2025-07-23,-23.4,-46.5,15.6,0.0,65.0,16.56,11.7,5
2025-07-24,-23.4,-46.5,14.4,0.0,86.0,11.29,13.3,5
2025-07-25,-23.4,-46.5,13.9,6.9,95.0,4.58,10.6,5
2025-07-26,-23.4,-46.5,16.0,0.0,79.0,15.66,9.5,5
2025-07-27,-23.4,-46.5,18.2,0.0,62.0,16.92,16.8,5
2025-07-28,-23.4,-46.5,18.9,1.0,68.0,10.48,32.0,5
2025-07-29,-23.4,-46.5,13.1,0.4,68.0,18.46,18.4,5
2025-07-30,-23.4,-46.5,10.0,0.0,76.0,15.88,11.3,5
2025-07-31,-23.4,-46.5,11.3,0.0,79.0,17.55,16.7,5
2025-08-01,-23.4,-46.5,14.5,0.0,74.0,18.04,12.8,5
2025-08-02,-23.4,-46.5,16.4,0.0,61.0,16.16,9.1,5
2025-08-03,-23.4,-46.5,16.2,0.0,56.0,17.0,15.9,5
2025-08-04,-23.4,-46.5,16.0,0.0,60.0,10.66,10.3,5
2025-08-05,-23.4,-46.5,14.6,0.2,84.0,8.19,11.4,5
2025-08-06,-23.4,-46.5,14.5,1.8,86.0,10.98,13.2,5
2025-08-07,-23.4,-46.5,16.5,0.0,74.0,15.66,11.3,5
2025-08-08,-23.4,-46.5,17.2,0.5,73.0,11.92,24.1,5
2025-08-09,-23.4,-46.5,13.5,3.3,78.0,11.68,18.3,5
2025-08-10,-23.4,-46.5,10.2,0.9,82.0,9.55,12.4,5
2025-08-11,-23.4,-46.5,10.6,0.0,81.0,15.85,13.5,5
2025-08-12,-23.4,-46.5,12.2,0.0,81.0,18.19,11.6,5
2025-08-13,-23.4,-46.5,15.0,0.0,66.0,20.07,10.3,5
2025-08-14,-23.4,-46.5,13.4,0.0,72.0,16.37,14.6,5
2025-08-15,-23.4,-46.5,13.8,0.0,81.0,15.33,18.5,5
2025-08-16,-23.4,-46.5,15.6,0.0,83.0,12.84,14.7,5
2025-08-17,-23.4,-46.5,16.9,0.4,80.0,16.19,10.8,5
2025-08-18,-23.4,-46.5,15.5,0.0,82.0,16.81,12.9,5
2025-08-19,-23.4,-46.5,17.1,0.0,76.0,14.17,14.0,5
2025-08-20,-23.4,-46.5,20.5,0.0,59.0,13.38,16.3,5
2025-08-21,-23.4,-46.5,21.5,0.2,64.0,17.28,13.0,5
2025-08-22,-23.4,-46.5,21.8,0.0,60.0,19.57,13.0,5
2025-08-23,-23.4,-46.5,21.7,0.0,48.0,18.52,17.1,5
2025-08-24,-23.4,-46.5,16.8,0.0,79.0,13.31,14.2,5
2025-08-25,-23.4,-46.5,17.8,0.2,79.0,15.8,13.3,5
2025-08-26,-23.4,-46.5,16.2,6.8,87.0,10.25,12.9,5
2025-08-27,-23.4,-46.5,16.6,7.1,89.0,13.49,12.2,5
2025-08-28,-23.4,-46.5,16.9,0.4,85.0,16.6,13.9,5
2025-08-29,-23.4,-46.5,15.9,11.2,91.0,7.95,10.2,5
2025-08-30,-23.4,-46.5,16.6,0.1,83.0,17.38,14.2,5
2025-08-31,-23.4,-46.5,16.5,0.0,82.0,18.04,14.5,5
2025-09-01,-23.4,-46.5,17.8,1.3,82.0,17.45,19.6,5
2025-09-02,-23.4,-46.5,18.5,0.3,78.0,18.96,15.8,5
2025-09-03,-23.4,-46.5,18.6,0.0,70.0,21.43,11.0,5
2025-09-04,-23.4,-46.5,18.9,0.0,61.0,19.36,10.8,5
2025-09-05,-23.4,-46.5,18.9,0.0,67.0,18.21,13.5,5
2025-09-06,-23.4,-46.5,15.5,0.7,86.0,10.42,15.1,5
2025-09-07,-23.4,-46.5,16.6,0.1,85.0,11.26,17.1,5
2025-09-08,-23.4,-46.5,19.9,0.0,77.0,17.83,13.6,5
2025-09-09,-23.4,-46.5,21.1,0.0,57.0,13.54,29.6,5
2025-09-10,-23.4,-46.5,17.9,0.0,71.0,23.18,11.3,5
2025-09-11,-23.4,-46.5,18.3,0.0,67.0,23.91,9.6,5
2025-09-12,-23.4,-46.5,15.8,0.0,76.0,16.86,15.0,5
2025-09-13,-23.4,-46.5,15.0,0.0,81.0,14.6,16.6,5
2025-09-14,-23.4,-46.5,16.4,0.0,80.0,20.15,15.0,5
2025-09-15,-23.4,-46.5,18.3,0.0,79.0,21.77,12.2,5
2025-09-16,-23.4,-46.5,18.4,1.3,80.0,10.2,18.2,5
2025-09-17,-23.4,-46.5,17.2,0.1,79.0,20.06,16.9,5
2025-09-18,-23.4,-46.5,17.2,0.3,80.0,21.57,13.9,5
2025-09-19,-23.4,-46.5,20.2,0.0,72.0,18.51,14.7,5
2025-09-20,-23.4,-46.5,22.4,0.0,61.0,22.33,17.4,5
2025-09-21,-23.4,-46.5,23.8,0.4,59.0,19.23,25.9,5
2025-09-22,-23.4,-46.5,20.1,3.7,84.0,3.43,31.9,5
2025-09-23,-23.4,-46.5,15.6,2.9,85.0,13.13,15.0,5
2025-09-24,-23.4,-46.5,15.2,0.5,86.0,8.57,18.0,5
2025-09-25,-23.4,-46.5,13.9,1.4,85.0,7.97,20.4,5
2025-09-26,-23.4,-46.5,13.4,1.2,81.0,18.27,21.0,5
2025-09-27,-23.4,-46.5,15.1,0.0,75.0,24.5,16.3,5
2025-09-28,-23.4,-46.5,18.1,0.0,69.0,19.88,13.1,5
2025-09-29,-23.4,-46.5,20.7,0.0,66.0,24.91,13.5,5
2025-09-30,-23.4,-46.5,21.9,0.0,61.0,24.25,11.5,5
2025-10-01,-23.4,-46.5,20.2,0.3,75.0,16.83,12.1,5
2025-10-02,-23.4,-46.5,18.6,0.0,83.0,12.14,14.4,5
2025-10-03,-23.4,-46.5,19.8,8.0,82.0,16.91,13.3,5
2025-10-04,-23.4,-46.5,18.8,0.9,81.0,9.64,13.8,5
2025-10-05,-23.4,-46.5,22.8,0.0,57.0,25.92,13.6,5
2025-10-06,-23.4,-46.5,24.8,0.0,50.0,21.93,13.9,5
2025-10-07,-23.4,-46.5,18.5,0.5,82.0,11.39,20.7,5
2025-10-08,-23.4,-46.5,14.9,3.2,87.0,7.79,20.5,5
2025-10-09,-23.4,-46.5,15.5,4.4,85.0,10.79,24.1,5
2025-10-10,-23.4,-46.5,16.4,38.4,94.0,7.91,16.4,5
2025-10-11,-23.4,-46.5,18.3,0.9,85.0,17.36,10.6,5
2025-10-12,-23.4,-46.5,21.0,1.6,74.0,18.79,15.7,5
2025-10-13,-23.4,-46.5,19.7,5.7,84.0,9.58,23.1,5
2025-10-14,-23.4,-46.5,18.9,0.7,86.0,20.29,15.6,5
2025-10-15,-23.4,-46.5,17.8,0.0,84.0,18.7,14.1,5
2025-10-16,-23.4,-46.5,20.5,0.0,79.0,23.43,17.0,5
2025-10-17,-23.4,-46.5,22.4,8.0,72.0,22.98,11.4,5
2025-10-18,-23.4,-46.5,18.5,27.3,95.0,6.8,23.7,5
2025-10-19,-23.4,-46.5,13.0,2.5,87.0,13.37,24.4,5
2025-10-20,-23.4,-46.5,12.6,0.8,77.0,21.53,19.9,5
2025-10-21,-23.4,-46.5,13.3,0.0,75.0,28.05,19.7,5
2025-10-22,-23.4,-46.5,14.4,0.0,74.0,28.98,17.9,5
2025-10-23,-23.4,-46.5,15.5,0.0,74.0,29.71,14.5,5
2025-10-24,-23.4,-46.5,17.4,0.0,71.0,28.69,15.4,5
2025-10-25,-23.4,-46.5,19.8,0.0,64.0,27.11,12.2,5
2025-10-26,-23.4,-46.5,21.9,0.0,59.0,23.45,9.5,5
2025-10-27,-23.4,-46.5,18.3,1.2,86.0,6.26,8.4,5
2025-10-28,-23.4,-46.5,18.6,31.9,92.0,5.32,8.8,5
2025-10-29,-23.4,-46.5,19.9,12.2,88.0,15.31,24.8,5
2025-10-30,-23.4,-46.5,15.9,2.7,89.0,9.03,12.5,5
2025-10-31,-23.4,-46.5,16.7,31.5,92.0,9.34,12.1,5
2025-11-01,-23.4,-46.5,20.3,1.0,83.0,20.34,11.6,5
2025-11-02,-23.4,-46.5,17.9,25.3,97.0,5.1,21.9,5
2025-11-03,-23.4,-46.5,19.9,4.6,84.0,16.35,19.5,5
2025-11-04,-23.4,-46.5,20.8,5.1,85.0,18.54,12.2,5
2025-11-05,-23.4,-46.5,22.0,1.4,82.0,16.57,22.4,5
2025-11-06,-23.4,-46.5,17.4,1.8,82.0,12.64,16.4,5
2025-11-07,-23.4,-46.5,19.3,2.1,79.0,23.18,14.8,5
2025-11-08,-23.4,-46.5,20.0,12.8,86.0,11.63,28.4,5
2025-11-09,-23.4,-46.5,15.8,0.9,81.0,16.3,16.6,5
2025-11-10,-23.4,-46.5,15.5,0.0,76.0,26.98,17.2,5
2025-11-11,-23.4,-46.5,16.9,0.0,77.0,29.49,15.2,5
2025-11-12,-23.4,-46.5,20.1,0.0,72.0,29.16,13.3,5
2025-11-13,-23.4,-46.5,20.4,0.4,75.0,14.03,10.9,5
2025-11-14,-23.4,-46.5,17.8,9.1,86.0,15.84,12.0,5
2025-11-15,-23.4,-46.5,18.9,0.1,83.0,16.75,14.4,5
2025-11-16,-23.4,-46.5,19.9,21.6,89.0,10.69,16.7,5
2025-11-17,-23.4,-46.5,20.4,24.5,91.0,11.88,17.1,5
2025-11-18,-23.4,-46.5,19.8,6.8,87.0,11.75,27.8,5
2025-11-19,-23.4,-46.5,17.8,0.2,72.0,25.64,15.3,5
2025-11-20,-23.4,-46.5,16.9,0.1,77.0,26.95,17.8,5
2025-11-21,-23.4,-46.5,20.4,0.0,64.0,28.45,16.0,5
2025-11-22,-23.4,-46.5,21.7,0.7,71.0,20.8,10.9,5
2025-11-23,-23.4,-46.5,18.8,28.3,88.0,16.2,11.5,5
2025-11-24,-23.4,-46.5,17.6,27.4,92.0,10.94,11.4,5
2025-11-25,-23.4,-46.5,17.2,1.5,81.0,21.03,15.7,5
2025-11-26,-23.4,-46.5,17.0,0.0,75.0,30.31,15.2,5
2025-11-27,-23.4,-46.5,16.8,0.0,79.0,24.97,18.1,5
2025-11-28,-23.4,-46.5,20.6,0.2,76.0,25.09,15.1,5
2025-11-29,-23.4,-46.5,21.7,0.0,63.0,30.16,13.0,5
2025-11-30,-23.4,-46.5,22.9,0.0,61.0,28.89,10.6,5
2025-12-01,-23.4,-46.5,22.3,0.2,75.0,21.8,14.7,5
2025-12-02,-23.4,-46.5,21.2,21.4,85.0,14.7,16.6,5
2025-12-03,-23.4,-46.5,21.1,5.6,80.0,21.93,12.8,5
2025-12-04,-23.4,-46.5,19.0,0.6,83.0,20.56,16.5,5
2025-12-05,-23.4,-46.5,20.0,0.3,77.0,25.32,16.7,5
2025-12-06,-23.4,-46.5,22.1,0.6,75.0,25.53,12.1,5
2025-12-07,-23.4,-46.5,22.9,0.9,74.0,23.32,11.9,5
2025-12-08,-23.4,-46.5,20.9,23.2,88.0,14.01,14.1,5
2025-12-09,-23.4,-46.5,19.3,17.8,94.0,6.46,31.3,5
2025-12-10,-23.4,-46.5,22.0,3.6,72.0,24.0,43.0,5
2025-12-11,-23.4,-46.5,22.6,0.0,61.0,29.32,25.0,5
2025-12-12,-23.4,-46.5,21.4,0.8,73.0,16.3,19.2,5
2025-12-13,-23.4,-46.5,20.6,28.1,88.0,14.58,23.3,5
2025-12-14,-23.4,-46.5,21.2,4.5,86.0,12.07,21.2,5
2025-12-15,-23.4,-46.5,23.1,1.8,79.0,22.29,16.3,5
2025-12-16,-23.4,-46.5,22.5,7.7,85.0,19.48,19.4,5
2025-12-17,-23.4,-46.5,16.1,11.4,90.0,8.64,20.7,5
2025-12-18,-23.4,-46.5,18.1,0.0,82.0,12.93,14.5,5
2025-12-19,-23.4,-46.5,19.6,1.3,87.0,12.55,15.1,5
2025-12-20,-23.4,-46.5,20.9,0.8,82.0,23.01,14.2,5
2025-12-21,-23.4,-46.5,22.9,0.0,71.0,28.08,12.0,5
2025-12-22,-23.4,-46.5,24.0,0.4,66.0,28.26,12.6,5
2025-12-23,-23.4,-46.5,24.5,0.6,62.0,26.62,13.1,5
2025-12-24,-23.4,-46.5,25.0,0.3,63.0,26.97,9.4,5
2025-12-25,-23.4,-46.5,26.0,0.1,63.0,27.22,8.4,5
2025-12-26,-23.4,-46.5,25.8,8.2,68.0,23.72,12.1,5
2025-12-27,-23.4,-46.5,24.6,4.4,77.0,25.48,16.6,5
2025-12-28,-23.4,-46.5,25.7,3.6,69.0,27.27,10.3,5
2025-12-29,-23.4,-46.5,24.2,19.8,80.0,23.85,10.7,5
2025-12-30,-23.4,-46.5,24.0,9.4,81.0,25.35,11.9,5
2025-12-31,-23.4,-46.5,23.0,1.1,82.0,21.11,16.6,5
2026-01-01,-23.4,-46.5,23.1,1.0,80.0,20.8,21.4,5
2026-01-02,-23.4,-46.5,21.7,13.4,87.0,16.87,20.3,5
2026-01-03,-23.4,-46.5,22.7,2.1,81.0,22.01,17.8,5
2026-01-04,-23.4,-46.5,20.2,1.1,84.0,17.62,16.1,5
2026-01-05,-23.4,-46.5,18.3,2.0,82.0,13.45,18.4,5
2026-01-06,-23.4,-46.5,19.9,1.3,78.0,21.61,20.1,5
2026-01-07,-23.4,-46.5,20.9,6.6,83.0,22.15,13.0,5
2026-01-08,-23.4,-46.5,21.4,49.5,83.0,23.52,13.3,5
2026-01-09,-23.4,-46.5,23.2,2.4,78.0,24.52,16.2,5
2026-01-10,-23.4,-46.5,24.7,0.1,68.0,27.67,12.4,5
2026-01-11,-23.4,-46.5,24.5,0.9,68.0,28.0,15.7,5
2026-01-12,-23.4,-46.5,24.1,4.5,66.0,25.24,15.0,5
2026-01-13,-23.4,-46.5,21.4,4.8,80.0,18.01,13.9,5
2026-01-14,-23.4,-46.5,21.3,9.8,84.0,18.97,14.1,5
2026-01-15,-23.4,-46.5,20.8,30.7,87.0,16.87,16.6,5
2026-01-16,-23.4,-46.5,21.3,11.9,85.0,17.24,12.3,5
2026-01-17,-23.4,-46.5,21.0,22.3,86.0,18.57,14.1,5
2026-01-18,-23.4,-46.5,21.2,7.0,86.0,18.3,18.6,5
2026-01-19,-23.4,-46.5,19.5,21.3,92.0,11.58,23.1,5
2026-01-20,-23.4,-46.5,17.2,3.7,85.0,15.92,17.8,5
2026-01-21,-23.4,-46.5,16.3,16.4,88.0,11.82,16.4,5
2026-01-22,-23.4,-46.5,16.7,14.8,89.0,11.02,15.6,5
2026-01-23,-23.4,-46.5,18.2,4.7,88.0,19.66,15.3,5
2026-01-24,-23.4,-46.5,19.5,3.3,87.0,14.12,13.9,5
2026-01-25,-23.4,-46.5,19.8,7.7,89.0,17.55,11.0,5
2026-01-26,-23.4,-46.5,20.3,7.1,87.0,22.88,10.9,5
2026-01-27,-23.4,-46.5,21.2,0.8,83.0,21.73,12.8,5
2026-01-28,-23.4,-46.5,21.1,7.0,83.0,19.85,11.7,5
2026-01-29,-23.4,-46.5,20.8,8.2,86.0,22.34,14.7,5
2026-01-30,-23.4,-46.5,19.6,18.2,90.0,12.87,15.2,5
2026-01-31,-23.4,-46.5,20.9,1.0,82.0,19.54,18.8,5
2026-02-01,-23.4,-46.5,21.1,2.8,85.0,13.56,23.6,5
2026-02-02,-23.4,-46.5,20.4,9.9,92.0,13.41,15.7,5
2026-02-03,-23.4,-46.5,20.7,13.9,92.0,13.67,15.0,5
2026-02-04,-23.4,-46.5,21.4,10.9,89.0,15.53,20.7,5
2026-02-05,-23.4,-46.5,20.9,7.8,90.0,17.62,13.3,5
2026-02-06,-23.4,-46.5,21.6,12.3,87.0,18.6,10.6,5
2026-02-07,-23.4,-46.5,21.2,22.8,92.0,13.56,12.1,5
2026-02-08,-23.4,-46.5,20.1,26.6,91.0,16.3,15.0,5
2026-02-09,-23.4,-46.5,18.9,16.9,97.0,10.48,8.4,5
2026-02-10,-23.4,-46.5,20.0,14.9,90.0,14.21,18.3,5
2026-02-11,-23.4,-46.5,21.3,14.6,86.0,15.88,21.0,5
2026-02-12,-23.4,-46.5,22.8,1.4,81.0,19.93,15.1,5
2026-02-13,-23.4,-46.5,24.2,1.1,73.0,25.0,11.5,5
2026-02-14,-23.4,-46.5,22.6,0.9,81.0,17.96,12.1,5
2026-02-15,-23.4,-46.5,23.0,0.0,77.0,26.23,12.9,5
2026-02-16,-23.4,-46.5,23.8,0.2,73.0,26.34,9.3,5
2026-02-17,-23.4,-46.5,23.6,1.1,75.0,21.42,13.5,5
2026-02-18,-23.4,-46.5,22.3,2.8,83.0,19.64,10.9,5
2026-02-19,-23.4,-46.5,21.8,4.5,86.0,20.28,11.2,5
2026-02-20,-23.4,-46.5,23.0,0.0,79.0,22.92,14.7,5
2026-02-21,-23.4,-46.5,21.9,23.9,87.0,16.59,11.1,5
2026-02-22,-23.4,-46.5,20.7,8.4,91.0,16.91,15.7,5
2026-02-23,-23.4,-46.5,20.5,13.8,93.0,13.08,14.0,5
2026-02-24,-23.4,-46.5,21.2,9.3,90.0,14.29,8.7,5
2026-02-25,-23.4,-46.5,21.9,15.3,90.0,14.62,12.8,5
2026-02-26,-23.4,-46.5,20.3,38.6,95.0,10.21,19.7,5
2026-02-27,-23.4,-46.5,19.3,1.4,87.0,12.81,17.3,5
2026-02-28,-23.4,-46.5,18.2,0.8,83.0,20.74,13.4,5
2026-03-01,-23.4,-46.5,17.9,0.3,80.0,21.61,16.8,5
2026-03-02,-23.4,-46.5,17.8,0.0,82.0,20.99,13.0,5
2026-03-03,-23.4,-46.5,18.9,0.7,83.0,19.81,11.9,5
2026-03-04,-23.4,-46.5,19.8,0.1,81.0,22.73,15.5,5
2026-03-05,-23.4,-46.5,21.3,0.6,80.0,20.69,12.7,5
2026-03-06,-23.4,-46.5,21.3,12.2,90.0,13.49,12.3,5
2026-03-07,-23.4,-46.5,20.8,19.5,92.0,14.63,20.0,5
2026-03-08,-23.4,-46.5,20.8,20.2,87.0,18.57,14.7,5
2026-03-09,-23.4,-46.5,18.9,17.0,97.0,6.46,13.2,5
2026-03-10,-23.4,-46.5,18.4,17.4,99.0,7.29,11.6,5
2026-03-11,-23.4,-46.5,18.9,20.7,99.0,7.16,11.7,5
2026-03-12,-23.4,-46.5,18.9,23.7,97.0,6.96,17.1,5
2026-03-13,-23.4,-46.5,19.2,2.5,90.0,11.07,9.5,5
2026-03-14,-23.4,-46.5,20.2,0.1,78.0,24.85,10.0,5
2026-03-15,-23.4,-46.5,21.9,0.6,75.0,21.38,10.3,5
2026-03-16,-23.4,-46.5,23.0,0.0,68.0,25.37,13.1,5
2026-03-17,-23.4,-46.5,22.2,0.2,76.0,21.83,9.7,5
2026-03-18,-23.4,-46.5,21.5,2.4,85.0,18.29,12.6,5
2026-03-19,-23.4,-46.5,20.4,17.3,94.0,9.13,9.6,5
2026-03-20,-23.4,-46.5,20.4,0.9,85.0,17.46,13.4,5
2026-03-21,-23.4,-46.5,21.8,0.4,80.0,22.43,12.2,5
2026-03-22,-23.4,-46.5,21.5,0.0,72.0,20.02,11.5,5
2026-03-23,-23.4,-46.5,20.8,0.0,75.0,24.45,13.9,5
2026-03-24,-23.4,-46.5,21.3,0.0,77.0,24.06,9.5,5
2026-03-25,-23.4,-46.5,21.6,1.5,79.0,18.97,10.5,5
2026-03-26,-23.4,-46.5,21.5,4.7,85.0,18.88,9.2,5
2026-03-27,-23.4,-46.5,22.1,0.0,77.0,23.34,12.1,5
2026-03-28,-23.4,-46.5,21.3,0.0,79.0,23.31,10.7,5
2026-03-29,-23.4,-46.5,21.7,0.0,77.0,22.41,10.7,5
2026-03-30,-23.4,-46.5,20.7,0.0,78.0,18.37,11.7,5
2026-03-31,-23.4,-46.5,18.9,10.6,90.0,11.26,14.5,5
2026-04-01,-23.4,-46.5,19.3,5.4,88.0,17.02,12.0,5
2026-04-02,-23.4,-46.5,20.5,15.9,86.0,17.14,16.4,5
2026-04-03,-23.4,-46.5,21.0,0.5,83.0,19.5,15.3,5
2026-04-04,-23.4,-46.5,21.2,2.4,86.0,18.91,9.6,5
2026-04-05,-23.4,-46.5,21.0,0.8,84.0,17.93,13.3,5
2026-04-06,-23.4,-46.5,21.3,0.4,85.0,18.38,12.3,5
2026-04-07,-23.4,-46.5,20.8,10.3,89.0,13.61,10.8,5
2026-04-08,-23.4,-46.5,21.1,6.2,84.0,12.19,20.7,5
2026-04-09,-23.4,-46.5,20.2,8.4,88.0,13.82,15.7,5
2026-04-10,-23.4,-46.5,17.6,1.8,87.0,7.24,13.2,5
2026-04-11,-23.4,-46.5,17.8,0.0,82.0,20.66,15.9,5
2026-04-12,-23.4,-46.5,18.8,0.0,80.0,20.33,11.7,5
2026-04-13,-23.4,-46.5,19.7,0.4,82.0,17.62,8.6,5
2026-04-14,-23.4,-46.5,18.6,0.1,82.0,19.79,13.3,5
2026-04-15,-23.4,-46.5,18.5,0.0,78.0,21.22,11.0,5
2026-04-16,-23.4,-46.5,19.5,0.0,77.0,19.9,10.6,5
2026-04-17,-23.4,-46.5,20.3,0.0,70.0,19.7,11.0,5
2026-04-18,-23.4,-46.5,20.6,2.0,74.0,16.4,14.8,5
2026-04-19,-23.4,-46.5,19.9,0.0,78.0,20.82,13.5,5
2026-04-20,-23.4,-46.5,18.5,0.0,77.0,20.96,10.7,5
2026-04-21,-23.4,-46.5,17.8,0.0,79.0,20.48,12.4,5
2026-04-22,-23.4,-46.5,19.2,0.0,80.0,18.49,11.6,5
2026-04-23,-23.4,-46.5,18.9,0.0,83.0,17.41,11.9,5
2026-04-24,-23.4,-46.5,20.2,0.0,75.0,17.61,10.8,5
2026-04-25,-23.4,-46.5,21.2,0.0,67.0,17.53,17.9,5
2026-04-26,-23.4,-46.5,21.9,0.1,69.0,17.52,20.4,5
2026-04-27,-23.4,-46.5,21.3,9.9,79.0,10.41,19.2,5
2026-04-28,-23.4,-46.5,20.5,11.9,89.0,10.37,11.2,5
2026-04-29,-23.4,-46.5,20.5,13.5,89.0,11.08,13.2,5
2026-04-30,-23.4,-46.5,20.0,0.5,85.0,12.99,12.6,5
2026-05-01,-23.4,-46.5,20.5,0.9,84.0,14.2,11.2,5
2026-05-02,-23.4,-46.5,21.0,0.0,72.0,12.3,17.1,5
2026-05-03,-23.4,-46.5,16.6,1.0,87.0,9.02,17.3,5
2026-05-04,-23.4,-46.5,18.2,2.7,84.0,15.78,14.6,5
2026-05-05,-23.4,-46.5,20.7,0.4,76.0,15.74,8.3,5
2026-05-06,-23.4,-46.5,21.3,0.0,69.0,17.47,9.1,5
2026-05-07,-23.4,-46.5,21.1,0.0,65.0,17.35,16.9,5
2026-05-08,-23.4,-46.5,22.1,0.0,63.0,12.1,24.7,5
2026-05-09,-23.4,-46.5,21.9,0.6,68.0,8.81,23.4,5
2026-05-10,-23.4,-46.5,15.0,11.6,95.0,2.46,9.2,5
2026-05-11,-23.4,-46.5,12.5,0.0,77.0,14.87,11.9,5
2026-05-12,-23.4,-46.5,12.5,0.0,82.0,17.73,12.4,5
2026-05-13,-23.4,-46.5,15.8,0.0,68.0,16.19,10.1,5
2026-05-14,-23.4,-46.5,17.1,0.0,73.0,13.19,13.9,5
2026-05-15,-23.4,-46.5,15.5,8.0,97.0,5.3,8.1,5
2026-05-16,-23.4,-46.5,18.0,9.4,84.0,13.52,12.8,5
2026-05-17,-23.4,-46.5,17.7,13.9,93.0,4.23,12.2,5
2026-05-18,-23.4,-46.5,17.2,0.4,91.0,6.29,12.9,5
2026-05-19,-23.4,-46.5,16.3,1.6,93.0,4.24,8.2,5
2026-05-20,-23.4,-46.5,16.6,3.2,91.0,9.72,9.3,5
2026-05-21,-23.4,-46.5,15.0,0.9,89.0,6.67,14.3,5
2026-05-22,-23.4,-46.5,14.1,1.3,92.0,5.99,13.7,5
2026-05-23,-23.4,-46.5,16.1,30.4,95.0,4.77,12.7,5
2026-05-24,-23.4,-46.5,17.7,11.1,93.0,9.14,13.6,5
2026-05-25,-23.4,-46.5,17.0,3.0,93.0,9.57,10.1,5
2026-05-26,-23.4,-46.5,18.7,2.0,86.0,13.84,12.6,5
2026-05-27,-23.4,-46.5,17.0,3.0,90.0,7.04,10.7,5
2026-05-28,-23.4,-46.5,14.5,0.0,84.0,14.99,10.2,5
2026-05-29,-23.4,-46.5,14.9,0.1,87.0,10.6,11.9,5
2026-05-30,-23.4,-46.5,16.9,0.2,85.0,12.02,9.5,5
2026-05-31,-23.4,-46.5,15.8,0.1,86.0,12.65,8.5,5
2026-06-01,-23.4,-46.5,14.6,0.0,87.0,11.77,11.2,5
2026-06-02,-23.4,-46.5,13.9,0.0,86.0,9.89,12.8,5
2026-06-03,-23.4,-46.5,15.4,0.0,86.0,12.85,12.0,5
2026-06-04,-23.4,-46.5,15.6,0.0,85.0,10.9,13.8,5
2026-06-05,-23.4,-46.5,14.4,0.0,83.0,14.14,13.6,5
2026-06-06,-23.4,-46.5,14.1,0.0,79.0,15.04,10.8,5
2026-06-07,-23.4,-46.5,13.9,0.0,73.0,15.16,8.0,5
2026-06-08,-23.4,-46.5,14.4,0.0,69.0,15.12,13.1,5
2026-06-09,-23.4,-46.5,14.9,0.0,68.0,12.38,15.6,5
2026-06-10,-23.4,-46.5,16.1,2.6,73.0,11.86,8.4,5
2026-06-11,-23.4,-46.5,15.0,6.5,92.0,7.65,14.8,5
2026-06-12,-23.4,-46.5,15.6,3.4,89.0,4.7,25.9,5
2026-06-13,-23.4,-46.5,16.8,6.9,91.0,10.29,23.3,5
2026-06-14,-23.4,-46.5,17.6,1.3,89.0,8.35,18.6,5
2026-06-15,-23.4,-46.5,15.3,10.1,98.0,4.31,10.6,5
2026-06-16,-23.4,-46.5,14.5,1.2,93.0,10.97,9.3,5
2026-06-17,-23.4,-46.5,13.5,0.0,80.0,14.5,10.0,5
2026-06-18,-23.4,-46.5,11.5,0.0,82.0,14.83,12.9,5
2026-06-19,-23.4,-46.5,14.6,0.0,76.0,14.71,15.1,5
2026-06-20,-23.4,-46.5,16.7,7.3,78.0,4.91,19.4,5
2026-06-21,-23.4,-46.5,14.5,0.1,78.0,14.62,13.0,5
2026-06-22,-23.4,-46.5,16.7,0.0,63.0,14.71,17.6,5
2026-06-23,-23.4,-46.5,16.7,26.3,85.0,2.54,19.5,5
2026-06-24,-23.4,-46.5,12.4,16.7,98.0,1.4,9.5,5
2026-06-25,-23.4,-46.5,11.4,5.1,97.0,3.25,12.7,5
2026-06-26,-23.4,-46.5,14.7,1.1,93.0,10.99,11.7,5
2026-06-27,-23.4,-46.5,17.2,0.0,86.0,13.7,9.6,5
2026-06-28,-23.4,-46.5,17.8,0.0,80.0,14.27,12.7,5
2026-06-29,-23.4,-46.5,18.6,0.1,77.0,13.89,12.0,5
2026-06-30,-23.4,-46.5,18.5,0.0,75.0,14.31,13.9,5
2026-07-01,-23.4,-46.5,18.4,0.0,74.0,14.29,15.5,5
2026-07-02,-23.4,-46.5,17.4,0.0,74.0,14.4,12.5,5
2026-07-03,-23.4,-46.5,16.9,0.0,78.0,11.4,11.2,5
2026-07-04,-23.4,-46.5,15.0,0.0,90.0,9.53,10.7,5
2026-07-05,-23.4,-46.5,14.5,0.0,87.0,10.68,9.5,5
2026-07-06,-23.4,-46.5,15.9,0.0,78.0,13.42,15.9,5
2026-07-07,-23.4,-46.5,14.7,2.1,85.0,7.66,15.3,5
2026-07-08,-23.4,-46.5,14.5,0.0,79.0,12.89,6.1,5
2026-07-09,-23.4,-46.5,14.4,0.0,79.0,15.13,7.9,5
2026-07-10,-23.4,-46.5,15.8,0.0,68.0,14.99,15.6,5
2026-07-11,-23.4,-46.5,17.6,0.4,65.0,14.76,18.7,5
2026-07-12,-23.4,-46.5,15.7,9.7,89.0,7.98,23.9,5
2026-07-13,-23.4,-46.5,12.1,0.4,79.0,10.5,13.0,5
2026-07-14,-23.4,-46.5,11.1,0.0,86.0,12.51,14.0,5
2026-07-15,-23.4,-46.5,12.9,0.0,79.0,15.7,12.7,5
2026-07-16,-23.4,-46.5,14.3,0.0,68.0,15.84,10.3,5
2026-07-17,-23.4,-46.5,14.6,0.0,63.0,16.14,14.0,5
2026-07-18,-23.4,-46.5,15.5,0.0,62.0,16.16,19.5,5
2025-07-19,-23.4,-46.4,12.9,0.0,75.0,15.84,10.3,5
2025-07-20,-23.4,-46.4,13.0,0.0,86.0,12.64,10.8,5
2025-07-21,-23.4,-46.4,15.8,0.0,79.0,14.88,8.6,5
2025-07-22,-23.4,-46.4,17.2,0.0,71.0,15.38,16.5,5
2025-07-23,-23.4,-46.4,15.1,0.0,68.0,16.56,11.6,5
2025-07-24,-23.4,-46.4,14.2,0.1,86.0,11.29,13.0,5
2025-07-25,-23.4,-46.4,14.0,7.6,95.0,4.58,9.9,5
2025-07-26,-23.4,-46.4,15.7,0.0,82.0,15.66,9.2,5
2025-07-27,-23.4,-46.4,17.8,0.0,66.0,16.92,16.2,5
2025-07-28,-23.4,-46.4,19.3,0.7,66.0,10.48,29.8,5
2025-07-29,-23.4,-46.4,13.2,0.7,68.0,18.46,17.8,5
2025-07-30,-23.4,-46.4,10.0,0.0,76.0,15.88,10.1,5
2025-07-31,-23.4,-46.4,11.2,0.0,80.0,17.55,16.4,5
2025-08-01,-23.4,-46.4,14.1,0.0,76.0,18.04,11.5,5
2025-08-02,-23.4,-46.4,16.0,0.0,65.0,16.16,8.5,5
2025-08-03,-23.4,-46.4,16.0,0.0,57.0,17.0,15.8,5
2025-08-04,-23.4,-46.4,16.0,0.0,61.0,10.66,10.4,5
2025-08-05,-23.4,-46.4,14.7,0.2,83.0,8.19,10.9,5
2025-08-06,-23.4,-46.4,14.7,1.3,85.0,10.98,13.3,5
2025-08-07,-23.4,-46.4,16.4,0.0,76.0,15.66,9.7,5
2025-08-08,-23.4,-46.4,17.2,1.1,74.0,11.92,22.4,5
2025-08-09,-23.4,-46.4,13.6,3.5,78.0,11.68,17.0,5
2025-08-10,-23.4,-46.4,10.1,1.1,82.0,9.55,12.1,5
2025-08-11,-23.4,-46.4,10.8,0.0,80.0,15.85,14.7,5
2025-08-12,-23.4,-46.4,12.1,0.0,82.0,18.19,11.4,5
2025-08-13,-23.4,-46.4,15.1,0.0,66.0,20.07,10.5,5
2025-08-14,-23.4,-46.4,13.5,0.0,73.0,16.37,14.5,5
2025-08-15,-23.4,-46.4,13.8,0.2,82.0,15.33,17.3,5
2025-08-16,-23.4,-46.4,15.6,0.0,83.0,12.84,13.0,5
2025-08-17,-23.4,-46.4,16.8,0.3,81.0,16.19,11.0,5
2025-08-18,-23.4,-46.4,15.4,0.0,82.0,16.81,13.0,5
2025-08-19,-23.4,-46.4,16.9,0.0,77.0,14.17,14.3,5
2025-08-20,-23.4,-46.4,20.4,0.0,59.0,13.38,17.1,5
2025-08-21,-23.4,-46.4,21.4,0.4,65.0,17.28,12.8,5
2025-08-22,-23.4,-46.4,21.7,0.0,61.0,19.57,12.6,5
2025-08-23,-23.4,-46.4,21.8,0.0,47.0,18.52,15.9,5
2025-08-24,-23.4,-46.4,16.7,0.0,79.0,13.31,14.6,5
2025-08-25,-23.4,-46.4,17.7,0.2,81.0,15.8,12.8,5
2025-08-26,-23.4,-46.4,16.3,7.4,87.0,10.25,11.9,5
2025-08-27,-23.4,-46.4,16.9,4.0,88.0,13.49,13.1,5
2025-08-28,-23.4,-46.4,17.1,0.3,84.0,16.6,14.5,5
2025-08-29,-23.4,-46.4,16.1,7.3,90.0,7.95,9.6,5
2025-08-30,-23.4,-46.4,16.7,0.2,83.0,17.38,13.0,5
2025-08-31,-23.4,-46.4,16.5,0.0,82.0,18.04,13.4,5
2025-09-01,-23.4,-46.4,18.0,0.2,81.0,17.45,19.6,5
2025-09-02,-23.4,-46.4,18.7,0.4,77.0,18.96,14.7,5
2025-09-03,-23.4,-46.4,18.6,0.0,71.0,21.43,11.2,5
2025-09-04,-23.4,-46.4,19.0,0.0,60.0,19.36,9.8,5
2025-09-05,-23.4,-46.4,18.9,0.0,68.0,18.21,15.2,5
2025-09-06,-23.4,-46.4,15.8,0.7,84.0,10.42,14.5,5
2025-09-07,-23.4,-46.4,16.7,0.3,85.0,11.26,16.6,5
2025-09-08,-23.4,-46.4,20.0,0.0,77.0,17.83,13.1,5
2025-09-09,-23.4,-46.4,21.4,0.1,55.0,13.54,28.5,5
2025-09-10,-23.4,-46.4,17.6,0.0,73.0,23.18,12.8,5
2025-09-11,-23.4,-46.4,18.4,0.0,69.0,23.91,9.8,5
2025-09-12,-23.4,-46.4,15.9,0.0,76.0,16.86,14.1,5
2025-09-13,-23.4,-46.4,15.1,0.4,82.0,14.6,16.2,5
2025-09-14,-23.4,-46.4,16.5,0.1,80.0,20.15,14.4,5
2025-09-15,-23.4,-46.4,18.3,0.0,79.0,21.77,12.1,5
2025-09-16,-23.4,-46.4,18.5,2.2,80.0,10.2,16.2,5
2025-09-17,-23.4,-46.4,17.3,0.3,79.0,20.06,16.9,5
2025-09-18,-23.4,-46.4,17.4,0.4,80.0,21.57,13.2,5
2025-09-19,-23.4,-46.4,20.4,0.0,72.0,18.51,14.9,5
2025-09-20,-23.4,-46.4,22.6,0.0,59.0,22.33,17.0,5
2025-09-21,-23.4,-46.4,24.1,0.4,57.0,19.23,24.5,5
2025-09-22,-23.4,-46.4,20.5,6.7,82.0,3.43,31.5,5
2025-09-23,-23.4,-46.4,15.7,3.2,84.0,13.13,13.9,5
2025-09-24,-23.4,-46.4,15.4,0.9,85.0,8.57,17.3,5
2025-09-25,-23.4,-46.4,14.1,1.4,85.0,7.97,19.1,5
2025-09-26,-23.4,-46.4,13.5,1.3,81.0,18.27,19.9,5
2025-09-27,-23.4,-46.4,15.0,0.0,75.0,24.5,16.4,5
2025-09-28,-23.4,-46.4,18.0,0.0,70.0,19.88,11.9,5
2025-09-29,-23.4,-46.4,20.4,0.0,68.0,24.91,12.7,5
2025-09-30,-23.4,-46.4,21.5,0.0,64.0,24.25,10.7,5
2025-10-01,-23.4,-46.4,19.9,0.0,76.0,16.83,12.5,5
2025-10-02,-23.4,-46.4,18.5,0.0,84.0,12.14,13.8,5
2025-10-03,-23.4,-46.4,19.8,11.8,83.0,16.91,13.2,5
2025-10-04,-23.4,-46.4,19.0,0.6,81.0,9.64,13.3,5
2025-10-05,-23.4,-46.4,22.8,0.0,57.0,25.92,12.0,5
2025-10-06,-23.4,-46.4,24.6,0.0,50.0,21.93,12.7,5
2025-10-07,-23.4,-46.4,18.6,0.6,82.0,11.39,19.6,5
2025-10-08,-23.4,-46.4,15.1,3.9,87.0,7.79,18.9,5
2025-10-09,-23.4,-46.4,15.6,3.0,84.0,10.79,23.9,5
2025-10-10,-23.4,-46.4,16.3,41.4,93.0,7.91,16.3,5
2025-10-11,-23.4,-46.4,18.3,1.7,85.0,17.36,9.4,5
2025-10-12,-23.4,-46.4,21.1,1.0,74.0,18.79,16.0,5
2025-10-13,-23.4,-46.4,20.0,5.7,82.0,9.58,22.8,5
2025-10-14,-23.4,-46.4,19.0,0.6,84.0,20.29,15.8,5
2025-10-15,-23.4,-46.4,17.8,0.1,84.0,18.7,13.4,5
2025-10-16,-23.4,-46.4,20.5,0.0,79.0,23.43,16.3,5
2025-10-17,-23.4,-46.4,22.2,4.7,75.0,22.98,12.1,5
2025-10-18,-23.4,-46.4,18.8,31.6,95.0,6.8,22.1,5
2025-10-19,-23.4,-46.4,13.3,3.0,87.0,13.37,22.0,5
2025-10-20,-23.4,-46.4,12.7,0.6,77.0,21.53,18.7,5
2025-10-21,-23.4,-46.4,13.4,0.0,75.0,28.05,19.3,5
2025-10-22,-23.4,-46.4,14.4,0.0,75.0,28.98,17.4,5
2025-10-23,-23.4,-46.4,15.4,0.0,75.0,29.71,15.7,5
2025-10-24,-23.4,-46.4,17.2,0.0,72.0,28.69,15.1,5
2025-10-25,-23.4,-46.4,19.6,0.0,66.0,27.11,12.5,5
2025-10-26,-23.4,-46.4,21.8,0.0,62.0,23.45,9.3,5
2025-10-27,-23.4,-46.4,18.6,1.2,84.0,6.26,8.9,5
2025-10-28,-23.4,-46.4,18.7,25.5,92.0,5.32,8.5,5
2025-10-29,-23.4,-46.4,20.2,11.0,87.0,15.31,23.4,5
2025-10-30,-23.4,-46.4,16.0,3.4,88.0,9.03,13.5,5
2025-10-31,-23.4,-46.4,16.8,16.7,92.0,9.34,12.0,5
2025-11-01,-23.4,-46.4,20.2,1.8,83.0,20.34,10.6,5
2025-11-02,-23.4,-46.4,17.9,23.7,97.0,5.1,21.8,5
2025-11-03,-23.4,-46.4,20.2,7.0,82.0,16.35,19.0,5
2025-11-04,-23.4,-46.4,20.8,5.0,85.0,18.54,13.2,5
2025-11-05,-23.4,-46.4,22.1,1.9,81.0,16.57,23.4,5
2025-11-06,-23.4,-46.4,17.3,3.0,83.0,12.64,15.3,5
2025-11-07,-23.4,-46.4,19.1,1.6,79.0,23.18,14.5,5
2025-11-08,-23.4,-46.4,20.1,9.5,85.0,11.63,29.5,5
2025-11-09,-23.4,-46.4,15.9,1.4,81.0,16.3,15.4,5
2025-11-10,-23.4,-46.4,15.4,0.0,77.0,26.98,16.8,5
2025-11-11,-23.4,-46.4,16.7,0.0,78.0,29.49,14.0,5
2025-11-12,-23.4,-46.4,19.9,0.0,74.0,29.16,12.4,5
2025-11-13,-23.4,-46.4,20.4,0.7,77.0,14.03,9.8,5
2025-11-14,-23.4,-46.4,18.0,6.7,86.0,15.84,11.6,5
2025-11-15,-23.4,-46.4,18.9,0.4,83.0,16.75,13.0,5
2025-11-16,-23.4,-46.4,20.0,13.7,88.0,10.69,14.3,5
2025-11-17,-23.4,-46.4,20.7,21.1,89.0,11.88,15.7,5
2025-11-18,-23.4,-46.4,20.3,6.8,84.0,11.75,27.5,5
2025-11-19,-23.4,-46.4,18.1,0.1,71.0,25.64,16.2,5
2025-11-20,-23.4,-46.4,16.8,0.1,78.0,26.95,17.2,5
2025-11-21,-23.4,-46.4,20.2,0.0,65.0,28.45,15.2,5
2025-11-22,-23.4,-46.4,21.5,1.7,72.0,20.8,9.5,5
2025-11-23,-23.4,-46.4,18.9,27.2,88.0,16.2,10.1,5
2025-11-24,-23.4,-46.4,17.8,26.9,92.0,10.94,10.1,5
2025-11-25,-23.4,-46.4,17.3,2.3,81.0,21.03,15.1,5
2025-11-26,-23.4,-46.4,17.0,0.0,75.0,30.31,14.7,5
2025-11-27,-23.4,-46.4,16.8,0.0,80.0,24.97,17.5,5
2025-11-28,-23.4,-46.4,20.4,0.5,77.0,25.09,14.5,5
2025-11-29,-23.4,-46.4,21.2,0.0,67.0,30.16,16.3,5
2025-11-30,-23.4,-46.4,22.4,0.0,64.0,28.89,9.5,5
2025-12-01,-23.4,-46.4,22.1,0.0,77.0,21.8,15.5,5
2025-12-02,-23.4,-46.4,21.3,33.1,85.0,14.7,15.6,5
2025-12-03,-23.4,-46.4,21.3,6.9,80.0,21.93,13.0,5
2025-12-04,-23.4,-46.4,19.1,1.4,84.0,20.56,16.3,5
2025-12-05,-23.4,-46.4,19.9,0.1,79.0,25.32,15.3,5
2025-12-06,-23.4,-46.4,21.9,0.5,76.0,25.53,11.1,5
2025-12-07,-23.4,-46.4,22.8,0.2,76.0,23.32,11.3,5
2025-12-08,-23.4,-46.4,21.1,20.0,87.0,14.01,16.6,5
2025-12-09,-23.4,-46.4,19.5,21.4,94.0,6.46,30.4,5
2025-12-10,-23.4,-46.4,22.4,2.8,71.0,24.0,41.5,5
2025-12-11,-23.4,-46.4,22.9,0.0,60.0,29.32,25.2,5
2025-12-12,-23.4,-46.4,21.5,1.4,73.0,16.3,19.4,5
2025-12-13,-23.4,-46.4,20.9,31.2,87.0,14.58,20.7,5
2025-12-14,-23.4,-46.4,21.5,6.8,85.0,12.07,19.9,5
2025-12-15,-23.4,-46.4,23.4,1.4,77.0,22.29,18.0,5
2025-12-16,-23.4,-46.4,22.8,4.9,84.0,19.48,18.6,5
2025-12-17,-23.4,-46.4,16.3,12.9,90.0,8.64,21.7,5
2025-12-18,-23.4,-46.4,18.2,0.0,82.0,12.93,14.1,5
2025-12-19,-23.4,-46.4,19.6,1.0,87.0,12.55,14.0,5
2025-12-20,-23.4,-46.4,20.8,0.9,83.0,23.01,13.2,5
2025-12-21,-23.4,-46.4,22.6,0.3,73.0,28.08,12.1,5
2025-12-22,-23.4,-46.4,23.9,0.0,68.0,28.26,12.2,5
2025-12-23,-23.4,-46.4,24.7,0.4,62.0,26.62,10.9,5
2025-12-24,-23.4,-46.4,25.0,0.4,64.0,26.97,10.1,5
2025-12-25,-23.4,-46.4,26.0,0.1,63.0,27.22,7.3,5
2025-12-26,-23.4,-46.4,25.8,6.6,69.0,23.72,12.4,5
2025-12-27,-23.4,-46.4,24.9,5.3,76.0,25.48,12.7,5
2025-12-28,-23.4,-46.4,25.8,12.5,69.0,27.27,7.6,5
2025-12-29,-23.4,-46.4,24.3,21.6,81.0,23.85,10.8,5
2025-12-30,-23.4,-46.4,24.3,9.8,79.0,25.35,10.0,5
2025-12-31,-23.4,-46.4,23.4,1.1,80.0,21.11,15.2,5
2026-01-01,-23.4,-46.4,23.5,0.7,78.0,20.8,20.3,5
2026-01-02,-23.4,-46.4,22.0,13.8,87.0,16.87,19.3,5
2026-01-03,-23.4,-46.4,23.1,1.6,79.0,22.01,17.2,5
2026-01-04,-23.4,-46.4,20.3,2.8,84.0,17.62,16.5,5
2026-01-05,-23.4,-46.4,18.4,1.5,82.0,13.45,18.1,5
2026-01-06,-23.4,-46.4,20.0,0.9,79.0,21.61,19.1,5
2026-01-07,-23.4,-46.4,21.0,9.7,83.0,22.15,13.7,5
2026-01-08,-23.4,-46.4,21.6,44.8,83.0,23.52,13.8,5
2026-01-09,-23.4,-46.4,23.5,1.0,78.0,24.52,10.9,5
2026-01-10,-23.4,-46.4,24.9,0.0,68.0,27.67,12.5,5
2026-01-11,-23.4,-46.4,24.8,0.2,67.0,28.0,15.4,5
2026-01-12,-23.4,-46.4,24.5,8.8,64.0,25.24,14.9,5
2026-01-13,-23.4,-46.4,21.7,3.0,80.0,18.01,12.4,5
2026-01-14,-23.4,-46.4,21.5,12.7,83.0,18.97,9.4,5
2026-01-15,-23.4,-46.4,21.1,26.0,87.0,16.87,15.0,5
2026-01-16,-23.4,-46.4,21.3,18.4,86.0,17.24,11.9,5
2026-01-17,-23.4,-46.4,21.1,23.0,87.0,18.57,11.9,5
2026-01-18,-23.4,-46.4,21.4,7.5,85.0,18.3,18.0,5
2026-01-19,-23.4,-46.4,19.8,21.7,90.0,11.58,24.7,5
2026-01-20,-23.4,-46.4,17.3,7.7,85.0,15.92,17.5,5
2026-01-21,-23.4,-46.4,16.6,12.4,86.0,11.82,15.9,5
2026-01-22,-23.4,-46.4,16.9,16.2,90.0,11.02,13.6,5
2026-01-23,-23.4,-46.4,18.4,5.3,88.0,19.66,13.8,5
2026-01-24,-23.4,-46.4,19.6,3.5,87.0,14.12,13.2,5
2026-01-25,-23.4,-46.4,20.0,7.5,88.0,17.55,9.5,5
2026-01-26,-23.4,-46.4,20.3,4.0,86.0,22.88,9.2,5
2026-01-27,-23.4,-46.4,21.1,1.3,84.0,21.73,11.3,5
2026-01-28,-23.4,-46.4,21.1,13.8,84.0,19.85,12.5,5
2026-01-29,-23.4,-46.4,20.9,10.4,86.0,22.34,13.5,5
2026-01-30,-23.4,-46.4,19.8,22.0,90.0,12.87,15.0,5
2026-01-31,-23.4,-46.4,21.2,1.2,81.0,19.54,19.5,5
2026-02-01,-23.4,-46.4,21.7,4.4,82.0,13.56,23.5,5
2026-02-02,-23.4,-46.4,20.8,9.0,91.0,13.41,14.5,5
2026-02-03,-23.4,-46.4,21.0,16.4,91.0,13.67,14.3,5
2026-02-04,-23.4,-46.4,21.7,17.3,88.0,15.53,20.1,5
2026-02-05,-23.4,-46.4,21.2,13.9,89.0,17.62,13.4,5
2026-02-06,-23.4,-46.4,21.6,16.9,88.0,18.6,9.3,5
2026-02-07,-23.4,-46.4,21.4,21.0,92.0,13.56,11.2,5
2026-02-08,-23.4,-46.4,20.4,27.0,90.0,16.3,13.5,5
2026-02-09,-23.4,-46.4,19.1,17.5,97.0,10.48,8.2,5
2026-02-10,-23.4,-46.4,20.1,14.3,91.0,14.21,17.0,5
2026-02-11,-23.4,-46.4,21.4,13.7,86.0,15.88,19.6,5
2026-02-12,-23.4,-46.4,23.0,0.8,80.0,19.93,14.1,5
2026-02-13,-23.4,-46.4,24.5,0.8,72.0,25.0,10.1,5
2026-02-14,-23.4,-46.4,22.8,0.5,81.0,17.96,11.7,5
2026-02-15,-23.4,-46.4,22.8,0.0,78.0,26.23,12.1,5
2026-02-16,-23.4,-46.4,23.7,0.2,75.0,26.34,8.8,5
2026-02-17,-23.4,-46.4,23.6,2.0,76.0,21.42,12.3,5
2026-02-18,-23.4,-46.4,22.3,10.1,84.0,19.64,10.8,5
2026-02-19,-23.4,-46.4,21.9,2.5,85.0,20.28,12.6,5
2026-02-20,-23.4,-46.4,23.1,0.0,80.0,22.92,14.2,5
2026-02-21,-23.4,-46.4,22.2,18.6,87.0,16.59,9.3,5
2026-02-22,-23.4,-46.4,20.9,10.2,90.0,16.91,14.3,5
2026-02-23,-23.4,-46.4,20.8,13.9,92.0,13.08,12.5,5
2026-02-24,-23.4,-46.4,21.5,8.9,89.0,14.29,8.9,5
2026-02-25,-23.4,-46.4,22.2,18.8,89.0,14.62,12.0,5
2026-02-26,-23.4,-46.4,20.5,30.3,95.0,10.21,19.2,5
2026-02-27,-23.4,-46.4,19.5,1.7,86.0,12.81,17.2,5
2026-02-28,-23.4,-46.4,18.1,0.8,84.0,20.74,14.1,5
2026-03-01,-23.4,-46.4,17.9,0.7,81.0,21.61,14.3,5
2026-03-02,-23.4,-46.4,17.7,0.0,83.0,20.99,13.1,5
2026-03-03,-23.4,-46.4,18.7,0.7,85.0,19.81,12.2,5
2026-03-04,-23.4,-46.4,19.7,0.1,82.0,22.73,14.6,5
2026-03-05,-23.4,-46.4,21.1,1.0,82.0,20.69,11.6,5
2026-03-06,-23.4,-46.4,21.3,6.1,90.0,13.49,9.1,5
2026-03-07,-23.4,-46.4,21.1,15.3,92.0,14.63,18.9,5
2026-03-08,-23.4,-46.4,20.9,27.5,86.0,18.57,13.9,5
2026-03-09,-23.4,-46.4,19.1,19.0,96.0,6.46,12.8,5
2026-03-10,-23.4,-46.4,18.6,22.0,99.0,7.29,9.6,5
2026-03-11,-23.4,-46.4,19.0,22.9,99.0,7.16,11.9,5
2026-03-12,-23.4,-46.4,19.1,24.0,96.0,6.96,18.0,5
2026-03-13,-23.4,-46.4,19.3,2.7,90.0,11.07,9.4,5
2026-03-14,-23.4,-46.4,20.2,0.0,80.0,24.85,10.3,5
2026-03-15,-23.4,-46.4,21.7,0.8,77.0,21.38,10.2,5
2026-03-16,-23.4,-46.4,22.5,0.0,70.0,25.37,12.5,5
2026-03-17,-23.4,-46.4,21.9,0.1,78.0,21.83,9.8,5
2026-03-18,-23.4,-46.4,21.7,1.4,84.0,18.29,10.9,5
2026-03-19,-23.4,-46.4,20.4,19.4,94.0,9.13,9.7,5
2026-03-20,-23.4,-46.4,20.4,1.0,85.0,17.46,13.2,5
2026-03-21,-23.4,-46.4,21.7,0.1,81.0,22.43,14.3,5
2026-03-22,-23.4,-46.4,21.5,0.0,73.0,20.02,11.3,5
2026-03-23,-23.4,-46.4,20.6,0.0,78.0,24.45,13.2,5
2026-03-24,-23.4,-46.4,21.1,0.0,79.0,24.06,11.3,5
2026-03-25,-23.4,-46.4,21.8,1.0,78.0,18.97,9.5,5
2026-03-26,-23.4,-46.4,21.6,7.5,86.0,18.88,8.3,5
2026-03-27,-23.4,-46.4,21.9,0.0,79.0,23.34,10.9,5
2026-03-28,-23.4,-46.4,21.2,0.0,80.0,23.31,10.1,5
2026-03-29,-23.4,-46.4,21.5,0.0,79.0,22.41,10.3,5
2026-03-30,-23.4,-46.4,20.3,0.2,80.0,18.37,12.0,5
2026-03-31,-23.4,-46.4,18.9,23.9,91.0,11.26,11.2,5
2026-04-01,-23.4,-46.4,19.4,4.9,89.0,17.02,10.6,5
2026-04-02,-23.4,-46.4,20.7,5.8,86.0,17.14,16.5,5
2026-04-03,-23.4,-46.4,21.1,6.7,84.0,19.5,13.9,5
2026-04-04,-23.4,-46.4,21.3,9.6,85.0,18.91,8.7,5
2026-04-05,-23.4,-46.4,21.1,0.7,84.0,17.93,13.0,5
2026-04-06,-23.4,-46.4,21.3,0.6,85.0,18.38,11.8,5
2026-04-07,-23.4,-46.4,21.0,10.2,89.0,13.61,11.7,5
2026-04-08,-23.4,-46.4,21.4,6.7,82.0,12.19,20.2,5
2026-04-09,-23.4,-46.4,20.4,4.6,87.0,13.82,16.0,5
2026-04-10,-23.4,-46.4,17.8,1.1,86.0,7.24,11.5,5
2026-04-11,-23.4,-46.4,17.7,0.0,83.0,20.66,15.4,5
2026-04-12,-23.4,-46.4,18.7,0.0,81.0,20.33,10.6,5
2026-04-13,-23.4,-46.4,19.7,0.2,82.0,17.62,9.3,5
2026-04-14,-23.4,-46.4,18.6,0.1,82.0,19.79,12.2,5
2026-04-15,-23.4,-46.4,18.4,0.0,79.0,21.22,10.4,5
2026-04-16,-23.4,-46.4,19.3,0.0,78.0,19.9,11.6,5
2026-04-17,-23.4,-46.4,20.1,0.0,71.0,19.7,9.9,5
2026-04-18,-23.4,-46.4,20.5,1.9,75.0,16.4,16.1,5
2026-04-19,-23.4,-46.4,19.6,0.0,80.0,20.82,12.9,5
2026-04-20,-23.4,-46.4,18.3,0.0,79.0,20.96,11.3,5
2026-04-21,-23.4,-46.4,17.7,0.0,81.0,20.48,10.5,5
2026-04-22,-23.4,-46.4,19.1,0.1,81.0,18.49,11.6,5
2026-04-23,-23.4,-46.4,18.8,0.0,84.0,17.41,12.2,5
2026-04-24,-23.4,-46.4,20.0,0.0,77.0,17.61,10.3,5
2026-04-25,-23.4,-46.4,20.9,0.0,69.0,17.53,17.5,5
2026-04-26,-23.4,-46.4,21.9,0.1,69.0,17.52,19.7,5
2026-04-27,-23.4,-46.4,21.6,9.3,77.0,10.41,18.4,5
2026-04-28,-23.4,-46.4,20.6,10.1,90.0,10.37,11.9,5
2026-04-29,-23.4,-46.4,20.7,6.9,89.0,11.08,10.8,5
2026-04-30,-23.4,-46.4,20.0,0.6,86.0,12.99,12.9,5
2026-05-01,-23.4,-46.4,20.5,0.6,85.0,14.2,10.9,5
2026-05-02,-23.4,-46.4,21.0,0.1,73.0,12.3,16.7,5
2026-05-03,-23.4,-46.4,16.8,1.6,86.0,9.02,16.6,5
2026-05-04,-23.4,-46.4,18.3,0.1,83.0,15.78,14.7,5
2026-05-05,-23.4,-46.4,20.5,0.1,78.0,15.74,8.3,5
2026-05-06,-23.4,-46.4,20.8,0.0,73.0,17.47,9.5,5
2026-05-07,-23.4,-46.4,20.8,0.0,68.0,17.35,16.0,5
2026-05-08,-23.4,-46.4,22.2,0.0,63.0,12.1,22.9,5
2026-05-09,-23.4,-46.4,22.1,0.7,67.0,8.81,22.7,5
2026-05-10,-23.4,-46.4,15.0,10.8,95.0,2.46,10.1,5
2026-05-11,-23.4,-46.4,12.7,0.0,77.0,14.87,11.3,5
2026-05-12,-23.4,-46.4,12.5,0.0,82.0,17.73,11.8,5
2026-05-13,-23.4,-46.4,15.9,0.0,73.0,16.19,9.6,5
2026-05-14,-23.4,-46.4,17.3,0.0,76.0,13.19,12.7,5
2026-05-15,-23.4,-46.4,15.8,8.0,97.0,5.3,6.9,5
2026-05-16,-23.4,-46.4,18.2,15.4,85.0,13.52,11.4,5
2026-05-17,-23.4,-46.4,18.0,16.4,94.0,4.23,13.3,5
2026-05-18,-23.4,-46.4,17.6,0.5,89.0,6.29,13.6,5
2026-05-19,-23.4,-46.4,16.6,1.6,92.0,4.24,9.7,5
2026-05-20,-23.4,-46.4,16.7,2.2,90.0,9.72,9.2,5
2026-05-21,-23.4,-46.4,15.1,1.3,89.0,6.67,13.6,5
2026-05-22,-23.4,-46.4,14.2,1.3,92.0,5.99,11.8,5
2026-05-23,-23.4,-46.4,16.2,25.1,95.0,4.77,10.5,5
2026-05-24,-23.4,-46.4,17.8,14.6,92.0,9.14,12.1,5
2026-05-25,-23.4,-46.4,17.1,5.4,93.0,9.57,8.4,5
2026-05-26,-23.4,-46.4,18.8,4.1,87.0,13.84,11.5,5
2026-05-27,-23.4,-46.4,16.9,2.3,90.0,7.04,10.7,5
2026-05-28,-23.4,-46.4,14.7,0.0,84.0,14.99,10.2,5
2026-05-29,-23.4,-46.4,14.8,0.2,88.0,10.6,11.2,5
2026-05-30,-23.4,-46.4,17.0,0.7,85.0,12.02,9.1,5
2026-05-31,-23.4,-46.4,15.9,0.2,87.0,12.65,8.0,5
2026-06-01,-23.4,-46.4,14.7,0.0,87.0,11.77,12.6,5
2026-06-02,-23.4,-46.4,14.1,0.1,86.0,9.89,12.8,5
2026-06-03,-23.4,-46.4,15.3,0.0,88.0,12.85,12.3,5
2026-06-04,-23.4,-46.4,15.6,0.0,86.0,10.9,13.2,5
2026-06-05,-23.4,-46.4,14.4,0.0,84.0,14.14,12.6,5
2026-06-06,-23.4,-46.4,14.5,0.0,78.0,15.04,10.6,5
2026-06-07,-23.4,-46.4,14.1,0.0,75.0,15.16,6.9,5
2026-06-08,-23.4,-46.4,14.6,0.0,70.0,15.12,13.5,5
2026-06-09,-23.4,-46.4,15.2,0.0,68.0,12.38,15.1,5
2026-06-10,-23.4,-46.4,15.9,2.1,75.0,11.86,9.1,5
2026-06-11,-23.4,-46.4,15.4,5.9,91.0,7.65,13.0,5
2026-06-12,-23.4,-46.4,16.0,3.6,88.0,4.7,23.8,5
2026-06-13,-23.4,-46.4,17.3,5.2,88.0,10.29,23.1,5
2026-06-14,-23.4,-46.4,18.0,1.9,87.0,8.35,18.1,5
2026-06-15,-23.4,-46.4,15.5,11.2,97.0,4.31,9.4,5
2026-06-16,-23.4,-46.4,14.9,1.9,92.0,10.97,9.4,5
2026-06-17,-23.4,-46.4,13.8,0.0,81.0,14.5,9.0,5
2026-06-18,-23.4,-46.4,11.5,0.0,83.0,14.83,11.0,5
2026-06-19,-23.4,-46.4,14.6,0.0,77.0,14.71,14.9,5
2026-06-20,-23.4,-46.4,17.1,4.7,77.0,4.91,20.2,5
2026-06-21,-23.4,-46.4,15.0,0.0,76.0,14.62,12.5,5
2026-06-22,-23.4,-46.4,16.8,0.0,63.0,14.71,17.6,5
2026-06-23,-23.4,-46.4,17.1,23.9,82.0,2.54,17.5,5
2026-06-24,-23.4,-46.4,12.7,18.3,97.0,1.4,7.8,5
2026-06-25,-23.4,-46.4,11.8,7.0,96.0,3.25,11.5,5
2026-06-26,-23.4,-46.4,14.8,1.4,94.0,10.99,10.8,5
2026-06-27,-23.4,-46.4,17.2,0.1,89.0,13.7,9.2,5
2026-06-28,-23.4,-46.4,17.9,0.0,81.0,14.27,13.0,5
2026-06-29,-23.4,-46.4,18.8,0.3,77.0,13.89,11.7,5
2026-06-30,-23.4,-46.4,18.6,0.0,76.0,14.31,13.2,5
2026-07-01,-23.4,-46.4,19.1,0.0,71.0,14.29,14.3,5
2026-07-02,-23.4,-46.4,17.6,0.0,75.0,14.4,11.8,5
2026-07-03,-23.4,-46.4,17.0,0.0,78.0,11.4,10.5,5
2026-07-04,-23.4,-46.4,15.2,0.4,90.0,9.53,9.9,5
2026-07-05,-23.4,-46.4,14.6,0.0,87.0,10.68,10.3,5
2026-07-06,-23.4,-46.4,16.0,0.0,78.0,13.42,15.3,5
2026-07-07,-23.4,-46.4,14.8,2.5,85.0,7.66,16.3,5
2026-07-08,-23.4,-46.4,14.8,0.0,81.0,12.89,5.8,5
2026-07-09,-23.4,-46.4,14.4,0.0,84.0,15.13,7.0,5
2026-07-10,-23.4,-46.4,16.0,0.0,70.0,14.99,14.3,5
2026-07-11,-23.4,-46.4,17.7,0.2,65.0,14.76,18.3,5
2026-07-12,-23.4,-46.4,15.9,7.8,88.0,7.98,24.4,5
2026-07-13,-23.4,-46.4,12.1,0.0,80.0,10.5,12.9,5
2026-07-14,-23.4,-46.4,11.1,0.0,86.0,12.51,13.1,5
2026-07-15,-23.4,-46.4,13.0,0.0,80.0,15.7,11.9,5
2026-07-16,-23.4,-46.4,14.5,0.0,70.0,15.84,10.1,5
2026-07-17,-23.4,-46.4,15.3,0.0,60.0,16.14,15.5,5
2026-07-18,-23.4,-46.4,16.2,0.0,60.0,16.16,18.5,5
