data,latitude,longitude,temperatura_c,precipitacao_mm,umidade_pct,radiacao_mj_m2,vento_kmh,std_temperatura_c,std_precipitacao_mm,std_umidade_pct,std_radiacao_mj_m2,std_vento_kmh
2026-07-19,-23.8,-46.8,18.87,0.939,72.286,14.979,16.115,2.396,3.029,7.618,3.901,3.043
2026-07-19,-23.8,-46.7,18.888,0.869,72.283,14.975,16.258,2.414,2.85,7.58,3.9,3.011
2026-07-19,-23.8,-46.6,18.81,0.85,72.68,15.291,16.034,2.43,2.766,8.032,4.058,3.144
2026-07-19,-23.8,-46.5,18.809,0.85,72.654,15.291,16.028,2.431,2.766,8.017,4.058,3.146
2026-07-19,-23.7,-46.8,18.97,0.906,71.448,14.995,15.976,2.505,2.985,8.275,3.939,3.117
2026-07-19,-23.7,-46.5,18.83,0.847,72.562,15.25,16.051,2.405,2.766,7.959,4.053,3.008
2026-07-19,-23.7,-46.4,18.813,0.848,72.655,15.261,16.102,2.389,2.766,7.843,4.037,3.13
2026-07-19,-23.6,-46.8,19.199,0.958,70.392,14.956,15.516,2.67,3.027,9.204,3.937,3.067
2026-07-19,-23.6,-46.4,19.145,0.341,69.489,16.016,15.302,2.435,1.69,8.242,2.662,2.865
2026-07-19,-23.6,-46.3,18.936,0.634,70.788,15.595,15.566,2.361,2.51,7.969,3.337,2.99
2026-07-19,-23.5,-46.8,19.127,1.027,70.614,14.983,15.688,2.633,3.185,9.19,3.937,3.101
2026-07-19,-23.5,-46.7,19.352,0.977,69.73,14.973,15.46,2.67,3.038,9.447,3.916,3.177
2026-07-19,-23.5,-46.6,19.297,0.974,69.69,14.966,15.334,2.665,3.038,9.582,3.915,3.072
2026-07-19,-23.5,-46.4,19.542,0.262,67.471,16.134,14.976,2.587,1.461,9.474,2.454,2.588
2026-07-19,-23.5,-46.3,19.602,0.147,67.257,16.349,14.95,2.512,0.905,8.981,2.027,2.605
2026-07-19,-23.4,-46.8,18.81,1.023,71.834,14.852,15.934,2.435,3.185,8.072,3.967,3.14
2026-07-19,-23.4,-46.7,18.857,0.938,71.56,14.786,16.024,2.499,3.006,8.085,3.973,3.175
2026-07-19,-23.4,-46.6,18.861,0.98,71.603,14.832,16.063,2.434,3.156,8.046,3.965,3.185
2026-07-19,-23.4,-46.5,18.864,0.91,71.733,14.91,16.109,2.392,3.037,7.841,3.874,3.121
2026-07-19,-23.4,-46.4,18.887,0.994,71.465,14.929,15.866,2.433,3.166,8.299,3.95,3.118
2026-07-20,-23.8,-46.8,18.503,1.909,75.142,15.164,15.121,2.502,3.606,11.357,4.068,2.656
2026-07-20,-23.8,-46.7,18.209,2.499,76.428,14.556,15.209,2.594,4.137,11.911,4.362,2.575
2026-07-20,-23.8,-46.6,17.76,3.428,78.807,14.136,14.797,2.608,5.1,11.714,4.697,2.564
2026-07-20,-23.8,-46.5,17.724,3.374,78.547,14.193,14.738,2.585,5.118,11.861,4.869,2.478
2026-07-20,-23.7,-46.8,19.5,1.032,70.537,16.129,14.92,2.459,2.943,10.545,3.382,3.305
2026-07-20,-23.7,-46.5,17.723,2.96,78.507,14.467,14.731,2.53,4.621,11.284,4.653,2.289
2026-07-20,-23.7,-46.4,17.667,3.036,78.519,14.407,14.888,2.507,4.742,11.219,4.743,2.528
2026-07-20,-23.6,-46.8,20.019,0.575,68.224,16.453,14.736,2.421,1.818,9.898,3.366,3.621
2026-07-20,-23.6,-46.4,19.35,0.167,68.378,16.176,15.409,2.353,0.591,8.663,2.06,2.79
2026-07-20,-23.6,-46.3,18.846,0.978,72.046,15.848,15.17,2.375,2.652,9.531,3.268,2.547
2026-07-20,-23.5,-46.8,19.713,0.755,69.446,16.174,14.765,2.336,2.118,10.005,3.353,3.351
2026-07-20,-23.5,-46.7,20.102,0.561,67.931,16.521,14.517,2.345,1.775,9.697,3.327,3.423
2026-07-20,-23.5,-46.6,20.079,0.615,67.724,16.42,14.415,2.357,1.884,10.042,3.388,3.269
2026-07-20,-23.5,-46.4,20.042,0.148,65.602,16.263,15.113,2.413,0.586,9.449,2.133,2.885
2026-07-20,-23.5,-46.3,19.864,0.106,66.199,16.41,15.284,2.375,0.519,8.784,1.909,2.84
2026-07-20,-23.4,-46.8,18.624,2.227,74.557,15.058,14.957,2.524,4.276,11.161,4.168,2.728
2026-07-20,-23.4,-46.7,18.552,2.22,74.753,14.835,15.064,2.472,4.047,11.23,4.315,2.868
2026-07-20,-23.4,-46.6,18.564,2.161,74.689,14.905,14.969,2.443,3.981,11.076,4.324,2.783
2026-07-20,-23.4,-46.5,18.938,1.474,73.152,15.825,15.006,2.343,3.506,9.994,3.769,2.941
2026-07-20,-23.4,-46.4,19.158,1.052,71.519,16.18,14.83,2.301,3.077,9.63,3.547,2.974
2026-07-21,-23.8,-46.8,17.944,2.313,77.758,15.012,14.351,2.302,3.97,10.446,4.027,2.166
2026-07-21,-23.8,-46.7,17.567,2.852,79.333,14.285,14.546,2.389,4.227,11.153,4.14,2.139
2026-07-21,-23.8,-46.6,16.839,3.01,81.971,14.302,14.125,2.668,4.271,10.342,4.178,2.767
2026-07-21,-23.8,-46.5,16.836,2.984,82.002,14.315,14.119,2.671,4.228,10.407,4.182,2.755
2026-07-21,-23.7,-46.8,19.959,1.112,68.699,16.321,14.541,2.461,3.298,11.299,3.383,3.056
2026-07-21,-23.7,-46.5,16.864,2.619,81.773,14.453,14.02,2.594,3.887,9.794,4.08,2.558
2026-07-21,-23.7,-46.4,16.807,2.848,82.248,14.326,14.197,2.572,4.192,9.684,4.188,2.746
2026-07-21,-23.6,-46.8,21.065,0.205,62.579,16.813,14.329,2.133,0.87,9.346,2.516,3.121
2026-07-21,-23.6,-46.4,19.746,0.117,66.41,16.247,15.239,2.356,0.431,9.387,2.026,2.599
2026-07-21,-23.6,-46.3,18.568,2.196,74.86,15.127,14.655,2.504,4.335,11.762,4.19,2.269
2026-07-21,-23.5,-46.8,20.66,0.94,65.678,16.39,14.273,2.221,3.055,11.152,3.441,2.783
2026-07-21,-23.5,-46.7,21.016,0.355,62.636,16.81,14.169,2.186,1.595,9.657,2.962,2.821
2026-07-21,-23.5,-46.6,21.097,0.234,62.063,16.865,14.01,2.124,1.027,9.179,2.752,2.933
2026-07-21,-23.5,-46.4,21.342,0.11,59.014,16.549,14.917,1.995,0.652,9.532,2.02,2.579
2026-07-21,-23.5,-46.3,20.556,0.134,62.653,16.314,14.957,2.367,0.687,10.074,1.907,2.251
2026-07-21,-23.4,-46.8,18.34,2.399,76.155,15.177,14.151,2.346,4.628,10.198,4.056,2.218
2026-07-21,-23.4,-46.7,18.135,2.547,77.037,14.846,14.462,2.272,4.603,9.835,4.163,2.442
2026-07-21,-23.4,-46.6,18.153,2.355,76.844,14.937,14.339,2.277,4.362,9.888,4.238,2.463
2026-07-21,-23.4,-46.5,18.324,1.982,75.746,15.672,14.172,2.295,4.183,9.784,4.26,2.166
2026-07-21,-23.4,-46.4,18.989,1.757,72.999,15.809,14.633,2.334,4.198,10.617,3.928,2.694
2026-07-22,-23.8,-46.8,18.198,2.363,76.923,14.9,14.171,2.601,3.834,12.067,4.03,2.09
2026-07-22,-23.8,-46.7,17.441,2.647,80.055,14.257,13.801,2.674,3.794,10.867,4.002,2.61
2026-07-22,-23.8,-46.6,16.253,2.055,84.158,14.089,13.553,2.438,2.715,5.782,3.224,2.948
2026-07-22,-23.8,-46.5,16.258,2.055,84.167,14.089,13.56,2.431,2.715,5.772,3.224,2.942
2026-07-22,-23.7,-46.8,20.884,0.835,63.381,16.433,14.839,2.204,3.019,12.385,3.255,3.188
2026-07-22,-23.7,-46.5,16.602,2.026,83.509,13.909,13.634,2.059,2.745,6.146,3.432,2.935
2026-07-22,-23.7,-46.4,16.32,1.981,84.185,13.581,13.923,2.083,2.612,5.857,3.592,2.929
2026-07-22,-23.6,-46.8,21.592,0.24,58.351,17.041,14.911,2.122,1.194,10.723,2.28,2.999
2026-07-22,-23.6,-46.4,20.967,0.274,60.322,16.095,15.153,2.347,1.35,11.357,2.119,2.391
2026-07-22,-23.6,-46.3,18.906,1.873,74.174,15.42,14.259,2.535,3.675,12.519,3.924,2.43
2026-07-22,-23.5,-46.8,21.214,0.864,61.788,16.626,14.603,2.09,2.865,12.841,3.291,2.763
2026-07-22,-23.5,-46.7,21.577,0.233,58.131,17.123,14.628,2.122,1.202,10.57,2.357,2.651
2026-07-22,-23.5,-46.6,21.647,0.185,57.466,17.097,14.674,2.149,1.092,10.413,2.296,2.86
2026-07-22,-23.5,-46.4,21.601,0.284,58.425,16.979,14.655,2.218,1.394,10.751,2.288,2.526
2026-07-22,-23.5,-46.3,20.944,0.273,60.266,16.366,14.923,2.403,1.381,11.503,2.249,2.435
2026-07-22,-23.4,-46.8,18.951,2.325,73.387,15.154,14.161,2.652,4.322,13.062,4.008,2.368
2026-07-22,-23.4,-46.7,18.011,2.447,77.004,14.601,14.318,2.354,4.213,10.257,4.069,2.254
2026-07-22,-23.4,-46.6,18.003,2.431,77.149,14.549,14.278,2.354,4.201,10.207,4.195,2.259
2026-07-22,-23.4,-46.5,18.378,1.963,75.605,15.393,13.991,2.448,3.691,10.747,4.12,2.153
2026-07-22,-23.4,-46.4,19.475,1.892,71.334,15.697,14.154,2.483,3.961,13.192,4.153,2.528
2026-07-23,-23.8,-46.8,18.329,2.625,76.298,14.826,14.169,2.818,4.094,13.703,4.311,2.19
2026-07-23,-23.8,-46.7,17.08,2.482,82.162,13.966,13.483,2.433,3.443,8.427,3.66,2.726
2026-07-23,-23.8,-46.6,16.832,2.034,82.975,13.219,14.453,2.015,3.27,6.464,3.695,3.31
2026-07-23,-23.8,-46.5,16.852,1.847,82.946,13.234,14.387,2.017,2.732,6.451,3.702,3.286
2026-07-23,-23.7,-46.8,20.721,2.172,65.28,15.697,14.63,2.763,4.655,15.564,4.498,2.699
2026-07-23,-23.7,-46.5,17.076,1.928,82.545,13.501,14.176,1.923,2.794,6.628,3.649,3.252
2026-07-23,-23.7,-46.4,16.942,1.988,83.339,13.598,14.52,1.995,3.17,6.308,3.505,3.247
2026-07-23,-23.6,-46.8,22.012,0.423,57.183,17.273,14.833,2.254,1.944,11.728,2.48,2.971
2026-07-23,-23.6,-46.4,21.278,0.324,60.278,16.821,14.733,2.287,1.437,11.293,2.496,2.648
2026-07-23,-23.6,-46.3,19.055,1.996,73.475,15.497,14.281,2.652,3.8,13.513,4.022,2.58
2026-07-23,-23.5,-46.8,20.845,1.895,64.405,15.84,14.626,2.714,4.289,15.382,4.336,2.876
2026-07-23,-23.5,-46.7,22.195,0.209,55.778,17.393,14.895,2.12,1.277,10.634,2.203,3.23
2026-07-23,-23.5,-46.6,22.202,0.208,55.732,17.428,14.578,2.259,1.458,11.3,2.222,2.917
2026-07-23,-23.5,-46.4,21.97,0.296,57.441,17.4,14.594,2.235,1.516,11.369,2.336,2.723
2026-07-23,-23.5,-46.3,21.357,0.344,59.798,16.91,14.776,2.369,1.487,11.442,2.501,2.678
2026-07-23,-23.4,-46.8,19.501,2.46,72.179,15.233,14.137,2.606,4.642,13.511,4.116,2.611
2026-07-23,-23.4,-46.7,18.648,2.492,75.253,14.959,14.06,2.6,4.206,11.73,4.376,2.313
2026-07-23,-23.4,-46.6,18.646,2.469,75.431,15.01,13.994,2.552,4.201,11.459,4.465,2.333
2026-07-23,-23.4,-46.5,18.737,2.273,74.35,15.141,14.031,2.65,4.129,12.951,4.277,2.431
2026-07-23,-23.4,-46.4,20.036,1.981,68.227,15.646,14.403,2.609,4.373,14.706,4.24,2.517
2026-07-24,-23.8,-46.8,18.616,2.921,76.108,14.843,13.775,2.959,4.485,13.291,4.388,2.219
2026-07-24,-23.8,-46.7,17.044,2.559,82.473,13.95,13.549,2.203,4.222,6.06,3.363,3.187
2026-07-24,-23.8,-46.6,16.843,1.702,82.869,14.772,13.626,2.292,2.743,5.109,3.866,3.45
2026-07-24,-23.8,-46.5,16.906,1.661,82.834,14.868,13.48,2.341,2.732,5.019,3.804,3.411
2026-07-24,-23.7,-46.8,20.817,1.874,63.746,15.628,14.852,2.627,4.262,15.893,4.096,2.778
2026-07-24,-23.7,-46.5,17.375,2.082,82.711,14.491,13.643,2.024,3.523,5.612,3.315,3.173
2026-07-24,-23.7,-46.4,17.088,2.062,82.88,14.065,13.995,2.13,3.565,5.693,3.734,3.264
2026-07-24,-23.6,-46.8,21.907,0.537,57.755,17.134,14.786,2.503,2.073,13.228,2.787,2.964
2026-07-24,-23.6,-46.4,21.436,0.583,59.599,16.944,14.688,2.565,2.516,12.794,2.935,2.597
2026-07-24,-23.6,-46.3,19.405,2.358,72.669,15.286,14.302,2.784,4.205,14.591,4.408,2.828
2026-07-24,-23.5,-46.8,20.865,1.839,64.054,15.862,14.566,2.687,4.213,15.478,4.092,2.851
2026-07-24,-23.5,-46.7,22.124,0.29,56.253,17.001,15.29,2.442,1.544,12.527,2.622,3.462
2026-07-24,-23.5,-46.6,22.374,0.299,55.043,17.13,15.407,2.342,1.557,12.267,2.592,3.583
2026-07-24,-23.5,-46.4,22.074,0.488,56.57,16.977,15.228,2.391,2.028,12.405,2.778,3.501
2026-07-24,-23.5,-46.3,21.518,0.489,59.081,16.937,14.925,2.548,2.377,12.805,2.735,2.872
2026-07-24,-23.4,-46.8,19.87,2.242,70.886,15.451,13.908,2.658,4.241,13.268,4.293,2.5
2026-07-24,-23.4,-46.7,18.832,2.64,75.124,15.1,13.725,2.615,4.586,11.591,4.44,2.367
2026-07-24,-23.4,-46.6,18.79,2.677,75.288,15.013,13.682,2.611,4.617,11.656,4.576,2.404
2026-07-24,-23.4,-46.5,19.137,2.42,72.987,15.133,13.926,2.705,4.387,13.834,4.396,2.397
2026-07-24,-23.4,-46.4,20.397,1.892,65.503,15.584,14.775,2.601,4.486,15.08,4.345,2.871
2026-07-25,-23.8,-46.8,18.862,2.535,74.965,15.275,13.681,2.888,4.176,12.986,4.304,2.424
2026-07-25,-23.8,-46.7,16.766,1.161,81.99,15.913,12.767,2.565,1.919,4.937,2.568,3.12
2026-07-25,-23.8,-46.6,17.028,0.926,81.513,16.167,13.036,2.503,1.852,5.672,2.933,3.541
2026-07-25,-23.8,-46.5,17.096,0.976,81.499,16.081,13.058,2.48,1.93,5.648,2.991,3.514
2026-07-25,-23.7,-46.8,20.932,1.84,63.682,15.953,14.895,2.663,4.209,15.797,4.164,3.034
2026-07-25,-23.7,-46.5,18.143,1.04,80.462,15.888,13.23,2.379,2.003,5.464,3.151,3.406
2026-07-25,-23.7,-46.4,17.515,1.047,81.36,15.918,13.219,2.484,1.989,5.699,3.126,3.392
2026-07-25,-23.6,-46.8,21.719,0.652,58.509,16.968,14.731,2.596,2.349,13.432,3.254,3.081
2026-07-25,-23.6,-46.4,21.089,1.071,61.714,16.375,14.793,2.798,3.2,14.816,3.95,2.869
2026-07-25,-23.6,-46.3,19.717,2.173,71.482,15.494,14.25,2.642,4.051,14.32,4.342,2.939
2026-07-25,-23.5,-46.8,20.874,1.709,63.776,16.034,14.553,2.696,4.062,15.269,4.075,2.953
2026-07-25,-23.5,-46.7,21.995,0.329,56.745,17.163,14.787,2.524,1.672,12.488,2.828,3.084
2026-07-25,-23.5,-46.6,22.07,0.33,56.223,17.043,14.82,2.568,1.671,12.802,2.834,3.032
2026-07-25,-23.5,-46.4,21.674,0.671,58.717,16.872,14.647,2.717,2.35,14.003,3.277,2.93
2026-07-25,-23.5,-46.3,21.566,0.687,59.127,16.877,14.857,2.553,2.694,13.301,3.152,3.012
2026-07-25,-23.4,-46.8,20.221,1.908,68.585,15.919,13.99,2.658,4.256,13.478,4.138,2.638
2026-07-25,-23.4,-46.7,19.123,2.24,73.872,15.724,13.517,2.714,4.143,11.934,4.355,2.453
2026-07-25,-23.4,-46.6,19.079,2.383,74.233,15.574,13.452,2.737,4.335,11.996,4.493,2.37
2026-07-25,-23.4,-46.5,19.69,2.222,71.282,15.463,14.086,2.616,4.174,13.758,4.348,2.809
2026-07-25,-23.4,-46.4,20.708,1.859,64.644,15.907,14.501,2.647,4.416,15.316,4.316,2.552
2026-07-26,-23.8,-46.8,19.268,2.188,73.353,15.822,13.473,2.889,4.1,12.781,4.091,2.23
2026-07-26,-23.8,-46.7,17.179,1.204,81.745,15.749,12.779,2.263,2.321,4.936,3.391,2.957
2026-07-26,-23.8,-46.6,17.232,1.09,81.642,15.87,13.012,2.302,2.164,5.188,3.381,3.265
2026-07-26,-23.8,-46.5,17.291,1.13,81.399,15.759,12.94,2.332,2.212,5.32,3.453,3.342
2026-07-26,-23.7,-46.8,21.06,1.577,62.898,16.199,14.666,2.624,3.821,15.266,4.102,2.864
2026-07-26,-23.7,-46.5,18.169,1.554,79.875,15.38,12.564,2.465,2.781,7.926,3.981,2.941
2026-07-26,-23.7,-46.4,17.987,1.168,80.649,15.78,12.512,2.336,2.264,5.077,3.481,3.308
2026-07-26,-23.6,-46.8,21.265,1.419,62.101,16.377,14.487,2.691,3.823,14.959,3.991,3.055
2026-07-26,-23.6,-46.4,20.362,1.959,66.031,15.607,14.655,2.994,4.365,16.184,4.499,2.815
2026-07-26,-23.6,-46.3,20.24,1.732,67.924,16.044,14.435,2.636,4.133,14.353,4.269,2.869
2026-07-26,-23.5,-46.8,21.168,1.477,62.495,16.367,14.535,2.487,3.827,14.675,3.983,2.979
2026-07-26,-23.5,-46.7,22.132,0.315,55.776,17.177,14.834,2.443,1.653,12.165,2.762,3.256
2026-07-26,-23.5,-46.6,22.205,0.326,55.38,17.059,14.922,2.465,1.652,12.239,2.751,3.297
2026-07-26,-23.5,-46.4,21.232,1.5,61.987,16.263,14.589,2.766,4.0,15.436,4.242,3.128
2026-07-26,-23.5,-46.3,21.004,1.718,63.264,16.024,14.52,2.891,4.215,15.726,4.397,2.879
2026-07-26,-23.4,-46.8,20.694,1.461,65.983,16.54,13.97,2.523,3.795,12.618,4.137,2.842
2026-07-26,-23.4,-46.7,19.861,1.759,71.465,16.397,13.488,2.536,3.823,11.193,4.089,2.841
2026-07-26,-23.4,-46.6,19.872,1.797,71.455,16.183,13.559,2.536,3.815,11.433,4.034,3.108
2026-07-26,-23.4,-46.5,20.307,1.646,68.169,16.166,14.074,2.603,3.906,13.133,4.396,2.899
2026-07-26,-23.4,-46.4,20.841,1.626,63.821,16.244,14.548,2.6,4.199,14.821,4.278,2.731
2026-07-27,-23.8,-46.8,20.352,1.168,69.21,16.93,13.403,2.471,3.047,11.046,3.586,2.952
2026-07-27,-23.8,-46.7,17.897,0.895,80.399,15.957,12.668,2.429,1.91,5.009,3.127,3.322
2026-07-27,-23.8,-46.6,17.784,1.157,80.901,15.792,12.627,2.405,2.232,5.172,3.493,3.41
2026-07-27,-23.8,-46.5,18.017,0.862,80.177,16.092,12.686,2.431,1.848,5.305,3.136,3.511
2026-07-27,-23.7,-46.8,20.876,1.479,63.809,16.198,14.457,2.687,3.561,14.988,4.267,2.724
2026-07-27,-23.7,-46.5,18.46,1.0,78.838,16.153,12.597,2.458,2.118,7.331,3.366,3.189
2026-07-27,-23.7,-46.4,18.352,0.769,79.804,16.191,12.317,2.457,1.671,5.138,3.105,3.435
2026-07-27,-23.6,-46.8,21.06,1.4,62.68,16.178,14.572,2.738,3.446,14.979,4.109,3.253
2026-07-27,-23.6,-46.4,20.3,1.624,65.575,15.854,14.434,2.772,3.752,15.188,4.262,2.524
2026-07-27,-23.6,-46.3,20.636,1.364,65.168,16.372,14.485,2.565,3.54,14.072,4.265,3.008
2026-07-27,-23.5,-46.8,21.064,1.225,62.684,16.447,14.425,2.558,3.27,14.345,4.064,3.039
2026-07-27,-23.5,-46.7,22.187,0.339,55.531,17.075,14.958,2.452,1.658,12.26,2.729,3.276
2026-07-27,-23.5,-46.6,22.27,0.336,55.145,17.064,14.918,2.462,1.658,12.338,2.704,3.247
2026-07-27,-23.5,-46.4,20.896,1.378,63.331,16.143,14.513,2.749,3.401,15.103,4.22,3.013
2026-07-27,-23.5,-46.3,20.733,1.441,64.076,16.105,14.53,2.765,3.457,15.244,4.24,2.928
2026-07-27,-23.4,-46.8,21.279,0.75,61.808,17.099,14.017,2.126,2.334,12.206,3.33,2.665
2026-07-27,-23.4,-46.7,20.704,0.839,66.19,17.217,13.7,2.223,2.465,10.651,3.439,3.074
2026-07-27,-23.4,-46.6,20.679,0.889,66.228,17.05,13.715,2.274,2.556,11.036,3.582,3.1
2026-07-27,-23.4,-46.5,20.942,0.857,63.509,16.951,14.305,2.251,2.655,12.232,3.754,3.131
2026-07-27,-23.4,-46.4,21.011,1.475,62.48,16.341,14.517,2.635,3.743,15.108,4.385,2.708
2026-07-28,-23.8,-46.8,20.975,0.717,64.789,17.05,13.997,2.276,2.192,11.061,3.454,3.172
2026-07-28,-23.8,-46.7,17.814,1.705,80.446,14.795,13.28,2.21,3.353,7.436,3.839,2.786
2026-07-28,-23.8,-46.6,17.436,2.192,82.273,13.856,13.426,1.99,3.905,5.835,3.984,3.281
2026-07-28,-23.8,-46.5,17.734,1.676,80.687,14.698,13.465,2.181,3.014,7.746,4.043,2.801
2026-07-28,-23.7,-46.8,20.993,1.357,63.281,16.349,14.457,2.629,3.36,14.788,4.12,2.883
2026-07-28,-23.7,-46.5,18.628,1.624,77.207,15.952,12.954,2.568,3.423,9.47,3.961,2.844
2026-07-28,-23.7,-46.4,18.007,1.618,80.07,15.126,13.132,2.326,3.303,7.589,3.831,2.995
2026-07-28,-23.6,-46.8,21.007,1.32,62.527,16.205,14.551,2.73,3.367,14.838,4.1,3.1
2026-07-28,-23.6,-46.4,20.475,1.499,64.59,16.125,14.379,2.712,3.679,14.98,4.455,2.642
2026-07-28,-23.6,-46.3,20.803,1.332,63.607,16.224,14.624,2.653,3.276,14.882,4.394,2.762
2026-07-28,-23.5,-46.8,21.001,1.176,62.773,16.385,14.486,2.682,2.937,14.68,4.189,3.052
2026-07-28,-23.5,-46.7,22.21,0.337,55.413,17.019,14.955,2.443,1.658,12.187,2.737,3.238
2026-07-28,-23.5,-46.6,22.254,0.337,55.198,17.058,14.901,2.468,1.658,12.382,2.7,3.252
2026-07-28,-23.5,-46.4,20.857,1.473,63.217,15.993,14.563,2.837,3.499,15.483,4.328,3.013
2026-07-28,-23.5,-46.3,20.53,1.522,64.465,15.973,14.334,2.726,3.635,15.142,4.328,2.56
2026-07-28,-23.4,-46.8,21.455,0.746,60.662,17.203,14.412,2.213,2.361,12.873,3.386,2.939
2026-07-28,-23.4,-46.7,21.152,0.748,62.337,17.269,14.017,2.161,2.444,11.91,3.395,2.606
2026-07-28,-23.4,-46.6,21.161,0.806,62.165,17.148,14.01,2.199,2.54,12.301,3.552,2.623
2026-07-28,-23.4,-46.5,21.21,0.877,62.264,17.111,14.041,2.307,2.619,13.065,3.772,2.72
2026-07-28,-23.4,-46.4,21.013,1.366,62.554,16.356,14.48,2.626,3.387,15.067,4.383,2.737
2026-07-29,-23.8,-46.8,21.35,0.686,62.22,17.173,14.427,2.174,2.17,12.243,3.458,3.136
2026-07-29,-23.8,-46.7,18.139,1.387,79.027,14.893,13.847,2.136,2.737,7.889,3.731,2.859
2026-07-29,-23.8,-46.6,17.693,1.657,81.389,14.72,14.007,2.252,3.296,5.907,3.301,3.387
2026-07-29,-23.8,-46.5,17.818,1.648,81.039,14.099,14.17,1.963,3.042,6.124,3.462,3.309
2026-07-29,-23.7,-46.8,20.956,1.341,63.293,16.325,14.439,2.634,3.381,14.758,4.201,2.879
2026-07-29,-23.7,-46.5,19.607,1.086,71.529,17.013,12.898,2.671,2.512,10.905,3.455,2.294
2026-07-29,-23.7,-46.4,18.007,1.587,79.808,15.097,13.371,2.239,3.243,7.782,3.863,2.888
2026-07-29,-23.6,-46.8,20.965,1.376,62.671,16.121,14.485,2.775,3.404,15.097,4.121,3.005
2026-07-29,-23.6,-46.4,20.614,1.388,63.948,16.257,14.266,2.618,3.538,14.639,4.298,2.614
2026-07-29,-23.6,-46.3,20.906,1.407,63.188,16.196,15.041,2.684,3.328,15.589,4.432,3.232
2026-07-29,-23.5,-46.8,20.983,1.176,62.766,16.313,14.485,2.68,2.937,14.764,4.19,2.891
2026-07-29,-23.5,-46.7,22.269,0.336,55.204,17.064,14.971,2.453,1.658,12.346,2.742,3.228
2026-07-29,-23.5,-46.6,22.257,0.337,55.203,17.074,14.921,2.471,1.658,12.381,2.721,3.246
2026-07-29,-23.5,-46.4,21.009,1.319,62.565,16.196,14.545,2.691,3.362,14.886,4.183,3.041
2026-07-29,-23.5,-46.3,20.641,1.378,63.864,16.201,14.194,2.611,3.524,14.69,4.259,2.56
2026-07-29,-23.4,-46.8,21.611,0.806,60.25,17.087,14.461,2.303,2.464,13.166,3.4,3.198
2026-07-29,-23.4,-46.7,21.343,0.746,61.187,17.13,14.304,2.142,2.374,12.767,3.461,2.865
2026-07-29,-23.4,-46.6,21.275,0.8,61.465,17.12,14.331,2.212,2.47,13.01,3.636,2.922
2026-07-29,-23.4,-46.5,21.243,0.95,61.642,16.85,14.431,2.316,2.703,13.699,3.764,2.917
2026-07-29,-23.4,-46.4,21.027,1.442,62.669,16.221,14.487,2.649,3.387,15.285,4.404,2.835
2026-07-30,-23.8,-46.8,21.309,0.835,62.272,16.874,14.679,2.299,2.284,13.288,3.482,3.407
2026-07-30,-23.8,-46.7,18.744,1.428,76.42,15.535,13.399,2.474,2.824,9.779,3.783,2.832
2026-07-30,-23.8,-46.6,17.918,1.83,80.976,14.234,14.047,2.011,3.707,6.177,3.6,3.446
2026-07-30,-23.8,-46.5,17.916,1.714,80.854,13.974,14.356,1.889,3.122,6.282,3.502,3.243
2026-07-30,-23.7,-46.8,21.051,1.312,62.724,16.336,14.406,2.595,3.358,14.731,4.214,2.899
2026-07-30,-23.7,-46.5,20.678,0.832,66.449,17.364,13.855,2.195,2.395,11.296,3.519,3.262
2026-07-30,-23.7,-46.4,17.901,1.538,80.077,14.859,13.388,2.171,2.837,7.82,3.792,2.744
2026-07-30,-23.6,-46.8,20.982,1.325,62.562,16.137,14.523,2.737,3.369,14.943,4.122,3.008
2026-07-30,-23.6,-46.4,20.588,1.397,63.829,16.221,14.317,2.671,3.567,14.975,4.364,2.629
2026-07-30,-23.6,-46.3,20.859,1.468,63.471,16.094,14.945,2.73,3.425,15.709,4.531,3.197
2026-07-30,-23.5,-46.8,21.037,1.175,62.524,16.302,14.489,2.684,2.937,14.82,4.191,2.883
2026-07-30,-23.5,-46.7,22.399,0.335,54.72,17.134,14.907,2.357,1.658,12.061,2.738,3.266
2026-07-30,-23.5,-46.6,22.384,0.334,54.682,17.113,14.908,2.377,1.658,12.103,2.751,3.263
2026-07-30,-23.5,-46.4,20.921,1.42,62.842,16.019,14.505,2.797,3.466,15.327,4.321,2.986
2026-07-30,-23.5,-46.3,20.64,1.396,63.51,16.183,14.286,2.666,3.567,14.992,4.314,2.619
2026-07-30,-23.4,-46.8,21.625,0.81,60.561,17.096,14.403,2.266,2.436,13.036,3.365,3.192
2026-07-30,-23.4,-46.7,21.209,0.801,62.093,16.964,14.519,2.421,2.417,13.352,3.494,3.145
2026-07-30,-23.4,-46.6,21.216,0.916,62.212,16.924,14.461,2.453,2.628,13.553,3.712,3.153
2026-07-30,-23.4,-46.5,21.027,0.934,62.931,16.769,14.414,2.483,2.577,13.904,3.719,3.032
2026-07-30,-23.4,-46.4,20.866,1.362,63.435,16.159,14.407,2.722,3.262,15.228,4.421,2.879
2026-07-31,-23.8,-46.8,21.1,0.894,63.425,16.853,14.568,2.417,2.322,13.446,3.426,2.99
2026-07-31,-23.8,-46.7,19.876,0.79,70.261,17.365,12.767,2.585,2.005,10.228,3.193,2.17
2026-07-31,-23.8,-46.6,17.903,1.748,80.88,13.934,14.308,1.885,3.152,6.438,3.481,3.276
2026-07-31,-23.8,-46.5,17.853,1.769,81.094,13.972,14.225,1.888,3.148,6.241,3.507,3.235
2026-07-31,-23.7,-46.8,21.029,1.312,62.952,16.346,14.527,2.65,3.358,14.722,4.213,3.01
2026-07-31,-23.7,-46.5,21.159,0.715,62.245,17.064,14.878,2.185,2.115,12.503,3.4,3.887
2026-07-31,-23.7,-46.4,17.952,1.37,79.823,14.884,13.667,2.18,2.4,7.866,3.674,2.653
2026-07-31,-23.6,-46.8,21.115,1.301,61.892,16.152,14.531,2.731,3.338,14.963,4.114,2.899
2026-07-31,-23.6,-46.4,20.654,1.316,63.61,16.217,14.272,2.67,3.249,14.968,4.355,2.622
2026-07-31,-23.6,-46.3,20.923,1.572,63.389,16.108,15.077,2.651,3.738,15.541,4.428,3.395
2026-07-31,-23.5,-46.8,21.045,1.174,62.491,16.306,14.553,2.678,2.937,14.791,4.188,3.068
2026-07-31,-23.5,-46.7,22.509,0.335,53.79,17.29,15.168,2.254,1.659,12.257,2.721,3.326
2026-07-31,-23.5,-46.6,22.533,0.484,53.9,17.201,15.172,2.245,2.192,12.411,2.818,3.315
2026-07-31,-23.5,-46.4,21.025,1.422,62.186,15.943,14.599,2.795,3.465,15.51,4.316,2.929
2026-07-31,-23.5,-46.3,20.647,1.289,63.529,16.217,14.299,2.663,3.188,14.971,4.35,2.624
2026-07-31,-23.4,-46.8,21.647,0.721,60.299,17.097,14.362,2.263,2.278,12.898,3.338,3.309
2026-07-31,-23.4,-46.7,21.124,0.883,62.588,16.844,14.44,2.369,2.51,13.202,3.4,3.039
2026-07-31,-23.4,-46.6,21.089,0.941,62.779,16.83,14.352,2.414,2.601,13.452,3.582,3.063
2026-07-31,-23.4,-46.5,20.981,0.899,62.973,16.782,14.406,2.466,2.495,13.693,3.685,2.941
2026-07-31,-23.4,-46.4,20.819,1.363,63.821,16.139,14.372,2.736,3.262,15.175,4.364,2.825
2026-08-01,-23.8,-46.8,21.109,0.882,63.102,16.804,14.628,2.375,2.297,13.372,3.384,3.154
2026-08-01,-23.8,-46.7,21.126,0.618,63.722,17.616,14.054,1.973,2.342,10.746,3.254,3.035
2026-08-01,-23.8,-46.6,17.939,1.72,80.772,14.095,14.298,1.923,3.123,6.281,3.604,3.343
2026-08-01,-23.8,-46.5,17.927,1.715,80.804,14.087,14.264,1.914,3.123,6.233,3.572,3.307
2026-08-01,-23.7,-46.8,20.985,1.312,63.12,16.318,14.496,2.643,3.358,14.728,4.172,2.895
2026-08-01,-23.7,-46.5,20.983,0.811,63.771,17.044,14.85,2.478,2.137,13.402,3.364,3.699
2026-08-01,-23.7,-46.4,18.009,1.481,79.733,14.82,13.62,2.151,2.536,7.85,3.623,2.709
2026-08-01,-23.6,-46.8,21.235,1.288,61.396,16.18,14.627,2.714,3.338,14.96,4.145,2.994
2026-08-01,-23.6,-46.4,20.69,1.372,63.241,16.119,14.375,2.675,3.313,15.186,4.364,2.601
2026-08-01,-23.6,-46.3,20.577,1.635,65.376,15.887,14.843,2.765,3.739,15.524,4.398,3.105
2026-08-01,-23.5,-46.8,20.994,1.195,62.566,16.241,14.555,2.706,2.947,14.759,4.191,3.04
2026-08-01,-23.5,-46.7,21.741,0.457,57.833,16.709,15.249,2.752,1.915,13.652,2.994,3.266
2026-08-01,-23.5,-46.6,21.615,0.785,59.015,16.497,15.077,2.821,2.595,14.547,3.293,3.179
2026-08-01,-23.5,-46.4,21.16,1.385,61.561,16.013,14.664,2.767,3.446,15.413,4.344,3.006
2026-08-01,-23.5,-46.3,20.816,1.308,62.581,16.072,14.435,2.666,3.209,15.171,4.406,2.625
2026-08-01,-23.4,-46.8,21.595,0.813,60.43,16.936,14.363,2.336,2.508,13.262,3.406,3.254
2026-08-01,-23.4,-46.7,21.142,0.846,62.408,16.814,14.406,2.375,2.446,13.102,3.418,3.066
2026-08-01,-23.4,-46.6,21.087,0.896,62.584,16.723,14.377,2.438,2.538,13.333,3.594,3.077
2026-08-01,-23.4,-46.5,20.858,1.227,63.532,16.265,14.439,2.637,3.098,14.472,4.104,2.917
2026-08-01,-23.4,-46.4,20.798,1.375,63.72,16.11,14.407,2.75,3.27,15.167,4.365,2.808
2026-08-02,-23.8,-46.8,21.107,0.85,62.769,16.766,14.508,2.388,2.257,13.237,3.408,3.028
2026-08-02,-23.8,-46.7,21.525,0.3,60.146,17.364,14.766,1.939,1.141,10.801,2.744,3.488
2026-08-02,-23.8,-46.6,18.528,0.825,79.489,15.936,12.964,2.284,1.629,5.315,3.072,3.578
2026-08-02,-23.8,-46.5,18.528,0.827,79.535,15.938,12.955,2.284,1.629,5.268,3.07,3.57
2026-08-02,-23.7,-46.8,20.953,1.218,63.197,16.3,14.487,2.65,2.959,14.714,4.183,2.891
2026-08-02,-23.7,-46.5,20.987,0.82,63.721,17.095,14.781,2.456,2.16,13.316,3.425,3.531
2026-08-02,-23.7,-46.4,18.005,1.426,79.84,14.786,13.566,2.188,2.42,7.839,3.61,2.778
2026-08-02,-23.6,-46.8,21.33,1.234,60.772,16.195,14.87,2.667,2.982,15.296,4.18,3.113
2026-08-02,-23.6,-46.4,20.871,1.373,62.465,16.017,14.46,2.627,3.313,15.159,4.36,2.706
2026-08-02,-23.6,-46.3,20.464,1.699,65.124,15.825,14.726,2.752,3.906,15.458,4.418,2.947
2026-08-02,-23.5,-46.8,21.097,1.206,62.025,16.118,14.622,2.7,2.954,14.951,4.183,2.995
2026-08-02,-23.5,-46.7,21.077,1.003,61.779,16.105,15.259,2.773,3.214,13.515,3.527,3.497
2026-08-02,-23.5,-46.6,20.644,1.864,65.312,15.347,14.926,2.932,3.924,15.126,4.409,3.399
2026-08-02,-23.5,-46.4,21.058,1.426,62.258,15.937,14.559,2.793,3.474,15.478,4.363,2.866
2026-08-02,-23.5,-46.3,21.097,1.293,62.031,16.095,14.623,2.724,3.073,15.33,4.417,3.11
2026-08-02,-23.4,-46.8,21.533,0.93,60.842,16.864,14.445,2.415,2.716,13.701,3.719,3.105
2026-08-02,-23.4,-46.7,21.153,0.792,62.26,16.942,14.343,2.36,2.421,12.847,3.376,2.94
2026-08-02,-23.4,-46.6,21.094,0.882,62.454,16.739,14.378,2.422,2.536,13.243,3.585,3.071
2026-08-02,-23.4,-46.5,20.853,1.264,63.551,16.194,14.449,2.673,3.132,14.604,4.128,2.91
2026-08-02,-23.4,-46.4,20.845,1.428,63.545,16.11,14.507,2.713,3.344,15.176,4.398,2.852
2026-08-03,-23.8,-46.8,21.049,1.212,63.105,16.312,14.548,2.616,2.961,14.446,4.029,2.85
2026-08-03,-23.8,-46.7,21.806,0.25,58.159,17.153,15.175,2.244,1.161,11.497,2.419,3.463
2026-08-03,-23.8,-46.6,18.746,1.424,77.44,15.91,12.652,2.481,2.735,9.201,4.034,2.921
2026-08-03,-23.8,-46.5,18.443,1.256,79.154,15.633,12.574,2.418,2.351,7.308,3.756,3.279
2026-08-03,-23.7,-46.8,21.212,1.287,61.73,16.264,14.735,2.597,3.053,15.268,4.207,2.937
2026-08-03,-23.7,-46.5,20.817,1.063,64.214,16.721,15.039,2.604,2.703,14.22,3.845,3.496
2026-08-03,-23.7,-46.4,18.087,1.524,79.863,14.72,13.561,2.176,2.811,7.75,3.59,2.783
2026-08-03,-23.6,-46.8,20.848,1.568,63.808,15.889,14.783,2.82,3.616,15.09,4.237,2.97
2026-08-03,-23.6,-46.4,21.113,1.35,61.773,16.153,14.75,2.717,3.185,15.683,4.437,2.953
2026-08-03,-23.6,-46.3,20.489,1.707,65.056,15.784,14.671,2.752,3.947,15.501,4.439,2.858
2026-08-03,-23.5,-46.8,21.265,1.205,61.039,16.242,14.826,2.646,2.955,15.277,4.22,3.144
2026-08-03,-23.5,-46.7,20.055,2.169,68.13,14.971,14.883,2.915,4.319,14.849,4.501,3.148
2026-08-03,-23.5,-46.6,19.911,1.884,67.793,15.152,14.801,2.672,4.145,14.208,4.277,2.938
2026-08-03,-23.5,-46.4,20.804,1.519,63.204,15.897,14.865,2.759,3.547,15.416,4.432,3.156
2026-08-03,-23.5,-46.3,20.729,1.366,63.793,15.919,14.92,2.732,3.086,15.204,4.447,3.361
2026-08-03,-23.4,-46.8,21.486,1.22,60.608,16.463,14.705,2.574,3.145,15.062,4.138,3.048
2026-08-03,-23.4,-46.7,21.206,1.065,62.095,16.594,14.398,2.538,2.854,13.939,3.813,2.881
2026-08-03,-23.4,-46.6,21.217,0.998,61.891,16.64,14.499,2.498,2.76,13.668,3.764,3.042
2026-08-03,-23.4,-46.5,20.923,1.449,63.26,15.985,14.444,2.77,3.36,15.278,4.375,2.889
2026-08-03,-23.4,-46.4,20.999,1.426,62.881,16.1,14.529,2.691,3.345,15.252,4.397,2.853
2026-08-04,-23.8,-46.8,20.54,1.521,65.522,15.943,14.643,2.746,3.264,14.803,4.234,2.765
2026-08-04,-23.8,-46.7,21.936,0.287,57.64,17.328,15.062,2.254,1.317,11.752,2.236,3.275
2026-08-04,-23.8,-46.6,19.366,1.251,72.622,16.698,13.124,2.711,2.773,11.414,3.666,2.316
2026-08-04,-23.8,-46.5,18.898,1.261,76.934,16.294,12.649,2.477,2.994,9.028,3.733,2.89
2026-08-04,-23.7,-46.8,20.53,1.631,65.674,15.631,14.732,2.755,3.384,14.631,4.361,3.142
2026-08-04,-23.7,-46.5,20.952,1.087,63.335,16.558,15.274,2.567,2.632,14.814,3.837,3.528
2026-08-04,-23.7,-46.4,18.323,1.509,79.336,14.986,13.463,2.199,3.123,7.668,3.662,2.827
2026-08-04,-23.6,-46.8,20.357,1.744,66.559,15.524,14.799,2.793,3.768,14.519,4.598,3.316
2026-08-04,-23.6,-46.4,20.151,1.786,67.19,15.254,15.019,2.905,3.59,15.083,4.829,3.481
2026-08-04,-23.6,-46.3,20.856,1.608,62.977,15.958,15.0,2.626,3.774,15.838,4.301,3.097
2026-08-04,-23.5,-46.8,20.65,1.634,64.932,15.625,14.83,2.804,3.658,14.846,4.312,3.167
2026-08-04,-23.5,-46.7,19.672,1.723,69.15,15.208,15.054,2.508,3.753,13.293,4.016,3.309
2026-08-04,-23.5,-46.6,19.675,1.697,68.919,15.293,14.933,2.53,3.995,13.191,4.105,3.155
2026-08-04,-23.5,-46.4,20.318,1.822,66.367,15.42,14.84,2.809,3.843,14.906,4.762,3.295
2026-08-04,-23.5,-46.3,19.886,1.705,67.304,15.199,14.824,2.801,3.581,14.872,4.719,2.986
2026-08-04,-23.4,-46.8,20.394,1.843,66.981,15.302,15.111,2.89,3.969,14.605,4.502,3.683
2026-08-04,-23.4,-46.7,20.509,1.531,65.287,15.707,14.709,2.835,3.377,14.645,4.268,3.212
2026-08-04,-23.4,-46.6,20.501,1.642,65.353,15.622,14.796,2.855,3.55,14.786,4.395,3.316
2026-08-04,-23.4,-46.5,20.476,1.714,65.467,15.654,14.889,2.782,3.625,15.055,4.546,3.347
2026-08-04,-23.4,-46.4,20.624,1.637,64.574,15.864,14.807,2.754,3.566,15.307,4.454,3.035
2026-08-05,-23.8,-46.8,19.946,1.709,67.611,15.725,14.753,2.6,4.035,13.832,4.403,3.127
2026-08-05,-23.8,-46.7,21.374,0.333,60.097,16.829,15.834,2.609,1.37,13.064,2.721,3.788
2026-08-05,-23.8,-46.6,20.387,1.129,69.255,17.131,13.296,2.432,3.184,10.725,3.581,2.941
2026-08-05,-23.8,-46.5,19.538,1.243,72.033,16.938,13.006,2.7,3.213,11.031,3.567,2.362
2026-08-05,-23.7,-46.8,19.991,1.69,67.227,15.407,14.798,2.698,3.808,14.03,4.455,3.069
2026-08-05,-23.7,-46.5,19.936,1.93,68.393,15.25,15.169,3.019,3.731,15.335,4.613,3.282
2026-08-05,-23.7,-46.4,18.96,1.328,76.245,16.035,12.948,2.495,3.026,9.354,3.598,2.969
2026-08-05,-23.6,-46.8,20.015,1.653,67.603,15.335,14.948,2.567,3.767,13.656,4.335,3.273
2026-08-05,-23.6,-46.4,19.836,1.557,67.704,15.308,15.028,2.63,3.453,14.047,4.462,3.263
2026-08-05,-23.6,-46.3,20.519,1.873,65.457,15.577,14.94,2.78,3.915,15.58,4.523,3.32
2026-08-05,-23.5,-46.8,20.013,1.655,67.163,15.41,14.776,2.644,3.776,14.105,4.442,3.056
2026-08-05,-23.5,-46.7,19.478,1.724,69.984,15.003,14.989,2.579,3.674,13.183,4.082,3.193
2026-08-05,-23.5,-46.6,19.51,1.809,69.745,14.941,14.804,2.671,3.617,13.38,4.467,3.155
2026-08-05,-23.5,-46.4,20.324,1.7,65.607,15.429,14.897,2.666,3.793,14.822,4.539,3.097
2026-08-05,-23.5,-46.3,20.151,1.561,66.272,15.491,14.991,2.63,3.471,14.357,4.45,3.26
2026-08-05,-23.4,-46.8,19.726,1.704,68.723,15.364,14.931,2.57,4.085,13.154,4.147,3.282
2026-08-05,-23.4,-46.7,19.791,1.678,67.86,15.312,14.66,2.692,3.878,13.943,4.278,2.746
2026-08-05,-23.4,-46.6,19.802,1.736,67.846,15.234,14.764,2.72,3.985,14.074,4.383,3.007
2026-08-05,-23.4,-46.5,19.821,1.702,67.826,15.478,14.772,2.648,3.928,14.059,4.442,3.075
2026-08-05,-23.4,-46.4,19.883,1.687,67.606,15.336,14.816,2.695,3.701,14.277,4.575,3.068
2026-08-06,-23.8,-46.8,19.702,1.591,69.033,15.676,14.909,2.499,3.891,12.86,4.151,3.31
2026-08-06,-23.8,-46.7,20.526,0.688,64.116,16.017,15.452,2.86,2.204,13.462,3.279,3.271
2026-08-06,-23.8,-46.6,21.214,0.671,64.428,17.497,13.759,2.054,2.386,10.018,3.229,3.059
2026-08-06,-23.8,-46.5,20.709,0.854,67.203,17.245,13.465,2.314,2.393,10.79,3.52,2.965
2026-08-06,-23.7,-46.8,19.9,1.656,67.967,15.385,14.92,2.662,3.796,13.623,4.338,3.285
2026-08-06,-23.7,-46.5,19.251,2.14,70.865,14.885,15.359,2.778,4.386,14.174,4.546,3.565
2026-08-06,-23.7,-46.4,20.02,1.053,70.707,17.063,12.822,2.46,2.531,10.543,3.323,2.551
2026-08-06,-23.6,-46.8,20.052,1.598,67.018,15.267,14.97,2.66,3.676,14.275,4.329,3.32
2026-08-06,-23.6,-46.4,20.008,1.617,66.871,15.452,14.976,2.614,3.846,14.32,4.492,3.216
2026-08-06,-23.6,-46.3,20.073,1.828,66.682,15.349,15.054,2.811,3.935,15.358,4.65,3.385
2026-08-06,-23.5,-46.8,19.986,1.751,67.722,15.243,14.95,2.607,3.916,13.795,4.37,3.251
2026-08-06,-23.5,-46.7,19.422,1.763,70.61,14.977,14.865,2.543,3.378,13.083,4.056,2.946
2026-08-06,-23.5,-46.6,19.752,1.817,68.793,14.927,14.851,2.614,3.463,14.241,4.227,3.065
2026-08-06,-23.5,-46.4,20.334,1.717,65.682,15.384,14.843,2.689,3.799,14.949,4.593,3.133
2026-08-06,-23.5,-46.3,20.273,1.729,65.619,15.407,14.876,2.697,3.926,14.914,4.604,3.034
2026-08-06,-23.4,-46.8,19.594,1.711,69.598,15.319,14.778,2.557,3.84,12.928,4.094,3.264
2026-08-06,-23.4,-46.7,19.66,1.637,69.027,15.356,14.865,2.521,3.85,13.011,4.219,3.279
2026-08-06,-23.4,-46.6,19.672,1.596,68.861,15.461,14.857,2.522,3.839,12.996,4.239,3.27
2026-08-06,-23.4,-46.5,19.674,1.723,68.903,15.454,14.807,2.536,3.958,13.329,4.414,3.152
2026-08-06,-23.4,-46.4,19.99,1.655,66.893,15.4,15.021,2.653,3.944,14.275,4.44,3.268
2026-08-07,-23.8,-46.8,19.493,1.836,70.049,15.336,14.926,2.577,3.89,13.056,4.356,3.445
2026-08-07,-23.8,-46.7,19.331,1.939,71.113,14.915,15.043,2.855,4.143,13.871,4.54,2.82
2026-08-07,-23.8,-46.6,21.346,0.789,61.918,17.057,15.302,2.107,2.376,12.364,3.422,4.253
2026-08-07,-23.8,-46.5,21.004,0.688,63.262,17.157,15.059,2.149,1.98,12.168,3.4,3.854
2026-08-07,-23.7,-46.8,20.025,1.617,66.956,15.379,15.054,2.677,3.744,14.226,4.304,3.339
2026-08-07,-23.7,-46.5,18.854,2.622,73.589,14.66,15.029,2.703,4.535,14.115,4.403,3.124
2026-08-07,-23.7,-46.4,20.76,0.798,66.502,17.452,13.842,2.242,2.475,10.852,3.498,3.362
2026-08-07,-23.6,-46.8,20.102,1.642,66.928,15.32,15.11,2.726,3.759,14.359,4.477,3.39
2026-08-07,-23.6,-46.4,20.041,1.802,66.872,15.276,14.983,2.745,3.982,14.813,4.58,3.333
2026-08-07,-23.6,-46.3,19.952,2.027,67.57,15.194,15.213,2.771,4.113,15.07,4.597,3.519
2026-08-07,-23.5,-46.8,20.095,1.532,66.809,15.344,14.912,2.615,3.562,14.14,4.22,3.287
2026-08-07,-23.5,-46.7,19.667,1.771,69.617,15.145,14.79,2.604,3.516,13.718,4.111,3.148
2026-08-07,-23.5,-46.6,19.85,1.879,68.462,15.045,14.941,2.682,3.845,14.086,4.598,3.366
2026-08-07,-23.5,-46.4,20.225,1.733,66.382,15.431,14.835,2.752,3.795,14.733,4.723,3.164
2026-08-07,-23.5,-46.3,20.193,1.804,66.287,15.329,14.941,2.763,3.885,15.06,4.596,3.129
2026-08-07,-23.4,-46.8,19.454,1.747,70.442,15.281,14.58,2.514,3.497,12.844,4.022,3.068
2026-08-07,-23.4,-46.7,19.467,1.743,69.751,15.283,14.708,2.59,3.702,13.164,4.363,3.169
2026-08-07,-23.4,-46.6,19.45,1.803,69.809,15.246,14.676,2.617,3.815,13.229,4.453,3.156
2026-08-07,-23.4,-46.5,19.83,1.772,68.015,15.323,14.934,2.64,3.697,14.221,4.407,3.381
2026-08-07,-23.4,-46.4,20.031,1.847,66.752,15.277,14.967,2.761,4.105,14.728,4.513,3.272
2026-08-08,-23.8,-46.8,19.394,1.916,70.879,15.149,14.781,2.585,3.585,13.251,4.148,3.164
2026-08-08,-23.8,-46.7,19.063,2.038,72.588,15.113,14.968,2.567,3.805,13.437,4.125,3.139
2026-08-08,-23.8,-46.6,20.219,1.514,68.403,16.049,15.153,2.801,3.512,13.476,4.344,3.883
2026-08-08,-23.8,-46.5,20.316,1.352,67.716,16.12,15.168,2.689,2.931,13.495,4.178,3.981
2026-08-08,-23.7,-46.8,20.071,1.717,66.909,15.44,15.112,2.774,3.85,14.508,4.453,3.393
2026-08-08,-23.7,-46.5,18.611,2.655,75.462,14.677,13.95,2.927,4.003,13.659,4.479,2.73
2026-08-08,-23.7,-46.4,21.102,0.878,64.533,17.231,14.723,2.111,2.454,11.311,3.601,3.76
2026-08-08,-23.6,-46.8,20.028,1.83,67.326,15.224,15.204,2.769,4.01,14.361,4.655,3.486
2026-08-08,-23.6,-46.4,19.962,1.837,67.499,15.35,15.073,2.748,3.977,14.503,4.65,3.406
2026-08-08,-23.6,-46.3,19.805,2.072,68.263,15.189,15.147,2.81,4.172,14.848,4.646,3.548
2026-08-08,-23.5,-46.8,20.087,1.699,66.87,15.365,15.078,2.765,3.847,14.428,4.454,3.389
2026-08-08,-23.5,-46.7,19.861,1.759,69.444,15.301,14.679,2.714,3.569,13.309,4.516,3.323
2026-08-08,-23.5,-46.6,20.166,1.66,67.52,15.529,14.802,2.755,3.678,13.512,4.651,3.562
2026-08-08,-23.5,-46.4,20.177,1.826,66.547,15.357,14.948,2.768,3.957,14.738,4.721,3.257
2026-08-08,-23.5,-46.3,20.149,1.859,66.639,15.336,14.915,2.776,3.958,14.789,4.731,3.209
2026-08-08,-23.4,-46.8,19.736,1.834,69.137,15.351,14.744,2.633,3.553,13.957,4.155,3.21
2026-08-08,-23.4,-46.7,19.455,1.873,70.194,15.189,14.747,2.56,3.613,13.395,4.052,3.012
2026-08-08,-23.4,-46.6,19.715,1.862,68.856,15.209,14.919,2.636,3.659,14.26,4.148,3.284
2026-08-08,-23.4,-46.5,19.962,1.784,67.125,15.381,15.074,2.691,3.978,14.505,4.415,3.484
2026-08-08,-23.4,-46.4,20.037,1.911,66.893,15.27,15.097,2.79,4.087,14.956,4.486,3.516
2026-08-09,-23.8,-46.8,19.764,1.692,69.03,15.367,14.98,2.676,3.25,14.387,4.197,3.444
2026-08-09,-23.8,-46.7,19.217,2.401,73.819,14.853,14.26,2.704,3.891,13.039,4.18,3.176
2026-08-09,-23.8,-46.6,19.896,1.398,68.574,15.76,15.473,2.634,3.377,12.949,4.112,4.106
2026-08-09,-23.8,-46.5,19.985,1.144,68.15,16.085,15.386,2.588,2.979,12.61,3.921,4.112
2026-08-09,-23.7,-46.8,20.039,1.878,67.216,15.352,15.182,2.819,4.04,14.511,4.638,3.567
2026-08-09,-23.7,-46.5,18.605,2.639,75.054,14.886,13.803,3.091,4.168,13.781,4.594,2.866
2026-08-09,-23.7,-46.4,20.486,1.353,66.967,16.171,15.047,2.658,3.019,13.425,4.296,3.961
2026-08-09,-23.6,-46.8,20.069,1.96,67.513,15.223,15.258,2.811,4.161,14.507,4.612,3.731
2026-08-09,-23.6,-46.4,19.942,1.958,67.755,15.283,15.257,2.842,3.978,14.905,4.687,3.685
2026-08-09,-23.6,-46.3,19.857,2.017,68.133,15.235,15.095,2.821,4.132,14.739,4.727,3.533
2026-08-09,-23.5,-46.8,20.019,1.888,67.206,15.304,15.233,2.852,4.064,14.606,4.636,3.603
2026-08-09,-23.5,-46.7,20.001,1.812,68.48,15.384,14.896,2.799,3.922,13.707,4.57,3.682
2026-08-09,-23.5,-46.6,20.167,1.793,67.639,15.44,14.916,2.822,4.054,13.764,4.781,3.683
2026-08-09,-23.5,-46.4,20.083,1.832,67.376,15.27,15.182,2.764,3.988,14.457,4.737,3.694
2026-08-09,-23.5,-46.3,20.032,1.864,67.522,15.28,15.142,2.778,3.989,14.463,4.704,3.626
2026-08-09,-23.4,-46.8,19.799,1.682,68.32,15.411,14.945,2.731,3.466,14.075,4.389,3.506
2026-08-09,-23.4,-46.7,19.745,1.66,68.637,15.544,14.957,2.624,3.301,14.121,4.09,3.331
2026-08-09,-23.4,-46.6,19.767,1.829,68.048,15.168,15.068,2.828,3.681,14.775,4.45,3.557
2026-08-09,-23.4,-46.5,19.982,1.929,67.074,15.4,15.063,2.838,4.092,14.823,4.72,3.538
2026-08-09,-23.4,-46.4,19.914,2.092,67.385,15.187,15.091,2.895,4.309,15.13,4.724,3.518
2026-08-10,-23.8,-46.8,19.837,1.818,68.087,15.342,15.132,2.781,3.884,14.366,4.58,3.619
2026-08-10,-23.8,-46.7,19.268,2.536,73.612,14.939,13.89,2.856,3.992,13.356,4.22,3.202
2026-08-10,-23.8,-46.6,19.697,1.552,69.633,15.699,15.293,2.691,3.559,13.088,4.167,3.928
2026-08-10,-23.8,-46.5,19.741,1.464,69.227,15.733,15.435,2.652,3.436,13.288,4.167,3.808
2026-08-10,-23.7,-46.8,20.072,1.855,67.263,15.454,15.309,2.855,3.907,14.551,4.61,3.794
2026-08-10,-23.7,-46.5,18.688,2.631,75.27,15.075,13.479,3.143,4.139,13.12,4.636,2.652
2026-08-10,-23.7,-46.4,19.838,1.27,68.468,15.81,15.302,2.661,2.9,13.335,4.264,3.922
2026-08-10,-23.6,-46.8,20.084,1.929,68.299,15.349,14.86,2.805,4.063,13.714,4.604,3.497
2026-08-10,-23.6,-46.4,19.9,1.891,68.58,15.372,14.786,2.893,3.906,14.081,4.681,3.352
2026-08-10,-23.6,-46.3,19.879,1.935,68.019,15.308,15.107,2.798,3.997,14.671,4.784,3.535
2026-08-10,-23.5,-46.8,20.088,1.887,67.323,15.361,15.253,2.827,3.98,14.501,4.552,3.707
2026-08-10,-23.5,-46.7,20.206,1.693,67.438,15.575,14.947,2.801,3.911,13.682,4.665,3.813
2026-08-10,-23.5,-46.6,20.172,1.807,67.717,15.413,14.912,2.786,4.053,13.707,4.722,3.686
2026-08-10,-23.5,-46.4,20.049,1.951,67.615,15.192,15.29,2.803,4.068,14.575,4.666,3.743
2026-08-10,-23.5,-46.3,20.013,1.842,68.388,15.333,14.779,2.809,3.916,13.75,4.699,3.429
2026-08-10,-23.4,-46.8,20.027,1.797,67.266,15.549,15.061,2.78,4.045,14.167,4.662,3.595
2026-08-10,-23.4,-46.7,19.788,1.733,68.086,15.359,15.06,2.842,3.652,14.379,4.6,3.598
2026-08-10,-23.4,-46.6,20.055,1.788,66.905,15.52,15.119,2.783,3.999,14.385,4.59,3.672
2026-08-10,-23.4,-46.5,20.0,1.925,67.355,15.408,15.219,2.882,4.107,14.782,4.81,3.812
2026-08-10,-23.4,-46.4,19.966,1.983,67.294,15.36,15.201,2.897,4.141,15.009,4.774,3.785
2026-08-11,-23.8,-46.8,20.046,1.695,67.409,15.569,15.189,2.758,3.814,14.17,4.603,3.726
2026-08-11,-23.8,-46.7,19.568,2.193,72.507,15.27,13.781,2.777,3.683,13.354,4.266,3.313
2026-08-11,-23.8,-46.6,19.142,2.244,72.232,14.955,15.47,2.775,4.236,13.984,4.43,3.62
2026-08-11,-23.8,-46.5,19.3,1.863,70.927,15.112,15.432,2.817,3.791,14.128,4.409,3.638
2026-08-11,-23.7,-46.8,20.229,1.821,67.43,15.437,14.973,2.863,3.901,13.975,4.719,3.635
2026-08-11,-23.7,-46.5,18.765,2.347,74.788,15.354,13.484,3.131,3.807,12.907,4.49,2.644
2026-08-11,-23.7,-46.4,19.687,1.394,69.354,15.754,15.422,2.652,3.296,13.256,4.138,3.812
2026-08-11,-23.6,-46.8,20.148,1.853,68.017,15.358,14.8,2.797,4.03,13.698,4.62,3.509
2026-08-11,-23.6,-46.4,19.821,1.967,69.124,15.288,14.709,2.887,3.978,14.111,4.658,3.358
2026-08-11,-23.6,-46.3,19.865,1.98,68.686,15.245,14.764,2.879,4.003,14.301,4.777,3.422
2026-08-11,-23.5,-46.8,20.191,1.965,67.656,15.369,14.928,2.864,4.133,14.03,4.748,3.621
2026-08-11,-23.5,-46.7,20.274,1.787,67.051,15.515,15.033,2.858,4.041,13.977,4.839,3.931
2026-08-11,-23.5,-46.6,20.177,1.807,67.717,15.404,14.915,2.785,4.053,13.707,4.71,3.685
2026-08-11,-23.5,-46.4,20.032,1.838,68.423,15.333,14.792,2.792,3.91,13.79,4.734,3.382
2026-08-11,-23.5,-46.3,20.086,1.818,68.081,15.454,14.813,2.811,3.925,13.716,4.641,3.59
2026-08-11,-23.4,-46.8,20.205,1.755,67.264,15.643,14.811,2.863,3.965,13.845,4.684,3.741
2026-08-11,-23.4,-46.7,20.068,1.788,67.795,15.62,14.797,2.849,3.972,13.816,4.6,3.602
2026-08-11,-23.4,-46.6,20.215,1.846,67.008,15.526,14.826,2.901,4.053,14.186,4.777,3.771
2026-08-11,-23.4,-46.5,20.094,2.059,67.851,15.333,14.882,2.898,4.208,14.338,4.848,3.562
2026-08-11,-23.4,-46.4,20.067,2.063,67.823,15.292,14.805,2.925,4.174,14.457,4.805,3.571
2026-08-12,-23.8,-46.8,20.093,1.818,67.38,15.507,15.175,2.789,3.948,14.237,4.758,3.66
2026-08-12,-23.8,-46.7,19.729,1.968,72.038,15.808,13.632,2.729,3.691,12.313,4.245,3.222
2026-08-12,-23.8,-46.6,18.993,2.413,74.039,14.849,14.85,2.755,3.966,13.668,4.469,3.062
2026-08-12,-23.8,-46.5,19.044,2.199,73.109,15.118,15.023,2.68,3.92,13.92,4.431,3.142
2026-08-12,-23.7,-46.8,20.22,1.754,67.523,15.433,14.976,2.822,3.808,13.855,4.639,3.78
2026-08-12,-23.7,-46.5,18.982,2.174,74.327,15.576,13.408,3.004,3.699,12.281,4.344,2.698
2026-08-12,-23.7,-46.4,19.354,1.923,70.853,15.191,15.316,2.809,3.939,14.041,4.442,3.571
2026-08-12,-23.6,-46.8,20.179,1.801,67.825,15.362,14.877,2.733,3.988,13.571,4.641,3.547
2026-08-12,-23.6,-46.4,19.885,1.884,69.006,15.223,14.844,2.817,3.897,13.923,4.667,3.506
2026-08-12,-23.6,-46.3,19.761,2.034,69.488,15.081,14.791,2.885,4.018,14.205,4.783,3.453
2026-08-12,-23.5,-46.8,20.182,1.803,67.808,15.375,14.855,2.762,3.989,13.538,4.615,3.603
2026-08-12,-23.5,-46.7,20.402,1.668,66.663,15.759,15.103,2.714,3.882,13.586,4.772,4.033
2026-08-12,-23.5,-46.6,20.359,1.695,66.992,15.738,15.021,2.671,3.966,13.31,4.753,3.904
2026-08-12,-23.5,-46.4,20.067,1.815,68.253,15.288,14.826,2.762,3.912,13.777,4.737,3.478
2026-08-12,-23.5,-46.3,20.14,1.83,67.837,15.414,14.921,2.759,3.933,13.722,4.673,3.63
2026-08-12,-23.4,-46.8,20.246,1.747,67.177,15.644,14.862,2.853,3.911,13.807,4.622,3.819
2026-08-12,-23.4,-46.7,20.145,1.752,67.694,15.683,14.72,2.797,3.909,13.588,4.542,3.567
2026-08-12,-23.4,-46.6,20.186,1.836,67.42,15.55,14.791,2.887,4.021,13.968,4.715,3.712
2026-08-12,-23.4,-46.5,20.073,1.943,68.217,15.445,14.671,2.802,4.086,13.883,4.672,3.351
2026-08-12,-23.4,-46.4,20.095,1.924,68.108,15.441,14.705,2.795,4.081,13.783,4.671,3.408
2026-08-13,-23.8,-46.8,20.222,1.787,67.451,15.552,14.985,2.845,3.865,13.861,4.711,3.721
2026-08-13,-23.8,-46.7,19.767,1.607,70.358,16.082,14.114,2.742,3.171,12.479,4.272,3.434
2026-08-13,-23.8,-46.6,19.226,2.47,73.731,14.864,14.031,2.91,3.915,14.039,4.422,3.067
2026-08-13,-23.8,-46.5,19.054,2.403,74.333,14.897,14.438,2.825,3.88,13.734,4.535,2.976
2026-08-13,-23.7,-46.8,20.258,1.876,67.811,15.301,15.074,2.686,4.044,13.75,4.59,3.832
2026-08-13,-23.7,-46.5,19.923,1.416,71.135,16.395,13.168,2.624,2.914,11.148,4.006,3.307
2026-08-13,-23.7,-46.4,19.092,2.097,72.696,15.338,15.083,2.731,3.875,13.68,4.378,3.402
2026-08-13,-23.6,-46.8,20.286,1.81,67.564,15.522,14.984,2.658,4.021,13.458,4.689,3.695
2026-08-13,-23.6,-46.4,19.999,1.837,68.653,15.185,15.072,2.764,3.893,13.878,4.674,3.761
2026-08-13,-23.6,-46.3,19.884,1.949,69.15,15.111,14.837,2.879,3.759,14.226,4.792,3.499
2026-08-13,-23.5,-46.8,20.268,1.88,67.756,15.282,15.038,2.685,4.043,13.77,4.599,3.806
2026-08-13,-23.5,-46.7,20.389,1.843,66.8,15.604,15.115,2.76,4.078,13.827,4.799,3.817
2026-08-13,-23.5,-46.6,20.364,1.864,66.894,15.573,15.032,2.807,4.152,13.876,4.92,3.81
2026-08-13,-23.5,-46.4,20.23,1.799,67.752,15.45,15.0,2.681,3.93,13.706,4.815,3.666
2026-08-13,-23.5,-46.3,20.257,1.811,67.598,15.567,15.022,2.674,3.941,13.657,4.748,3.775
2026-08-13,-23.4,-46.8,20.353,1.705,66.312,15.699,15.362,2.659,3.912,14.013,4.687,4.051
2026-08-13,-23.4,-46.7,20.309,1.742,67.223,15.68,14.945,2.677,3.912,13.485,4.534,3.871
2026-08-13,-23.4,-46.6,20.189,1.962,67.507,15.437,14.9,2.897,4.161,14.095,4.758,3.82
2026-08-13,-23.4,-46.5,20.246,1.93,67.633,15.414,14.936,2.703,4.137,13.749,4.747,3.726
2026-08-13,-23.4,-46.4,20.101,1.958,68.047,15.288,14.851,2.837,4.167,13.893,4.792,3.57
2026-08-14,-23.8,-46.8,20.371,1.754,67.165,15.612,15.085,2.713,3.877,13.741,4.819,3.915
2026-08-14,-23.8,-46.7,20.116,1.305,68.141,16.364,14.583,2.701,2.987,12.468,4.214,3.844
2026-08-14,-23.8,-46.6,19.273,2.461,73.443,15.008,13.875,2.927,4.104,13.64,4.443,3.225
2026-08-14,-23.8,-46.5,19.263,2.427,73.527,14.998,14.018,2.913,3.943,13.916,4.405,3.253
2026-08-14,-23.7,-46.8,20.224,1.936,67.925,15.353,15.073,2.695,4.09,13.809,4.713,3.743
2026-08-14,-23.7,-46.5,20.351,0.996,67.207,16.774,14.522,2.563,2.627,11.682,4.078,4.174
2026-08-14,-23.7,-46.4,19.066,2.322,73.861,15.021,14.394,2.887,3.89,13.633,4.56,3.199
2026-08-14,-23.6,-46.8,20.315,1.769,67.501,15.566,14.927,2.657,3.996,13.377,4.726,3.641
2026-08-14,-23.6,-46.4,20.04,1.891,68.736,15.311,14.976,2.742,3.951,13.943,4.8,3.695
2026-08-14,-23.6,-46.3,19.939,1.869,68.843,15.095,14.945,2.883,3.735,14.117,4.821,3.643
2026-08-14,-23.5,-46.8,20.228,1.902,67.896,15.37,15.002,2.674,4.072,13.69,4.714,3.739
2026-08-14,-23.5,-46.7,20.579,1.427,65.804,15.86,15.364,2.609,3.332,13.5,4.681,3.963
2026-08-14,-23.5,-46.6,20.589,1.531,65.833,15.903,15.247,2.655,3.561,13.646,4.808,3.965
2026-08-14,-23.5,-46.4,20.23,1.829,67.805,15.451,14.97,2.672,3.958,13.652,4.787,3.56
2026-08-14,-23.5,-46.3,20.222,1.831,67.804,15.48,15.061,2.672,3.94,13.698,4.748,3.769
2026-08-14,-23.4,-46.8,20.426,1.991,65.96,15.502,15.354,2.716,4.277,14.708,4.837,3.864
2026-08-14,-23.4,-46.7,20.335,1.768,66.399,15.65,15.392,2.668,3.98,14.14,4.784,4.044
2026-08-14,-23.4,-46.6,20.28,1.91,67.455,15.627,14.939,2.713,4.155,13.602,4.765,3.817
2026-08-14,-23.4,-46.5,20.256,1.891,67.64,15.506,14.952,2.693,4.133,13.648,4.866,3.715
2026-08-14,-23.4,-46.4,20.255,1.961,67.821,15.178,15.105,2.723,4.168,13.959,4.804,3.835
2026-08-15,-23.8,-46.8,20.337,1.94,67.36,15.309,15.154,2.742,4.125,14.057,4.893,3.963
2026-08-15,-23.8,-46.7,20.553,0.989,65.051,16.609,14.845,2.455,2.691,11.925,4.137,3.982
2026-08-15,-23.8,-46.6,19.482,2.262,72.974,15.307,13.803,2.934,3.86,13.037,4.588,3.242
2026-08-15,-23.8,-46.5,19.402,2.421,73.514,15.177,13.578,2.952,4.133,13.057,4.565,3.068
2026-08-15,-23.7,-46.8,20.215,2.001,67.918,15.324,15.048,2.745,4.168,13.919,4.778,3.719
2026-08-15,-23.7,-46.5,20.587,1.063,64.825,16.502,15.265,2.564,2.941,12.458,4.386,4.368
2026-08-15,-23.7,-46.4,19.275,2.324,73.338,15.018,13.955,2.936,3.896,13.829,4.398,3.285
2026-08-15,-23.6,-46.8,20.586,1.474,66.832,15.958,14.782,2.61,3.421,12.886,4.675,3.692
2026-08-15,-23.6,-46.4,20.029,1.952,68.811,15.192,14.921,2.767,4.006,13.992,4.81,3.729
2026-08-15,-23.6,-46.3,19.95,1.936,68.928,15.028,14.911,2.872,3.79,14.179,4.834,3.657
2026-08-15,-23.5,-46.8,20.237,1.91,67.825,15.418,14.966,2.738,4.113,13.775,4.78,3.667
2026-08-15,-23.5,-46.7,20.641,1.734,65.649,15.303,15.834,2.785,3.721,14.454,4.992,4.194
2026-08-15,-23.5,-46.6,20.696,1.684,65.295,15.703,15.295,2.674,3.696,14.153,4.911,3.739
2026-08-15,-23.5,-46.4,20.488,1.448,67.134,15.866,14.798,2.625,3.289,13.014,4.755,3.653
2026-08-15,-23.5,-46.3,20.248,1.848,67.775,15.43,14.943,2.672,3.95,13.697,4.818,3.61
2026-08-15,-23.4,-46.8,20.426,1.948,66.039,15.419,15.336,2.709,4.152,14.726,4.917,3.816
2026-08-15,-23.4,-46.7,20.424,1.86,65.994,15.458,15.353,2.711,3.959,14.669,4.883,3.81
2026-08-15,-23.4,-46.6,20.377,1.954,67.141,15.368,15.057,2.752,4.219,13.91,4.96,3.969
2026-08-15,-23.4,-46.5,20.229,1.907,67.928,15.255,15.035,2.704,4.046,13.843,4.926,3.785
2026-08-15,-23.4,-46.4,20.276,1.954,67.692,15.123,15.137,2.701,4.083,14.061,4.85,3.842
2026-08-16,-23.8,-46.8,20.255,2.038,67.08,15.2,15.602,2.727,4.174,14.653,4.842,4.023
2026-08-16,-23.8,-46.7,20.565,1.1,64.933,16.145,15.034,2.555,2.762,13.069,4.224,3.794
2026-08-16,-23.8,-46.6,19.603,1.94,72.39,15.709,13.905,2.811,3.636,12.569,4.396,3.306
2026-08-16,-23.8,-46.5,19.555,2.27,73.189,15.289,13.624,2.905,3.844,13.011,4.484,3.217
2026-08-16,-23.7,-46.8,20.285,1.778,67.768,15.467,15.033,2.795,3.792,13.782,4.84,3.738
2026-08-16,-23.7,-46.5,20.421,1.308,65.488,15.826,15.248,2.648,3.037,13.762,4.401,3.803
2026-08-16,-23.7,-46.4,19.322,2.428,73.11,15.076,14.052,2.877,4.156,13.551,4.585,3.373
2026-08-16,-23.6,-46.8,20.558,1.485,66.054,15.916,15.276,2.682,3.41,13.813,4.686,3.973
2026-08-16,-23.6,-46.4,20.054,1.972,68.73,15.28,14.998,2.776,4.016,14.025,4.815,3.825
2026-08-16,-23.6,-46.3,19.946,1.907,68.768,15.111,15.013,2.907,3.763,14.26,4.755,3.854
2026-08-16,-23.5,-46.8,20.479,1.489,67.151,15.877,14.834,2.659,3.398,13.052,4.645,3.738
2026-08-16,-23.5,-46.7,20.497,1.854,66.503,15.555,15.319,2.747,3.808,14.336,4.771,3.779
2026-08-16,-23.5,-46.6,20.525,1.795,65.953,15.509,15.304,2.77,3.832,14.576,4.884,3.685
2026-08-16,-23.5,-46.4,20.53,1.642,66.872,15.755,14.885,2.779,3.564,13.782,4.933,3.79
2026-08-16,-23.5,-46.3,20.356,1.716,67.518,15.642,14.877,2.721,3.636,13.584,4.871,3.612
2026-08-16,-23.4,-46.8,20.346,2.036,66.419,15.253,15.448,2.762,4.171,14.955,4.918,3.892
2026-08-16,-23.4,-46.7,20.352,2.033,66.215,15.217,15.397,2.741,4.2,15.022,4.905,3.696
2026-08-16,-23.4,-46.6,20.3,1.989,66.796,15.14,15.557,2.728,4.224,14.561,4.853,4.09
2026-08-16,-23.4,-46.5,20.202,1.931,68.003,15.254,15.044,2.744,4.053,13.953,4.895,3.796
2026-08-16,-23.4,-46.4,20.239,1.951,67.84,15.072,15.221,2.764,4.059,14.243,4.874,3.883
2026-08-17,-23.8,-46.8,20.365,2.051,67.558,15.197,15.23,2.762,4.171,14.172,4.801,4.032
2026-08-17,-23.8,-46.7,20.356,1.397,65.608,15.594,15.167,2.731,3.221,14.113,4.376,3.696
2026-08-17,-23.8,-46.6,19.636,1.708,71.016,15.892,14.354,2.796,3.404,12.683,4.403,3.388
2026-08-17,-23.8,-46.5,19.584,1.933,72.367,15.771,13.801,2.782,3.64,12.602,4.506,3.232
2026-08-17,-23.7,-46.8,20.447,1.509,67.307,15.745,14.938,2.705,3.408,13.258,4.688,3.772
2026-08-17,-23.7,-46.5,20.4,1.316,65.647,15.809,15.236,2.664,3.066,13.775,4.41,3.815
2026-08-17,-23.7,-46.4,19.528,2.13,72.816,15.513,13.695,2.914,3.771,12.818,4.536,3.209
2026-08-17,-23.6,-46.8,20.581,1.694,65.6,15.731,15.231,2.73,3.714,14.413,4.714,3.609
2026-08-17,-23.6,-46.4,20.082,1.993,68.58,15.253,15.048,2.83,4.07,14.093,4.832,3.743
2026-08-17,-23.6,-46.3,19.882,1.919,69.026,15.043,15.028,2.93,3.771,14.33,4.747,3.802
2026-08-17,-23.5,-46.8,20.635,1.477,66.439,15.916,14.93,2.709,3.406,13.266,4.761,3.9
2026-08-17,-23.5,-46.7,20.386,1.753,66.738,15.519,15.376,2.689,3.733,14.044,4.699,3.747
2026-08-17,-23.5,-46.6,20.522,1.859,66.0,15.491,15.301,2.772,3.88,14.635,4.836,3.661
2026-08-17,-23.5,-46.4,20.525,1.513,66.284,15.777,15.272,2.659,3.335,13.908,4.852,3.918
2026-08-17,-23.5,-46.3,20.465,1.575,66.674,15.835,15.232,2.623,3.459,13.775,4.69,3.793
2026-08-17,-23.4,-46.8,20.356,2.063,66.47,15.256,15.475,2.792,4.191,15.038,4.882,3.809
2026-08-17,-23.4,-46.7,20.36,2.075,66.374,15.227,15.464,2.762,4.207,15.051,4.898,3.891
2026-08-17,-23.4,-46.6,20.343,2.031,66.829,15.123,15.531,2.714,4.23,14.605,4.901,4.072
2026-08-17,-23.4,-46.5,20.224,1.934,67.936,15.149,15.133,2.746,4.052,14.009,4.808,3.891
2026-08-17,-23.4,-46.4,20.165,1.861,67.997,15.193,15.034,2.878,3.767,14.17,4.865,3.576
2026-08-18,-23.8,-46.8,20.277,2.03,67.975,15.085,15.248,2.686,4.164,13.939,4.705,3.904
2026-08-18,-23.8,-46.7,20.198,1.649,66.396,15.41,15.263,2.798,3.521,14.597,4.641,3.42
2026-08-18,-23.8,-46.6,19.798,1.485,70.012,16.03,14.687,2.744,3.177,12.628,4.372,3.657
2026-08-18,-23.8,-46.5,19.846,1.509,70.19,16.178,14.369,2.69,3.129,12.373,4.298,3.659
2026-08-18,-23.7,-46.8,20.664,1.471,66.369,15.921,14.949,2.687,3.395,13.19,4.754,3.93
2026-08-18,-23.7,-46.5,19.909,1.926,68.005,15.044,15.262,2.897,3.833,14.666,4.773,3.484
2026-08-18,-23.7,-46.4,19.568,1.89,72.694,15.822,13.882,2.793,3.586,12.368,4.457,3.257
2026-08-18,-23.6,-46.8,20.602,1.692,65.611,15.701,15.197,2.684,3.703,14.278,4.763,3.59
2026-08-18,-23.6,-46.4,20.152,1.86,68.479,15.224,15.042,2.834,3.735,13.971,4.833,3.772
2026-08-18,-23.6,-46.3,19.922,1.909,68.899,15.065,14.977,2.909,3.763,14.23,4.742,3.723
2026-08-18,-23.5,-46.8,20.694,1.604,65.369,15.8,15.175,2.664,3.608,14.167,4.755,3.894
2026-08-18,-23.5,-46.7,20.388,1.765,66.76,15.522,15.342,2.693,3.732,14.094,4.663,3.714
2026-08-18,-23.5,-46.6,20.518,1.868,66.061,15.457,15.339,2.772,3.879,14.671,4.814,3.694
2026-08-18,-23.5,-46.4,20.596,1.709,65.632,15.693,15.229,2.715,3.636,14.541,4.812,3.592
2026-08-18,-23.5,-46.3,20.512,1.589,66.365,15.785,15.369,2.666,3.458,14.013,4.824,3.895
2026-08-18,-23.4,-46.8,20.411,2.02,66.691,15.332,15.256,2.749,4.043,14.636,4.91,3.709
2026-08-18,-23.4,-46.7,20.357,2.096,66.833,15.071,15.374,2.707,4.2,14.807,4.813,3.89
2026-08-18,-23.4,-46.6,20.294,2.047,67.57,15.109,15.025,2.829,4.225,14.139,4.928,3.861
2026-08-18,-23.4,-46.5,20.287,1.904,67.649,15.099,15.141,2.706,4.045,14.001,4.849,3.8
2026-08-18,-23.4,-46.4,20.198,1.762,68.036,15.361,14.957,2.882,3.701,13.868,4.922,3.643
2026-08-19,-23.8,-46.8,20.294,1.963,67.83,15.034,15.242,2.678,3.908,13.99,4.693,3.905
2026-08-19,-23.8,-46.7,20.063,1.809,67.481,15.314,15.17,2.73,3.911,13.979,4.606,3.372
2026-08-19,-23.8,-46.6,20.018,1.29,68.914,16.134,14.813,2.704,2.944,12.285,4.222,3.91
2026-08-19,-23.8,-46.5,20.17,1.144,68.29,16.456,14.74,2.547,2.744,11.768,4.206,3.948
2026-08-19,-23.7,-46.8,20.678,1.609,65.463,15.774,15.169,2.678,3.606,14.233,4.778,3.872
2026-08-19,-23.7,-46.5,19.863,1.666,68.454,15.328,15.392,2.649,3.562,13.585,4.602,3.626
2026-08-19,-23.7,-46.4,19.689,1.798,72.262,15.952,13.974,2.721,3.492,12.22,4.427,3.482
2026-08-19,-23.6,-46.8,20.532,1.73,65.891,15.651,15.201,2.714,3.712,14.424,4.764,3.587
2026-08-19,-23.6,-46.4,20.498,1.532,67.231,15.621,14.994,2.69,3.356,13.345,4.71,3.843
2026-08-19,-23.6,-46.3,19.944,1.911,68.915,15.044,14.93,2.917,3.762,14.226,4.729,3.635
2026-08-19,-23.5,-46.8,20.631,1.689,65.528,15.657,15.152,2.665,3.704,14.195,4.774,3.542
2026-08-19,-23.5,-46.7,20.382,1.766,66.812,15.488,15.386,2.691,3.732,14.08,4.681,3.741
2026-08-19,-23.5,-46.6,20.54,1.861,66.011,15.501,15.327,2.766,3.881,14.644,4.817,3.699
2026-08-19,-23.5,-46.4,20.546,1.719,65.885,15.598,15.225,2.715,3.632,14.56,4.876,3.552
2026-08-19,-23.5,-46.3,20.497,1.817,66.138,15.541,15.256,2.732,3.753,14.809,4.848,3.541
2026-08-19,-23.4,-46.8,20.523,1.753,67.097,15.616,15.024,2.691,3.705,13.457,4.688,3.878
2026-08-19,-23.4,-46.7,20.331,2.066,67.563,15.02,15.164,2.735,4.053,14.2,4.739,3.896
2026-08-19,-23.4,-46.6,20.15,2.001,68.106,15.004,14.88,2.804,4.014,13.98,4.822,3.589
2026-08-19,-23.4,-46.5,20.274,1.844,67.684,15.075,15.152,2.706,3.779,14.013,4.864,3.789
2026-08-19,-23.4,-46.4,20.21,1.783,68.035,15.303,14.936,2.86,3.733,13.819,4.897,3.608
2026-08-20,-23.8,-46.8,20.269,2.025,67.894,14.944,15.231,2.701,4.038,14.062,4.659,3.803
2026-08-20,-23.8,-46.7,20.105,1.841,67.279,15.19,15.377,2.748,4.008,14.369,4.636,3.717
2026-08-20,-23.8,-46.6,20.075,1.279,67.44,15.966,15.08,2.636,3.034,12.926,4.32,3.776
2026-08-20,-23.8,-46.5,20.332,1.117,66.406,16.329,15.134,2.527,2.856,12.559,4.325,3.831
2026-08-20,-23.7,-46.8,20.636,1.656,65.668,15.701,15.243,2.704,3.616,14.393,4.768,3.825
2026-08-20,-23.7,-46.5,19.956,1.786,67.706,15.12,15.42,2.757,3.934,14.427,4.741,3.715
2026-08-20,-23.7,-46.4,20.157,1.171,68.976,16.582,14.271,2.53,2.685,11.512,4.007,3.845
2026-08-20,-23.6,-46.8,20.559,1.688,65.877,15.681,15.193,2.69,3.628,14.401,4.707,3.596
2026-08-20,-23.6,-46.4,20.587,1.503,66.733,15.685,15.026,2.729,3.318,13.58,4.801,3.955
2026-08-20,-23.6,-46.3,19.932,1.928,69.134,14.945,14.908,2.9,3.755,14.192,4.789,3.55
2026-08-20,-23.5,-46.8,20.598,1.7,65.664,15.639,15.225,2.68,3.702,14.203,4.776,3.624
2026-08-20,-23.5,-46.7,20.445,1.704,66.684,15.62,15.377,2.696,3.649,14.015,4.666,3.92
2026-08-20,-23.5,-46.6,20.54,1.861,66.011,15.501,15.327,2.766,3.881,14.644,4.817,3.699
2026-08-20,-23.5,-46.4,20.475,1.757,66.165,15.549,15.229,2.743,3.641,14.699,4.876,3.55
2026-08-20,-23.5,-46.3,20.499,1.869,66.153,15.532,15.262,2.732,3.803,14.817,4.841,3.537
2026-08-20,-23.4,-46.8,20.551,1.684,66.996,15.7,14.888,2.675,3.664,13.352,4.705,3.855
2026-08-20,-23.4,-46.7,20.266,2.055,67.957,15.006,15.098,2.673,4.044,13.942,4.691,3.753
2026-08-20,-23.4,-46.6,20.337,1.991,67.655,15.041,15.057,2.695,4.015,13.938,4.814,3.822
2026-08-20,-23.4,-46.5,20.121,1.886,68.246,15.006,15.069,2.849,3.766,14.228,4.886,3.576
2026-08-20,-23.4,-46.4,20.339,1.599,67.756,15.513,14.838,2.801,3.403,13.546,4.728,3.636
2026-08-21,-23.8,-46.8,20.244,2.071,68.424,15.174,15.166,2.684,4.074,13.65,4.693,3.86
2026-08-21,-23.8,-46.7,20.17,1.933,67.663,15.29,15.363,2.637,4.08,14.249,4.693,3.786
2026-08-21,-23.8,-46.6,19.963,1.662,68.285,15.782,15.072,2.752,3.565,13.378,4.764,3.719
2026-08-21,-23.8,-46.5,20.3,1.264,66.595,16.267,14.951,2.583,2.953,13.058,4.381,3.616
2026-08-21,-23.7,-46.8,20.527,1.73,66.263,15.731,15.175,2.731,3.698,14.26,4.733,3.731
2026-08-21,-23.7,-46.5,19.941,1.919,68.424,15.109,15.293,2.716,3.97,14.392,4.721,3.609
2026-08-21,-23.7,-46.4,20.168,1.183,67.247,16.602,14.852,2.508,2.924,12.13,4.3,3.766
2026-08-21,-23.6,-46.8,20.549,1.745,66.121,15.728,15.221,2.717,3.68,14.431,4.666,3.649
2026-08-21,-23.6,-46.4,20.376,1.527,67.76,15.878,14.759,2.865,3.315,13.368,4.834,3.782
2026-08-21,-23.6,-46.3,19.88,1.931,69.665,15.152,14.816,2.893,3.753,13.789,4.822,3.576
2026-08-21,-23.5,-46.8,20.525,1.729,66.249,15.808,15.118,2.712,3.712,14.118,4.781,3.658
2026-08-21,-23.5,-46.7,20.422,1.699,67.114,15.873,15.265,2.697,3.65,13.709,4.669,3.95
2026-08-21,-23.5,-46.6,20.453,1.863,66.573,15.733,15.141,2.783,3.881,14.407,4.844,3.637
2026-08-21,-23.5,-46.4,20.457,1.759,66.592,15.696,15.151,2.755,3.64,14.451,4.899,3.622
2026-08-21,-23.5,-46.3,20.456,1.882,66.712,15.668,15.209,2.76,3.8,14.559,4.873,3.653
2026-08-21,-23.4,-46.8,20.528,1.687,67.389,15.931,14.773,2.684,3.663,13.061,4.704,3.855
2026-08-21,-23.4,-46.7,20.213,2.014,68.532,15.37,14.94,2.702,4.03,13.545,4.801,3.696
2026-08-21,-23.4,-46.6,20.265,1.959,68.242,15.245,15.074,2.711,3.991,13.591,4.852,3.823
2026-08-21,-23.4,-46.5,20.076,1.861,68.745,15.287,14.938,2.848,3.767,13.815,4.907,3.636
2026-08-21,-23.4,-46.4,20.324,1.56,68.209,15.76,14.758,2.781,3.355,13.101,4.777,3.652
2026-08-22,-23.8,-46.8,20.276,2.024,68.297,15.374,15.138,2.712,4.177,13.603,4.765,3.852
2026-08-22,-23.8,-46.7,20.051,1.979,68.286,15.252,15.32,2.604,4.111,13.908,4.71,3.808
2026-08-22,-23.8,-46.6,19.949,1.389,67.98,16.059,15.063,2.629,3.266,13.178,4.658,3.601
2026-08-22,-23.8,-46.5,19.896,1.677,68.446,15.661,15.164,2.72,3.536,13.572,4.709,3.694
2026-08-22,-23.7,-46.8,20.528,1.731,66.252,15.729,15.18,2.734,3.698,14.288,4.725,3.725
2026-08-22,-23.7,-46.5,20.096,1.825,68.216,15.363,15.331,2.647,3.727,14.048,4.894,3.888
2026-08-22,-23.7,-46.4,20.252,1.187,66.855,16.361,15.097,2.53,2.881,12.486,4.314,3.825
2026-08-22,-23.6,-46.8,20.545,1.754,66.153,15.729,15.258,2.72,3.679,14.486,4.662,3.681
2026-08-22,-23.6,-46.4,20.269,1.509,67.661,15.853,15.037,2.77,3.301,13.669,4.774,3.712
2026-08-22,-23.6,-46.3,19.795,2.008,70.345,15.265,14.779,2.911,3.993,13.777,4.724,3.489
2026-08-22,-23.5,-46.8,20.573,1.671,65.869,15.705,15.216,2.695,3.628,14.429,4.618,3.744
2026-08-22,-23.5,-46.7,20.404,1.699,67.099,15.938,15.227,2.705,3.65,13.741,4.704,3.947
2026-08-22,-23.5,-46.6,20.356,1.805,67.127,15.815,15.134,2.727,3.846,13.921,4.792,3.758
2026-08-22,-23.5,-46.4,20.358,1.729,67.286,15.748,15.193,2.684,3.569,13.958,4.793,3.726
2026-08-22,-23.5,-46.3,20.328,1.843,67.405,15.699,15.253,2.711,3.762,14.081,4.83,3.751
2026-08-22,-23.4,-46.8,20.481,1.684,66.922,15.922,15.127,2.637,3.664,13.568,4.707,3.983
2026-08-22,-23.4,-46.7,20.116,2.071,69.266,15.381,14.862,2.793,4.055,13.568,4.91,3.73
2026-08-22,-23.4,-46.6,20.282,1.895,68.332,15.402,15.028,2.748,3.924,13.447,4.929,3.828
2026-08-22,-23.4,-46.5,19.946,1.98,69.702,15.294,14.83,2.911,3.814,13.745,4.95,3.618
2026-08-22,-23.4,-46.4,20.336,1.508,68.043,15.884,14.726,2.81,3.301,13.082,4.791,3.656
2026-08-23,-23.8,-46.8,20.211,1.879,67.908,15.55,15.49,2.657,3.857,14.044,4.845,3.917
2026-08-23,-23.8,-46.7,20.004,1.973,67.93,15.543,15.567,2.565,4.114,14.442,4.83,3.77
2026-08-23,-23.8,-46.6,19.729,1.756,68.186,15.653,15.495,2.756,3.851,14.753,4.833,3.571
2026-08-23,-23.8,-46.5,19.575,1.688,69.341,15.642,15.487,2.685,3.507,13.993,4.753,3.462
2026-08-23,-23.7,-46.8,20.399,1.745,66.084,15.705,15.68,2.693,3.667,15.072,4.642,3.814
2026-08-23,-23.7,-46.5,20.069,1.98,68.335,15.512,15.387,2.639,4.052,14.271,5.008,3.815
2026-08-23,-23.7,-46.4,19.844,1.621,68.027,15.801,15.488,2.711,3.457,14.203,4.613,3.744
2026-08-23,-23.6,-46.8,20.35,1.763,66.263,15.757,15.675,2.72,3.688,15.134,4.709,3.769
2026-08-23,-23.6,-46.4,20.119,1.513,67.466,15.868,15.494,2.713,3.3,14.319,4.781,3.828
2026-08-23,-23.6,-46.3,19.693,2.001,69.96,15.397,15.254,2.85,3.995,14.439,4.72,3.683
2026-08-23,-23.5,-46.8,20.42,1.743,65.957,15.719,15.677,2.669,3.681,14.954,4.639,3.81
2026-08-23,-23.5,-46.7,20.201,1.765,67.127,15.891,15.599,2.65,3.732,14.375,4.734,3.844
2026-08-23,-23.5,-46.6,20.21,1.811,67.08,15.865,15.541,2.676,3.844,14.472,4.817,3.867
2026-08-23,-23.5,-46.4,20.204,1.783,67.222,15.659,15.702,2.661,3.649,14.591,4.797,3.91
2026-08-23,-23.5,-46.3,20.201,1.852,67.296,15.645,15.724,2.658,3.759,14.672,4.779,3.9
2026-08-23,-23.4,-46.8,20.266,1.734,66.908,15.902,15.479,2.606,3.713,14.252,4.729,3.82
2026-08-23,-23.4,-46.7,20.056,1.987,68.811,15.561,15.231,2.695,3.901,14.074,4.933,3.787
2026-08-23,-23.4,-46.6,20.178,1.897,68.042,15.451,15.391,2.681,3.924,14.064,4.947,3.878
2026-08-23,-23.4,-46.5,19.746,1.893,69.97,15.339,15.176,2.84,3.684,14.287,4.854,3.654
2026-08-23,-23.4,-46.4,20.26,1.505,67.548,16.001,15.188,2.766,3.303,13.799,4.726,3.858
2026-08-24,-23.8,-46.8,19.534,1.903,71.757,15.193,15.429,2.525,3.802,11.299,4.999,4.018
2026-08-24,-23.8,-46.7,19.451,2.005,71.808,15.427,15.225,2.409,4.129,11.247,5.061,3.934
2026-08-24,-23.8,-46.6,19.093,1.821,72.633,15.308,15.2,2.57,3.63,11.612,4.953,3.705
2026-08-24,-23.8,-46.5,18.7,2.076,74.706,15.046,15.091,2.469,3.709,10.251,4.867,3.509
2026-08-24,-23.7,-46.8,19.578,1.919,71.311,15.175,15.202,2.624,3.775,12.167,4.871,3.666
2026-08-24,-23.7,-46.5,19.41,2.085,72.081,15.2,15.385,2.451,4.084,11.584,5.176,3.951
2026-08-24,-23.7,-46.4,18.879,1.862,73.802,15.316,15.15,2.52,3.621,10.306,4.895,3.704
2026-08-24,-23.6,-46.8,19.601,1.937,71.263,15.237,15.137,2.593,3.788,11.739,4.934,3.825
2026-08-24,-23.6,-46.4,19.136,2.067,72.527,15.061,15.088,2.703,3.932,11.838,5.266,3.554
2026-08-24,-23.6,-46.3,18.942,2.141,74.072,14.735,15.122,2.566,3.955,10.949,4.808,3.542
2026-08-24,-23.5,-46.8,19.656,1.922,70.864,15.179,15.206,2.573,3.769,12.018,4.863,3.828
2026-08-24,-23.5,-46.7,19.598,1.856,71.166,15.67,15.024,2.545,3.752,11.313,5.003,3.75
2026-08-24,-23.5,-46.6,19.562,1.925,71.284,15.54,15.127,2.579,3.858,11.486,5.08,3.859
2026-08-24,-23.5,-46.4,19.277,1.956,72.33,15.239,14.903,2.68,3.746,11.498,5.007,3.472
2026-08-24,-23.5,-46.3,19.305,1.959,72.255,15.302,14.91,2.656,3.771,11.471,4.997,3.473
2026-08-24,-23.4,-46.8,19.682,1.905,71.01,15.627,15.044,2.515,3.819,11.241,5.02,3.796
2026-08-24,-23.4,-46.7,19.615,1.84,71.784,15.349,15.397,2.454,3.603,10.676,4.866,4.114
2026-08-24,-23.4,-46.6,19.728,1.77,71.093,15.358,15.4,2.454,3.631,10.943,4.884,4.164
2026-08-24,-23.4,-46.5,19.136,1.861,73.569,15.017,15.075,2.603,3.413,10.669,4.701,3.711
2026-08-24,-23.4,-46.4,19.499,1.682,71.43,15.607,14.981,2.635,3.431,11.239,4.886,3.672
2026-08-25,-23.8,-46.8,19.319,1.985,73.975,15.07,15.176,2.513,3.542,10.169,4.407,4.033
2026-08-25,-23.8,-46.7,19.019,2.349,74.728,14.795,15.137,2.387,4.141,10.497,4.714,3.976
2026-08-25,-23.8,-46.6,18.735,2.095,76.428,14.872,14.398,2.611,3.415,9.825,4.468,3.439
2026-08-25,-23.8,-46.5,17.949,2.452,78.931,14.725,13.541,2.613,3.705,8.521,4.489,2.409
2026-08-25,-23.7,-46.8,19.227,2.066,73.687,14.936,15.206,2.543,3.735,10.77,4.379,3.871
2026-08-25,-23.7,-46.5,19.02,2.39,74.972,14.618,15.246,2.458,4.081,10.676,4.824,4.015
2026-08-25,-23.7,-46.4,18.141,2.155,78.071,15.13,13.528,2.578,3.285,8.146,4.461,2.692
2026-08-25,-23.6,-46.8,19.034,2.059,74.265,14.903,14.716,2.568,3.685,10.183,4.427,3.398
2026-08-25,-23.6,-46.4,18.853,2.384,76.333,14.631,14.21,2.555,3.996,9.263,4.699,3.366
2026-08-25,-23.6,-46.3,18.328,2.511,77.759,14.664,13.514,2.606,4.013,8.698,4.585,2.615
2026-08-25,-23.5,-46.8,19.291,2.081,73.336,14.82,15.213,2.528,3.748,10.855,4.469,4.083
2026-08-25,-23.5,-46.7,19.344,1.896,73.257,15.208,15.033,2.411,3.476,10.34,4.57,3.973
2026-08-25,-23.5,-46.6,19.288,2.129,73.554,15.006,15.139,2.432,3.92,10.469,4.679,4.016
2026-08-25,-23.5,-46.4,19.078,2.029,74.738,14.92,14.621,2.545,3.423,9.727,4.458,3.44
2026-08-25,-23.5,-46.3,19.074,2.131,74.837,14.885,14.628,2.538,3.558,9.716,4.479,3.43
2026-08-25,-23.4,-46.8,19.502,1.883,72.906,15.215,14.911,2.398,3.551,10.221,4.516,3.948
2026-08-25,-23.4,-46.7,19.449,1.97,73.555,15.186,15.09,2.371,3.474,9.744,4.465,4.097
2026-08-25,-23.4,-46.6,19.416,2.01,73.215,14.937,15.398,2.486,3.672,10.505,4.611,4.228
2026-08-25,-23.4,-46.5,19.12,2.153,75.598,15.0,13.836,2.593,3.639,9.068,4.607,3.565
2026-08-25,-23.4,-46.4,19.149,1.732,73.624,15.242,14.791,2.543,3.245,10.159,4.527,3.563
2026-08-26,-23.8,-46.8,19.258,2.362,75.663,14.651,14.426,2.533,3.741,9.936,4.414,4.179
2026-08-26,-23.8,-46.7,18.695,2.925,77.593,14.095,14.265,2.548,4.233,9.907,4.493,3.802
2026-08-26,-23.8,-46.6,17.861,2.704,79.148,14.42,13.34,2.644,3.882,8.692,4.534,2.209
2026-08-26,-23.8,-46.5,17.778,2.858,82.195,13.625,13.302,2.25,3.41,6.325,3.802,2.223
2026-08-26,-23.7,-46.8,19.007,2.443,76.284,14.64,14.059,2.597,3.955,9.511,4.422,3.608
2026-08-26,-23.7,-46.5,18.65,2.934,77.714,14.056,14.221,2.59,4.214,10.159,4.637,3.796
2026-08-26,-23.7,-46.4,17.472,2.591,80.33,14.465,13.46,2.42,3.354,7.592,4.382,2.296
2026-08-26,-23.6,-46.8,19.005,2.341,76.09,14.803,13.696,2.577,3.835,9.009,4.359,3.287
2026-08-26,-23.6,-46.4,18.145,2.678,78.529,14.371,13.101,2.657,3.947,8.412,4.472,2.288
2026-08-26,-23.6,-46.3,17.714,2.677,79.702,14.408,13.14,2.562,3.51,7.606,4.446,2.336
2026-08-26,-23.5,-46.8,19.049,2.386,75.891,14.587,14.245,2.497,3.924,9.129,4.508,3.623
2026-08-26,-23.5,-46.7,19.3,2.35,75.107,14.6,14.634,2.424,3.831,9.557,4.572,4.249
2026-08-26,-23.5,-46.6,19.403,2.51,75.197,14.598,14.345,2.407,4.183,9.591,4.472,4.317
2026-08-26,-23.5,-46.4,19.049,2.326,76.156,14.702,13.544,2.645,3.763,9.128,4.432,3.452
2026-08-26,-23.5,-46.3,19.062,2.548,76.508,14.533,13.521,2.622,3.923,9.097,4.353,3.427
2026-08-26,-23.4,-46.8,19.526,2.055,74.518,14.921,14.538,2.346,3.33,9.284,4.415,4.273
2026-08-26,-23.4,-46.7,19.582,2.222,74.606,14.972,14.216,2.359,3.66,9.2,4.48,4.36
2026-08-26,-23.4,-46.6,19.471,2.322,74.622,14.655,14.734,2.418,3.981,9.606,4.554,4.395
2026-08-26,-23.4,-46.5,19.01,2.477,76.285,14.555,13.382,2.672,3.952,9.362,4.546,3.387
2026-08-26,-23.4,-46.4,19.196,2.182,75.567,14.947,13.847,2.565,3.487,9.075,4.496,3.601
2026-08-27,-23.8,-46.8,19.073,2.437,76.497,14.764,13.972,2.57,3.993,9.866,4.319,3.642
2026-08-27,-23.8,-46.7,18.272,2.887,78.641,14.132,14.157,2.491,4.023,9.784,4.251,3.575
2026-08-27,-23.8,-46.6,17.786,2.741,82.113,14.01,13.256,2.164,3.189,6.527,3.849,2.163
2026-08-27,-23.8,-46.5,17.772,2.453,83.531,14.142,13.315,1.778,2.575,4.31,3.066,2.327
2026-08-27,-23.7,-46.8,19.089,2.304,76.334,14.92,13.631,2.597,3.771,9.421,4.15,3.323
2026-08-27,-23.7,-46.5,18.33,2.875,78.457,14.107,14.126,2.515,3.945,9.847,4.294,3.632
2026-08-27,-23.7,-46.4,17.789,2.318,82.714,13.768,13.483,1.935,2.593,5.273,3.335,2.109
2026-08-27,-23.6,-46.8,19.214,2.193,75.745,15.049,13.528,2.557,3.648,8.939,4.22,3.392
2026-08-27,-23.6,-46.4,18.027,2.752,81.312,14.007,13.444,2.097,3.42,6.939,3.92,2.484
2026-08-27,-23.6,-46.3,17.937,2.769,82.761,13.79,13.065,2.05,3.375,5.434,3.54,2.25
2026-08-27,-23.5,-46.8,19.188,2.219,75.931,15.017,13.471,2.527,3.69,8.857,4.159,3.331
2026-08-27,-23.5,-46.7,19.618,2.303,74.863,14.943,14.233,2.301,3.923,9.392,4.134,4.514
2026-08-27,-23.5,-46.6,19.47,2.349,75.328,15.043,13.625,2.501,4.018,9.372,4.301,3.745
2026-08-27,-23.5,-46.4,19.189,2.29,76.08,14.988,13.342,2.543,3.664,8.874,4.289,3.116
2026-08-27,-23.5,-46.3,19.175,2.51,76.372,14.641,13.613,2.547,3.922,9.205,4.427,3.397
2026-08-27,-23.4,-46.8,19.722,2.142,74.315,15.255,14.21,2.314,3.718,9.242,4.303,4.544
2026-08-27,-23.4,-46.7,19.66,2.381,74.538,14.874,14.125,2.341,4.003,9.809,4.367,4.544
2026-08-27,-23.4,-46.6,19.553,2.278,75.189,15.062,13.766,2.443,3.887,9.134,4.252,3.911
2026-08-27,-23.4,-46.5,19.152,2.271,76.0,14.986,13.37,2.455,3.677,8.876,4.255,3.093
2026-08-27,-23.4,-46.4,19.245,2.238,75.745,14.837,13.521,2.525,3.634,9.279,4.385,3.413
2026-08-28,-23.8,-46.8,18.995,2.493,76.672,14.935,13.493,2.55,4.052,9.801,4.344,3.086
2026-08-28,-23.8,-46.7,18.012,2.881,81.238,14.281,13.856,2.146,3.964,7.771,4.056,2.741
2026-08-28,-23.8,-46.6,17.767,2.355,82.624,13.923,13.431,1.764,2.988,4.372,3.732,2.481
2026-08-28,-23.8,-46.5,17.747,2.436,82.685,13.868,13.77,1.773,3.614,4.699,3.716,2.702
2026-08-28,-23.7,-46.8,19.328,2.318,75.742,15.058,13.468,2.521,3.827,9.479,4.222,3.454
2026-08-28,-23.7,-46.5,17.83,2.887,79.737,14.333,13.744,2.456,3.806,9.022,4.487,2.685
2026-08-28,-23.7,-46.4,17.57,2.386,82.905,13.483,13.595,1.632,2.793,4.31,3.72,2.586
2026-08-28,-23.6,-46.8,19.491,2.054,75.111,15.31,13.229,2.387,3.485,8.666,4.144,3.232
2026-08-28,-23.6,-46.4,17.823,2.536,82.65,13.996,13.855,1.868,3.754,4.575,3.698,2.775
2026-08-28,-23.6,-46.3,18.104,1.76,82.236,15.335,13.429,2.055,2.59,4.142,3.122,2.952
2026-08-28,-23.5,-46.8,19.419,2.187,75.308,15.153,13.208,2.441,3.693,8.772,4.229,3.229
2026-08-28,-23.5,-46.7,19.615,2.356,74.974,15.188,13.378,2.431,4.005,9.263,4.215,3.615
2026-08-28,-23.5,-46.6,19.58,2.413,75.093,15.101,13.388,2.472,4.078,9.494,4.385,3.635
2026-08-28,-23.5,-46.4,19.383,2.218,75.487,15.106,13.213,2.428,3.642,8.99,4.344,3.256
2026-08-28,-23.5,-46.3,19.283,2.271,75.8,15.141,13.222,2.435,3.715,9.172,4.338,3.174
2026-08-28,-23.4,-46.8,19.835,2.104,73.72,15.254,14.177,2.257,3.76,9.715,4.206,4.584
2026-08-28,-23.4,-46.7,19.559,2.429,75.014,15.046,13.504,2.501,4.083,9.762,4.475,3.752
2026-08-28,-23.4,-46.6,19.47,2.428,75.315,15.052,13.258,2.467,4.08,9.483,4.509,3.355
2026-08-28,-23.4,-46.5,19.393,2.037,75.359,15.272,13.303,2.376,3.352,8.869,4.238,3.394
2026-08-28,-23.4,-46.4,19.344,2.181,75.468,15.102,13.282,2.362,3.59,9.08,4.299,3.222
2026-08-29,-23.8,-46.8,18.891,2.385,76.926,15.097,13.395,2.533,3.847,9.358,4.354,2.887
2026-08-29,-23.8,-46.7,17.947,2.418,82.547,14.661,13.65,1.961,3.849,5.017,3.716,2.863
2026-08-29,-23.8,-46.6,17.79,2.927,82.481,13.923,13.698,1.809,4.559,5.113,4.115,2.792
2026-08-29,-23.8,-46.5,18.257,1.322,81.329,15.874,13.439,2.011,2.042,4.452,3.156,3.042
2026-08-29,-23.7,-46.8,19.407,2.159,75.347,15.424,13.225,2.419,3.757,9.301,4.33,3.225
2026-08-29,-23.7,-46.5,18.046,1.888,81.919,15.35,13.325,2.033,2.741,5.42,3.42,2.565
2026-08-29,-23.7,-46.4,17.67,2.884,82.859,14.241,13.824,1.666,4.552,4.709,4.05,2.698
2026-08-29,-23.6,-46.8,19.585,2.038,74.642,15.565,13.128,2.337,3.655,8.968,4.307,3.382
2026-08-29,-23.6,-46.4,17.894,2.899,82.733,13.835,13.411,1.992,4.197,4.781,3.8,2.737
2026-08-29,-23.6,-46.3,17.984,3.129,82.104,13.082,12.277,2.114,4.284,5.664,4.112,3.017
2026-08-29,-23.5,-46.8,19.598,2.04,74.478,15.486,13.087,2.363,3.643,8.913,4.241,3.379
2026-08-29,-23.5,-46.7,19.569,2.245,74.947,15.367,13.143,2.435,3.907,9.157,4.329,3.396
2026-08-29,-23.5,-46.6,19.653,2.007,74.56,15.663,13.111,2.398,3.614,8.891,4.195,3.397
2026-08-29,-23.5,-46.4,19.595,1.896,74.675,15.571,13.096,2.353,3.244,9.089,4.285,3.521
2026-08-29,-23.5,-46.3,19.471,1.979,75.173,15.381,13.084,2.327,3.23,8.88,4.179,3.415
2026-08-29,-23.4,-46.8,19.701,1.905,74.269,15.523,13.569,2.354,3.218,9.182,4.089,3.834
2026-08-29,-23.4,-46.7,19.576,2.13,74.807,15.448,13.066,2.338,3.767,8.899,4.233,3.411
2026-08-29,-23.4,-46.6,19.52,2.235,75.03,15.305,13.109,2.413,3.878,9.39,4.324,3.403
2026-08-29,-23.4,-46.5,19.819,1.46,73.235,16.013,12.959,2.235,2.749,8.726,4.044,3.642
2026-08-29,-23.4,-46.4,19.469,2.016,74.85,15.374,13.124,2.322,3.577,9.295,4.229,3.452
2026-08-30,-23.8,-46.8,18.418,2.331,77.818,15.076,13.353,2.465,3.49,8.814,4.185,2.56
2026-08-30,-23.8,-46.7,18.63,1.37,80.699,15.819,13.014,2.199,2.113,4.546,2.988,3.217
2026-08-30,-23.8,-46.6,18.396,1.002,80.696,16.468,13.469,1.89,1.684,4.361,2.513,3.031
2026-08-30,-23.8,-46.5,18.846,1.391,79.724,15.312,12.217,2.075,2.332,5.405,3.689,3.461
2026-08-30,-23.7,-46.8,19.567,1.868,74.666,15.642,13.172,2.386,3.405,9.425,4.239,3.597
2026-08-30,-23.7,-46.5,18.886,1.17,79.714,15.676,12.067,2.078,2.009,5.031,3.267,3.233
2026-08-30,-23.7,-46.4,18.304,1.001,81.182,16.558,13.624,1.899,1.685,4.253,2.507,2.965
2026-08-30,-23.6,-46.8,20.15,1.253,72.168,16.413,12.777,2.174,2.677,8.117,4.062,3.701
2026-08-30,-23.6,-46.4,18.356,1.143,81.322,16.428,13.415,1.938,1.885,4.188,2.442,3.037
2026-08-30,-23.6,-46.3,18.276,1.019,81.438,16.798,14.32,1.789,1.802,4.224,2.279,2.813
2026-08-30,-23.5,-46.8,19.868,1.608,73.156,16.026,12.99,2.265,3.183,8.686,4.189,3.661
2026-08-30,-23.5,-46.7,19.548,2.173,74.844,15.426,13.042,2.344,3.896,9.067,4.301,3.428
2026-08-30,-23.5,-46.6,19.736,1.95,74.158,15.74,13.047,2.349,3.711,9.116,4.301,3.743
2026-08-30,-23.5,-46.4,20.014,1.384,72.677,16.297,12.8,2.173,2.9,8.46,4.065,3.702
2026-08-30,-23.5,-46.3,20.01,1.465,72.752,16.314,12.816,2.193,2.97,8.605,4.093,3.685
2026-08-30,-23.4,-46.8,19.677,1.831,73.982,15.681,13.468,2.327,3.337,9.179,4.23,3.939
2026-08-30,-23.4,-46.7,19.696,1.918,74.147,15.715,12.981,2.291,3.673,8.864,4.253,3.609
2026-08-30,-23.4,-46.6,19.599,2.055,74.679,15.564,12.989,2.333,3.748,8.995,4.27,3.443
2026-08-30,-23.4,-46.5,19.952,1.318,71.818,16.314,13.456,2.082,2.809,8.646,4.006,3.912
2026-08-30,-23.4,-46.4,19.96,1.478,72.721,16.17,12.903,2.174,2.997,8.777,4.109,3.73
2026-08-31,-23.8,-46.8,18.421,2.066,77.253,15.71,13.038,2.547,3.243,8.554,4.249,2.465
2026-08-31,-23.8,-46.7,18.781,1.451,79.825,15.083,12.551,2.079,2.379,5.3,3.809,3.52
2026-08-31,-23.8,-46.6,18.693,1.545,80.049,14.858,12.662,2.002,2.432,5.305,3.91,3.585
2026-08-31,-23.8,-46.5,18.942,1.205,78.647,15.606,12.69,2.058,2.368,5.894,3.365,3.367
2026-08-31,-23.7,-46.8,20.007,1.313,72.446,16.306,13.033,2.125,2.769,8.558,3.94,3.831
2026-08-31,-23.7,-46.5,18.893,1.519,78.827,15.329,12.653,2.138,2.894,6.109,3.707,3.17
2026-08-31,-23.7,-46.4,18.677,1.472,80.121,14.922,12.768,2.047,2.366,5.259,3.872,3.612
2026-08-31,-23.6,-46.8,19.992,1.123,70.354,16.508,13.829,2.207,2.625,9.282,4.008,3.927
2026-08-31,-23.6,-46.4,18.847,1.457,79.771,15.264,12.29,2.061,2.4,5.387,3.782,3.369
2026-08-31,-23.6,-46.3,18.742,1.705,79.937,14.757,12.467,2.014,2.591,5.467,3.927,3.511
2026-08-31,-23.5,-46.8,20.037,1.166,71.521,16.457,13.334,2.05,2.57,8.196,3.964,3.82
2026-08-31,-23.5,-46.7,20.076,1.329,72.095,16.357,12.829,2.073,2.816,8.273,4.009,3.849
2026-08-31,-23.5,-46.6,20.134,1.252,71.608,16.483,13.005,2.097,2.785,8.367,3.99,4.013
2026-08-31,-23.5,-46.4,20.074,1.157,71.344,16.557,13.374,2.158,2.618,8.791,3.954,3.895
2026-08-31,-23.5,-46.3,19.997,1.427,71.742,16.33,13.396,2.096,3.169,8.806,4.043,3.853
2026-08-31,-23.4,-46.8,19.83,1.596,72.994,15.867,13.487,2.264,3.061,9.348,4.058,4.288
2026-08-31,-23.4,-46.7,20.067,1.337,71.792,16.422,13.114,2.084,2.833,8.472,4.02,4.015
2026-08-31,-23.4,-46.6,20.054,1.472,72.272,16.309,12.823,2.103,3.234,8.519,4.081,3.85
2026-08-31,-23.4,-46.5,19.971,1.164,70.449,16.688,13.793,2.189,2.809,9.431,3.953,3.86
2026-08-31,-23.4,-46.4,19.934,1.336,71.869,16.27,13.506,2.118,2.832,8.965,4.146,3.899
2026-09-01,-23.8,-46.8,18.626,1.582,75.896,16.153,12.859,2.561,2.83,8.396,4.073,2.341
2026-09-01,-23.8,-46.7,18.846,1.206,78.744,15.575,12.841,2.111,2.351,5.833,3.501,3.254
2026-09-01,-23.8,-46.6,18.842,1.161,78.73,15.454,13.204,2.108,2.32,5.938,3.324,3.281
2026-09-01,-23.8,-46.5,19.189,1.263,77.19,16.081,12.491,2.08,2.345,6.756,3.486,3.122
2026-09-01,-23.7,-46.8,19.99,1.238,70.445,16.65,13.669,2.204,3.081,9.484,3.978,3.861
2026-09-01,-23.7,-46.5,18.845,2.151,78.249,15.446,12.433,2.213,3.908,7.266,4.02,2.733
2026-09-01,-23.7,-46.4,18.768,1.147,78.903,15.531,13.179,2.13,2.322,5.945,3.357,3.238
2026-09-01,-23.6,-46.8,20.282,0.877,68.45,16.961,13.943,2.221,2.463,9.345,3.978,4.084
2026-09-01,-23.6,-46.4,19.007,1.084,78.106,15.86,12.542,2.03,2.253,5.823,3.273,3.21
2026-09-01,-23.6,-46.3,19.017,1.06,77.976,15.744,12.949,2.04,2.225,5.733,3.215,3.236
2026-09-01,-23.5,-46.8,20.033,0.959,69.984,16.801,13.675,2.211,2.394,9.095,3.849,3.878
2026-09-01,-23.5,-46.7,19.944,1.22,70.494,16.508,13.729,2.168,2.757,9.289,4.103,3.881
2026-09-01,-23.5,-46.6,19.953,1.228,70.492,16.536,13.702,2.185,2.801,9.417,4.111,3.897
2026-09-01,-23.5,-46.4,20.132,0.98,69.325,16.78,13.978,2.246,2.515,9.446,4.047,4.008
2026-09-01,-23.5,-46.3,20.146,1.07,69.818,16.756,13.606,2.196,2.573,9.132,3.891,3.918
2026-09-01,-23.4,-46.8,19.916,1.284,71.937,16.283,13.495,2.121,2.681,8.669,4.091,3.842
2026-09-01,-23.4,-46.7,19.949,1.201,70.421,16.576,13.765,2.17,2.745,9.253,4.116,3.863
2026-09-01,-23.4,-46.6,19.982,1.204,70.425,16.558,13.67,2.153,2.779,9.252,4.076,3.915
2026-09-01,-23.4,-46.5,20.208,0.975,68.596,16.804,14.132,2.2,2.641,9.528,4.016,4.14
2026-09-01,-23.4,-46.4,20.156,1.088,69.751,16.799,13.648,2.172,2.736,9.197,3.905,3.962
2026-09-02,-23.8,-46.8,19.273,1.283,73.94,16.7,12.542,2.461,2.489,8.197,3.894,2.651
2026-09-02,-23.8,-46.7,18.986,1.968,77.532,15.539,12.625,2.227,3.794,7.486,4.029,3.107
2026-09-02,-23.8,-46.6,19.172,1.24,77.009,16.168,12.538,2.141,2.34,6.773,3.525,3.203
2026-09-02,-23.8,-46.5,19.895,1.051,72.602,17.086,12.63,2.274,2.333,8.318,3.604,3.211
2026-09-02,-23.7,-46.8,20.314,0.849,68.291,17.035,14.006,2.127,2.363,9.327,3.872,4.092
2026-09-02,-23.7,-46.5,19.305,1.424,74.348,16.686,12.772,2.407,2.77,8.244,3.831,2.712
2026-09-02,-23.7,-46.4,19.131,1.251,77.236,16.145,12.625,2.123,2.348,6.727,3.485,3.214
2026-09-02,-23.6,-46.8,20.406,0.753,66.79,17.191,14.269,2.214,2.286,9.905,3.898,3.726
2026-09-02,-23.6,-46.4,19.781,1.27,73.075,16.789,12.516,2.157,2.673,7.895,3.939,2.825
2026-09-02,-23.6,-46.3,19.776,1.211,72.98,16.957,12.558,2.178,2.654,7.798,3.791,2.812
2026-09-02,-23.5,-46.8,20.349,0.798,68.004,17.135,13.804,2.168,2.296,9.137,3.846,3.833
2026-09-02,-23.5,-46.7,20.296,0.833,68.217,17.137,13.927,2.138,2.338,9.089,3.945,4.073
2026-09-02,-23.5,-46.6,20.3,0.869,68.216,17.139,13.838,2.135,2.45,9.102,3.929,3.932
2026-09-02,-23.5,-46.4,20.299,0.846,67.542,17.104,14.089,2.17,2.476,9.56,3.945,3.82
2026-09-02,-23.5,-46.3,20.298,0.94,68.212,17.059,13.876,2.171,2.527,9.42,4.003,3.829
2026-09-02,-23.4,-46.8,19.979,1.094,70.133,16.798,13.804,2.136,2.582,9.134,3.982,3.861
2026-09-02,-23.4,-46.7,20.31,0.836,68.086,17.173,13.959,2.121,2.34,9.087,3.918,4.009
2026-09-02,-23.4,-46.6,20.301,0.857,68.24,17.085,13.954,2.134,2.448,9.055,3.95,4.102
2026-09-02,-23.4,-46.5,20.264,0.841,67.514,16.966,14.261,2.15,2.465,9.855,3.828,3.789
2026-09-02,-23.4,-46.4,20.253,0.928,68.354,16.963,13.941,2.147,2.509,9.421,3.947,3.86
2026-09-03,-23.8,-46.8,20.185,1.071,71.167,16.993,12.796,2.058,2.436,8.358,3.843,3.569
2026-09-03,-23.8,-46.7,19.609,1.302,73.549,16.831,12.717,2.33,2.732,8.537,3.914,3.181
2026-09-03,-23.8,-46.6,19.949,1.033,72.232,17.192,12.57,2.285,2.306,8.335,3.688,3.426
2026-09-03,-23.8,-46.5,20.312,1.091,70.377,17.034,13.368,2.047,2.775,8.796,3.825,4.107
2026-09-03,-23.7,-46.8,20.394,0.787,66.906,17.081,14.318,2.175,2.334,10.185,3.96,3.773
2026-09-03,-23.7,-46.5,20.206,1.034,71.062,17.133,12.858,2.014,2.406,8.382,3.827,3.627
2026-09-03,-23.7,-46.4,19.867,1.004,72.365,17.145,12.932,2.158,2.273,8.073,3.535,3.65
2026-09-03,-23.6,-46.8,20.378,1.23,67.293,16.79,14.528,2.346,3.13,10.149,4.142,4.162
2026-09-03,-23.6,-46.4,20.404,0.846,69.421,17.378,12.855,1.938,2.169,8.208,3.89,3.641
2026-09-03,-23.6,-46.3,20.425,0.873,69.51,17.382,12.934,1.929,2.19,8.119,3.873,3.646
2026-09-03,-23.5,-46.8,20.404,1.07,67.167,16.793,14.578,2.197,2.841,9.795,4.085,4.16
2026-09-03,-23.5,-46.7,20.502,0.785,66.311,17.124,14.586,2.139,2.337,9.869,3.972,4.233
2026-09-03,-23.5,-46.6,20.469,0.924,66.516,16.981,14.615,2.157,2.593,10.038,4.004,4.19
2026-09-03,-23.5,-46.4,20.25,1.112,67.703,16.883,14.354,2.225,2.955,9.952,4.082,3.841
2026-09-03,-23.5,-46.3,20.297,0.999,67.291,16.968,14.338,2.208,2.65,10.27,4.003,3.722
2026-09-03,-23.4,-46.8,20.029,1.035,68.743,16.757,14.294,2.117,2.598,9.989,3.991,4.004
2026-09-03,-23.4,-46.7,20.469,0.841,66.37,17.065,14.602,2.127,2.432,9.937,3.978,4.227
2026-09-03,-23.4,-46.6,20.378,0.838,66.817,17.138,14.252,2.16,2.464,9.933,3.974,3.82
2026-09-03,-23.4,-46.5,19.916,1.275,68.941,16.817,14.233,2.29,3.109,10.036,4.209,3.581
2026-09-03,-23.4,-46.4,20.279,0.973,67.285,16.951,14.365,2.199,2.633,10.262,4.011,3.751
2026-09-04,-23.8,-46.8,20.253,0.993,68.575,16.883,14.074,2.201,2.809,9.82,3.978,4.24
2026-09-04,-23.8,-46.7,20.264,0.909,69.964,17.027,13.738,1.989,2.249,8.605,3.814,4.905
2026-09-04,-23.8,-46.6,20.443,0.984,68.573,17.273,13.972,2.118,2.755,9.211,3.763,4.299
2026-09-04,-23.8,-46.5,20.346,1.006,68.191,16.914,14.157,2.131,2.561,10.093,4.048,4.139
2026-09-04,-23.7,-46.8,20.26,1.138,67.968,16.971,14.219,2.285,2.971,10.035,4.1,3.737
2026-09-04,-23.7,-46.5,20.426,1.073,68.301,17.096,14.281,2.127,2.91,9.827,4.063,4.383
2026-09-04,-23.7,-46.4,20.328,0.992,68.881,17.15,14.249,2.074,2.757,9.278,3.615,4.459
2026-09-04,-23.6,-46.8,19.958,1.646,69.287,16.243,14.573,2.354,3.767,10.49,4.123,3.93
2026-09-04,-23.6,-46.4,20.493,0.839,66.862,17.375,14.346,2.071,2.706,9.298,3.978,4.145
2026-09-04,-23.6,-46.3,20.548,0.961,66.873,17.41,13.815,2.051,2.764,9.607,3.993,4.164
2026-09-04,-23.5,-46.8,20.145,1.443,68.486,16.56,14.45,2.389,3.615,10.2,4.132,4.056
2026-09-04,-23.5,-46.7,20.292,1.35,67.664,16.656,14.325,2.394,3.257,10.505,4.268,3.766
2026-09-04,-23.5,-46.6,20.158,1.388,68.419,16.627,14.459,2.396,3.337,10.164,4.253,3.971
2026-09-04,-23.5,-46.4,20.0,1.39,69.101,16.5,14.575,2.314,3.514,9.847,4.066,4.135
2026-09-04,-23.5,-46.3,20.148,1.391,68.269,16.802,14.407,2.359,3.603,10.287,4.109,3.911
2026-09-04,-23.4,-46.8,19.933,1.239,68.967,16.401,14.521,2.219,3.043,10.145,4.057,4.03
2026-09-04,-23.4,-46.7,20.216,1.281,67.848,16.865,14.052,2.39,3.169,10.357,4.162,3.457
2026-09-04,-23.4,-46.6,20.321,1.197,67.309,16.893,14.446,2.316,3.12,9.991,4.146,4.129
2026-09-04,-23.4,-46.5,19.702,1.56,70.077,16.273,14.459,2.234,3.698,10.075,4.09,3.833
2026-09-04,-23.4,-46.4,20.122,1.214,68.24,16.834,14.336,2.349,3.095,9.98,4.15,3.814
2026-09-05,-23.8,-46.8,19.977,1.131,69.276,16.742,14.441,2.257,2.872,9.709,4.33,3.934
2026-09-05,-23.8,-46.7,20.131,0.925,68.793,17.089,14.098,2.148,2.429,9.617,4.178,3.804
2026-09-05,-23.8,-46.6,20.228,0.994,68.129,16.916,14.885,2.186,2.672,10.209,4.185,4.338
2026-09-05,-23.8,-46.5,19.905,1.323,69.733,16.698,14.699,2.236,3.447,9.772,4.303,3.981
2026-09-05,-23.7,-46.8,19.704,1.588,70.416,16.299,14.769,2.226,3.607,9.857,4.361,3.906
2026-09-05,-23.7,-46.5,19.951,1.137,69.468,16.969,14.329,2.261,2.937,9.813,4.336,3.583
2026-09-05,-23.7,-46.4,20.128,0.992,68.362,16.953,14.97,2.194,2.689,10.272,4.22,4.342
2026-09-05,-23.6,-46.8,19.595,1.661,71.097,15.689,15.05,2.245,3.683,9.266,3.957,4.29
2026-09-05,-23.6,-46.4,19.968,1.138,68.923,16.896,14.705,2.228,3.056,9.249,4.394,3.987
2026-09-05,-23.6,-46.3,20.062,1.157,68.095,16.914,14.309,2.256,2.995,10.148,4.344,3.762
2026-09-05,-23.5,-46.8,19.626,1.637,70.649,16.206,14.652,2.246,3.685,9.523,4.271,3.973
2026-09-05,-23.5,-46.7,19.653,1.573,70.291,16.364,14.67,2.289,3.708,9.609,4.391,3.931
2026-09-05,-23.5,-46.6,19.622,1.592,70.629,16.245,14.796,2.333,3.73,9.693,4.287,4.008
2026-09-05,-23.5,-46.4,19.457,1.735,71.405,15.625,15.025,2.31,3.807,9.807,4.08,4.168
2026-09-05,-23.5,-46.3,19.495,1.686,71.052,15.827,14.88,2.36,3.838,9.716,4.152,3.961
2026-09-05,-23.4,-46.8,19.64,1.508,70.516,16.254,14.561,2.271,3.324,9.557,4.315,3.968
2026-09-05,-23.4,-46.7,19.681,1.486,70.055,16.544,14.517,2.233,3.631,9.324,4.244,3.817
2026-09-05,-23.4,-46.6,19.668,1.528,70.204,16.48,14.558,2.345,3.715,9.742,4.424,3.742
2026-09-05,-23.4,-46.5,19.419,1.716,71.98,15.736,14.756,2.158,3.72,9.078,4.065,4.166
2026-09-05,-23.4,-46.4,19.512,1.665,70.868,16.213,14.588,2.238,3.819,9.774,4.414,3.757
2026-09-06,-23.8,-46.8,19.504,1.29,71.026,16.031,14.59,2.411,3.384,9.689,4.521,3.858
2026-09-06,-23.8,-46.7,19.576,1.152,70.666,16.241,14.446,2.386,2.84,9.819,4.574,3.673
2026-09-06,-23.8,-46.6,19.158,1.566,72.887,15.455,14.913,2.462,3.672,9.664,4.511,3.683
2026-09-06,-23.8,-46.5,19.331,1.668,72.816,15.39,14.875,2.485,3.681,9.76,4.31,4.061
2026-09-06,-23.7,-46.8,19.065,1.824,73.728,14.809,15.331,2.303,3.712,9.223,4.07,4.18
2026-09-06,-23.7,-46.5,19.461,1.312,71.256,16.029,14.618,2.421,3.439,9.853,4.509,3.854
2026-09-06,-23.7,-46.4,19.069,1.536,73.3,15.289,15.122,2.481,3.532,9.642,4.5,3.837
2026-09-06,-23.6,-46.8,18.908,1.784,74.733,14.666,15.173,2.295,3.652,8.587,4.146,3.972
2026-09-06,-23.6,-46.4,19.286,1.519,72.148,15.372,15.049,2.455,3.656,9.34,4.367,4.003
2026-09-06,-23.6,-46.3,19.314,1.382,71.532,15.547,14.969,2.445,3.499,9.618,4.365,3.967
2026-09-06,-23.5,-46.8,19.062,1.78,74.083,14.843,14.92,2.301,3.633,8.722,4.172,4.048
2026-09-06,-23.5,-46.7,19.102,1.786,73.505,14.905,15.019,2.318,3.7,9.131,4.169,3.974
2026-09-06,-23.5,-46.6,19.022,1.783,74.449,14.742,15.051,2.317,3.699,8.725,4.247,4.01
2026-09-06,-23.5,-46.4,18.862,1.848,74.873,14.611,15.137,2.314,3.694,8.817,4.209,3.989
2026-09-06,-23.5,-46.3,18.901,1.915,74.787,14.618,15.063,2.278,3.796,8.813,4.229,3.998
2026-09-06,-23.4,-46.8,19.151,1.621,73.431,15.411,14.551,2.285,3.49,9.015,4.499,3.861
2026-09-06,-23.4,-46.7,19.209,1.717,72.65,15.163,15.038,2.343,3.68,9.451,4.226,4.273
2026-09-06,-23.4,-46.6,19.14,1.695,72.88,15.224,14.893,2.323,3.694,9.288,4.254,4.082
2026-09-06,-23.4,-46.5,18.947,1.787,74.912,14.966,14.666,2.207,3.416,8.559,4.231,3.588
2026-09-06,-23.4,-46.4,18.991,1.752,73.98,14.86,14.943,2.299,3.69,9.296,4.287,4.139
2026-09-07,-23.8,-46.8,19.613,1.726,72.322,15.779,14.536,2.24,3.891,9.07,4.294,4.073
2026-09-07,-23.8,-46.7,19.631,1.429,71.661,16.016,14.581,2.278,3.315,9.388,4.396,4.406
2026-09-07,-23.8,-46.6,19.502,1.333,73.181,15.837,15.146,2.302,2.851,9.229,4.086,5.0
2026-09-07,-23.8,-46.5,19.513,1.512,73.462,15.47,15.249,2.306,3.005,9.623,4.072,5.177
2026-09-07,-23.7,-46.8,19.19,1.783,74.473,14.834,15.599,2.283,3.039,9.927,4.08,5.23
2026-09-07,-23.7,-46.5,19.518,1.801,72.69,15.73,14.575,2.3,3.976,9.436,4.376,4.065
2026-09-07,-23.7,-46.4,19.191,1.602,74.549,15.228,15.574,2.287,3.041,9.693,4.162,5.024
2026-09-07,-23.6,-46.8,18.702,1.98,76.361,15.184,14.716,2.198,3.013,9.23,4.226,4.254
2026-09-07,-23.6,-46.4,19.381,1.731,73.734,15.329,14.704,2.315,3.634,8.56,4.174,4.064
2026-09-07,-23.6,-46.3,19.405,1.744,73.655,15.462,14.668,2.309,3.644,8.555,4.15,4.048
2026-09-07,-23.5,-46.8,19.309,1.64,74.007,14.932,15.475,2.217,2.732,9.524,4.042,5.323
2026-09-07,-23.5,-46.7,19.392,1.677,73.68,14.939,15.496,2.215,2.96,9.512,4.057,5.261
2026-09-07,-23.5,-46.6,19.195,1.778,74.602,14.947,15.324,2.222,2.914,9.47,4.155,5.157
2026-09-07,-23.5,-46.4,18.624,1.962,76.687,14.99,14.754,2.222,2.929,9.291,4.219,4.249
2026-09-07,-23.5,-46.3,18.835,1.71,75.633,15.358,14.68,2.257,2.642,9.174,4.22,4.428
2026-09-07,-23.4,-46.8,19.33,1.528,73.49,15.287,15.084,2.198,2.87,9.175,4.239,4.919
2026-09-07,-23.4,-46.7,19.316,1.776,74.053,14.8,15.441,2.196,3.224,9.152,4.153,5.003
2026-09-07,-23.4,-46.6,19.267,1.774,74.223,15.018,15.253,2.129,3.214,8.806,4.184,4.852
2026-09-07,-23.4,-46.5,18.751,1.9,76.321,14.996,14.72,2.23,2.746,9.302,4.129,4.422
2026-09-07,-23.4,-46.4,19.199,1.742,74.428,14.969,15.492,2.194,2.982,9.498,4.167,5.242
2026-09-08,-23.8,-46.8,20.047,1.059,69.64,16.281,16.244,2.076,2.497,9.7,3.807,6.02
2026-09-08,-23.8,-46.7,20.181,0.949,69.094,16.681,16.082,2.112,2.44,9.487,3.845,6.04
2026-09-08,-23.8,-46.6,19.92,1.215,70.654,16.032,17.313,2.078,2.668,10.321,3.789,6.515
2026-09-08,-23.8,-46.5,19.881,1.229,70.951,15.942,17.109,2.074,2.574,10.411,3.811,6.487
2026-09-08,-23.7,-46.8,19.498,1.656,72.547,15.333,17.278,2.088,2.98,10.901,3.91,6.312
2026-09-08,-23.7,-46.5,20.097,1.212,69.796,16.096,17.042,2.059,2.701,10.532,3.911,6.683
2026-09-08,-23.7,-46.4,19.709,1.256,71.474,15.703,17.601,2.113,2.536,10.598,3.827,6.632
2026-09-08,-23.6,-46.8,19.095,1.629,74.043,15.521,16.026,2.174,2.76,9.765,4.007,5.677
2026-09-08,-23.6,-46.4,20.125,1.036,69.374,15.832,17.73,1.903,2.427,9.803,3.714,7.055
2026-09-08,-23.6,-46.3,20.201,1.063,69.232,15.866,17.648,1.874,2.445,9.735,3.647,7.1
2026-09-08,-23.5,-46.8,19.668,1.549,71.84,15.402,17.265,2.005,2.912,10.225,3.996,6.466
2026-09-08,-23.5,-46.7,19.721,1.64,71.728,15.435,17.267,2.005,3.062,10.34,3.971,6.428
2026-09-08,-23.5,-46.6,19.601,1.656,72.396,15.465,17.068,1.997,2.962,10.23,3.933,6.478
2026-09-08,-23.5,-46.4,18.907,1.821,74.948,15.315,15.858,2.264,2.675,9.905,4.259,5.641
2026-09-08,-23.5,-46.3,19.163,1.673,74.076,15.414,16.251,2.171,2.67,10.02,4.038,5.859
2026-09-08,-23.4,-46.8,19.634,1.622,72.131,15.336,17.075,2.068,3.039,10.3,3.902,6.29
2026-09-08,-23.4,-46.7,19.646,1.62,72.142,15.413,16.983,1.933,2.958,10.07,3.886,6.409
2026-09-08,-23.4,-46.6,19.64,1.601,72.237,15.413,17.094,1.948,2.893,10.121,3.935,6.404
2026-09-08,-23.4,-46.5,19.107,1.577,74.274,15.663,15.945,2.134,2.514,9.636,3.956,5.622
2026-09-08,-23.4,-46.4,19.565,1.511,72.369,15.461,17.188,1.929,2.643,10.152,3.964,6.343
2026-09-09,-23.8,-46.8,19.586,1.352,71.445,16.096,16.68,2.213,3.223,9.463,3.729,5.311
2026-09-09,-23.8,-46.7,19.673,1.287,70.692,15.989,16.973,2.232,3.294,9.599,3.708,5.364
2026-09-09,-23.8,-46.6,19.218,1.752,73.845,16.017,16.597,2.339,3.508,10.366,4.279,5.012
2026-09-09,-23.8,-46.5,19.13,1.91,74.216,15.845,16.584,2.305,3.88,10.463,4.263,5.068
2026-09-09,-23.7,-46.8,19.319,2.125,73.678,15.083,17.233,2.216,3.593,11.14,4.213,5.901
2026-09-09,-23.7,-46.5,19.363,1.837,72.891,15.472,16.996,2.351,3.66,10.767,4.182,5.257
2026-09-09,-23.7,-46.4,19.049,1.8,74.455,16.134,16.461,2.387,3.347,10.705,4.632,4.895
2026-09-09,-23.6,-46.8,19.554,1.757,71.913,15.278,17.504,2.137,3.313,10.643,4.13,6.534
2026-09-09,-23.6,-46.4,19.265,1.854,72.819,15.919,16.451,2.203,4.087,9.75,4.37,4.949
2026-09-09,-23.6,-46.3,19.279,1.742,72.705,15.774,16.527,2.24,3.724,9.964,4.288,4.898
2026-09-09,-23.5,-46.8,19.458,1.923,72.692,15.887,16.377,2.167,3.62,10.554,4.385,5.266
2026-09-09,-23.5,-46.7,19.392,1.975,73.202,15.732,16.477,2.161,3.71,9.865,4.291,5.26
2026-09-09,-23.5,-46.6,19.37,2.041,73.492,15.671,16.476,2.16,3.701,9.903,4.449,5.253
2026-09-09,-23.5,-46.4,19.006,1.87,74.349,15.325,16.174,2.301,3.071,10.26,4.294,5.894
2026-09-09,-23.5,-46.3,19.543,1.71,72.267,15.33,17.621,2.113,3.047,10.611,4.196,6.505
2026-09-09,-23.4,-46.8,19.382,2.008,73.327,15.688,16.429,2.178,3.657,9.912,4.391,5.259
2026-09-09,-23.4,-46.7,19.325,1.924,73.437,15.767,16.245,2.137,3.621,9.459,4.307,5.098
2026-09-09,-23.4,-46.6,19.315,1.923,73.563,15.811,16.294,2.139,3.62,9.488,4.332,5.087
2026-09-09,-23.4,-46.5,19.485,1.652,72.357,15.387,17.441,2.134,2.995,10.689,4.177,6.407
2026-09-09,-23.4,-46.4,19.332,1.926,73.589,15.71,16.493,2.154,3.475,10.022,4.519,5.238
2026-09-10,-23.8,-46.8,18.738,1.87,75.029,16.298,15.335,2.121,3.773,9.32,4.626,4.243
2026-09-10,-23.8,-46.7,18.9,1.795,74.632,16.38,15.394,2.121,3.717,9.191,4.524,4.475
2026-09-10,-23.8,-46.6,19.181,1.772,74.266,15.899,16.327,2.074,3.019,10.204,4.18,5.834
2026-09-10,-23.8,-46.5,19.124,1.888,74.518,15.718,16.333,2.076,3.135,10.386,4.195,5.822
2026-09-10,-23.7,-46.8,19.084,2.174,74.351,15.541,16.21,2.099,3.78,10.519,4.453,5.536
2026-09-10,-23.7,-46.5,19.134,2.01,74.69,15.906,15.94,2.092,3.401,10.265,4.497,5.247
2026-09-10,-23.7,-46.4,18.972,1.953,74.839,15.636,16.42,2.133,3.216,10.633,4.312,5.765
2026-09-10,-23.6,-46.8,19.029,1.943,74.068,16.505,14.917,2.055,3.596,9.498,4.72,4.217
2026-09-10,-23.6,-46.4,19.107,1.914,74.559,15.852,15.682,1.976,3.294,9.415,4.413,5.199
2026-09-10,-23.6,-46.3,19.179,1.749,74.192,16.003,15.757,1.999,3.096,9.157,4.318,5.293
2026-09-10,-23.5,-46.8,19.203,1.944,73.731,15.773,15.622,2.036,3.498,9.884,4.456,5.269
2026-09-10,-23.5,-46.7,19.166,1.984,73.811,15.797,15.625,2.043,3.565,9.839,4.48,5.214
2026-09-10,-23.5,-46.6,19.16,2.075,73.931,15.905,15.652,2.035,3.85,9.875,4.574,5.206
2026-09-10,-23.5,-46.4,19.096,1.819,73.692,15.802,16.112,2.079,3.346,9.899,4.493,5.785
2026-09-10,-23.5,-46.3,19.024,1.914,74.137,16.442,15.027,2.017,3.379,9.893,4.703,4.173
2026-09-10,-23.4,-46.8,19.234,1.919,73.641,16.021,15.589,1.986,3.641,9.7,4.455,5.2
2026-09-10,-23.4,-46.7,19.169,1.951,73.986,15.777,15.608,2.021,3.466,9.649,4.451,5.186
2026-09-10,-23.4,-46.6,19.301,1.936,73.589,15.644,16.092,1.995,3.428,9.748,4.431,5.852
2026-09-10,-23.4,-46.5,18.932,1.806,74.239,16.461,15.047,2.055,3.383,9.583,4.812,4.194
2026-09-10,-23.4,-46.4,19.234,1.821,73.428,15.799,16.156,2.027,3.205,10.106,4.487,5.883
2026-09-11,-23.8,-46.8,18.565,1.841,76.499,16.413,14.599,2.044,3.23,8.524,4.466,3.669
2026-09-11,-23.8,-46.7,18.66,1.856,76.276,16.361,14.698,2.055,3.302,8.654,4.352,3.906
2026-09-11,-23.8,-46.6,19.035,1.631,74.945,16.453,15.696,2.024,2.925,9.278,4.331,5.033
2026-09-11,-23.8,-46.5,18.796,1.606,75.537,16.445,15.742,2.111,2.859,9.418,4.442,4.966
2026-09-11,-23.7,-46.8,18.899,1.938,74.805,16.236,15.436,2.082,3.607,9.361,4.611,4.748
2026-09-11,-23.7,-46.5,18.922,1.894,75.196,16.246,15.674,2.028,3.468,9.618,4.538,5.008
2026-09-11,-23.7,-46.4,18.662,1.72,75.979,16.342,15.653,2.127,2.922,9.371,4.499,4.872
2026-09-11,-23.6,-46.8,19.218,1.77,73.631,16.508,15.429,1.952,3.54,9.198,4.641,5.109
2026-09-11,-23.6,-46.4,18.984,1.717,74.744,16.344,15.531,2.005,3.173,8.986,4.582,5.091
2026-09-11,-23.6,-46.3,19.146,1.621,74.118,16.408,15.584,1.99,2.987,8.884,4.443,5.209
2026-09-11,-23.5,-46.8,19.099,1.78,73.828,16.411,15.174,2.035,3.558,8.919,4.691,4.865
2026-09-11,-23.5,-46.7,19.088,1.852,73.922,16.28,15.128,2.052,3.624,8.96,4.739,4.886
2026-09-11,-23.5,-46.6,19.053,1.836,74.072,16.365,15.226,2.047,3.632,8.984,4.767,4.861
2026-09-11,-23.5,-46.4,18.959,1.726,74.102,16.465,15.505,2.058,3.372,9.049,4.73,5.062
2026-09-11,-23.5,-46.3,19.075,1.781,74.063,16.406,15.269,2.079,3.38,9.108,4.657,4.9
2026-09-11,-23.4,-46.8,19.176,1.699,73.682,16.435,15.262,2.0,3.291,9.051,4.58,4.966
2026-09-11,-23.4,-46.7,19.145,1.739,73.692,16.428,15.247,2.041,3.364,9.066,4.575,4.972
2026-09-11,-23.4,-46.6,19.099,1.717,74.061,16.42,15.241,1.986,3.354,8.879,4.573,4.882
2026-09-11,-23.4,-46.5,18.676,1.856,75.379,16.432,14.498,2.161,3.382,8.596,4.8,3.977
2026-09-11,-23.4,-46.4,18.901,1.81,74.594,16.226,15.288,2.064,3.44,8.873,4.648,4.609
2026-09-12,-23.8,-46.8,18.483,1.702,76.34,16.337,14.899,2.113,3.147,8.258,4.288,3.597
2026-09-12,-23.8,-46.7,18.557,1.808,76.387,16.213,14.836,2.071,3.263,8.182,4.302,3.623
2026-09-12,-23.8,-46.6,18.752,1.71,75.846,16.073,15.976,2.157,3.004,9.268,4.339,4.793
2026-09-12,-23.8,-46.5,18.215,1.818,77.358,16.107,15.013,2.277,2.983,8.341,4.493,3.605
2026-09-12,-23.7,-46.8,18.324,2.055,76.677,16.019,14.773,2.198,3.528,8.41,4.662,3.484
2026-09-12,-23.7,-46.5,18.337,1.909,76.886,16.003,14.906,2.198,3.115,8.378,4.581,3.824
2026-09-12,-23.7,-46.4,18.249,1.721,77.07,16.355,14.821,2.232,2.853,8.156,4.484,3.507
2026-09-12,-23.6,-46.8,19.024,1.723,73.867,16.318,15.882,1.968,3.515,8.741,4.525,4.859
2026-09-12,-23.6,-46.4,18.757,1.74,75.246,15.993,15.785,2.146,3.116,8.801,4.417,4.912
2026-09-12,-23.6,-46.3,18.867,1.642,74.645,16.091,15.928,2.119,3.029,8.623,4.438,4.995
2026-09-12,-23.5,-46.8,18.922,1.792,74.158,16.092,15.621,2.082,3.541,8.736,4.524,4.726
2026-09-12,-23.5,-46.7,19.034,1.82,73.72,16.204,15.845,2.008,3.615,8.728,4.473,4.887
2026-09-12,-23.5,-46.6,18.992,1.818,73.942,16.228,15.881,2.01,3.615,8.754,4.518,4.88
2026-09-12,-23.5,-46.4,18.76,1.722,74.526,16.208,15.755,2.121,3.359,8.784,4.541,4.66
2026-09-12,-23.5,-46.3,18.892,1.725,74.323,16.155,15.74,2.081,3.356,8.785,4.565,4.766
2026-09-12,-23.4,-46.8,18.976,1.673,73.936,16.147,15.657,2.081,3.337,8.862,4.516,4.735
2026-09-12,-23.4,-46.7,18.993,1.697,73.98,16.215,15.581,2.072,3.311,8.617,4.423,4.763
2026-09-12,-23.4,-46.6,18.932,1.764,74.349,16.09,15.633,2.081,3.343,8.656,4.4,4.753
2026-09-12,-23.4,-46.5,18.353,1.802,76.095,16.092,14.848,2.244,3.317,8.174,4.599,3.669
2026-09-12,-23.4,-46.4,18.35,1.94,76.255,16.039,14.833,2.219,3.361,8.341,4.696,3.772
2026-09-13,-23.8,-46.8,18.231,1.816,77.125,16.158,14.914,2.214,3.247,8.183,4.338,3.451
2026-09-13,-23.8,-46.7,18.398,1.758,76.62,16.227,14.986,2.166,3.208,8.334,4.36,3.592
2026-09-13,-23.8,-46.6,18.163,1.805,77.396,16.19,15.045,2.287,2.868,8.32,4.418,3.581
2026-09-13,-23.8,-46.5,17.596,1.858,78.745,16.071,14.601,2.211,2.849,7.212,4.386,2.88
2026-09-13,-23.7,-46.8,17.803,2.105,77.988,15.914,14.48,2.192,3.577,7.553,4.506,3.053
2026-09-13,-23.7,-46.5,17.801,1.979,78.34,15.892,14.565,2.221,3.037,7.655,4.496,3.143
2026-09-13,-23.7,-46.4,17.626,1.811,78.48,16.114,14.585,2.202,2.86,7.185,4.41,2.865
2026-09-13,-23.6,-46.8,18.816,1.686,74.486,16.408,15.752,2.035,3.277,8.427,4.385,4.456
2026-09-13,-23.6,-46.4,18.178,1.733,76.747,16.059,14.936,2.21,2.973,7.872,4.416,3.606
2026-09-13,-23.6,-46.3,18.241,1.729,76.675,16.178,14.966,2.288,2.955,7.982,4.549,3.62
2026-09-13,-23.5,-46.8,18.504,1.94,75.335,16.204,15.039,2.126,3.569,8.261,4.614,3.941
2026-09-13,-23.5,-46.7,18.821,1.959,74.322,16.134,15.969,2.033,4.041,8.75,4.561,4.802
2026-09-13,-23.5,-46.6,18.791,1.845,74.407,16.208,15.904,2.026,3.613,8.659,4.554,4.737
2026-09-13,-23.5,-46.4,18.301,1.81,75.891,16.246,15.24,2.174,3.336,8.224,4.616,3.832
2026-09-13,-23.5,-46.3,18.437,1.91,75.584,16.193,15.177,2.126,3.421,8.232,4.546,3.878
2026-09-13,-23.4,-46.8,18.851,1.77,74.203,16.212,15.834,2.035,3.385,8.875,4.533,4.761
2026-09-13,-23.4,-46.7,18.709,1.95,74.748,15.995,15.564,2.155,3.699,8.851,4.687,4.614
2026-09-13,-23.4,-46.6,18.384,2.023,75.92,16.053,14.832,2.204,3.623,8.263,4.689,3.732
2026-09-13,-23.4,-46.5,18.032,1.757,76.958,16.263,14.462,2.327,3.057,7.506,4.48,3.145
2026-09-13,-23.4,-46.4,17.789,2.024,77.739,15.944,14.429,2.257,3.381,7.438,4.582,3.12
2026-09-14,-23.8,-46.8,17.948,1.838,78.058,16.787,14.884,1.954,3.263,7.196,4.446,2.932
2026-09-14,-23.8,-46.7,18.184,1.737,77.528,16.82,14.928,2.05,3.103,7.523,4.442,3.128
2026-09-14,-23.8,-46.6,17.667,1.868,78.734,16.535,14.851,2.109,2.895,7.142,4.608,2.967
2026-09-14,-23.8,-46.5,17.477,2.356,80.219,15.573,14.632,1.972,3.802,6.594,5.036,2.929
2026-09-14,-23.7,-46.8,17.576,2.256,78.846,16.213,14.733,2.038,3.979,6.967,4.723,2.741
2026-09-14,-23.7,-46.5,17.558,2.002,79.013,16.426,14.788,2.052,3.289,7.138,4.692,2.76
2026-09-14,-23.7,-46.4,17.539,1.862,78.84,16.852,14.785,2.091,3.249,6.845,4.502,2.722
2026-09-14,-23.6,-46.8,18.46,1.888,75.721,16.826,15.129,2.015,3.421,8.153,4.713,3.418
2026-09-14,-23.6,-46.4,17.782,1.759,78.01,16.752,14.762,2.117,2.888,6.969,4.687,3.086
2026-09-14,-23.6,-46.3,17.746,1.726,77.986,16.845,14.825,2.116,2.869,6.931,4.667,3.035
2026-09-14,-23.5,-46.8,18.374,1.878,76.253,16.722,14.979,2.127,3.279,8.005,4.682,3.662
2026-09-14,-23.5,-46.7,18.546,1.966,75.397,16.789,15.233,1.997,3.826,8.328,4.725,3.875
2026-09-14,-23.5,-46.6,18.545,1.854,75.426,16.791,15.221,1.996,3.373,8.204,4.656,3.813
2026-09-14,-23.5,-46.4,18.088,1.815,76.986,16.938,14.967,2.019,3.139,7.419,4.633,3.5
2026-09-14,-23.5,-46.3,18.192,1.842,76.77,16.928,15.038,2.05,3.15,7.568,4.687,3.517
2026-09-14,-23.4,-46.8,18.594,1.827,75.264,16.836,15.171,1.972,3.303,8.226,4.673,3.813
2026-09-14,-23.4,-46.7,18.372,1.908,76.236,16.582,14.807,2.13,3.331,8.106,4.709,3.571
2026-09-14,-23.4,-46.6,18.183,1.902,76.95,16.667,14.63,2.171,3.342,7.538,4.738,3.199
2026-09-14,-23.4,-46.5,17.826,1.783,77.633,16.92,14.672,2.092,3.342,7.001,4.573,2.996
2026-09-14,-23.4,-46.4,17.689,2.015,78.39,16.519,14.619,2.089,3.537,6.801,4.738,2.827
2026-09-15,-23.8,-46.8,17.746,1.755,78.402,16.844,14.978,1.93,3.376,6.767,4.414,2.722
2026-09-15,-23.8,-46.7,17.815,1.681,78.447,16.653,15.038,1.995,2.871,6.795,4.464,2.964
2026-09-15,-23.8,-46.6,17.402,2.478,80.685,15.365,14.8,1.891,3.844,6.533,5.054,3.0
2026-09-15,-23.8,-46.5,17.864,2.304,80.459,15.986,15.013,2.193,4.045,5.522,4.596,2.607
2026-09-15,-23.7,-46.8,17.657,2.665,80.368,15.776,14.523,2.02,4.051,6.217,4.797,2.514
2026-09-15,-23.7,-46.5,17.433,2.448,80.461,15.43,14.703,1.933,3.825,6.531,5.092,2.967
2026-09-15,-23.7,-46.4,17.48,2.384,80.404,15.584,14.749,1.968,3.749,6.534,4.911,2.933
2026-09-15,-23.6,-46.8,18.395,1.704,76.248,17.135,15.094,1.985,3.208,7.345,4.414,3.219
2026-09-15,-23.6,-46.4,17.631,1.74,78.404,17.011,14.984,1.961,3.193,6.347,4.635,2.832
2026-09-15,-23.6,-46.3,17.613,1.706,78.262,17.011,14.933,2.011,3.194,6.349,4.595,2.881
2026-09-15,-23.5,-46.8,18.233,1.835,76.778,16.96,14.648,2.068,3.259,7.139,4.617,2.94
2026-09-15,-23.5,-46.7,18.271,2.05,76.754,16.712,14.938,2.076,3.788,7.514,4.721,3.325
2026-09-15,-23.5,-46.6,18.371,1.78,76.436,17.138,15.075,1.981,3.336,7.3,4.427,3.191
2026-09-15,-23.5,-46.4,17.868,1.869,77.434,16.987,14.949,2.026,3.357,6.952,4.596,3.305
2026-09-15,-23.5,-46.3,17.98,1.723,77.354,17.231,14.9,1.894,3.077,6.502,4.479,2.789
2026-09-15,-23.4,-46.8,18.51,1.71,75.814,17.101,15.091,1.925,3.238,7.52,4.498,3.337
2026-09-15,-23.4,-46.7,18.204,1.913,76.957,16.729,14.626,2.136,3.323,7.387,4.705,3.141
2026-09-15,-23.4,-46.6,17.826,1.953,77.939,16.595,14.634,2.097,3.319,6.778,4.695,3.022
2026-09-15,-23.4,-46.5,17.843,1.676,77.776,17.135,14.828,1.974,3.317,6.562,4.486,2.78
2026-09-15,-23.4,-46.4,17.847,1.8,77.593,17.054,14.928,2.044,3.407,6.767,4.5,3.157
2026-09-16,-23.8,-46.8,17.828,1.432,77.693,17.242,15.206,1.932,2.732,6.69,4.111,2.821
2026-09-16,-23.8,-46.7,17.712,1.59,78.46,16.939,15.178,1.941,2.9,6.533,4.33,2.743
2026-09-16,-23.8,-46.6,17.598,2.349,81.513,15.179,15.121,2.103,4.089,5.045,4.865,2.974
2026-09-16,-23.8,-46.5,17.573,2.36,81.25,15.35,15.026,2.018,3.581,5.546,4.936,2.522
2026-09-16,-23.7,-46.8,17.902,2.352,80.766,15.816,14.814,2.193,4.036,5.463,4.61,2.537
2026-09-16,-23.7,-46.5,17.771,2.259,80.714,15.931,15.017,2.2,4.039,5.629,4.629,2.535
2026-09-16,-23.7,-46.4,17.708,2.151,80.866,16.313,15.196,2.086,3.985,5.314,4.574,2.447
2026-09-16,-23.6,-46.8,18.53,1.69,75.884,17.317,15.218,1.97,3.191,7.468,4.435,3.582
2026-09-16,-23.6,-46.4,17.833,1.496,77.569,17.355,15.28,1.954,2.909,6.489,4.299,3.12
2026-09-16,-23.6,-46.3,17.736,1.541,77.966,17.201,14.958,2.006,2.924,6.268,4.447,2.855
2026-09-16,-23.5,-46.8,18.125,1.707,76.978,17.21,14.858,1.885,3.218,6.552,4.388,2.774
2026-09-16,-23.5,-46.7,18.218,1.884,76.934,17.058,14.94,1.934,3.805,6.912,4.522,3.037
2026-09-16,-23.5,-46.6,18.539,1.754,75.989,17.347,15.186,1.974,3.318,7.429,4.463,3.557
2026-09-16,-23.5,-46.4,17.968,1.656,77.304,17.319,15.002,1.885,3.247,6.498,4.312,2.7
2026-09-16,-23.5,-46.3,18.274,1.746,76.732,17.5,15.117,1.946,3.338,7.238,4.488,3.389
2026-09-16,-23.4,-46.8,18.479,1.677,76.016,17.158,15.078,1.997,3.209,7.247,4.41,3.16
2026-09-16,-23.4,-46.7,18.172,1.77,76.887,17.036,15.046,1.902,3.3,6.974,4.474,3.268
2026-09-16,-23.4,-46.6,17.917,1.889,77.877,16.915,14.861,1.957,3.636,6.618,4.549,2.805
2026-09-16,-23.4,-46.5,18.235,1.477,76.614,17.459,15.353,1.997,2.923,7.253,4.428,3.689
2026-09-16,-23.4,-46.4,18.0,1.653,77.5,17.199,14.991,1.923,3.208,6.453,4.343,2.758
2026-09-17,-23.8,-46.8,18.069,1.421,77.252,17.715,15.231,1.984,2.819,7.559,4.287,3.289
2026-09-17,-23.8,-46.7,17.77,1.315,77.67,17.428,15.221,1.904,2.688,6.607,4.076,2.816
2026-09-17,-23.8,-46.6,17.505,2.12,81.506,14.95,15.039,2.104,3.476,5.368,4.992,3.08
2026-09-17,-23.8,-46.5,17.633,2.224,81.429,15.451,15.187,2.061,4.023,5.121,4.861,2.997
2026-09-17,-23.7,-46.8,17.713,2.45,81.541,14.946,15.113,2.178,4.041,5.159,4.969,2.827
2026-09-17,-23.7,-46.5,17.483,2.328,81.771,14.656,15.073,2.031,3.492,5.255,5.066,2.871
2026-09-17,-23.7,-46.4,17.377,2.422,82.078,14.63,14.916,1.975,3.564,5.185,5.166,3.012
2026-09-17,-23.6,-46.8,18.743,1.58,75.242,17.622,15.399,1.983,3.169,7.806,4.385,3.98
2026-09-17,-23.6,-46.4,18.274,1.301,76.364,17.986,15.456,1.991,2.685,7.231,4.312,3.763
2026-09-17,-23.6,-46.3,18.086,1.29,76.919,17.823,15.205,2.07,2.668,6.939,4.325,3.441
2026-09-17,-23.5,-46.8,18.377,1.468,76.099,17.82,15.005,1.955,2.956,7.168,4.378,3.388
2026-09-17,-23.5,-46.7,18.131,1.747,77.034,17.243,14.785,1.904,3.333,6.671,4.454,2.785
2026-09-17,-23.5,-46.6,18.763,1.662,75.353,17.617,15.401,1.984,3.303,7.786,4.397,3.96
2026-09-17,-23.5,-46.4,18.287,1.425,76.451,17.818,15.291,1.96,2.79,7.295,4.39,3.485
2026-09-17,-23.5,-46.3,18.528,1.314,75.876,18.075,15.089,1.886,2.556,7.211,4.366,3.331
2026-09-17,-23.4,-46.8,18.715,1.576,75.287,17.469,15.439,1.989,3.206,7.804,4.325,3.837
2026-09-17,-23.4,-46.7,18.074,1.598,76.951,17.346,14.847,1.879,3.147,6.59,4.389,2.664
2026-09-17,-23.4,-46.6,18.017,1.621,77.141,17.31,15.064,1.935,3.389,6.767,4.414,3.031
2026-09-17,-23.4,-46.5,18.398,1.238,76.047,17.906,15.236,1.893,2.359,7.251,4.274,3.6
2026-09-17,-23.4,-46.4,18.284,1.348,76.529,17.728,15.135,1.905,2.703,7.179,4.266,3.341
2026-09-18,-23.8,-46.8,18.241,1.516,76.911,17.798,15.252,1.91,3.013,7.608,4.26,3.293
2026-09-18,-23.8,-46.7,18.143,1.433,77.186,17.817,15.247,1.912,2.968,7.452,4.26,3.293
2026-09-18,-23.8,-46.6,17.405,2.139,80.942,14.742,15.244,2.079,3.688,6.144,4.997,3.32
2026-09-18,-23.8,-46.5,17.399,2.174,81.696,14.839,15.122,2.032,3.466,5.334,5.005,3.034
2026-09-18,-23.7,-46.8,17.612,2.326,81.681,15.142,15.396,2.085,4.065,4.924,4.754,2.774
2026-09-18,-23.7,-46.5,17.462,2.254,81.826,15.137,15.287,1.971,3.645,5.081,4.904,2.86
2026-09-18,-23.7,-46.4,17.38,2.024,81.921,15.631,15.647,1.825,3.99,4.706,4.706,2.668
2026-09-18,-23.6,-46.8,18.961,1.507,74.459,17.819,15.548,1.857,3.045,7.674,4.289,3.915
2026-09-18,-23.6,-46.4,18.351,1.561,76.566,17.834,15.315,1.982,2.816,7.898,4.647,3.541
2026-09-18,-23.6,-46.3,18.305,1.428,76.239,17.709,15.814,1.942,2.814,8.036,4.529,4.201
2026-09-18,-23.5,-46.8,18.869,1.345,74.357,17.954,15.666,1.86,2.8,7.601,4.306,4.265
2026-09-18,-23.5,-46.7,18.389,1.468,76.254,17.892,15.13,1.929,2.896,6.805,4.322,3.306
2026-09-18,-23.5,-46.6,18.978,1.577,74.643,17.725,15.604,1.855,3.18,7.64,4.286,3.883
2026-09-18,-23.5,-46.4,18.519,1.472,75.703,17.763,15.756,1.962,2.738,8.025,4.546,4.066
2026-09-18,-23.5,-46.3,18.705,1.568,75.437,17.947,15.293,2.011,2.918,8.121,4.568,3.478
2026-09-18,-23.4,-46.8,18.966,1.487,74.356,17.823,15.638,1.856,3.073,7.676,4.247,4.077
2026-09-18,-23.4,-46.7,18.372,1.492,76.078,17.901,15.161,1.953,3.129,7.045,4.368,3.506
2026-09-18,-23.4,-46.6,18.341,1.392,76.148,17.87,15.3,1.891,3.003,7.005,4.251,3.552
2026-09-18,-23.4,-46.5,18.622,1.285,75.153,17.819,15.687,1.958,2.411,8.313,4.305,4.079
2026-09-18,-23.4,-46.4,18.583,1.249,75.338,17.783,15.694,1.926,2.358,7.945,4.354,4.196
2026-09-19,-23.8,-46.8,18.724,1.364,75.364,17.712,15.781,2.01,2.582,8.035,4.219,3.9
2026-09-19,-23.8,-46.7,18.586,1.534,75.953,17.399,15.711,2.121,2.815,8.535,4.485,3.819
2026-09-19,-23.8,-46.6,17.353,1.942,80.794,14.939,15.455,2.11,3.604,6.028,5.087,3.243
2026-09-19,-23.8,-46.5,17.446,2.006,81.429,15.177,15.405,2.029,3.537,5.42,4.922,3.0
2026-09-19,-23.7,-46.8,17.422,2.231,81.656,14.999,15.172,2.105,3.576,5.157,5.074,3.001
2026-09-19,-23.7,-46.5,17.314,2.203,81.954,15.093,15.15,2.028,3.604,5.162,5.104,3.034
2026-09-19,-23.7,-46.4,17.22,1.967,81.281,14.66,15.313,2.064,3.563,5.923,5.21,3.373
2026-09-19,-23.6,-46.8,19.786,1.427,71.532,17.45,16.917,1.943,2.944,8.952,4.363,4.864
2026-09-19,-23.6,-46.4,19.025,1.27,74.399,17.902,15.964,2.011,2.294,8.16,4.248,4.134
2026-09-19,-23.6,-46.3,18.756,1.374,75.297,17.87,15.575,2.033,2.52,7.913,4.466,3.618
2026-09-19,-23.5,-46.8,19.197,1.658,73.658,17.634,15.73,2.093,3.269,8.707,4.572,3.766
2026-09-19,-23.5,-46.7,19.155,1.479,73.971,17.827,15.862,1.994,2.874,8.264,4.452,4.098
2026-09-19,-23.5,-46.6,19.633,1.593,72.709,17.446,16.332,1.983,3.198,8.917,4.395,4.36
2026-09-19,-23.5,-46.4,19.134,1.257,73.807,18.118,16.277,1.947,2.314,8.059,4.209,4.376
2026-09-19,-23.5,-46.3,19.136,1.492,74.382,17.832,15.672,2.03,2.615,8.273,4.348,3.539
2026-09-19,-23.4,-46.8,19.771,1.499,71.598,17.342,16.855,1.933,3.103,8.99,4.333,4.893
2026-09-19,-23.4,-46.7,19.073,1.415,74.147,17.748,15.776,1.994,2.793,8.222,4.38,4.044
2026-09-19,-23.4,-46.6,18.864,1.527,74.885,17.508,15.767,2.082,2.939,8.653,4.457,4.061
2026-09-19,-23.4,-46.5,19.106,1.222,73.531,17.923,16.24,1.989,2.307,8.424,4.25,4.383
2026-09-19,-23.4,-46.4,19.109,1.271,73.529,17.789,16.212,1.995,2.361,8.536,4.314,4.471
2026-09-20,-23.8,-46.8,19.233,1.45,73.948,17.959,15.95,2.312,2.525,9.171,4.447,3.674
2026-09-20,-23.8,-46.7,19.356,1.309,73.469,18.22,15.921,2.268,2.505,8.798,4.197,3.935
2026-09-20,-23.8,-46.6,17.101,2.037,81.039,14.335,15.592,2.165,3.654,5.822,5.142,3.341
2026-09-20,-23.8,-46.5,17.162,2.034,81.029,14.519,15.49,2.149,3.636,6.006,5.223,3.399
2026-09-20,-23.7,-46.8,17.196,2.222,81.795,14.699,15.43,2.161,3.628,5.238,5.052,3.035
2026-09-20,-23.7,-46.5,17.194,2.062,81.844,14.765,15.351,2.106,3.522,5.262,5.089,3.111
2026-09-20,-23.7,-46.4,17.151,1.947,81.06,14.605,15.739,2.129,3.594,5.885,5.178,3.207
2026-09-20,-23.6,-46.8,20.455,1.676,69.372,18.069,17.085,2.591,3.614,11.257,4.801,4.389
2026-09-20,-23.6,-46.4,19.996,1.372,71.057,17.619,17.337,2.328,2.481,10.321,4.643,4.97
2026-09-20,-23.6,-46.3,19.433,1.454,73.065,17.663,16.642,2.291,2.54,9.641,4.569,4.529
2026-09-20,-23.5,-46.8,20.304,1.267,70.182,17.882,16.707,2.158,2.53,9.455,4.366,4.352
2026-09-20,-23.5,-46.7,20.326,1.287,69.92,17.772,17.195,2.147,2.582,9.632,4.436,4.679
2026-09-20,-23.5,-46.6,20.396,1.468,69.958,17.94,16.835,2.322,3.072,10.334,4.601,4.336
2026-09-20,-23.5,-46.4,19.924,1.485,71.459,17.939,16.699,2.378,2.881,10.161,4.623,4.128
2026-09-20,-23.5,-46.3,20.218,1.262,70.261,17.748,17.114,2.228,2.268,9.97,4.408,4.626
2026-09-20,-23.4,-46.8,20.546,1.545,69.172,18.141,17.056,2.45,3.393,10.754,4.635,4.342
2026-09-20,-23.4,-46.7,20.159,1.407,70.348,17.57,17.058,2.261,2.884,10.019,4.645,4.742
2026-09-20,-23.4,-46.6,19.515,1.165,72.722,18.257,15.895,2.167,2.14,8.454,4.133,3.833
2026-09-20,-23.4,-46.5,20.059,1.295,70.537,17.764,17.296,2.322,2.453,10.2,4.552,4.745
2026-09-20,-23.4,-46.4,20.088,1.263,70.39,17.901,17.113,2.258,2.538,9.931,4.524,4.695
2026-09-21,-23.8,-46.8,20.048,1.792,71.946,17.036,17.444,2.469,2.799,10.713,4.745,5.033
2026-09-21,-23.8,-46.7,20.143,1.836,72.021,17.022,17.397,2.639,2.644,11.035,5.014,4.732
2026-09-21,-23.8,-46.6,17.036,2.058,81.369,14.179,15.659,2.05,3.654,5.569,5.075,3.07
2026-09-21,-23.8,-46.5,17.138,2.143,81.298,14.102,15.701,2.126,3.652,5.787,5.048,3.32
2026-09-21,-23.7,-46.8,17.216,2.359,81.868,14.228,15.535,2.182,3.671,5.347,4.982,3.015
2026-09-21,-23.7,-46.5,17.099,2.157,81.333,14.025,15.544,2.167,3.684,6.002,5.155,3.363
2026-09-21,-23.7,-46.4,17.09,1.906,81.112,14.485,15.893,2.118,3.564,5.674,5.09,3.171
2026-09-21,-23.6,-46.8,20.878,2.041,68.811,16.692,18.682,2.786,3.702,11.972,5.388,5.305
2026-09-21,-23.6,-46.4,20.469,1.907,70.401,17.126,18.136,2.689,3.377,11.309,5.074,4.953
2026-09-21,-23.6,-46.3,20.303,1.668,71.083,17.298,17.935,2.223,2.601,9.689,4.757,5.14
2026-09-21,-23.5,-46.8,20.561,2.223,69.795,16.476,18.585,2.896,3.855,12.407,5.487,5.13
2026-09-21,-23.5,-46.7,20.524,2.212,69.891,16.583,18.603,2.886,3.865,12.261,5.404,5.201
2026-09-21,-23.5,-46.6,20.58,2.257,70.014,16.595,18.319,2.867,3.935,12.255,5.379,5.078
2026-09-21,-23.5,-46.4,20.585,1.931,69.966,17.097,18.115,2.751,3.364,11.77,5.148,4.727
2026-09-21,-23.5,-46.3,20.788,2.076,68.99,16.88,18.966,2.746,3.589,11.852,5.376,5.334
2026-09-21,-23.4,-46.8,20.823,2.093,69.056,16.658,18.587,2.824,3.758,12.11,5.415,5.205
2026-09-21,-23.4,-46.7,20.562,2.118,69.987,16.823,18.218,2.756,3.73,11.769,5.393,5.066
2026-09-21,-23.4,-46.6,20.375,1.91,70.851,17.444,17.054,2.529,3.136,10.836,5.012,4.389
2026-09-21,-23.4,-46.5,20.751,2.022,69.056,17.028,19.101,2.682,3.478,11.824,5.156,5.223
2026-09-21,-23.4,-46.4,20.796,2.046,69.034,16.763,19.064,2.742,3.458,11.788,5.423,5.276
2026-09-22,-23.8,-46.8,19.696,2.671,75.616,14.684,18.405,2.255,2.974,9.186,6.515,6.377
2026-09-22,-23.8,-46.7,19.525,2.862,76.66,13.928,18.835,2.306,3.103,9.001,6.418,6.564
2026-09-22,-23.8,-46.6,17.143,2.143,81.278,14.328,15.678,2.247,4.136,5.762,4.943,3.089
2026-09-22,-23.8,-46.5,16.959,2.46,81.795,13.434,15.727,2.082,4.169,5.893,5.036,3.102
2026-09-22,-23.7,-46.8,17.182,2.759,82.472,14.134,15.807,2.048,4.779,4.988,4.962,2.868
2026-09-22,-23.7,-46.5,16.975,2.347,82.494,13.788,15.713,2.013,3.981,5.28,4.991,3.049
2026-09-22,-23.7,-46.4,16.887,2.345,81.887,13.475,15.776,2.074,4.12,5.541,5.066,3.044
2026-09-22,-23.6,-46.8,19.616,4.105,78.244,11.877,20.462,2.059,4.409,7.917,6.916,7.163
2026-09-22,-23.6,-46.4,19.812,3.128,75.893,13.368,20.169,2.227,3.818,9.636,6.767,6.94
2026-09-22,-23.6,-46.3,19.789,2.907,75.779,13.879,19.965,2.259,3.462,9.59,6.605,6.676
2026-09-22,-23.5,-46.8,19.522,3.886,77.822,12.487,19.95,1.985,4.229,7.922,6.825,6.934
2026-09-22,-23.5,-46.7,19.411,3.893,77.892,12.62,19.611,2.028,4.366,7.902,6.726,6.787
2026-09-22,-23.5,-46.6,19.6,3.79,77.547,12.557,19.932,1.956,4.245,8.091,6.79,6.927
2026-09-22,-23.5,-46.4,19.934,3.318,75.838,12.951,20.259,2.084,3.873,9.31,6.633,6.823
2026-09-22,-23.5,-46.3,19.545,3.892,78.238,12.04,20.688,2.006,4.215,7.816,6.995,7.027
2026-09-22,-23.4,-46.8,19.586,4.083,78.112,11.965,20.479,2.039,4.382,8.048,6.929,7.096
2026-09-22,-23.4,-46.7,19.762,3.696,76.871,12.533,20.041,2.059,4.208,8.818,6.691,6.888
2026-09-22,-23.4,-46.6,19.989,3.136,75.152,13.721,19.875,2.113,3.846,9.787,6.625,6.537
2026-09-22,-23.4,-46.5,19.511,3.971,78.327,12.028,20.744,2.024,4.242,7.727,7.025,7.019
2026-09-22,-23.4,-46.4,19.473,3.94,78.439,12.016,20.756,2.045,4.222,7.67,7.027,7.1
2026-09-23,-23.8,-46.8,19.202,2.742,76.334,16.903,15.897,2.193,3.804,9.156,5.27,4.067
2026-09-23,-23.8,-46.7,19.058,2.62,76.18,17.151,15.989,2.287,3.712,9.154,5.41,3.981
2026-09-23,-23.8,-46.6,17.211,0.957,80.322,16.311,15.923,2.454,1.562,4.847,4.203,2.989
2026-09-23,-23.8,-46.5,17.01,1.04,81.802,16.524,16.018,2.275,1.552,4.009,3.971,2.934
2026-09-23,-23.7,-46.8,17.43,2.405,82.285,15.151,15.657,2.152,4.526,4.733,4.588,2.934
2026-09-23,-23.7,-46.5,17.065,1.548,82.082,15.712,15.994,2.149,2.861,4.347,4.331,2.835
2026-09-23,-23.7,-46.4,16.866,2.202,82.883,14.405,15.851,2.038,4.07,4.787,4.696,2.918
2026-09-23,-23.6,-46.8,18.608,3.221,78.1,16.091,15.934,2.184,4.607,7.985,5.602,3.239
2026-09-23,-23.6,-46.4,18.949,2.746,77.154,16.737,16.114,2.268,3.775,8.953,5.351,4.061
2026-09-23,-23.6,-46.3,18.874,2.751,77.101,16.693,16.269,2.298,3.769,9.113,5.327,4.005
2026-09-23,-23.5,-46.8,18.553,3.272,78.301,16.008,15.877,2.233,4.443,8.383,5.762,3.3
2026-09-23,-23.5,-46.7,18.567,3.31,78.255,16.04,15.899,2.211,4.461,8.383,5.758,3.317
2026-09-23,-23.5,-46.6,18.55,3.449,78.516,16.003,15.755,2.197,4.603,8.355,5.804,3.148
2026-09-23,-23.5,-46.4,18.895,2.79,77.023,16.67,15.95,2.236,3.807,8.75,5.412,3.817
2026-09-23,-23.5,-46.3,18.615,3.007,78.005,16.197,16.065,2.222,4.12,8.089,5.578,3.21
2026-09-23,-23.4,-46.8,18.452,3.69,78.63,15.75,15.838,2.24,4.974,8.492,5.889,3.287
2026-09-23,-23.4,-46.7,18.606,3.434,78.451,15.555,16.048,2.139,4.441,8.397,5.734,3.657
2026-09-23,-23.4,-46.6,18.854,2.802,77.199,16.396,15.922,2.362,3.542,9.052,5.294,3.838
2026-09-23,-23.4,-46.5,18.68,3.028,77.936,16.207,16.162,2.204,4.144,8.154,5.616,3.461
2026-09-23,-23.4,-46.4,18.511,3.219,78.222,16.049,16.118,2.26,4.338,8.435,5.899,3.515
2026-09-24,-23.8,-46.8,19.378,2.536,75.649,16.539,15.818,2.192,3.549,9.121,5.23,4.131
2026-09-24,-23.8,-46.7,19.35,2.563,75.602,16.647,16.203,2.182,3.601,9.195,5.273,4.428
2026-09-24,-23.8,-46.6,17.063,2.672,81.56,14.148,15.532,2.207,4.522,6.11,5.41,3.242
2026-09-24,-23.8,-46.5,16.751,2.462,82.963,12.886,15.425,2.016,4.031,5.152,4.774,3.252
2026-09-24,-23.7,-46.8,17.496,1.713,81.39,15.606,15.917,2.439,3.194,4.446,4.393,2.865
2026-09-24,-23.7,-46.5,17.192,1.054,80.951,15.956,15.63,2.449,1.617,4.642,4.377,3.103
2026-09-24,-23.7,-46.4,16.985,1.082,81.714,15.795,16.165,2.278,1.601,4.258,4.292,2.872
2026-09-24,-23.6,-46.8,18.792,2.806,77.003,16.707,15.445,2.084,4.122,7.253,5.437,3.572
2026-09-24,-23.6,-46.4,18.935,2.56,76.63,16.803,15.534,2.12,3.662,7.667,5.475,3.796
2026-09-24,-23.6,-46.3,18.948,2.659,76.661,16.745,15.667,2.051,3.76,7.657,5.438,3.823
2026-09-24,-23.5,-46.8,18.877,2.605,76.522,16.831,15.514,2.153,3.736,7.618,5.329,3.533
2026-09-24,-23.5,-46.7,18.916,2.747,76.398,16.796,15.703,2.151,3.949,7.845,5.425,3.756
2026-09-24,-23.5,-46.6,18.764,2.423,78.405,16.41,15.191,2.368,3.73,6.516,5.055,2.641
2026-09-24,-23.5,-46.4,18.906,2.578,76.515,16.838,15.432,2.114,3.716,7.605,5.437,3.618
2026-09-24,-23.5,-46.3,18.875,2.668,76.8,16.776,15.656,2.194,3.72,7.579,5.286,3.478
2026-09-24,-23.4,-46.8,18.937,2.548,78.257,16.655,15.104,2.331,3.988,6.54,4.918,2.59
2026-09-24,-23.4,-46.7,18.874,2.725,76.686,16.838,15.536,2.125,3.951,7.603,5.359,3.376
2026-09-24,-23.4,-46.6,18.963,2.591,76.389,16.939,15.486,2.085,3.734,7.573,5.442,3.659
2026-09-24,-23.4,-46.5,18.895,2.616,76.739,16.808,15.556,2.15,3.681,7.493,5.287,3.565
2026-09-24,-23.4,-46.4,18.702,2.543,77.077,17.096,15.491,2.181,3.68,7.171,5.455,3.35
2026-09-25,-23.8,-46.8,19.454,2.533,75.616,16.571,15.547,2.183,3.633,9.23,5.199,4.061
2026-09-25,-23.8,-46.7,19.405,2.596,75.858,16.384,15.678,2.178,3.601,9.34,5.235,4.198
2026-09-25,-23.8,-46.6,16.943,1.198,82.189,15.915,16.176,2.41,1.687,4.174,4.15,2.969
2026-09-25,-23.8,-46.5,16.781,0.944,81.81,16.16,16.413,2.193,1.339,3.946,4.422,2.718
2026-09-25,-23.7,-46.8,16.956,1.81,81.108,14.023,16.163,2.449,3.475,5.267,5.048,3.354
2026-09-25,-23.7,-46.5,16.534,2.19,82.208,12.75,16.21,2.141,3.5,5.249,5.047,3.291
2026-09-25,-23.7,-46.4,17.003,1.198,81.603,15.5,15.75,2.37,1.798,4.268,4.64,3.027
2026-09-25,-23.6,-46.8,18.876,2.708,76.713,16.557,15.215,1.989,4.106,7.358,5.524,3.771
2026-09-25,-23.6,-46.4,18.966,2.525,76.607,16.663,15.53,2.122,3.646,7.723,5.44,4.019
2026-09-25,-23.6,-46.3,18.978,2.556,76.62,16.634,15.495,2.114,3.653,7.724,5.437,3.821
2026-09-25,-23.5,-46.8,18.932,2.495,76.441,16.739,15.224,2.065,3.653,7.527,5.452,3.609
2026-09-25,-23.5,-46.7,18.954,2.53,76.332,16.76,15.308,2.09,3.721,7.71,5.446,3.606
2026-09-25,-23.5,-46.6,18.75,2.741,77.238,16.336,15.369,2.148,3.95,7.4,5.339,3.381
2026-09-25,-23.5,-46.4,18.965,2.538,76.433,16.702,15.459,2.108,3.702,7.684,5.392,3.844
2026-09-25,-23.5,-46.3,18.859,2.536,76.743,16.772,15.342,2.071,3.702,7.258,5.413,3.6
2026-09-25,-23.4,-46.8,18.709,2.808,77.253,16.216,15.416,2.119,4.186,7.301,5.417,3.423
2026-09-25,-23.4,-46.7,18.932,2.542,76.497,16.686,15.198,2.044,3.71,7.533,5.437,3.617
2026-09-25,-23.4,-46.6,19.116,2.625,76.056,16.528,15.599,2.13,3.755,8.322,5.366,3.907
2026-09-25,-23.4,-46.5,18.828,2.482,76.657,16.884,15.328,2.071,3.707,7.307,5.433,3.586
2026-09-25,-23.4,-46.4,18.778,2.499,76.651,16.996,15.384,2.057,3.703,7.202,5.439,3.518
2026-09-26,-23.8,-46.8,19.468,2.488,75.279,16.576,15.617,2.214,3.635,9.446,5.271,4.409
2026-09-26,-23.8,-46.7,19.536,2.519,75.301,16.604,15.612,2.155,3.686,9.413,5.278,4.426
2026-09-26,-23.8,-46.6,16.489,1.876,81.819,14.39,16.12,2.397,3.435,4.58,5.103,3.088
2026-09-26,-23.8,-46.5,16.87,1.143,81.2,16.595,15.772,2.477,1.593,4.177,4.368,2.965
2026-09-26,-23.7,-46.8,17.146,0.911,79.996,17.136,15.986,2.644,1.265,4.741,4.01,2.874
2026-09-26,-23.7,-46.5,16.872,0.76,80.209,17.315,16.532,2.508,0.868,4.767,4.109,2.658
2026-09-26,-23.7,-46.4,17.108,1.002,80.728,16.87,15.698,2.625,1.371,4.535,4.016,2.985
2026-09-26,-23.6,-46.8,18.966,2.715,76.553,16.655,15.249,1.959,4.151,7.348,5.548,3.945
2026-09-26,-23.6,-46.4,19.218,2.564,75.944,16.527,15.724,2.111,3.722,8.455,5.452,4.418
2026-09-26,-23.6,-46.3,19.213,2.56,75.93,16.499,15.815,2.107,3.696,8.381,5.418,4.38
2026-09-26,-23.5,-46.8,19.022,2.546,76.359,16.647,15.221,2.008,3.723,7.588,5.417,3.716
2026-09-26,-23.5,-46.7,19.213,2.622,75.909,16.452,15.443,2.058,3.813,8.33,5.383,4.108
2026-09-26,-23.5,-46.6,18.998,2.715,76.531,16.786,15.306,1.996,4.017,7.575,5.53,3.856
2026-09-26,-23.5,-46.4,19.188,2.561,75.736,16.614,15.593,2.107,3.771,8.428,5.4,4.306
2026-09-26,-23.5,-46.3,18.899,2.588,76.746,16.715,15.35,1.99,3.769,7.179,5.433,3.737
2026-09-26,-23.4,-46.8,18.949,2.758,76.505,16.745,15.246,1.952,4.197,7.318,5.53,3.863
2026-09-26,-23.4,-46.7,19.022,2.62,76.441,16.541,15.289,2.014,3.807,7.58,5.415,3.82
2026-09-26,-23.4,-46.6,19.45,2.515,74.945,16.777,15.714,2.141,3.759,8.941,5.362,4.32
2026-09-26,-23.4,-46.5,18.841,2.519,76.547,16.908,15.224,2.011,3.751,7.201,5.435,3.582
2026-09-26,-23.4,-46.4,18.851,2.544,76.63,16.833,15.206,2.002,3.745,7.196,5.433,3.596
2026-09-27,-23.8,-46.8,19.509,2.331,74.859,16.864,15.391,2.201,3.45,9.461,5.327,4.43
2026-09-27,-23.8,-46.7,19.57,2.407,74.964,16.831,15.409,2.135,3.532,9.418,5.31,4.442
2026-09-27,-23.8,-46.6,16.567,1.494,80.299,15.632,16.678,2.578,3.303,4.915,5.359,2.891
2026-09-27,-23.8,-46.5,16.521,2.483,82.323,13.815,15.888,2.296,4.12,5.313,5.74,3.098
2026-09-27,-23.7,-46.8,17.925,1.602,78.723,17.537,15.496,2.377,3.424,6.308,5.398,2.679
2026-09-27,-23.7,-46.5,18.23,0.943,77.529,19.938,15.229,2.05,2.71,5.47,3.717,2.437
2026-09-27,-23.7,-46.4,16.599,2.341,82.332,13.551,15.801,2.348,3.578,5.686,5.671,3.072
2026-09-27,-23.6,-46.8,19.258,2.533,75.562,16.602,15.498,2.097,3.81,8.598,5.569,4.314
2026-09-27,-23.6,-46.4,19.516,2.407,74.991,16.999,15.306,2.114,3.58,9.036,5.379,4.273
2026-09-27,-23.6,-46.3,19.469,2.5,75.105,16.931,15.451,2.175,3.622,9.053,5.43,4.233
2026-09-27,-23.5,-46.8,19.311,2.459,75.393,16.592,15.45,2.082,3.638,8.59,5.378,4.214
2026-09-27,-23.5,-46.7,19.555,2.496,74.699,16.78,15.477,2.1,3.697,9.049,5.422,4.328
2026-09-27,-23.5,-46.6,19.294,2.563,75.725,16.639,15.576,2.072,3.742,8.51,5.551,4.284
2026-09-27,-23.5,-46.4,19.439,2.417,74.916,17.019,15.312,2.102,3.652,8.878,5.402,4.143
2026-09-27,-23.5,-46.3,19.0,2.476,76.286,16.889,15.306,2.044,3.632,7.58,5.491,3.806
2026-09-27,-23.4,-46.8,19.004,2.542,76.065,16.786,15.126,2.141,3.775,7.889,5.644,3.91
2026-09-27,-23.4,-46.7,19.366,2.507,75.248,16.71,15.423,2.078,3.695,8.686,5.419,4.237
2026-09-27,-23.4,-46.6,19.52,2.416,74.529,16.908,15.444,2.156,3.645,9.109,5.415,4.348
2026-09-27,-23.4,-46.5,18.823,2.444,76.342,16.966,15.217,2.057,3.619,7.365,5.546,3.754
2026-09-27,-23.4,-46.4,18.98,2.444,76.243,16.933,15.276,2.031,3.627,7.6,5.502,3.744
2026-09-28,-23.8,-46.8,19.664,2.43,74.41,16.969,15.036,2.246,3.96,9.745,5.501,4.206
2026-09-28,-23.8,-46.7,19.675,2.266,74.434,17.003,15.121,2.245,3.412,9.722,5.465,4.368
2026-09-28,-23.8,-46.6,18.179,1.719,76.361,17.654,15.062,2.994,3.64,9.709,6.63,3.054
2026-09-28,-23.8,-46.5,19.135,1.739,74.384,18.734,15.331,3.408,4.185,10.697,6.557,2.832
2026-09-28,-23.7,-46.8,19.027,1.4,75.634,19.453,14.745,2.148,2.784,7.327,4.743,2.571
2026-09-28,-23.7,-46.5,18.941,2.232,75.674,18.918,15.723,2.055,3.75,7.417,6.694,4.736
2026-09-28,-23.7,-46.4,18.868,1.518,75.057,18.319,15.475,3.434,3.54,10.607,6.594,2.873
2026-09-28,-23.6,-46.8,19.656,2.27,74.127,16.986,15.395,2.197,3.464,9.337,5.661,4.414
2026-09-28,-23.6,-46.4,19.672,2.204,74.094,17.159,15.282,2.261,3.267,9.43,5.538,4.285
2026-09-28,-23.6,-46.3,19.681,2.159,73.994,17.234,15.138,2.266,3.213,9.324,5.514,4.167
2026-09-28,-23.5,-46.8,19.725,2.219,73.904,17.031,15.305,2.174,3.283,9.309,5.554,4.264
2026-09-28,-23.5,-46.7,19.703,2.34,74.052,16.898,15.442,2.22,3.396,9.508,5.64,4.44
2026-09-28,-23.5,-46.6,19.687,2.373,74.262,16.928,15.373,2.173,3.584,9.356,5.649,4.36
2026-09-28,-23.5,-46.4,19.652,2.298,74.011,17.067,15.361,2.252,3.52,9.458,5.586,4.399
2026-09-28,-23.5,-46.3,19.343,2.33,74.878,16.923,15.394,2.328,3.367,9.058,5.611,4.295
2026-09-28,-23.4,-46.8,19.474,2.216,74.615,16.904,15.323,2.253,3.286,8.903,5.575,4.333
2026-09-28,-23.4,-46.7,19.707,2.26,73.999,16.942,15.321,2.192,3.351,9.361,5.58,4.27
2026-09-28,-23.4,-46.6,19.646,2.251,73.858,17.215,15.026,2.247,3.491,9.381,5.524,4.128
2026-09-28,-23.4,-46.5,19.09,2.246,75.54,17.231,15.177,2.178,3.319,8.262,5.612,3.867
2026-09-28,-23.4,-46.4,19.422,2.255,74.864,17.024,15.438,2.161,3.353,8.837,5.581,4.22
2026-09-29,-23.8,-46.8,19.767,2.355,74.22,16.845,15.112,2.234,3.585,9.943,5.484,4.304
2026-09-29,-23.8,-46.7,19.751,2.465,74.446,16.725,15.228,2.253,3.662,10.023,5.501,4.313
2026-09-29,-23.8,-46.6,18.401,1.986,76.56,18.363,15.264,2.318,3.022,8.173,6.132,3.977
2026-09-29,-23.8,-46.5,19.794,2.515,73.766,17.376,16.846,2.231,3.286,9.768,6.374,5.299
2026-09-29,-23.7,-46.8,19.851,2.531,73.935,17.347,16.9,2.052,3.596,9.157,6.544,5.517
2026-09-29,-23.7,-46.5,19.36,2.785,75.219,17.433,16.453,2.061,4.046,8.59,6.445,5.154
2026-09-29,-23.7,-46.4,19.016,2.305,75.545,18.085,15.668,2.256,3.227,9.118,6.052,4.42
2026-09-29,-23.6,-46.8,19.753,2.431,74.137,16.562,15.627,2.222,3.55,9.665,5.652,4.691
2026-09-29,-23.6,-46.4,19.95,2.343,73.244,17.082,15.889,2.166,3.681,10.076,5.571,4.8
2026-09-29,-23.6,-46.3,19.982,2.292,73.044,17.275,15.728,2.172,3.639,9.89,5.601,4.669
2026-09-29,-23.5,-46.8,19.741,2.41,74.149,16.572,15.562,2.209,3.4,9.735,5.604,4.59
2026-09-29,-23.5,-46.7,19.803,2.429,74.067,16.651,15.664,2.183,3.461,9.758,5.582,4.614
2026-09-29,-23.5,-46.6,19.776,2.528,74.2,16.592,15.579,2.205,3.665,9.829,5.659,4.637
2026-09-29,-23.5,-46.4,19.777,2.39,73.998,16.792,15.65,2.211,3.456,9.763,5.569,4.608
2026-09-29,-23.5,-46.3,19.666,2.342,74.136,17.053,15.376,2.246,3.394,9.349,5.605,4.306
2026-09-29,-23.4,-46.8,19.782,2.287,73.948,16.922,15.319,2.158,3.367,9.356,5.53,4.368
2026-09-29,-23.4,-46.7,19.755,2.438,74.115,16.547,15.58,2.204,3.46,9.779,5.586,4.617
2026-09-29,-23.4,-46.6,19.971,2.215,72.857,17.189,15.77,2.151,3.35,9.87,5.483,4.632
2026-09-29,-23.4,-46.5,19.727,2.288,73.663,17.479,15.633,2.146,3.741,9.275,5.526,4.603
2026-09-29,-23.4,-46.4,19.718,2.273,74.024,17.116,15.386,2.204,3.394,9.404,5.522,4.302
2026-09-30,-23.8,-46.8,19.765,3.035,75.894,16.054,14.841,2.117,3.743,9.205,5.727,4.18
2026-09-30,-23.8,-46.7,19.686,3.257,76.292,15.915,15.036,2.141,4.064,9.263,5.743,4.333
2026-09-30,-23.8,-46.6,18.881,3.267,77.523,16.863,16.483,2.131,4.606,8.19,6.362,4.562
2026-09-30,-23.8,-46.5,19.4,3.596,77.286,15.535,17.158,2.215,4.799,10.04,5.912,5.164
2026-09-30,-23.7,-46.8,19.506,3.353,76.4,16.228,16.353,2.339,4.533,10.159,6.032,5.043
2026-09-30,-23.7,-46.5,19.487,3.074,75.825,16.823,16.096,2.293,4.455,9.703,6.076,4.873
2026-09-30,-23.7,-46.4,19.223,3.275,77.299,16.192,16.692,2.128,4.525,9.127,6.051,4.796
2026-09-30,-23.6,-46.8,19.85,3.001,75.645,16.127,15.238,2.052,3.499,8.99,5.85,4.546
2026-09-30,-23.6,-46.4,19.747,3.074,76.443,15.535,15.547,2.212,3.422,9.373,5.956,4.593
2026-09-30,-23.6,-46.3,19.935,2.904,75.54,15.914,15.84,2.167,3.371,9.705,5.993,4.751
2026-09-30,-23.5,-46.8,19.87,2.889,75.21,16.569,15.104,2.065,3.364,8.967,5.895,4.395
2026-09-30,-23.5,-46.7,19.788,3.005,75.73,16.12,15.168,2.108,3.399,9.061,5.814,4.418
2026-09-30,-23.5,-46.6,19.804,3.356,76.108,16.06,15.355,2.049,4.323,9.189,5.93,4.628
2026-09-30,-23.5,-46.4,19.746,3.021,75.908,16.314,15.058,2.133,3.706,9.087,5.799,4.047
2026-09-30,-23.5,-46.3,19.836,2.996,75.371,16.487,15.092,2.105,3.703,9.026,5.883,4.323
2026-09-30,-23.4,-46.8,19.808,3.089,75.902,16.16,15.269,2.036,3.876,8.979,5.783,4.539
2026-09-30,-23.4,-46.7,19.796,3.018,75.716,16.206,15.19,2.088,3.411,9.069,5.814,4.454
2026-09-30,-23.4,-46.6,19.913,3.076,75.553,15.89,15.837,2.17,3.651,9.831,5.977,4.77
2026-09-30,-23.4,-46.5,19.956,2.959,74.616,16.982,15.275,2.071,3.785,9.458,5.869,4.41
2026-09-30,-23.4,-46.4,19.918,2.864,75.014,16.738,15.124,2.103,3.399,9.188,5.88,4.149
2026-10-01,-23.8,-46.8,19.931,3.162,75.671,16.481,14.651,2.096,4.268,9.389,5.821,4.228
2026-10-01,-23.8,-46.7,19.847,3.427,75.832,16.671,14.816,2.081,4.949,9.383,5.932,4.274
2026-10-01,-23.8,-46.6,19.302,3.436,77.491,16.443,16.415,2.166,5.602,9.025,6.096,4.6
2026-10-01,-23.8,-46.5,19.257,3.492,77.329,16.397,16.438,2.224,5.308,9.554,6.053,4.961
2026-10-01,-23.7,-46.8,19.558,3.54,76.51,16.519,15.976,2.225,5.584,9.796,6.125,5.08
2026-10-01,-23.7,-46.5,19.469,3.241,76.785,16.495,15.741,2.23,4.896,9.494,5.996,4.633
2026-10-01,-23.7,-46.4,19.271,3.648,77.473,16.257,16.461,2.187,5.783,9.391,6.086,4.947
2026-10-01,-23.6,-46.8,19.909,3.081,75.696,16.283,15.09,2.06,3.873,9.06,5.883,4.48
2026-10-01,-23.6,-46.4,19.994,3.045,75.23,16.879,14.843,2.035,4.221,9.21,5.903,4.335
2026-10-01,-23.6,-46.3,19.918,3.162,75.688,16.505,14.817,2.054,4.102,9.229,5.846,4.223
2026-10-01,-23.5,-46.8,19.879,3.043,75.659,16.277,14.92,2.085,3.604,8.952,5.837,4.252
2026-10-01,-23.5,-46.7,19.939,3.112,75.517,16.395,14.931,2.068,3.942,9.041,5.86,4.411
2026-10-01,-23.5,-46.6,19.901,3.399,75.977,16.312,15.088,2.022,4.581,9.271,5.922,4.445
2026-10-01,-23.5,-46.4,19.982,2.975,75.158,16.865,14.909,2.065,3.944,9.006,5.891,4.292
2026-10-01,-23.5,-46.3,19.842,3.176,75.814,16.44,15.042,2.09,4.232,9.11,5.814,4.179
2026-10-01,-23.4,-46.8,19.949,3.118,75.531,16.405,14.98,2.04,4.15,9.237,5.838,4.346
2026-10-01,-23.4,-46.7,19.901,3.131,75.625,16.416,14.916,2.078,4.162,9.115,5.835,4.364
2026-10-01,-23.4,-46.6,19.869,3.439,75.847,16.455,14.811,2.085,4.609,9.327,5.833,4.222
2026-10-01,-23.4,-46.5,19.78,3.434,76.466,15.958,15.059,2.189,4.675,9.458,5.903,4.133
2026-10-01,-23.4,-46.4,19.835,3.019,75.759,16.454,14.91,2.107,3.895,9.003,5.828,3.938
2026-10-02,-23.8,-46.8,19.959,3.378,75.873,16.194,14.709,2.078,4.626,9.503,5.842,4.208
2026-10-02,-23.8,-46.7,19.896,3.577,76.184,16.03,14.96,2.109,5.052,9.553,5.937,4.411
2026-10-02,-23.8,-46.6,19.387,3.497,77.246,16.428,16.134,2.215,5.432,9.601,6.097,5.011
2026-10-02,-23.8,-46.5,19.443,3.474,77.213,16.383,16.213,2.121,5.441,9.491,6.075,5.096
2026-10-02,-23.7,-46.8,19.506,3.482,76.675,16.518,15.734,2.209,5.241,9.555,6.091,4.691
2026-10-02,-23.7,-46.5,19.508,3.204,76.57,16.576,15.756,2.209,4.765,9.461,6.028,4.621
2026-10-02,-23.7,-46.4,19.355,3.467,77.272,16.398,16.245,2.169,5.43,9.371,6.077,5.014
2026-10-02,-23.6,-46.8,19.973,3.037,75.42,16.369,14.905,2.061,3.859,8.974,5.869,4.462
2026-10-02,-23.6,-46.4,19.95,3.353,75.857,15.905,14.947,2.161,4.533,9.427,5.942,4.487
2026-10-02,-23.6,-46.3,19.967,3.401,75.834,16.253,14.87,2.043,4.653,9.285,5.891,4.322
2026-10-02,-23.5,-46.8,20.046,3.085,75.201,16.47,14.815,2.062,3.915,9.194,5.889,4.326
2026-10-02,-23.5,-46.7,19.954,3.313,75.535,16.321,14.825,2.058,4.423,9.183,5.93,4.362
2026-10-02,-23.5,-46.6,19.892,3.556,76.165,16.126,15.148,2.041,4.977,9.261,5.948,4.448
2026-10-02,-23.5,-46.4,19.899,3.25,75.816,16.124,15.015,2.197,4.451,9.402,5.881,4.258
2026-10-02,-23.5,-46.3,19.922,3.319,75.797,16.381,15.083,2.078,4.584,9.323,5.881,4.327
2026-10-02,-23.4,-46.8,19.937,3.268,75.668,16.208,15.039,2.067,4.47,9.237,5.903,4.433
2026-10-02,-23.4,-46.7,19.991,3.302,75.449,16.333,14.874,2.076,4.516,9.362,5.939,4.383
2026-10-02,-23.4,-46.6,19.903,3.753,76.144,16.176,14.94,2.05,5.332,9.425,5.932,4.344
2026-10-02,-23.4,-46.5,19.859,3.313,75.858,16.626,14.949,2.082,4.872,9.345,5.831,4.073
2026-10-02,-23.4,-46.4,19.977,3.118,75.564,16.625,14.889,2.075,4.188,9.283,5.875,4.056
2026-10-03,-23.8,-46.8,20.022,3.515,75.722,16.11,14.822,2.132,5.166,9.795,5.819,4.314
2026-10-03,-23.8,-46.7,19.942,3.41,75.86,16.294,14.862,2.106,4.63,9.403,5.871,4.28
2026-10-03,-23.8,-46.6,19.475,3.599,77.014,16.481,16.044,2.256,5.454,9.707,6.116,5.023
2026-10-03,-23.8,-46.5,19.438,3.551,77.201,16.279,16.247,2.181,5.284,9.702,5.999,4.954
2026-10-03,-23.7,-46.8,19.485,3.792,77.007,16.272,15.937,2.215,5.571,9.66,6.058,4.85
2026-10-03,-23.7,-46.5,19.432,3.588,76.911,16.52,15.934,2.289,5.173,9.395,6.23,4.733
2026-10-03,-23.7,-46.4,19.424,3.578,77.091,16.453,16.127,2.265,5.459,9.685,6.087,5.008
2026-10-03,-23.6,-46.8,20.066,2.997,75.563,16.391,15.091,2.033,3.955,9.208,5.896,4.346
2026-10-03,-23.6,-46.4,19.958,3.461,75.773,16.446,15.004,2.061,4.745,9.324,5.917,4.439
2026-10-03,-23.6,-46.3,19.998,3.632,75.956,16.092,15.15,2.139,5.193,9.645,6.006,4.561
2026-10-03,-23.5,-46.8,20.052,3.217,75.427,16.221,14.905,2.151,4.124,9.444,5.941,4.297
2026-10-03,-23.5,-46.7,20.028,3.466,75.9,16.271,15.162,2.023,5.031,9.44,5.966,4.422
2026-10-03,-23.5,-46.6,19.958,3.437,75.955,16.483,15.08,1.989,4.849,9.08,5.875,4.362
2026-10-03,-23.5,-46.4,19.941,3.517,75.753,16.505,15.072,2.082,4.957,9.25,5.921,4.384
2026-10-03,-23.5,-46.3,19.949,3.427,75.743,16.424,15.096,2.084,4.818,9.328,5.901,4.395
2026-10-03,-23.4,-46.8,20.009,3.393,75.562,16.476,15.066,1.997,4.976,9.235,5.876,4.411
2026-10-03,-23.4,-46.7,20.052,3.483,75.591,16.457,15.09,2.098,5.176,9.643,5.986,4.419
2026-10-03,-23.4,-46.6,19.904,3.669,75.901,16.466,14.944,2.089,5.323,9.451,5.926,4.336
2026-10-03,-23.4,-46.5,19.819,3.733,76.473,16.102,15.115,2.119,5.251,9.488,5.912,4.167
2026-10-03,-23.4,-46.4,19.945,3.348,75.859,16.204,15.007,2.199,4.728,9.518,5.963,4.183
2026-10-04,-23.8,-46.8,19.952,3.592,76.118,16.077,14.821,2.126,5.161,9.435,5.862,4.065
2026-10-04,-23.8,-46.7,19.935,3.661,76.134,16.312,14.742,2.134,5.018,9.378,5.894,3.995
2026-10-04,-23.8,-46.6,19.447,3.807,77.358,16.245,16.012,2.232,5.305,9.449,6.162,4.865
2026-10-04,-23.8,-46.5,19.428,3.826,77.62,16.111,16.265,2.191,5.329,9.513,6.055,5.008
2026-10-04,-23.7,-46.8,19.499,3.796,77.128,16.221,15.999,2.235,5.307,9.519,6.131,4.933
2026-10-04,-23.7,-46.5,19.451,4.03,77.298,16.257,16.042,2.273,5.612,9.452,6.326,4.888
2026-10-04,-23.7,-46.4,19.422,3.887,77.554,16.112,16.15,2.222,5.363,9.427,6.127,4.955
2026-10-04,-23.6,-46.8,19.884,3.302,76.567,15.533,15.22,2.108,4.244,8.998,5.882,4.375
2026-10-04,-23.6,-46.4,19.954,3.839,76.43,15.909,15.173,2.194,5.187,9.511,6.135,4.471
2026-10-04,-23.6,-46.3,19.963,3.76,76.306,16.017,15.14,2.201,5.177,9.543,6.135,4.474
2026-10-04,-23.5,-46.8,19.911,3.486,76.383,15.57,15.036,2.209,4.581,9.376,5.899,4.238
2026-10-04,-23.5,-46.7,19.95,3.605,76.302,16.112,15.221,2.075,5.025,9.277,6.049,4.409
2026-10-04,-23.5,-46.6,19.984,3.718,76.487,15.922,15.299,2.035,5.029,9.212,6.09,4.369
2026-10-04,-23.5,-46.4,19.872,3.71,76.298,16.278,15.035,2.127,4.921,9.098,6.017,4.217
2026-10-04,-23.5,-46.3,19.897,3.567,76.135,16.397,15.034,2.129,4.801,9.098,5.999,4.229
2026-10-04,-23.4,-46.8,20.047,3.616,76.018,16.146,15.135,2.087,5.044,9.326,6.073,4.374
2026-10-04,-23.4,-46.7,19.823,3.723,77.004,15.406,15.281,2.108,5.186,9.164,5.823,4.325
2026-10-04,-23.4,-46.6,19.95,3.798,76.135,16.319,14.932,2.096,5.114,9.283,6.054,4.228
2026-10-04,-23.4,-46.5,19.843,3.601,76.297,16.411,15.12,2.11,5.011,9.198,5.95,4.296
2026-10-04,-23.4,-46.4,19.866,3.612,76.268,16.386,15.106,2.124,4.991,9.152,5.952,4.276
2026-10-05,-23.8,-46.8,20.073,3.588,75.337,16.39,14.886,2.215,5.209,10.191,6.048,4.017
2026-10-05,-23.8,-46.7,20.087,3.712,75.331,16.529,14.755,2.194,5.179,10.098,6.046,4.007
2026-10-05,-23.8,-46.6,19.67,3.877,76.543,16.584,16.087,2.361,5.352,10.316,6.382,5.119
2026-10-05,-23.8,-46.5,19.89,3.579,75.365,17.135,16.192,2.489,5.275,10.776,6.504,5.015
2026-10-05,-23.7,-46.8,19.669,3.646,76.157,16.73,15.828,2.37,4.993,10.206,6.284,4.917
2026-10-05,-23.7,-46.5,19.696,3.822,76.294,16.695,16.004,2.349,5.36,10.24,6.347,4.981
2026-10-05,-23.7,-46.4,19.869,3.647,75.533,17.113,16.105,2.473,5.297,10.649,6.478,4.868
2026-10-05,-23.6,-46.8,20.117,3.317,75.143,16.788,15.156,2.11,4.437,9.694,6.088,4.461
2026-10-05,-23.6,-46.4,19.964,3.561,75.828,16.298,15.359,2.24,4.881,10.004,6.197,4.417
2026-10-05,-23.6,-46.3,20.028,3.647,75.724,16.275,15.236,2.24,4.977,10.171,6.308,4.4
2026-10-05,-23.5,-46.8,20.114,3.294,74.939,17.016,14.822,2.126,4.535,9.642,5.977,3.997
2026-10-05,-23.5,-46.7,20.079,3.656,75.451,16.617,15.086,2.082,5.004,9.724,6.17,4.254
2026-10-05,-23.5,-46.6,19.995,3.581,75.982,16.322,15.422,2.146,4.752,9.896,6.177,4.391
2026-10-05,-23.5,-46.4,20.088,3.593,75.136,16.787,15.105,2.223,4.927,9.948,6.182,4.374
2026-10-05,-23.5,-46.3,20.093,3.556,75.116,16.803,15.074,2.235,4.82,9.957,6.189,4.37
2026-10-05,-23.4,-46.8,20.123,3.571,75.378,16.482,15.184,2.179,5.161,10.111,6.252,4.406
2026-10-05,-23.4,-46.7,20.015,3.407,75.358,16.907,15.131,2.135,4.727,9.785,6.013,4.308
2026-10-05,-23.4,-46.6,20.103,3.703,75.061,16.794,14.979,2.232,5.131,10.105,6.222,4.33
2026-10-05,-23.4,-46.5,20.011,3.645,75.39,16.753,15.176,2.225,5.055,10.093,6.157,4.432
2026-10-05,-23.4,-46.4,20.027,3.613,75.334,16.791,15.072,2.237,5.011,10.053,6.088,4.302
2026-10-06,-23.8,-46.8,19.944,3.753,76.253,15.792,15.339,2.241,5.253,10.222,5.917,4.114
2026-10-06,-23.8,-46.7,19.96,3.927,76.476,15.571,15.463,2.188,5.298,10.148,5.95,4.209
2026-10-06,-23.8,-46.6,19.72,4.077,76.857,16.311,16.395,2.317,5.37,10.301,6.38,5.219
2026-10-06,-23.8,-46.5,19.577,4.102,77.629,15.865,16.796,2.198,5.355,10.019,6.061,5.196
2026-10-06,-23.7,-46.8,19.7,3.946,76.71,16.392,16.184,2.304,5.192,10.18,6.297,4.962
2026-10-06,-23.7,-46.5,19.674,4.053,76.773,16.44,16.218,2.336,5.396,10.28,6.356,5.001
2026-10-06,-23.7,-46.4,19.593,4.166,77.775,15.839,16.691,2.275,5.324,9.939,6.177,5.102
2026-10-06,-23.6,-46.8,19.91,3.802,76.747,15.423,15.799,2.118,5.13,9.686,6.074,4.444
2026-10-06,-23.6,-46.4,19.981,3.747,76.127,16.218,15.782,2.187,5.111,10.105,6.322,4.614
2026-10-06,-23.6,-46.3,20.006,3.873,76.156,16.15,15.713,2.178,5.309,10.132,6.339,4.547
2026-10-06,-23.5,-46.8,19.951,3.929,76.577,15.399,15.465,2.106,5.242,9.845,6.058,4.306
2026-10-06,-23.5,-46.7,19.916,3.868,76.719,15.476,15.851,2.113,5.232,9.743,6.044,4.412
2026-10-06,-23.5,-46.6,19.985,3.821,76.386,16.173,15.892,2.086,5.152,9.906,6.238,4.582
2026-10-06,-23.5,-46.4,19.9,3.844,76.477,15.592,15.784,2.236,5.12,10.009,5.998,4.392
2026-10-06,-23.5,-46.3,19.947,3.872,76.339,15.659,15.686,2.255,5.121,10.012,6.049,4.418
2026-10-06,-23.4,-46.8,19.892,3.966,76.767,15.411,15.667,2.098,5.443,9.778,6.056,4.275
2026-10-06,-23.4,-46.7,19.943,3.904,76.262,16.056,15.751,2.132,5.393,9.93,6.279,4.446
2026-10-06,-23.4,-46.6,19.881,3.971,76.818,15.333,15.692,2.175,5.373,9.927,6.084,4.368
2026-10-06,-23.4,-46.5,20.014,4.034,76.039,16.167,15.596,2.227,5.493,10.22,6.23,4.535
2026-10-06,-23.4,-46.4,19.967,3.816,75.887,16.284,15.509,2.252,5.273,10.146,6.137,4.396
2026-10-07,-23.8,-46.8,19.537,4.393,78.257,15.247,16.179,1.93,4.939,8.306,5.662,4.241
2026-10-07,-23.8,-46.7,19.47,4.488,78.707,14.884,16.497,1.947,5.187,8.273,5.641,4.258
2026-10-07,-23.8,-46.6,19.221,4.64,79.299,15.306,17.616,2.043,5.451,8.349,6.04,5.253
2026-10-07,-23.8,-46.5,19.115,4.361,79.422,15.338,17.572,2.047,5.072,7.794,5.834,4.987
2026-10-07,-23.7,-46.8,19.201,4.7,79.274,15.26,17.394,1.989,5.599,8.312,5.961,5.085
2026-10-07,-23.7,-46.5,19.214,4.793,79.145,15.319,17.281,2.072,5.602,8.434,6.089,5.089
2026-10-07,-23.7,-46.4,19.201,4.273,79.261,15.508,17.405,2.05,5.066,7.977,5.826,4.954
2026-10-07,-23.6,-46.8,19.572,4.424,78.348,15.173,16.488,1.909,4.866,8.152,5.703,4.575
2026-10-07,-23.6,-46.4,19.474,4.816,79.165,14.68,16.891,1.932,5.58,8.147,5.799,4.537
2026-10-07,-23.6,-46.3,19.492,4.849,79.123,14.694,16.862,1.96,5.572,8.277,5.85,4.555
2026-10-07,-23.5,-46.8,19.512,4.355,78.475,15.051,16.459,1.913,5.029,8.264,5.631,4.336
2026-10-07,-23.5,-46.7,19.588,4.383,78.433,15.293,16.632,1.829,4.81,7.956,5.67,4.586
2026-10-07,-23.5,-46.6,19.476,4.954,79.453,14.667,16.948,1.849,5.557,7.944,5.786,4.551
2026-10-07,-23.5,-46.4,19.556,4.333,78.189,15.455,16.182,1.9,4.93,8.229,5.747,4.195
2026-10-07,-23.5,-46.3,19.577,4.294,78.184,15.459,16.281,1.894,4.927,8.224,5.786,4.306
2026-10-07,-23.4,-46.8,19.619,4.426,78.426,15.288,16.606,1.8,5.053,7.951,5.685,4.577
2026-10-07,-23.4,-46.7,19.587,4.478,78.559,15.181,16.63,1.792,5.014,7.957,5.749,4.495
2026-10-07,-23.4,-46.6,19.496,4.443,78.652,15.191,16.561,1.878,4.96,8.133,5.66,4.492
2026-10-07,-23.4,-46.5,19.423,4.82,79.16,14.77,16.811,1.982,5.731,8.482,5.806,4.506
2026-10-07,-23.4,-46.4,19.525,4.482,78.48,15.206,16.409,1.971,5.469,8.566,5.81,4.275
2026-10-08,-23.8,-46.8,19.261,4.682,79.021,15.327,15.948,1.995,5.357,8.12,5.584,4.074
2026-10-08,-23.8,-46.7,19.194,3.657,79.97,15.967,15.448,2.234,4.944,7.557,5.261,3.568
2026-10-08,-23.8,-46.6,18.929,3.299,80.314,16.198,16.537,2.381,4.362,7.08,5.065,4.013
2026-10-08,-23.8,-46.5,18.937,3.348,80.285,16.203,16.585,2.344,4.478,6.869,5.098,4.063
2026-10-08,-23.7,-46.8,18.948,3.18,79.958,16.248,16.346,2.386,4.277,6.975,5.029,3.876
2026-10-08,-23.7,-46.5,18.985,3.246,80.051,16.218,16.403,2.347,4.299,7.028,5.061,3.88
2026-10-08,-23.7,-46.4,19.027,3.552,80.023,16.117,16.611,2.42,4.436,7.16,5.153,3.973
2026-10-08,-23.6,-46.8,19.435,4.577,78.803,15.398,16.388,1.824,5.247,7.51,5.565,4.472
2026-10-08,-23.6,-46.4,19.283,3.578,79.77,16.169,15.628,2.123,4.751,7.269,5.096,3.65
2026-10-08,-23.6,-46.3,19.255,3.732,79.979,15.894,15.506,2.181,4.967,7.254,5.157,3.644
2026-10-08,-23.5,-46.8,19.415,4.423,78.652,15.464,16.234,1.829,5.146,7.64,5.509,4.209
2026-10-08,-23.5,-46.7,19.453,4.525,78.838,15.462,16.414,1.806,5.195,7.44,5.537,4.318
2026-10-08,-23.5,-46.6,19.349,3.557,79.496,16.268,15.92,2.128,4.819,7.096,5.075,3.636
2026-10-08,-23.5,-46.4,19.454,4.692,78.692,15.431,16.136,1.913,5.354,7.848,5.523,4.201
2026-10-08,-23.5,-46.3,19.426,4.72,78.78,15.393,16.255,1.88,5.366,7.672,5.518,4.294
2026-10-08,-23.4,-46.8,19.423,4.715,78.999,15.38,16.418,1.798,5.476,7.513,5.558,4.322
2026-10-08,-23.4,-46.7,19.328,3.284,79.207,16.29,15.91,2.184,4.699,7.027,5.147,3.575
2026-10-08,-23.4,-46.6,19.381,3.309,79.345,16.277,15.596,2.157,4.753,7.339,5.208,3.507
2026-10-08,-23.4,-46.5,19.034,3.719,80.109,15.353,15.706,2.211,5.057,7.248,5.212,3.661
2026-10-08,-23.4,-46.4,19.358,4.606,78.894,15.472,16.269,1.893,5.369,7.821,5.482,4.221
2026-10-09,-23.8,-46.8,19.071,3.351,80.342,15.818,15.18,2.101,4.649,6.841,5.012,3.352
2026-10-09,-23.8,-46.7,19.346,3.036,80.046,16.413,15.1,2.302,4.34,6.369,4.665,2.815
2026-10-09,-23.8,-46.6,18.879,3.016,79.969,16.693,16.117,2.635,4.175,6.113,4.734,3.105
2026-10-09,-23.8,-46.5,18.881,3.029,79.98,16.701,16.134,2.634,4.18,6.11,4.743,3.148
2026-10-09,-23.7,-46.8,18.992,2.969,79.675,16.644,15.912,2.568,4.127,6.232,4.792,2.979
2026-10-09,-23.7,-46.5,18.958,3.005,79.857,16.709,16.093,2.663,4.156,6.125,4.739,3.129
2026-10-09,-23.7,-46.4,19.035,2.969,80.183,16.75,16.081,2.597,3.966,6.19,4.499,3.139
2026-10-09,-23.6,-46.8,19.331,3.399,79.699,16.067,15.895,2.164,4.627,6.53,5.034,3.59
2026-10-09,-23.6,-46.4,19.476,3.208,79.951,16.364,15.026,2.295,4.453,6.223,4.659,2.884
2026-10-09,-23.6,-46.3,19.436,3.218,79.967,16.334,15.017,2.266,4.45,6.217,4.669,2.875
2026-10-09,-23.5,-46.8,19.508,3.399,78.858,16.17,15.796,2.155,4.429,6.588,5.014,3.507
2026-10-09,-23.5,-46.7,19.494,3.5,79.2,16.079,15.954,2.187,4.462,6.389,4.987,3.485
2026-10-09,-23.5,-46.6,19.511,3.602,79.066,16.01,15.896,2.128,4.649,6.648,5.066,3.477
2026-10-09,-23.5,-46.4,19.366,3.588,79.738,15.665,15.393,2.141,4.684,6.736,5.044,3.633
2026-10-09,-23.5,-46.3,19.249,3.568,80.166,15.683,15.354,2.118,4.739,6.76,5.014,3.737
2026-10-09,-23.4,-46.8,19.323,3.451,79.771,16.043,15.857,2.171,4.791,6.526,4.962,3.547
2026-10-09,-23.4,-46.7,19.332,3.594,78.924,15.853,15.978,2.187,4.804,6.534,5.147,3.471
2026-10-09,-23.4,-46.6,19.162,3.768,79.68,15.385,15.699,2.205,5.034,6.637,5.137,3.648
2026-10-09,-23.4,-46.5,18.925,2.959,80.848,15.261,15.125,2.328,4.321,6.144,4.849,2.863
2026-10-09,-23.4,-46.4,19.471,3.487,79.328,16.004,15.616,2.08,4.629,6.694,5.009,3.523
2026-10-10,-23.8,-46.8,19.089,3.193,80.161,16.04,15.102,2.358,4.751,6.414,4.933,2.802
2026-10-10,-23.8,-46.7,18.738,3.669,80.905,15.326,15.141,2.386,5.246,6.335,5.172,2.906
2026-10-10,-23.8,-46.6,18.693,3.369,80.507,16.007,16.003,2.516,4.492,6.312,5.025,3.276
2026-10-10,-23.8,-46.5,18.692,3.391,80.527,16.075,16.019,2.518,4.491,6.316,5.016,3.318
2026-10-10,-23.7,-46.8,18.711,3.33,80.406,16.016,15.916,2.528,4.576,6.254,5.02,3.121
2026-10-10,-23.7,-46.5,18.665,3.448,80.611,16.004,15.954,2.539,4.681,6.309,5.042,3.219
2026-10-10,-23.7,-46.4,18.674,3.368,80.592,16.044,15.984,2.545,4.473,6.279,5.041,3.277
2026-10-10,-23.6,-46.8,19.379,3.219,79.214,16.493,15.454,2.361,4.688,5.941,4.883,2.656
2026-10-10,-23.6,-46.4,19.197,3.567,80.052,15.906,15.068,2.364,5.282,6.191,4.959,2.915
2026-10-10,-23.6,-46.3,19.177,3.481,80.067,15.857,15.065,2.337,5.227,6.2,4.962,2.923
2026-10-10,-23.5,-46.8,19.388,3.674,79.115,15.736,15.938,2.139,4.805,6.504,5.142,3.565
2026-10-10,-23.5,-46.7,19.379,3.757,79.215,15.757,15.954,2.162,4.841,6.501,5.129,3.573
2026-10-10,-23.5,-46.6,19.535,3.839,79.298,15.937,15.859,2.108,5.158,6.66,5.044,3.559
2026-10-10,-23.5,-46.4,19.085,3.407,80.831,15.29,15.101,2.389,5.161,6.266,4.82,2.861
2026-10-10,-23.5,-46.3,19.444,3.321,80.089,16.222,14.919,2.285,4.879,6.183,4.603,2.898
2026-10-10,-23.4,-46.8,19.381,3.23,79.203,16.494,15.472,2.362,4.684,5.902,4.857,2.665
2026-10-10,-23.4,-46.7,19.499,3.551,79.056,16.086,15.734,2.098,4.789,6.63,4.966,3.472
2026-10-10,-23.4,-46.6,19.326,2.97,80.344,16.527,15.046,2.263,4.627,6.095,4.521,2.929
2026-10-10,-23.4,-46.5,18.491,2.825,81.302,15.476,14.727,2.472,4.317,5.541,5.08,3.01
2026-10-10,-23.4,-46.4,19.149,3.845,79.818,15.368,15.666,2.16,5.374,6.674,5.147,3.707
2026-10-11,-23.8,-46.8,19.273,3.246,80.12,16.245,14.952,2.247,4.628,6.115,4.756,2.854
2026-10-11,-23.8,-46.7,19.667,1.981,80.319,17.906,14.479,2.147,2.862,5.425,3.202,2.621
2026-10-11,-23.8,-46.6,19.338,2.279,79.344,17.596,15.327,2.529,3.058,5.421,4.005,2.645
2026-10-11,-23.8,-46.5,19.368,2.284,79.299,17.64,15.292,2.512,3.055,5.411,3.954,2.654
2026-10-11,-23.7,-46.8,19.294,2.913,79.527,16.959,15.734,2.369,3.86,5.83,4.517,3.129
2026-10-11,-23.7,-46.5,19.352,2.285,79.267,17.602,15.294,2.515,3.054,5.427,3.966,2.664
2026-10-11,-23.7,-46.4,19.354,2.287,79.284,17.6,15.301,2.515,3.054,5.419,3.965,2.668
2026-10-11,-23.6,-46.8,19.5,3.644,79.135,15.859,15.854,2.082,4.7,6.311,5.053,3.608
2026-10-11,-23.6,-46.4,19.65,3.109,79.976,16.45,14.785,2.101,4.133,5.801,4.38,3.011
2026-10-11,-23.6,-46.3,19.382,3.124,79.868,16.208,14.871,2.227,4.349,5.767,4.714,2.974
2026-10-11,-23.5,-46.8,19.682,3.386,78.811,16.382,15.712,1.993,4.35,6.184,4.788,3.611
2026-10-11,-23.5,-46.7,19.616,3.456,79.074,16.27,15.813,2.069,4.347,6.335,4.761,3.631
2026-10-11,-23.5,-46.6,19.615,3.649,79.266,16.155,15.836,2.062,4.601,6.437,4.872,3.627
2026-10-11,-23.5,-46.4,19.237,2.424,80.687,16.671,14.419,2.319,3.395,5.556,4.289,3.035
2026-10-11,-23.5,-46.3,19.43,3.38,79.868,16.223,14.851,2.231,4.725,5.803,4.72,3.008
2026-10-11,-23.4,-46.8,19.487,3.69,79.129,15.861,15.864,2.1,4.884,6.353,5.054,3.576
2026-10-11,-23.4,-46.7,19.64,3.49,79.029,16.263,15.771,2.019,4.613,6.391,4.83,3.529
2026-10-11,-23.4,-46.6,18.993,3.741,80.403,15.507,14.879,2.339,5.232,5.857,4.997,2.984
2026-10-11,-23.4,-46.5,18.322,3.403,80.886,15.066,14.808,2.585,4.888,5.956,5.571,2.949
2026-10-11,-23.4,-46.4,19.444,2.723,80.36,16.905,14.898,2.068,3.955,5.672,4.24,2.965
2026-10-12,-23.8,-46.8,19.518,3.017,79.413,16.58,15.077,2.282,4.173,5.958,4.694,2.699
2026-10-12,-23.8,-46.7,20.098,2.322,76.959,17.793,17.405,1.941,3.757,7.103,4.683,5.076
2026-10-12,-23.8,-46.6,19.489,3.167,78.812,16.421,17.319,2.262,3.967,7.812,4.817,4.541
2026-10-12,-23.8,-46.5,19.474,3.162,78.931,16.39,17.334,2.278,3.917,7.825,4.819,4.546
2026-10-12,-23.7,-46.8,18.528,3.356,80.157,15.983,15.949,2.61,4.607,6.166,5.462,3.216
2026-10-12,-23.7,-46.5,19.614,3.128,78.715,16.477,17.165,2.183,3.894,7.854,4.781,4.57
2026-10-12,-23.7,-46.4,19.485,3.163,78.9,16.393,17.368,2.277,3.92,7.854,4.83,4.569
2026-10-12,-23.6,-46.8,19.692,3.463,78.771,16.428,16.019,2.104,4.275,6.303,4.859,3.56
2026-10-12,-23.6,-46.4,19.616,3.324,79.368,16.451,15.12,2.213,4.559,5.653,4.692,2.846
2026-10-12,-23.6,-46.3,19.629,3.219,79.341,16.534,15.129,2.236,4.461,5.673,4.728,2.829
2026-10-12,-23.5,-46.8,19.579,3.617,78.972,16.013,15.993,2.097,4.589,6.211,5.026,3.503
2026-10-12,-23.5,-46.7,19.506,3.757,79.066,16.026,16.117,2.182,4.733,6.259,5.062,3.54
2026-10-12,-23.5,-46.6,19.682,3.608,79.098,16.236,16.199,2.118,4.404,6.302,4.89,3.616
2026-10-12,-23.5,-46.4,18.13,3.782,81.287,14.166,14.939,2.599,4.995,6.087,5.679,2.986
2026-10-12,-23.5,-46.3,19.632,3.288,79.265,16.566,15.123,2.244,4.513,5.669,4.716,2.849
2026-10-12,-23.4,-46.8,19.673,3.6,78.87,16.373,16.103,2.141,4.59,6.372,4.884,3.575
2026-10-12,-23.4,-46.7,19.541,3.657,78.978,16.13,15.978,2.123,4.772,6.282,4.994,3.472
2026-10-12,-23.4,-46.6,20.13,2.658,78.425,17.29,15.206,2.009,3.305,5.253,4.079,2.546
2026-10-12,-23.4,-46.5,19.558,2.042,79.32,17.544,14.982,2.291,3.056,5.346,4.134,2.266
2026-10-12,-23.4,-46.4,18.343,4.233,80.98,14.294,15.368,2.487,5.483,6.104,5.587,3.138
2026-10-13,-23.8,-46.8,19.248,3.638,80.025,15.466,15.772,2.213,4.535,6.721,5.108,3.429
2026-10-13,-23.8,-46.7,19.15,5.484,81.468,12.919,18.686,1.916,4.386,5.976,4.799,4.405
2026-10-13,-23.8,-46.6,18.903,3.885,80.317,15.943,17.136,2.455,4.677,6.443,4.946,4.046
2026-10-13,-23.8,-46.5,18.929,3.796,80.364,16.019,17.198,2.459,4.576,6.618,4.972,4.1
2026-10-13,-23.7,-46.8,19.4,2.57,78.621,17.714,15.952,2.473,3.444,5.298,4.344,2.967
2026-10-13,-23.7,-46.5,18.962,3.801,80.386,15.898,17.088,2.372,4.606,6.412,4.944,3.971
2026-10-13,-23.7,-46.4,18.897,3.795,80.322,15.913,17.144,2.472,4.552,6.637,4.967,4.035
2026-10-13,-23.6,-46.8,19.546,3.732,79.201,15.845,16.273,2.127,4.555,6.144,4.993,3.701
2026-10-13,-23.6,-46.4,19.178,3.539,80.191,15.07,15.916,2.202,4.592,6.267,4.984,3.512
2026-10-13,-23.6,-46.3,19.183,3.449,80.144,15.048,15.925,2.22,4.395,6.319,4.965,3.523
2026-10-13,-23.5,-46.8,19.697,3.485,78.75,16.393,16.115,2.111,4.373,6.132,4.894,3.679
2026-10-13,-23.5,-46.7,19.708,3.563,78.851,16.332,16.213,2.142,4.402,6.148,4.897,3.752
2026-10-13,-23.5,-46.6,19.631,3.658,79.265,16.133,16.333,2.144,4.396,6.212,4.862,3.713
2026-10-13,-23.5,-46.4,19.677,2.252,80.385,18.03,15.144,2.11,3.541,5.055,3.035,2.42
2026-10-13,-23.5,-46.3,19.427,3.682,79.621,15.576,15.816,2.098,4.626,6.195,4.944,3.62
2026-10-13,-23.4,-46.8,19.641,3.698,79.156,16.148,16.305,2.126,4.585,6.174,4.854,3.709
2026-10-13,-23.4,-46.7,19.664,3.463,78.89,16.338,16.189,2.104,4.396,6.205,4.862,3.652
2026-10-13,-23.4,-46.6,19.533,4.805,80.474,13.304,18.08,1.79,4.497,5.895,4.714,4.333
2026-10-13,-23.4,-46.5,19.899,2.964,77.594,16.722,16.826,1.914,4.107,6.781,5.087,4.055
2026-10-13,-23.4,-46.4,19.624,2.231,80.377,18.176,15.249,2.123,3.531,4.856,3.046,2.415
2026-10-14,-23.8,-46.8,19.961,2.274,78.949,18.087,15.164,1.955,3.27,5.195,3.726,2.271
2026-10-14,-23.8,-46.7,18.749,1.458,82.041,18.558,15.87,2.453,2.357,3.956,3.005,2.53
2026-10-14,-23.8,-46.6,19.427,2.408,79.449,18.156,15.907,2.359,3.378,5.155,3.727,2.823
2026-10-14,-23.8,-46.5,19.415,2.438,79.462,18.102,16.012,2.384,3.411,5.127,3.768,3.02
2026-10-14,-23.7,-46.8,19.669,2.773,78.133,17.497,16.864,2.046,3.969,7.122,4.405,4.178
2026-10-14,-23.7,-46.5,19.497,2.419,79.483,17.981,15.927,2.286,3.333,5.121,3.815,2.769
2026-10-14,-23.7,-46.4,19.418,2.449,79.471,18.076,16.008,2.37,3.394,5.184,3.791,3.018
2026-10-14,-23.6,-46.8,19.723,2.701,78.073,17.815,15.544,2.068,3.799,6.067,4.46,3.252
2026-10-14,-23.6,-46.4,19.271,2.348,80.155,17.347,14.872,2.136,3.777,5.328,4.343,2.648
2026-10-14,-23.6,-46.3,19.293,2.349,80.087,17.407,14.891,2.12,3.777,5.304,4.323,2.632
2026-10-14,-23.5,-46.8,19.609,2.97,78.296,17.394,15.587,2.11,4.288,6.037,4.805,3.286
2026-10-14,-23.5,-46.7,19.723,2.968,78.267,17.617,15.674,2.109,4.182,6.084,4.545,3.296
2026-10-14,-23.5,-46.6,19.715,2.952,78.544,17.629,15.676,2.069,4.244,6.111,4.598,3.223
2026-10-14,-23.5,-46.4,20.061,2.287,78.692,18.198,15.553,1.849,3.757,5.727,4.457,3.651
2026-10-14,-23.5,-46.3,19.802,2.402,79.364,17.619,14.952,2.034,3.397,5.189,3.978,2.639
2026-10-14,-23.4,-46.8,19.718,2.888,78.27,17.705,15.649,2.08,4.214,6.11,4.545,3.187
2026-10-14,-23.4,-46.7,19.589,3.009,78.363,17.43,15.626,2.14,4.506,6.111,4.746,3.291
2026-10-14,-23.4,-46.6,18.988,1.806,81.008,17.97,15.679,2.009,3.047,4.752,3.631,2.753
2026-10-14,-23.4,-46.5,19.448,3.939,79.068,16.534,16.589,1.763,5.129,6.621,5.335,4.207
2026-10-14,-23.4,-46.4,19.927,2.239,78.594,18.39,15.731,1.913,3.835,5.483,4.464,3.534
2026-10-15,-23.8,-46.8,19.859,2.969,78.934,17.001,16.298,2.022,3.816,6.609,4.882,3.909
2026-10-15,-23.8,-46.7,19.585,0.764,78.17,20.574,16.191,1.876,1.928,5.672,2.979,3.775
2026-10-15,-23.8,-46.6,19.587,2.976,78.686,17.466,16.56,2.151,4.079,7.544,4.667,4.359
2026-10-15,-23.8,-46.5,19.603,2.892,78.58,17.528,16.554,2.172,3.993,7.616,4.643,4.32
2026-10-15,-23.7,-46.8,19.353,3.695,78.82,17.137,16.941,2.007,4.56,7.451,5.379,4.448
2026-10-15,-23.7,-46.5,19.706,2.962,78.638,17.366,16.489,2.039,3.983,7.399,4.662,4.265
2026-10-15,-23.7,-46.4,19.615,2.869,78.539,17.574,16.552,2.149,3.992,7.539,4.637,4.307
2026-10-15,-23.6,-46.8,19.76,4.267,78.316,16.526,16.907,1.893,4.537,6.803,5.698,4.687
2026-10-15,-23.6,-46.4,20.081,2.086,77.853,18.149,15.591,1.851,3.415,6.115,4.302,3.944
2026-10-15,-23.6,-46.3,20.091,2.069,78.032,18.384,15.359,1.833,3.419,5.687,4.257,3.469
2026-10-15,-23.5,-46.8,19.739,4.317,77.921,16.966,16.524,1.79,5.349,6.82,5.65,4.495
2026-10-15,-23.5,-46.7,19.765,4.415,78.23,16.694,16.689,1.872,5.219,6.848,5.586,4.611
2026-10-15,-23.5,-46.6,19.895,3.052,78.239,17.533,15.896,1.935,4.33,6.055,4.38,3.658
2026-10-15,-23.5,-46.4,19.858,3.155,79.527,16.614,16.503,1.973,3.918,5.715,4.932,4.097
2026-10-15,-23.5,-46.3,19.894,2.6,78.372,17.385,16.004,1.869,3.665,6.241,4.581,3.792
2026-10-15,-23.4,-46.8,19.822,4.246,77.988,16.776,16.641,1.909,4.682,6.944,5.674,4.579
2026-10-15,-23.4,-46.7,19.791,3.968,77.478,17.341,16.243,1.855,5.14,6.95,5.592,4.317
2026-10-15,-23.4,-46.6,19.612,0.587,77.831,20.58,15.566,1.798,1.1,4.58,2.743,3.093
2026-10-15,-23.4,-46.5,19.568,2.72,78.899,17.71,15.159,2.052,4.465,6.37,4.595,2.713
2026-10-15,-23.4,-46.4,19.816,2.9,78.678,17.359,16.034,1.958,4.068,6.407,5.04,3.803
2026-10-16,-23.8,-46.8,19.357,3.832,80.439,16.473,14.975,2.354,5.536,7.514,5.493,3.392
2026-10-16,-23.8,-46.7,20.083,3.959,76.171,18.319,16.654,2.081,5.286,7.313,6.489,5.38
2026-10-16,-23.8,-46.6,19.507,4.096,79.886,16.904,16.261,2.335,5.559,8.106,4.933,4.431
2026-10-16,-23.8,-46.5,19.547,3.85,79.433,17.149,16.579,2.279,5.489,8.275,4.865,4.646
2026-10-16,-23.7,-46.8,19.345,3.951,80.244,16.951,15.783,2.347,5.435,7.827,4.911,4.066
2026-10-16,-23.7,-46.5,19.673,3.944,80.013,16.957,16.032,2.147,5.354,8.0,4.855,4.343
2026-10-16,-23.7,-46.4,19.547,3.858,79.467,17.113,16.59,2.279,5.485,8.27,4.858,4.645
2026-10-16,-23.6,-46.8,19.894,5.074,78.165,16.996,16.138,1.938,6.55,7.812,5.741,4.888
2026-10-16,-23.6,-46.4,20.202,4.944,77.949,16.482,16.5,2.028,5.442,7.367,5.893,4.836
2026-10-16,-23.6,-46.3,20.155,5.009,78.197,16.489,16.513,2.059,5.436,7.467,5.896,4.848
2026-10-16,-23.5,-46.8,19.929,5.171,77.921,17.131,15.956,1.934,6.77,7.859,5.8,4.597
2026-10-16,-23.5,-46.7,19.914,5.107,78.306,16.924,16.163,1.88,6.583,7.543,5.762,4.706
2026-10-16,-23.5,-46.6,19.988,4.724,77.946,17.146,16.032,1.999,5.948,7.523,5.612,4.747
2026-10-16,-23.5,-46.4,19.344,3.961,81.971,15.511,14.728,2.249,5.679,5.949,5.126,3.034
2026-10-16,-23.5,-46.3,20.013,4.317,77.63,17.242,15.68,1.884,5.614,7.485,5.622,4.273
2026-10-16,-23.4,-46.8,19.894,5.236,78.218,17.023,16.077,1.968,6.811,7.892,5.779,4.687
2026-10-16,-23.4,-46.7,19.957,5.305,77.872,17.046,16.221,1.984,6.687,7.916,5.892,4.848
2026-10-16,-23.4,-46.6,20.573,3.616,74.49,19.643,15.503,2.143,4.649,7.092,5.962,5.093
2026-10-16,-23.4,-46.5,20.041,3.796,78.449,17.291,15.841,1.887,5.876,7.823,5.205,4.227
2026-10-16,-23.4,-46.4,19.923,3.867,79.097,16.996,15.399,2.045,5.776,7.879,5.219,4.028
2026-10-17,-23.8,-46.8,19.863,3.71,80.835,16.686,14.312,2.079,5.239,6.996,4.801,2.921
2026-10-17,-23.8,-46.7,19.898,7.473,80.181,15.289,17.357,2.096,7.79,8.512,6.05,5.511
2026-10-17,-23.8,-46.6,19.485,4.103,81.177,16.732,15.214,2.376,5.446,7.168,4.875,3.468
2026-10-17,-23.8,-46.5,19.289,4.102,80.323,16.819,15.765,2.438,5.514,7.927,5.0,4.09
2026-10-17,-23.7,-46.8,19.658,4.01,80.944,16.803,15.008,2.158,5.412,7.108,4.795,3.263
2026-10-17,-23.7,-46.5,19.637,4.043,81.168,16.689,15.116,2.21,5.334,7.063,4.789,3.375
2026-10-17,-23.7,-46.4,19.319,4.148,80.483,16.749,15.768,2.46,5.525,7.859,5.015,4.118
2026-10-17,-23.6,-46.8,20.059,5.235,78.01,17.233,16.08,1.903,6.956,7.835,5.775,4.886
2026-10-17,-23.6,-46.4,19.951,5.971,79.489,16.174,16.268,1.976,7.638,7.685,5.493,4.758
2026-10-17,-23.6,-46.3,19.867,6.049,79.638,16.105,16.337,2.019,7.647,7.783,5.493,4.875
2026-10-17,-23.5,-46.8,20.067,5.229,77.926,17.116,15.948,1.927,6.715,7.796,5.782,4.741
2026-10-17,-23.5,-46.7,20.001,5.199,78.044,17.077,16.078,1.944,6.725,7.688,5.727,4.794
2026-10-17,-23.5,-46.6,20.033,5.474,78.442,16.869,16.187,2.002,7.158,7.874,5.758,4.931
2026-10-17,-23.5,-46.4,20.057,3.649,81.46,16.801,14.381,2.194,5.063,6.17,4.439,3.125
2026-10-17,-23.5,-46.3,20.048,5.323,78.513,16.785,16.033,1.971,7.038,7.957,5.7,4.559
2026-10-17,-23.4,-46.8,19.982,5.336,78.0,17.102,16.027,1.959,6.95,7.826,5.766,4.785
2026-10-17,-23.4,-46.7,20.054,5.609,78.408,16.895,16.06,1.984,7.21,8.047,5.773,4.827
2026-10-17,-23.4,-46.6,20.083,8.968,81.073,13.831,18.995,1.818,8.795,7.453,5.941,5.755
2026-10-17,-23.4,-46.5,19.909,5.614,78.708,16.768,16.089,2.013,7.426,8.437,5.759,4.823
2026-10-17,-23.4,-46.4,19.662,4.331,80.653,15.906,14.722,2.087,6.179,7.66,5.226,3.555
2026-10-18,-23.8,-46.8,19.035,2.926,80.945,17.132,16.467,3.131,4.55,5.641,4.053,4.137
2026-10-18,-23.8,-46.7,18.416,4.74,82.892,15.28,16.841,2.833,7.098,6.191,4.779,4.492
2026-10-18,-23.8,-46.6,18.558,4.094,81.952,16.575,17.282,3.133,6.132,6.458,4.408,4.772
2026-10-18,-23.8,-46.5,18.552,3.795,81.299,16.783,16.953,2.985,5.499,6.944,4.64,4.824
2026-10-18,-23.7,-46.8,18.72,4.105,81.741,16.687,17.168,3.064,6.13,6.477,4.399,4.759
2026-10-18,-23.7,-46.5,18.734,4.114,81.846,16.639,17.194,3.051,6.131,6.489,4.437,4.829
2026-10-18,-23.7,-46.4,18.592,3.796,81.332,16.761,16.934,2.948,5.498,6.932,4.624,4.818
2026-10-18,-23.6,-46.8,19.782,6.585,79.406,16.412,17.002,2.277,8.413,8.196,5.863,5.38
2026-10-18,-23.6,-46.4,19.126,3.684,80.354,16.745,16.615,2.821,5.403,6.987,4.829,4.705
2026-10-18,-23.6,-46.3,19.11,3.164,80.704,16.849,16.469,2.984,4.447,6.0,4.365,4.292
2026-10-18,-23.5,-46.8,19.783,6.605,79.277,16.332,16.825,2.308,8.246,8.102,5.872,5.221
2026-10-18,-23.5,-46.7,19.723,6.089,78.942,16.602,16.784,2.28,7.984,8.18,5.941,5.283
2026-10-18,-23.5,-46.6,19.695,6.005,79.017,16.569,16.807,2.292,7.903,8.045,5.917,5.181
2026-10-18,-23.5,-46.4,19.092,3.078,80.907,16.941,16.447,3.137,4.739,5.713,4.035,4.378
2026-10-18,-23.5,-46.3,19.18,3.668,80.104,16.644,16.408,2.737,5.511,6.95,4.842,4.585
2026-10-18,-23.4,-46.8,19.733,6.056,78.899,16.756,16.826,2.242,8.103,8.188,5.935,5.235
2026-10-18,-23.4,-46.7,19.743,6.621,79.355,16.292,16.878,2.307,8.341,8.128,5.877,5.251
2026-10-18,-23.4,-46.6,17.7,3.609,83.513,15.372,17.206,3.003,5.55,4.346,3.906,3.837
2026-10-18,-23.4,-46.5,19.049,3.734,80.106,16.856,16.619,2.787,5.762,7.067,4.918,4.754
2026-10-18,-23.4,-46.4,18.967,3.749,82.049,16.333,16.136,2.997,5.444,5.886,4.447,4.485
2026-10-19,-23.8,-46.8,18.316,2.027,80.123,17.594,17.114,2.988,3.664,5.716,4.745,4.22
2026-10-19,-23.8,-46.7,18.62,3.566,82.363,16.824,16.941,3.083,5.773,5.03,4.688,3.915
2026-10-19,-23.8,-46.6,18.358,3.372,81.951,17.52,18.003,3.144,5.549,5.364,4.388,4.554
2026-10-19,-23.8,-46.5,18.253,3.562,82.01,17.371,18.187,3.203,5.706,5.441,4.455,4.627
2026-10-19,-23.7,-46.8,18.449,3.477,81.82,17.349,17.914,3.181,5.705,5.382,4.343,4.458
2026-10-19,-23.7,-46.5,18.42,3.438,81.886,17.352,18.033,3.172,5.534,5.378,4.328,4.66
2026-10-19,-23.7,-46.4,18.324,3.522,81.961,17.28,18.136,3.222,5.682,5.43,4.331,4.642
2026-10-19,-23.6,-46.8,19.024,3.683,79.7,17.117,16.906,2.996,5.535,6.601,4.93,4.495
2026-10-19,-23.6,-46.4,18.876,2.674,80.199,17.603,16.795,3.119,4.119,5.452,4.28,4.021
2026-10-19,-23.6,-46.3,18.778,2.352,80.436,17.813,17.075,3.348,3.89,4.847,4.132,4.082
2026-10-19,-23.5,-46.8,19.074,3.587,79.496,17.21,16.899,2.981,5.482,6.504,4.859,4.508
2026-10-19,-23.5,-46.7,19.005,3.721,79.443,17.285,16.747,3.033,5.591,6.794,4.989,4.459
2026-10-19,-23.5,-46.6,19.014,3.691,79.528,17.244,16.856,3.021,5.735,6.709,4.957,4.342
2026-10-19,-23.5,-46.4,18.793,2.34,80.47,17.856,17.127,3.306,3.924,4.901,4.143,4.194
2026-10-19,-23.5,-46.3,19.02,2.807,80.211,17.646,16.611,3.111,4.315,5.561,4.349,4.099
2026-10-19,-23.4,-46.8,18.995,3.74,79.473,17.283,16.817,3.023,5.738,6.842,4.957,4.434
2026-10-19,-23.4,-46.7,19.012,3.792,79.39,17.262,16.817,3.016,5.882,6.853,4.982,4.37
2026-10-19,-23.4,-46.6,18.486,3.076,82.079,17.26,17.208,3.193,5.053,4.943,4.383,3.941
2026-10-19,-23.4,-46.5,18.802,3.065,80.525,17.37,16.827,3.086,4.754,5.703,4.493,4.075
2026-10-19,-23.4,-46.4,19.248,2.543,80.696,17.797,16.911,3.278,4.122,4.7,3.737,4.189
2026-10-20,-23.8,-46.8,19.344,1.287,76.496,20.327,16.346,2.063,3.043,6.576,4.654,4.378
2026-10-20,-23.8,-46.7,19.087,2.423,80.402,18.725,16.573,3.128,4.052,4.459,4.354,2.752
2026-10-20,-23.8,-46.6,18.924,1.665,79.334,19.845,17.237,2.923,3.138,4.841,3.961,3.007
2026-10-20,-23.8,-46.5,18.627,2.404,80.469,19.223,17.348,3.013,4.522,4.946,4.436,2.867
2026-10-20,-23.7,-46.8,19.045,1.679,79.224,19.646,17.102,2.872,3.122,4.741,4.013,2.988
2026-10-20,-23.7,-46.5,19.009,1.674,79.421,19.631,17.067,2.889,3.125,4.859,4.018,3.085
2026-10-20,-23.7,-46.4,18.848,1.726,79.375,19.764,17.323,2.963,3.202,4.888,4.017,3.082
2026-10-20,-23.6,-46.8,19.597,2.41,79.284,18.607,16.3,2.899,3.636,4.805,4.323,2.864
2026-10-20,-23.6,-46.4,19.664,1.867,76.888,19.317,16.756,2.491,3.529,6.039,4.181,4.091
2026-10-20,-23.6,-46.3,19.493,1.59,76.203,19.34,17.394,2.537,3.21,7.012,4.476,5.113
2026-10-20,-23.5,-46.8,19.624,2.886,78.249,18.537,16.32,2.633,4.708,5.647,4.798,3.613
2026-10-20,-23.5,-46.7,19.641,2.848,78.115,18.713,16.163,2.656,4.725,5.799,4.731,3.658
2026-10-20,-23.5,-46.6,19.81,2.633,79.131,18.693,16.343,2.816,4.161,5.135,4.305,3.058
2026-10-20,-23.5,-46.4,19.478,1.615,75.791,19.319,17.495,2.464,3.598,7.238,4.583,5.435
2026-10-20,-23.5,-46.3,19.674,1.978,76.956,19.204,16.7,2.529,3.909,6.073,4.466,4.151
2026-10-20,-23.4,-46.8,19.584,2.805,78.156,18.848,16.193,2.64,4.894,5.58,4.7,3.52
2026-10-20,-23.4,-46.7,19.64,2.807,78.029,18.772,16.247,2.647,4.876,5.783,4.748,3.592
2026-10-20,-23.4,-46.6,19.194,1.564,79.161,19.714,16.742,2.913,2.708,4.744,3.834,3.129
2026-10-20,-23.4,-46.5,19.671,1.895,78.982,19.367,16.683,2.776,3.369,4.782,3.979,3.197
2026-10-20,-23.4,-46.4,20.147,1.555,77.267,18.826,17.966,2.51,2.69,6.826,4.165,5.308
2026-10-21,-23.8,-46.8,19.706,4.39,76.671,18.703,16.659,2.435,5.784,7.597,6.619,5.074
2026-10-21,-23.8,-46.7,19.839,2.393,78.968,19.398,16.518,2.479,4.07,5.859,5.092,4.016
2026-10-21,-23.8,-46.6,19.03,2.205,77.985,20.005,16.616,2.088,4.102,6.557,5.368,4.287
2026-10-21,-23.8,-46.5,18.848,1.606,78.308,20.556,16.789,2.54,3.4,6.23,4.948,3.831
2026-10-21,-23.7,-46.8,19.206,2.121,77.633,19.846,16.566,2.034,3.989,6.582,5.347,4.248
2026-10-21,-23.7,-46.5,19.159,2.184,77.978,19.713,16.658,2.065,4.014,6.817,5.354,4.285
2026-10-21,-23.7,-46.4,18.972,2.152,78.105,20.076,16.573,2.115,4.052,6.534,5.375,4.255
2026-10-21,-23.6,-46.8,19.904,3.132,78.159,18.532,16.649,2.388,4.754,6.275,5.144,4.129
2026-10-21,-23.6,-46.4,19.768,4.462,77.003,18.042,17.103,2.35,5.716,7.421,6.517,5.212
2026-10-21,-23.6,-46.3,19.673,4.301,76.626,18.609,16.692,2.405,5.838,7.389,6.429,4.889
2026-10-21,-23.5,-46.8,19.952,4.749,77.197,18.262,16.83,2.266,6.26,6.999,5.942,4.741
2026-10-21,-23.5,-46.7,19.922,4.779,77.212,18.316,16.769,2.261,6.525,7.171,5.97,4.778
2026-10-21,-23.5,-46.6,19.953,3.362,78.62,18.175,17.007,2.283,4.862,6.004,5.411,4.383
2026-10-21,-23.5,-46.4,19.732,4.265,76.726,18.364,16.718,2.211,5.629,7.148,6.16,4.811
2026-10-21,-23.5,-46.3,19.761,4.807,77.29,17.886,17.155,2.279,6.035,7.36,6.422,5.159
2026-10-21,-23.4,-46.8,19.892,4.895,77.429,18.168,16.998,2.294,6.448,7.228,6.085,4.861
2026-10-21,-23.4,-46.7,19.933,4.915,77.284,18.188,16.923,2.267,6.463,7.239,6.098,4.892
2026-10-21,-23.4,-46.6,19.489,2.769,77.512,19.581,16.24,2.161,4.618,6.271,5.453,4.259
2026-10-21,-23.4,-46.5,19.792,3.038,77.585,18.857,16.849,2.201,4.471,6.518,5.636,4.594
2026-10-21,-23.4,-46.4,19.862,5.585,78.828,16.787,17.517,2.151,6.055,6.979,6.019,5.004
2026-10-22,-23.8,-46.8,19.615,5.913,78.617,17.082,17.226,2.079,7.711,7.744,6.433,5.113
2026-10-22,-23.8,-46.7,19.785,3.472,78.937,18.306,17.075,2.451,5.095,6.49,5.726,4.453
2026-10-22,-23.8,-46.6,19.363,4.233,78.139,17.989,17.612,2.271,5.804,7.051,6.278,5.119
2026-10-22,-23.8,-46.5,19.21,3.925,78.165,18.134,17.476,2.161,5.319,7.082,6.408,5.266
2026-10-22,-23.7,-46.8,19.368,4.141,77.979,18.019,17.565,2.172,5.844,7.177,6.397,5.198
2026-10-22,-23.7,-46.5,19.398,4.148,78.107,17.897,17.585,2.183,5.81,7.237,6.333,5.227
2026-10-22,-23.7,-46.4,19.338,4.045,78.215,17.885,17.567,2.231,5.518,6.979,6.315,5.184
2026-10-22,-23.6,-46.8,19.83,5.498,78.415,17.18,17.332,2.214,6.584,7.078,5.988,4.956
2026-10-22,-23.6,-46.4,19.595,5.832,78.698,17.162,17.186,2.153,7.35,7.395,6.1,4.883
2026-10-22,-23.6,-46.3,19.617,5.892,78.511,17.138,17.46,2.143,7.601,7.592,6.364,5.053
2026-10-22,-23.5,-46.8,19.829,6.33,79.085,16.739,17.495,2.065,7.155,7.57,5.987,5.113
2026-10-22,-23.5,-46.7,19.68,5.75,78.579,17.255,17.178,2.12,6.893,7.228,6.028,4.936
2026-10-22,-23.5,-46.6,20.074,4.061,79.419,17.298,17.157,2.307,5.189,5.927,5.166,4.201
2026-10-22,-23.5,-46.4,19.643,5.413,78.242,17.262,16.905,1.95,7.25,7.456,5.913,4.864
2026-10-22,-23.5,-46.3,19.584,5.691,78.626,17.193,17.214,2.123,7.28,7.163,6.062,4.855
2026-10-22,-23.4,-46.8,19.598,5.725,78.661,17.271,17.302,2.136,6.968,7.339,6.057,4.959
2026-10-22,-23.4,-46.7,19.618,5.87,78.693,17.244,17.276,2.139,6.98,7.321,6.018,4.951
2026-10-22,-23.4,-46.6,19.595,5.086,77.598,18.174,17.227,2.395,6.956,7.376,6.521,5.173
2026-10-22,-23.4,-46.5,19.683,5.795,78.77,17.067,17.639,2.255,7.24,7.319,6.345,5.192
2026-10-22,-23.4,-46.4,19.801,2.912,79.09,18.154,16.184,2.479,4.97,5.56,4.717,3.216
2026-10-23,-23.8,-46.8,19.582,3.264,79.216,18.205,16.017,2.554,5.558,6.28,5.285,3.194
2026-10-23,-23.8,-46.7,19.893,4.187,79.98,17.387,17.076,2.358,5.516,6.58,5.51,4.232
2026-10-23,-23.8,-46.6,19.158,4.609,79.407,17.617,16.879,2.26,6.165,7.617,5.699,4.435
2026-10-23,-23.8,-46.5,19.133,4.534,79.271,17.633,16.916,2.252,6.195,7.677,5.797,4.619
2026-10-23,-23.7,-46.8,19.161,4.572,78.963,17.798,16.591,2.143,6.295,7.565,5.863,4.522
2026-10-23,-23.7,-46.5,19.172,4.671,79.399,17.561,16.592,2.073,6.363,7.407,5.882,4.624
2026-10-23,-23.7,-46.4,19.159,4.466,79.294,17.666,16.794,2.275,5.926,7.693,5.743,4.49
2026-10-23,-23.6,-46.8,19.601,4.462,77.848,18.043,15.786,2.363,5.886,6.994,5.781,4.16
2026-10-23,-23.6,-46.4,19.526,3.61,79.112,18.058,16.181,2.519,6.511,6.445,5.294,3.698
2026-10-23,-23.6,-46.3,19.472,3.398,79.098,18.305,16.18,2.64,5.914,6.292,5.353,3.468
2026-10-23,-23.5,-46.8,19.743,2.897,78.963,18.163,15.899,2.493,4.308,5.622,4.877,3.318
2026-10-23,-23.5,-46.7,19.54,2.924,78.743,18.489,15.981,2.636,4.53,5.87,5.104,3.334
2026-10-23,-23.5,-46.6,19.719,3.07,79.454,17.789,16.093,2.458,4.361,5.237,4.768,3.503
2026-10-23,-23.5,-46.4,19.578,4.378,77.719,18.022,15.903,2.23,6.375,7.058,5.925,4.34
2026-10-23,-23.5,-46.3,19.673,3.602,79.192,18.022,16.547,2.481,5.886,6.249,5.329,3.845
2026-10-23,-23.4,-46.8,19.52,2.781,78.681,18.571,15.958,2.646,4.652,5.869,5.029,3.169
2026-10-23,-23.4,-46.7,19.533,2.864,78.719,18.474,15.949,2.637,4.694,5.906,5.095,3.225
2026-10-23,-23.4,-46.6,19.541,4.851,78.202,17.867,16.416,2.252,6.55,7.172,6.022,4.571
2026-10-23,-23.4,-46.5,19.624,3.813,79.36,18.071,16.633,2.499,6.277,6.381,5.357,3.858
2026-10-23,-23.4,-46.4,20.139,3.491,78.533,17.684,16.628,2.192,5.499,6.406,5.361,4.468
2026-10-24,-23.8,-46.8,19.969,3.577,79.106,18.049,16.295,2.348,5.131,6.545,5.545,3.817
2026-10-24,-23.8,-46.7,19.904,3.669,81.107,17.87,17.157,2.544,5.191,5.483,4.862,3.65
2026-10-24,-23.8,-46.6,19.312,3.226,80.022,18.482,16.871,2.499,4.999,6.584,5.13,3.899
2026-10-24,-23.8,-46.5,19.259,3.184,80.086,18.503,16.921,2.509,4.957,6.493,5.16,3.857
2026-10-24,-23.7,-46.8,19.254,2.992,80.415,18.503,15.155,1.978,4.608,6.074,5.445,4.279
2026-10-24,-23.7,-46.5,19.183,3.02,80.906,18.611,14.996,1.984,5.075,6.242,5.311,4.038
2026-10-24,-23.7,-46.4,18.983,3.001,80.657,18.613,15.653,2.142,4.828,6.638,5.173,3.924
2026-10-24,-23.6,-46.8,19.668,4.613,77.702,17.918,16.438,2.365,6.079,6.942,6.095,4.572
2026-10-24,-23.6,-46.4,19.949,3.741,79.26,17.857,16.326,2.351,5.544,6.397,5.555,4.065
2026-10-24,-23.6,-46.3,19.993,3.909,79.168,17.857,16.558,2.323,5.637,6.512,5.584,4.164
2026-10-24,-23.5,-46.8,19.833,3.382,78.394,18.342,16.435,2.482,5.098,6.238,5.468,4.071
2026-10-24,-23.5,-46.7,19.885,3.35,78.361,18.422,16.346,2.43,5.062,6.397,5.461,4.004
2026-10-24,-23.5,-46.6,19.838,3.689,78.983,18.133,16.624,2.493,5.846,6.226,5.395,4.123
2026-10-24,-23.5,-46.4,19.666,4.885,78.054,17.675,16.423,2.202,6.664,7.117,6.15,4.768
2026-10-24,-23.5,-46.3,19.862,4.163,79.702,17.478,16.544,2.361,5.831,6.511,5.619,4.149
2026-10-24,-23.4,-46.8,19.913,3.427,78.608,18.518,16.412,2.387,5.103,6.421,5.588,4.032
2026-10-24,-23.4,-46.7,19.934,3.209,78.287,18.501,16.438,2.361,4.774,6.28,5.397,3.998
2026-10-24,-23.4,-46.6,19.507,4.544,77.952,17.815,16.504,2.194,6.023,7.161,6.016,4.628
2026-10-24,-23.4,-46.5,19.874,4.04,79.524,17.791,16.494,2.304,6.049,6.868,5.633,4.124
2026-10-24,-23.4,-46.4,20.065,3.95,79.853,17.335,16.83,2.272,5.364,5.805,5.159,4.092
2026-10-25,-23.8,-46.8,20.041,4.412,80.081,17.088,16.404,2.211,5.582,6.495,5.511,4.128
2026-10-25,-23.8,-46.7,19.954,4.764,82.579,17.29,17.409,2.54,6.634,5.04,5.312,3.913
2026-10-25,-23.8,-46.6,19.44,3.738,81.995,18.212,15.315,1.975,6.235,6.049,5.386,4.662
2026-10-25,-23.8,-46.5,19.452,3.773,81.993,18.162,15.384,1.977,6.234,6.029,5.427,4.74
2026-10-25,-23.7,-46.8,19.129,6.219,83.643,14.831,15.574,2.093,6.968,7.134,5.672,3.794
2026-10-25,-23.7,-46.5,19.112,6.642,85.018,14.469,15.661,2.142,7.212,6.357,5.549,3.863
2026-10-25,-23.7,-46.4,19.47,2.252,81.178,20.007,14.916,1.727,4.93,5.686,4.86,4.404
2026-10-25,-23.6,-46.8,19.59,4.961,78.308,17.461,16.502,2.341,6.314,7.046,6.117,4.659
2026-10-25,-23.6,-46.4,19.968,4.241,80.094,17.236,16.622,2.255,5.722,6.103,5.483,4.284
2026-10-25,-23.6,-46.3,20.008,4.628,80.509,16.817,16.718,2.196,5.851,6.295,5.491,4.344
2026-10-25,-23.5,-46.8,19.688,5.14,78.486,17.235,16.558,2.262,6.192,6.892,6.063,4.678
2026-10-25,-23.5,-46.7,19.738,5.212,78.691,17.078,16.717,2.213,6.176,6.824,6.085,4.841
2026-10-25,-23.5,-46.6,19.987,4.226,79.933,17.216,16.845,2.251,5.518,6.221,5.402,4.353
2026-10-25,-23.5,-46.4,19.511,4.817,78.354,17.516,16.168,2.169,6.723,7.124,6.02,4.536
2026-10-25,-23.5,-46.3,19.814,3.753,81.009,17.883,16.912,2.531,5.757,5.202,5.007,3.738
2026-10-25,-23.4,-46.8,20.016,4.351,80.022,17.227,16.939,2.263,5.419,6.222,5.499,4.312
2026-10-25,-23.4,-46.7,19.699,5.127,78.664,17.046,16.919,2.179,5.996,6.825,6.202,4.907
2026-10-25,-23.4,-46.6,19.429,4.729,78.152,17.766,16.254,2.125,6.569,7.225,6.152,4.791
2026-10-25,-23.4,-46.5,19.987,3.915,80.963,17.784,16.931,2.509,5.861,5.389,5.12,3.766
2026-10-25,-23.4,-46.4,20.059,3.694,81.008,17.653,17.05,2.41,5.477,5.077,4.866,3.712
2026-10-26,-23.8,-46.8,19.959,3.833,80.784,18.008,16.593,2.456,5.492,5.415,4.872,3.531
2026-10-26,-23.8,-46.7,19.069,3.555,82.73,18.558,15.359,2.202,6.11,4.87,4.924,3.976
2026-10-26,-23.8,-46.6,18.62,8.678,87.124,12.743,14.741,2.077,8.535,5.029,4.703,3.214
2026-10-26,-23.8,-46.5,18.64,8.674,87.164,12.786,14.698,2.079,8.448,5.058,4.733,3.219
2026-10-26,-23.7,-46.8,18.239,8.368,87.605,11.798,14.664,1.923,6.738,3.96,3.716,3.014
2026-10-26,-23.7,-46.5,18.519,10.307,88.074,11.904,15.098,1.935,8.283,4.448,3.84,3.442
2026-10-26,-23.7,-46.4,19.409,5.652,83.912,17.409,15.372,1.779,7.076,5.951,6.116,3.307
2026-10-26,-23.6,-46.8,19.615,4.476,77.791,17.977,16.053,2.288,6.195,7.04,5.939,4.4
2026-10-26,-23.6,-46.4,19.953,3.76,80.92,17.846,17.057,2.538,5.622,5.173,4.876,3.841
2026-10-26,-23.6,-46.3,19.907,3.884,81.765,17.844,17.173,2.657,6.113,4.857,4.741,3.716
2026-10-26,-23.5,-46.8,19.625,4.761,77.98,17.815,16.063,2.282,6.337,7.077,5.971,4.318
2026-10-26,-23.5,-46.7,19.749,3.734,79.425,18.068,16.425,2.5,5.321,6.274,5.247,3.925
2026-10-26,-23.5,-46.6,20.047,3.596,80.869,17.918,17.111,2.483,5.297,5.138,4.82,3.982
2026-10-26,-23.5,-46.4,19.632,4.623,77.86,17.84,16.042,2.158,6.629,7.142,6.038,4.451
2026-10-26,-23.5,-46.3,20.166,4.574,82.355,17.317,17.051,2.455,6.407,5.043,5.182,3.845
2026-10-26,-23.4,-46.8,20.061,3.666,80.788,17.839,17.069,2.503,5.156,5.294,4.817,3.908
2026-10-26,-23.4,-46.7,19.706,3.733,79.439,18.114,16.447,2.513,5.471,6.359,5.27,3.798
2026-10-26,-23.4,-46.6,19.472,5.491,78.508,17.503,16.48,2.147,7.696,7.566,6.252,5.0
2026-10-26,-23.4,-46.5,19.221,3.607,82.397,18.481,15.501,2.138,6.29,4.956,5.025,4.03
2026-10-26,-23.4,-46.4,20.077,4.045,81.772,17.721,17.504,2.616,6.162,4.944,4.897,3.79
2026-10-27,-23.8,-46.8,19.357,4.143,82.667,17.879,15.157,1.93,6.343,4.995,5.21,3.743
2026-10-27,-23.8,-46.7,19.576,3.9,83.405,18.22,14.149,1.751,6.045,4.989,5.35,3.88
2026-10-27,-23.8,-46.6,19.062,2.666,83.157,19.193,13.564,1.781,5.455,3.999,4.07,3.141
2026-10-27,-23.8,-46.5,19.135,2.703,83.13,19.052,13.595,1.765,5.449,4.076,4.057,3.053
2026-10-27,-23.7,-46.8,19.231,2.504,83.17,19.155,13.397,1.631,4.687,3.953,3.929,2.862
2026-10-27,-23.7,-46.5,19.228,2.595,83.421,19.328,13.272,1.643,5.176,3.83,3.975,2.972
2026-10-27,-23.7,-46.4,18.616,7.033,86.999,13.1,14.202,1.977,6.114,3.996,4.474,2.584
2026-10-27,-23.6,-46.8,19.643,4.692,78.115,17.671,16.523,2.263,6.15,6.995,6.106,4.674
2026-10-27,-23.6,-46.4,20.172,4.577,82.353,17.323,17.27,2.465,6.409,4.933,5.041,3.911
2026-10-27,-23.6,-46.3,20.119,4.689,82.571,17.19,17.246,2.464,6.528,5.034,5.106,3.898
2026-10-27,-23.5,-46.8,19.682,4.649,77.778,17.929,16.382,2.274,6.251,6.959,6.092,4.606
2026-10-27,-23.5,-46.7,20.073,4.183,79.585,17.631,16.345,2.265,5.501,6.609,5.459,4.202
2026-10-27,-23.5,-46.6,20.118,4.474,82.328,17.384,17.284,2.471,6.178,4.851,5.018,3.982
2026-10-27,-23.5,-46.4,19.691,4.959,78.215,17.445,16.409,2.152,6.437,7.095,6.121,4.732
2026-10-27,-23.5,-46.3,20.042,3.778,81.862,17.87,17.379,2.605,5.833,4.827,4.719,3.76
2026-10-27,-23.4,-46.8,20.163,4.455,82.28,17.353,17.215,2.466,6.117,4.872,5.054,3.914
2026-10-27,-23.4,-46.7,20.014,4.225,79.608,17.64,16.356,2.314,5.652,6.664,5.462,4.188
2026-10-27,-23.4,-46.6,19.43,3.401,79.853,18.449,14.815,1.999,5.987,6.803,5.311,4.049
2026-10-27,-23.4,-46.5,19.631,4.096,83.428,17.991,14.256,1.725,6.303,4.968,5.345,4.051
2026-10-27,-23.4,-46.4,19.179,3.469,82.164,18.445,15.829,2.24,6.125,4.773,4.677,3.975
2026-10-28,-23.8,-46.8,19.344,3.876,82.756,18.352,14.528,1.841,6.084,4.935,5.223,3.396
2026-10-28,-23.8,-46.7,19.685,3.872,83.447,18.374,13.942,1.687,6.055,4.77,5.149,3.765
2026-10-28,-23.8,-46.6,19.795,5.382,83.668,16.936,15.976,1.875,6.92,6.617,5.938,3.871
2026-10-28,-23.8,-46.5,19.614,5.771,83.811,16.602,16.153,1.889,7.398,6.725,6.04,3.926
2026-10-28,-23.7,-46.8,20.111,3.125,81.176,18.816,16.192,1.677,5.576,5.923,5.089,4.679
2026-10-28,-23.7,-46.5,20.022,3.239,81.755,18.871,16.108,1.676,5.823,5.621,5.073,4.662
2026-10-28,-23.7,-46.4,18.485,12.487,88.635,11.607,15.889,1.936,8.735,4.047,3.507,4.329
2026-10-28,-23.6,-46.8,19.638,4.584,77.99,17.878,16.04,2.208,6.222,6.928,5.898,4.261
2026-10-28,-23.6,-46.4,20.024,3.622,81.847,17.895,17.425,2.614,5.312,4.707,4.668,3.653
2026-10-28,-23.6,-46.3,19.95,3.673,81.871,17.87,17.453,2.651,5.706,4.746,4.642,3.7
2026-10-28,-23.5,-46.8,19.689,5.059,78.34,17.46,16.512,2.229,6.331,6.968,6.003,4.574
2026-10-28,-23.5,-46.7,20.227,3.296,80.623,17.995,16.838,2.366,4.579,4.729,4.589,3.903
2026-10-28,-23.5,-46.6,20.027,3.691,81.821,17.919,17.591,2.607,5.699,4.702,4.655,3.762
2026-10-28,-23.5,-46.4,19.66,4.67,78.072,17.511,16.194,2.133,6.207,7.0,5.888,4.509
2026-10-28,-23.5,-46.3,19.265,4.392,83.329,17.624,15.302,1.999,6.566,5.029,5.265,4.112
2026-10-28,-23.4,-46.8,19.143,3.132,82.264,18.55,15.586,2.16,5.443,4.681,4.589,3.837
2026-10-28,-23.4,-46.7,19.326,3.034,81.164,18.428,14.94,2.003,4.805,5.236,4.775,3.746
2026-10-28,-23.4,-46.6,19.712,3.705,81.458,18.267,14.655,1.745,6.288,5.635,5.184,4.198
2026-10-28,-23.4,-46.5,19.703,3.944,83.074,18.459,13.914,1.676,6.359,4.739,5.08,3.912
2026-10-28,-23.4,-46.4,19.429,3.442,82.124,18.39,15.542,1.889,5.639,5.142,5.104,4.167
2026-10-29,-23.8,-46.8,19.683,4.436,83.536,17.976,13.923,1.638,6.67,4.985,5.338,3.704
2026-10-29,-23.8,-46.7,19.692,4.517,84.053,18.215,13.813,1.613,6.791,4.887,5.464,3.835
2026-10-29,-23.8,-46.6,18.663,7.225,87.144,13.292,14.269,2.078,6.058,3.821,4.401,2.826
2026-10-29,-23.8,-46.5,19.483,3.144,83.209,19.284,13.896,1.948,5.559,4.583,4.765,3.731
2026-10-29,-23.7,-46.8,19.944,3.882,83.257,17.978,14.834,1.681,5.88,5.188,5.086,4.616
2026-10-29,-23.7,-46.5,19.952,3.867,83.321,17.995,14.922,1.647,6.015,5.069,5.017,4.719
2026-10-29,-23.7,-46.4,18.876,2.087,83.254,19.365,14.099,1.685,4.069,3.628,3.515,2.968
2026-10-29,-23.6,-46.8,19.729,4.77,77.971,17.87,16.385,2.207,6.312,7.036,5.97,4.501
2026-10-29,-23.6,-46.4,20.142,4.293,82.392,17.356,17.406,2.499,5.825,4.793,4.958,3.92
2026-10-29,-23.6,-46.3,19.368,4.028,82.86,17.897,15.702,2.082,6.144,4.719,4.896,4.046
2026-10-29,-23.5,-46.8,19.693,4.508,77.655,18.038,15.977,2.26,5.94,6.857,5.83,4.205
2026-10-29,-23.5,-46.7,19.424,3.803,82.32,17.873,15.826,1.918,5.924,4.839,4.961,4.087
2026-10-29,-23.5,-46.6,19.37,4.156,82.873,17.933,15.736,2.067,6.498,4.771,4.967,4.152
2026-10-29,-23.5,-46.4,19.69,4.367,77.627,17.831,16.072,2.194,5.781,6.779,5.837,4.284
2026-10-29,-23.5,-46.3,19.347,3.182,82.166,18.929,14.781,2.011,5.7,4.836,4.636,3.615
2026-10-29,-23.4,-46.8,19.705,3.263,82.279,18.431,14.86,1.74,5.334,5.045,4.995,4.3
2026-10-29,-23.4,-46.7,19.907,3.296,81.724,18.552,14.967,1.697,5.78,5.052,5.155,4.232
2026-10-29,-23.4,-46.6,19.737,4.044,83.127,18.492,13.956,1.63,6.56,4.901,5.317,3.983
2026-10-29,-23.4,-46.5,19.74,4.531,83.595,18.137,14.021,1.594,6.972,4.864,5.276,4.065
2026-10-29,-23.4,-46.4,19.804,3.542,82.587,18.353,14.672,1.686,5.755,5.118,5.049,4.457
2026-10-30,-23.8,-46.8,19.78,4.172,83.516,18.28,13.568,1.636,6.371,4.831,5.141,3.556
2026-10-30,-23.8,-46.7,18.874,7.567,87.0,13.038,14.387,2.05,6.295,3.959,4.339,3.23
2026-10-30,-23.8,-46.6,19.457,2.238,83.48,19.368,13.063,1.526,4.845,3.526,3.475,2.939
2026-10-30,-23.8,-46.5,19.541,6.694,86.287,15.261,15.272,2.176,6.853,5.585,5.298,4.031
2026-10-30,-23.7,-46.8,19.778,4.198,83.772,18.137,14.068,1.666,6.474,5.075,5.103,4.048
2026-10-30,-23.7,-46.5,19.76,4.129,83.912,18.115,14.154,1.62,6.509,4.983,5.087,4.16
2026-10-30,-23.7,-46.4,19.643,1.633,79.746,20.235,16.999,1.662,4.069,6.628,4.393,4.742
2026-10-30,-23.6,-46.8,19.609,4.899,78.37,17.518,16.318,2.135,6.156,6.766,5.966,4.537
2026-10-30,-23.6,-46.4,20.034,3.516,81.791,17.977,17.577,2.668,5.286,4.655,4.594,3.698
2026-10-30,-23.6,-46.3,19.371,3.86,83.043,18.185,14.861,1.922,6.0,5.015,5.217,3.781
2026-10-30,-23.5,-46.8,19.576,4.514,77.933,17.847,16.181,2.194,5.807,6.651,6.028,4.439
2026-10-30,-23.5,-46.7,19.36,3.782,82.744,18.244,14.654,1.821,5.834,4.929,5.255,3.557
2026-10-30,-23.5,-46.6,19.369,3.763,82.901,18.329,14.648,1.912,5.959,4.946,5.234,3.723
2026-10-30,-23.5,-46.4,19.526,4.554,78.158,17.634,16.342,2.133,5.863,6.745,6.1,4.636
2026-10-30,-23.5,-46.3,19.802,3.487,82.593,18.519,14.799,1.727,5.883,4.891,4.952,4.494
2026-10-30,-23.4,-46.8,19.788,3.589,82.459,18.391,14.618,1.696,5.849,4.961,4.977,4.361
2026-10-30,-23.4,-46.7,19.899,4.043,82.816,18.064,14.442,1.628,6.346,4.942,5.064,4.255
2026-10-30,-23.4,-46.6,18.886,7.81,86.453,13.021,14.384,1.978,7.086,4.027,4.397,3.419
2026-10-30,-23.4,-46.5,19.775,4.28,83.687,18.406,13.658,1.621,6.663,4.904,5.333,3.844
2026-10-30,-23.4,-46.4,19.844,3.598,82.667,18.405,14.634,1.667,5.998,5.058,4.985,4.391
2026-10-31,-23.8,-46.8,18.76,8.027,87.132,12.912,14.165,2.077,6.739,4.005,4.534,3.022
2026-10-31,-23.8,-46.7,19.36,2.547,83.227,19.429,13.129,1.619,4.814,4.013,3.911,2.817
2026-10-31,-23.8,-46.6,20.274,3.397,81.234,18.46,16.775,1.647,5.817,6.44,5.233,5.264
2026-10-31,-23.8,-46.5,18.277,8.66,87.764,12.305,14.776,2.094,7.059,4.007,3.98,2.978
2026-10-31,-23.7,-46.8,19.753,3.902,83.748,18.614,13.655,1.642,6.15,4.802,5.217,3.593
2026-10-31,-23.7,-46.5,19.754,3.961,83.74,18.611,13.914,1.614,6.347,4.907,5.18,4.029
2026-10-31,-23.7,-46.4,19.447,3.919,81.268,18.312,15.798,1.786,6.395,6.307,5.941,4.188
2026-10-31,-23.6,-46.8,19.606,4.39,77.859,18.102,15.843,2.119,6.074,6.904,5.85,4.306
2026-10-31,-23.6,-46.4,19.719,3.939,83.253,17.748,15.419,1.984,5.88,4.733,5.036,4.575
2026-10-31,-23.6,-46.3,19.72,3.979,83.575,18.348,14.027,1.687,6.327,4.811,5.08,3.897
2026-10-31,-23.5,-46.8,19.641,4.471,77.748,17.981,16.102,2.18,5.864,6.698,5.954,4.403
2026-10-31,-23.5,-46.7,19.739,3.946,83.046,18.387,13.888,1.635,6.299,4.829,5.102,3.757
2026-10-31,-23.5,-46.6,19.709,4.307,83.689,18.151,14.06,1.66,6.74,4.834,5.201,4.052
2026-10-31,-23.5,-46.4,19.584,4.137,77.725,18.174,15.852,2.137,5.801,6.701,5.82,4.209
2026-10-31,-23.5,-46.3,19.876,3.871,83.046,18.48,14.46,1.605,6.348,5.028,5.212,4.278
2026-10-31,-23.4,-46.8,18.787,8.003,86.769,12.817,14.431,2.046,6.644,4.063,4.341,3.411
2026-10-31,-23.4,-46.7,18.808,8.248,86.708,12.786,14.332,2.008,7.538,4.046,4.282,3.267
2026-10-31,-23.4,-46.6,19.446,2.593,82.533,19.417,13.09,1.662,5.379,4.149,3.937,2.878
2026-10-31,-23.4,-46.5,18.857,7.968,86.842,12.889,14.304,2.008,6.83,3.999,4.288,3.423
2026-10-31,-23.4,-46.4,18.833,8.732,86.976,12.852,14.563,2.054,7.992,4.272,4.365,3.567
2026-11-01,-23.8,-46.8,19.447,2.308,83.094,19.356,13.118,1.528,4.195,3.885,3.757,2.705
2026-11-01,-23.8,-46.7,19.821,5.768,84.427,16.725,15.873,1.823,7.049,5.575,5.913,4.178
2026-11-01,-23.8,-46.6,19.109,6.888,86.524,13.634,15.237,2.263,6.015,4.913,4.685,3.718
2026-11-01,-23.8,-46.5,19.469,1.873,83.779,19.588,13.126,1.411,3.459,3.506,3.321,2.94
2026-11-01,-23.7,-46.8,19.057,7.138,86.883,13.549,14.451,2.072,6.09,4.441,4.578,3.275
2026-11-01,-23.7,-46.5,19.056,7.616,87.063,13.605,14.427,2.05,6.693,4.606,4.593,3.334
2026-11-01,-23.7,-46.4,18.884,7.251,86.715,13.62,14.418,2.074,6.205,4.425,4.583,3.212
2026-11-01,-23.6,-46.8,19.609,4.759,78.205,17.734,16.312,2.085,6.29,6.621,6.004,4.582
2026-11-01,-23.6,-46.4,19.667,2.776,82.676,19.154,14.075,1.852,4.901,4.603,4.438,3.79
2026-11-01,-23.6,-46.3,19.763,4.119,83.822,18.429,13.793,1.562,6.346,4.806,5.284,3.799
2026-11-01,-23.5,-46.8,19.627,4.782,78.117,17.875,16.245,2.089,6.332,6.546,5.959,4.46
2026-11-01,-23.5,-46.7,18.897,8.203,86.713,12.987,14.297,2.043,7.449,4.103,4.461,3.238
2026-11-01,-23.5,-46.6,19.83,3.812,83.46,18.626,13.637,1.59,5.991,4.762,5.136,3.722
2026-11-01,-23.5,-46.4,19.561,4.578,78.297,17.917,16.385,2.092,6.085,6.658,5.991,4.47
2026-11-01,-23.5,-46.3,18.999,7.613,86.687,13.077,14.34,1.989,6.292,4.083,4.306,3.312
2026-11-01,-23.4,-46.8,19.417,2.213,82.99,19.384,13.199,1.56,4.102,3.918,3.785,2.833
2026-11-01,-23.4,-46.7,19.47,2.191,82.722,19.378,13.154,1.557,4.104,3.873,3.793,2.842
2026-11-01,-23.4,-46.6,19.847,5.925,83.968,16.797,15.736,1.873,7.493,5.671,5.835,4.101
2026-11-01,-23.4,-46.5,19.522,2.143,83.001,19.618,12.996,1.537,3.974,3.769,3.665,2.841
2026-11-01,-23.4,-46.4,19.382,2.205,83.053,19.387,13.225,1.554,4.103,3.961,3.774,2.81
2026-11-02,-23.8,-46.8,20.245,3.047,81.706,19.002,16.088,1.704,5.171,5.131,5.181,4.8
2026-11-02,-23.8,-46.7,19.377,6.157,86.469,14.82,14.063,1.757,5.703,3.572,4.174,2.856
2026-11-02,-23.8,-46.6,19.658,1.874,83.177,20.159,13.447,1.765,3.205,3.325,3.027,2.914
2026-11-02,-23.8,-46.5,19.821,5.018,83.249,17.704,16.659,1.694,7.977,5.87,5.932,4.406
2026-11-02,-23.7,-46.8,19.756,2.53,83.329,20.027,13.073,1.765,4.444,3.829,4.008,2.928
2026-11-02,-23.7,-46.5,19.533,2.496,83.142,19.792,13.599,1.85,4.401,3.817,3.719,2.951
2026-11-02,-23.7,-46.4,18.651,12.763,88.391,12.832,15.549,1.966,10.326,4.421,4.485,4.074
2026-11-02,-23.6,-46.8,19.624,4.757,78.206,17.74,16.315,2.097,6.349,6.422,5.748,4.497
2026-11-02,-23.6,-46.4,20.048,5.625,84.119,16.972,15.639,1.854,6.726,5.449,5.51,3.944
2026-11-02,-23.6,-46.3,19.597,6.823,86.041,14.841,14.061,1.697,6.468,3.982,4.308,3.099
2026-11-02,-23.5,-46.8,19.641,4.693,77.975,17.951,16.307,2.11,6.381,6.383,5.733,4.367
2026-11-02,-23.5,-46.7,19.342,2.164,82.494,19.835,13.431,1.678,4.094,3.614,3.49,2.665
2026-11-02,-23.5,-46.6,19.629,6.77,85.911,14.677,14.167,1.679,6.294,4.081,4.325,3.325
2026-11-02,-23.5,-46.4,19.586,4.613,78.254,17.848,16.524,2.095,6.129,6.384,5.635,4.386
2026-11-02,-23.5,-46.3,19.385,2.206,82.633,19.942,13.371,1.712,4.07,3.647,3.521,2.817
2026-11-02,-23.4,-46.8,20.284,3.143,81.444,18.621,16.402,1.686,5.395,5.063,5.159,4.785
2026-11-02,-23.4,-46.7,20.301,3.262,81.351,18.682,16.237,1.678,5.58,5.182,5.229,4.75
2026-11-02,-23.4,-46.6,19.528,6.473,85.727,14.993,13.625,1.754,6.407,3.669,4.145,2.552
2026-11-02,-23.4,-46.5,19.794,4.773,82.509,17.926,16.279,1.736,7.748,6.019,6.244,4.36
2026-11-02,-23.4,-46.4,20.273,3.091,81.297,18.739,16.28,1.66,5.339,5.157,5.182,4.782
2026-11-03,-23.8,-46.8,20.034,6.274,85.335,15.779,15.506,1.92,6.087,4.928,5.049,4.089
2026-11-03,-23.8,-46.7,18.966,8.273,87.072,13.746,14.353,1.959,7.921,3.944,4.218,2.922
2026-11-03,-23.8,-46.6,19.65,4.543,82.801,18.056,16.063,1.735,7.352,6.117,6.073,4.348
2026-11-03,-23.8,-46.5,19.507,5.487,86.372,15.672,14.049,1.76,5.302,3.494,4.227,2.529
2026-11-03,-23.7,-46.8,19.801,5.708,84.478,17.436,15.374,1.763,7.203,5.251,5.776,3.943
2026-11-03,-23.7,-46.5,19.799,5.381,84.386,17.595,15.596,1.756,6.796,5.193,5.775,4.034
2026-11-03,-23.7,-46.4,19.392,1.692,83.217,20.139,13.559,1.614,3.097,3.225,2.779,2.685
2026-11-03,-23.6,-46.8,19.608,5.074,78.508,17.496,16.347,2.045,6.455,6.738,5.824,4.437
2026-11-03,-23.6,-46.4,19.552,6.385,85.826,15.066,13.896,1.721,6.239,3.473,4.111,2.8
2026-11-03,-23.6,-46.3,18.949,8.685,86.665,13.648,14.223,1.936,8.671,4.096,4.191,2.865
2026-11-03,-23.5,-46.8,19.61,5.034,78.411,17.584,16.386,2.032,6.47,6.633,5.752,4.344
2026-11-03,-23.5,-46.7,19.854,5.36,83.336,17.416,15.926,1.63,7.273,5.827,5.885,4.335
2026-11-03,-23.5,-46.6,19.01,9.061,86.559,13.604,14.202,1.893,8.816,4.075,4.125,2.997
2026-11-03,-23.5,-46.4,19.54,4.889,78.565,17.572,16.472,2.027,6.231,6.727,5.77,4.393
2026-11-03,-23.5,-46.3,19.725,5.368,83.544,17.434,15.621,1.606,7.404,5.927,6.024,4.263
2026-11-03,-23.4,-46.8,19.812,6.809,85.455,14.943,14.9,1.793,6.295,4.475,4.493,3.791
2026-11-03,-23.4,-46.7,19.789,6.827,85.509,14.797,14.838,1.784,6.265,4.297,4.443,3.841
2026-11-03,-23.4,-46.6,19.84,3.183,82.931,19.679,13.478,1.793,5.229,3.99,4.307,3.224
2026-11-03,-23.4,-46.5,19.417,6.09,85.821,14.897,13.817,1.763,5.609,3.478,4.257,2.747
2026-11-03,-23.4,-46.4,19.747,6.997,85.71,14.711,14.925,1.788,6.182,4.312,4.455,3.88
2026-11-04,-23.8,-46.8,19.446,6.274,86.048,14.776,14.043,1.61,5.884,3.337,3.818,2.711
2026-11-04,-23.8,-46.7,19.853,2.129,83.131,20.008,13.206,1.685,3.798,3.484,3.122,2.804
2026-11-04,-23.8,-46.6,19.725,5.744,86.084,15.775,14.072,1.601,5.728,3.863,4.109,2.885
2026-11-04,-23.8,-46.5,19.441,7.262,86.576,15.058,14.177,1.671,7.242,3.766,4.053,2.87
2026-11-04,-23.7,-46.8,19.747,5.829,85.98,15.437,13.939,1.549,5.613,3.522,4.058,2.773
2026-11-04,-23.7,-46.5,19.707,6.326,86.169,15.543,13.959,1.569,6.389,3.601,4.035,2.839
2026-11-04,-23.7,-46.4,19.847,3.349,82.236,18.621,16.74,1.74,5.54,5.093,4.828,4.924
2026-11-04,-23.6,-46.8,19.524,4.515,81.584,16.613,14.702,1.756,5.394,5.749,4.789,3.129
2026-11-04,-23.6,-46.4,19.198,7.054,86.224,14.355,14.043,1.797,6.63,3.796,3.997,2.685
2026-11-04,-23.6,-46.3,19.463,2.396,83.072,19.774,13.438,1.731,4.328,3.913,3.725,2.756
2026-11-04,-23.5,-46.8,19.527,4.677,78.695,17.427,16.081,1.859,6.249,6.016,5.367,4.091
2026-11-04,-23.5,-46.7,19.735,5.78,85.483,15.529,13.637,1.607,5.722,3.35,3.977,2.579
2026-11-04,-23.5,-46.6,19.589,2.352,82.826,19.78,13.498,1.781,4.176,3.694,3.648,2.978
2026-11-04,-23.5,-46.4,19.515,4.691,81.752,16.582,14.853,1.761,5.859,5.855,4.871,3.238
2026-11-04,-23.5,-46.3,19.713,5.934,85.453,15.424,13.741,1.606,5.999,3.386,3.999,2.806
2026-11-04,-23.4,-46.8,19.08,7.977,86.158,13.937,13.899,1.85,7.392,3.827,3.996,2.8
2026-11-04,-23.4,-46.7,19.269,7.245,85.923,14.41,14.144,1.8,6.756,3.769,3.816,2.913
2026-11-04,-23.4,-46.6,20.505,4.932,84.993,17.372,14.344,1.479,5.46,3.732,4.002,3.467
2026-11-04,-23.4,-46.5,19.227,7.419,86.251,14.226,14.192,1.771,7.004,3.927,3.913,2.958
2026-11-04,-23.4,-46.4,19.05,8.052,86.212,14.006,14.139,1.873,8.331,3.919,4.002,2.827
2026-11-05,-23.8,-46.8,19.168,7.047,86.607,14.294,14.395,1.826,6.411,3.858,4.055,2.952
2026-11-05,-23.8,-46.7,20.338,3.639,81.943,18.125,17.473,1.677,5.952,5.087,4.804,5.674
2026-11-05,-23.8,-46.6,19.403,6.769,86.369,15.05,14.198,1.621,6.67,3.828,4.021,2.83
2026-11-05,-23.8,-46.5,20.079,2.199,82.586,20.342,13.58,1.758,3.934,3.676,3.317,3.254
2026-11-05,-23.7,-46.8,19.227,7.029,86.52,14.383,14.307,1.791,6.465,3.655,4.075,2.892
2026-11-05,-23.7,-46.5,19.279,7.15,86.679,14.496,14.282,1.792,6.712,3.748,4.081,2.89
2026-11-05,-23.7,-46.4,19.885,5.561,85.3,15.807,15.247,1.761,5.817,4.353,4.264,4.238
2026-11-05,-23.6,-46.8,19.603,6.693,85.436,15.001,13.883,1.504,6.714,3.68,3.929,2.877
2026-11-05,-23.6,-46.4,19.586,3.071,83.23,19.607,13.909,1.738,5.11,3.864,4.047,3.25
2026-11-05,-23.6,-46.3,20.306,4.505,83.301,17.755,16.816,1.677,5.678,4.526,4.863,5.287
2026-11-05,-23.5,-46.8,19.526,4.559,81.473,16.549,14.864,1.719,5.567,5.42,4.816,3.314
2026-11-05,-23.5,-46.7,19.343,7.059,86.008,14.469,14.021,1.808,6.793,3.674,3.897,2.838
2026-11-05,-23.5,-46.6,20.245,4.477,83.173,17.647,16.84,1.698,5.646,4.559,4.914,5.406
2026-11-05,-23.5,-46.4,19.625,6.945,85.559,14.936,13.714,1.504,6.921,3.564,3.897,2.863
2026-11-05,-23.5,-46.3,19.268,7.042,86.012,14.32,13.968,1.777,6.76,3.691,3.899,2.811
2026-11-05,-23.4,-46.8,19.966,2.457,82.722,19.875,13.462,1.692,4.069,3.332,3.174,3.195
2026-11-05,-23.4,-46.7,20.04,2.443,82.565,20.151,13.252,1.659,3.959,3.351,3.503,3.199
2026-11-05,-23.4,-46.6,19.847,6.201,85.735,15.534,13.686,1.483,6.195,3.731,4.028,2.824
2026-11-05,-23.4,-46.5,19.978,2.617,82.964,19.807,13.426,1.69,4.24,3.442,3.308,3.06
2026-11-05,-23.4,-46.4,19.927,2.523,82.928,19.869,13.421,1.689,4.132,3.471,3.285,3.049
2026-11-06,-23.8,-46.8,20.043,2.759,83.009,20.104,13.36,1.713,4.398,3.475,3.595,3.045
2026-11-06,-23.8,-46.7,19.694,5.212,85.779,16.05,14.452,1.691,5.243,3.768,4.198,3.183
2026-11-06,-23.8,-46.6,19.222,7.353,86.829,14.57,14.518,1.831,6.947,4.138,4.123,3.013
2026-11-06,-23.8,-46.5,20.317,5.372,84.094,17.188,16.059,1.618,6.803,5.617,5.294,4.272
2026-11-06,-23.7,-46.8,18.952,11.192,87.811,13.453,15.35,1.845,9.264,4.027,4.157,3.457
2026-11-06,-23.7,-46.5,18.852,12.815,88.44,13.082,15.586,1.897,10.598,4.43,4.19,3.438
2026-11-06,-23.7,-46.4,19.499,7.019,86.24,15.109,14.235,1.592,6.99,3.691,3.825,2.848
2026-11-06,-23.6,-46.8,19.254,7.349,85.842,14.375,14.024,1.767,7.02,3.689,3.934,2.708
2026-11-06,-23.6,-46.4,20.469,5.058,85.368,17.293,14.766,1.559,5.489,3.759,3.991,4.18
2026-11-06,-23.6,-46.3,19.679,5.214,85.433,15.875,14.095,1.667,5.402,3.449,4.117,2.993
2026-11-06,-23.5,-46.8,19.61,7.09,85.486,14.943,13.754,1.506,6.922,3.598,4.029,2.82
2026-11-06,-23.5,-46.7,20.05,2.59,82.75,20.06,13.233,1.657,4.331,3.55,3.632,3.178
2026-11-06,-23.5,-46.6,19.737,5.119,85.17,15.939,13.955,1.671,5.18,3.388,4.08,2.919
2026-11-06,-23.5,-46.4,19.278,7.647,85.964,14.323,14.208,1.797,7.333,3.918,3.845,2.866
2026-11-06,-23.5,-46.3,19.104,11.99,87.558,13.097,14.899,1.844,10.177,4.292,3.884,3.34
2026-11-06,-23.4,-46.8,20.482,4.858,83.741,17.684,15.826,1.656,5.956,4.741,4.855,4.198
2026-11-06,-23.4,-46.7,20.389,4.902,83.718,17.72,15.578,1.654,6.291,4.815,5.02,4.022
2026-11-06,-23.4,-46.6,19.307,7.42,86.203,14.364,14.088,1.728,6.983,3.916,4.054,2.941
2026-11-06,-23.4,-46.5,20.503,4.676,83.765,17.796,15.648,1.649,5.699,4.559,4.631,4.159
2026-11-06,-23.4,-46.4,20.359,4.637,83.487,17.742,16.26,1.62,5.775,4.632,4.826,4.955
2026-11-07,-23.8,-46.8,20.385,4.497,84.131,17.892,15.638,1.629,5.501,4.527,4.669,4.568
2026-11-07,-23.8,-46.7,19.421,6.982,86.247,15.219,14.124,1.627,7.326,3.811,4.199,2.744
2026-11-07,-23.8,-46.6,18.909,11.685,88.066,13.593,15.434,1.843,9.72,4.484,4.262,3.494
2026-11-07,-23.8,-46.5,19.698,5.639,85.999,16.083,14.194,1.679,6.003,3.791,4.113,2.747
2026-11-07,-23.7,-46.8,19.835,2.081,83.112,20.177,13.172,1.707,3.584,3.377,2.945,2.685
2026-11-07,-23.7,-46.5,19.648,1.668,83.009,20.439,13.043,1.659,2.975,3.296,2.604,2.504
2026-11-07,-23.7,-46.4,19.186,7.579,86.758,14.698,14.491,1.862,7.295,4.135,4.198,2.96
2026-11-07,-23.6,-46.8,19.309,10.709,86.852,13.579,14.908,1.805,8.849,4.118,3.733,3.269
2026-11-07,-23.6,-46.4,19.84,6.338,85.814,15.656,13.79,1.557,6.552,3.812,3.941,2.782
2026-11-07,-23.6,-46.3,19.51,7.248,85.98,14.904,13.993,1.556,7.252,3.718,3.979,2.796
2026-11-07,-23.5,-46.8,19.272,7.519,85.62,14.274,14.111,1.759,7.167,3.948,3.855,2.848
2026-11-07,-23.5,-46.7,20.365,5.216,84.131,17.726,15.956,1.623,6.449,4.725,4.896,4.674
2026-11-07,-23.5,-46.6,19.551,7.254,85.814,14.857,13.913,1.563,7.215,3.698,3.95,2.816
2026-11-07,-23.5,-46.4,19.074,11.841,87.218,13.113,14.885,1.931,9.912,4.319,3.898,3.347
2026-11-07,-23.5,-46.3,19.751,1.572,82.843,20.383,12.969,1.634,2.499,3.106,2.606,2.468
2026-11-07,-23.4,-46.8,19.77,5.783,85.302,15.796,13.781,1.597,5.881,3.439,4.029,2.799
2026-11-07,-23.4,-46.7,19.837,6.168,85.516,15.722,13.708,1.587,6.32,3.614,3.917,2.695
2026-11-07,-23.4,-46.6,19.42,10.686,87.026,13.649,14.978,1.678,8.863,4.007,3.757,3.528
2026-11-07,-23.4,-46.5,19.865,6.179,85.435,15.747,13.855,1.549,6.459,3.603,3.986,2.929
2026-11-07,-23.4,-46.4,19.766,5.9,85.461,15.728,13.809,1.61,5.946,3.475,4.015,2.929
2026-11-08,-23.8,-46.8,19.704,5.623,85.872,15.719,14.258,1.636,5.469,3.697,4.03,3.046
2026-11-08,-23.8,-46.7,19.147,7.099,86.592,14.68,14.451,1.844,6.818,4.163,4.338,3.029
2026-11-08,-23.8,-46.6,19.759,1.879,83.102,20.19,13.26,1.632,3.051,3.349,2.959,2.751
2026-11-08,-23.8,-46.5,19.378,7.105,86.415,15.064,14.248,1.569,7.077,3.911,4.236,2.883
2026-11-08,-23.7,-46.8,20.316,4.125,81.798,17.956,18.581,1.452,6.2,4.765,5.417,6.964
2026-11-08,-23.7,-46.5,20.248,4.45,82.403,17.775,18.52,1.474,6.583,5.077,5.744,6.686
2026-11-08,-23.7,-46.4,18.966,8.475,87.221,14.745,14.776,1.826,8.28,4.307,4.425,3.227
2026-11-08,-23.6,-46.8,19.844,1.779,82.47,20.297,13.156,1.619,2.918,3.004,3.068,3.054
2026-11-08,-23.6,-46.4,19.498,7.03,86.022,14.853,14.135,1.564,7.019,3.838,4.025,2.946
2026-11-08,-23.6,-46.3,19.261,7.788,86.396,14.349,14.429,1.751,7.408,4.045,4.008,3.026
2026-11-08,-23.5,-46.8,19.298,10.634,86.731,13.564,14.785,1.817,8.738,4.213,3.799,3.339
2026-11-08,-23.5,-46.7,19.729,5.721,85.366,15.663,13.912,1.638,5.797,3.516,4.083,3.029
2026-11-08,-23.5,-46.6,19.332,7.804,86.215,14.394,14.303,1.783,7.443,4.07,3.98,3.095
2026-11-08,-23.5,-46.4,19.657,1.525,82.387,20.309,12.933,1.569,2.534,2.971,2.662,2.5
2026-11-08,-23.5,-46.3,20.235,4.567,82.335,17.647,18.586,1.441,6.858,4.934,5.716,6.768
2026-11-08,-23.4,-46.8,19.443,7.281,85.807,14.871,13.899,1.599,7.264,3.826,3.985,2.89
2026-11-08,-23.4,-46.7,19.466,7.224,85.879,14.872,13.936,1.594,7.178,3.798,4.022,2.917
2026-11-08,-23.4,-46.6,19.169,11.404,87.149,13.958,15.724,1.763,9.686,4.273,4.433,4.203
2026-11-08,-23.4,-46.5,19.499,7.583,85.935,14.742,13.877,1.542,7.409,3.819,3.963,2.869
2026-11-08,-23.4,-46.4,19.485,7.044,85.85,14.856,13.979,1.603,6.842,3.809,3.959,3.009
2026-11-09,-23.8,-46.8,19.389,7.067,86.217,14.918,14.332,1.663,6.897,3.867,4.126,3.04
2026-11-09,-23.8,-46.7,18.9,8.065,87.067,14.672,14.783,1.827,7.896,4.311,4.475,3.224
2026-11-09,-23.8,-46.6,20.321,3.982,81.771,18.108,18.463,1.548,6.076,5.166,5.48,6.845
2026-11-09,-23.8,-46.5,19.18,7.353,86.758,14.523,14.59,1.822,6.933,4.264,4.261,3.068
2026-11-09,-23.7,-46.8,19.571,5.084,85.77,16.197,14.563,1.845,5.205,3.697,4.278,3.156
2026-11-09,-23.7,-46.5,19.588,5.09,86.051,16.161,14.371,1.764,5.202,3.774,4.23,2.929
2026-11-09,-23.7,-46.4,19.978,2.522,82.962,19.816,13.681,1.737,4.09,3.429,3.149,3.172
2026-11-09,-23.6,-46.8,20.349,4.102,81.342,18.315,18.225,1.542,6.288,4.846,5.475,6.799
2026-11-09,-23.6,-46.4,19.319,7.725,86.402,14.379,14.374,1.73,7.413,4.076,4.031,2.995
2026-11-09,-23.6,-46.3,19.405,10.019,87.2,14.081,14.967,1.729,8.697,4.202,3.894,3.266
2026-11-09,-23.5,-46.8,19.111,11.33,87.003,13.649,15.63,1.893,9.282,4.685,4.202,4.243
2026-11-09,-23.5,-46.7,19.52,7.222,85.743,14.79,13.958,1.545,7.195,3.721,3.921,2.994
2026-11-09,-23.5,-46.6,19.483,10.332,86.945,14.111,14.892,1.667,8.884,4.057,3.879,3.41
2026-11-09,-23.5,-46.4,20.313,4.287,81.632,18.025,18.329,1.476,6.875,5.114,5.683,6.6
2026-11-09,-23.5,-46.3,19.683,5.299,85.292,15.958,13.975,1.766,5.356,3.39,4.211,2.949
2026-11-09,-23.4,-46.8,19.32,7.499,86.104,14.411,14.23,1.718,6.98,3.999,3.991,3.07
2026-11-09,-23.4,-46.7,19.317,7.456,86.087,14.379,14.254,1.726,6.936,4.046,3.925,3.08
2026-11-09,-23.4,-46.6,20.154,2.838,82.765,19.919,13.347,1.632,4.418,3.19,3.435,3.094
2026-11-09,-23.4,-46.5,19.309,7.841,86.191,14.422,14.336,1.767,7.456,4.187,4.071,3.084
2026-11-09,-23.4,-46.4,19.311,7.794,86.27,14.353,14.288,1.741,7.332,4.152,4.001,3.121
2026-11-10,-23.8,-46.8,19.131,7.441,86.351,14.447,14.457,1.809,7.242,4.216,4.259,2.985
2026-11-10,-23.8,-46.7,18.878,7.734,86.892,14.711,14.726,1.817,7.854,4.357,4.366,3.19
2026-11-10,-23.8,-46.6,19.481,5.137,85.965,16.224,14.522,1.798,5.376,4.07,4.446,3.015
2026-11-10,-23.8,-46.5,19.093,10.835,87.835,13.805,15.551,1.701,9.192,4.234,4.296,3.532
2026-11-10,-23.7,-46.8,19.354,6.572,86.183,15.359,14.166,1.606,6.825,3.841,4.314,2.897
2026-11-10,-23.7,-46.5,19.362,6.806,86.289,15.403,14.14,1.547,7.107,4.11,4.346,2.848
2026-11-10,-23.7,-46.4,20.52,4.382,83.759,18.451,15.748,1.693,5.471,4.652,4.937,4.055
2026-11-10,-23.6,-46.8,19.696,5.18,84.964,16.129,14.255,1.721,5.49,3.794,4.421,2.982
2026-11-10,-23.6,-46.4,19.46,9.894,87.206,14.094,15.034,1.698,8.462,4.121,3.892,3.33
2026-11-10,-23.6,-46.3,20.158,2.606,82.808,19.954,13.518,1.617,3.774,3.165,3.365,3.287
2026-11-10,-23.5,-46.8,19.843,1.767,82.495,20.07,13.44,1.559,2.501,2.864,2.834,3.303
2026-11-10,-23.5,-46.7,19.271,7.524,85.962,14.342,14.083,1.717,7.319,4.053,4.078,2.912
2026-11-10,-23.5,-46.6,20.206,2.528,82.702,19.958,13.518,1.595,3.697,3.146,3.347,3.402
2026-11-10,-23.5,-46.4,19.709,5.19,84.94,16.186,13.896,1.756,5.497,3.606,4.335,2.864
2026-11-10,-23.5,-46.3,19.523,6.858,85.592,15.121,13.853,1.556,7.128,3.864,4.017,2.854
2026-11-10,-23.4,-46.8,19.363,10.398,87.022,13.93,14.777,1.617,8.672,4.109,3.921,3.388
2026-11-10,-23.4,-46.7,19.376,10.256,86.97,13.939,14.839,1.615,8.656,4.089,3.916,3.486
2026-11-10,-23.4,-46.6,20.55,4.315,83.847,18.644,15.135,1.61,5.293,4.172,4.507,3.816
2026-11-10,-23.4,-46.5,19.395,10.242,87.035,14.012,14.882,1.588,8.619,4.241,3.968,3.219
2026-11-10,-23.4,-46.4,19.433,10.158,87.043,14.083,14.939,1.691,8.728,4.173,3.903,3.425
2026-11-11,-23.8,-46.8,19.247,9.748,87.158,13.99,15.168,1.682,8.243,4.124,4.058,3.327
2026-11-11,-23.8,-46.7,20.011,2.44,82.813,19.815,13.464,1.736,3.586,3.43,3.155,3.017
2026-11-11,-23.8,-46.6,19.358,6.732,86.276,15.378,14.25,1.577,6.994,3.966,4.333,2.992
2026-11-11,-23.8,-46.5,19.883,2.058,83.034,20.059,13.487,1.727,2.862,3.23,3.019,3.133
2026-11-11,-23.7,-46.8,19.12,6.988,86.51,14.857,14.346,1.774,6.809,4.057,4.334,3.028
2026-11-11,-23.7,-46.5,19.128,6.94,86.627,14.886,14.349,1.786,6.772,4.379,4.344,3.029
2026-11-11,-23.7,-46.4,19.782,5.865,86.003,15.841,14.274,1.579,6.141,3.895,4.033,3.149
2026-11-11,-23.6,-46.8,19.548,7.12,85.716,15.104,14.048,1.514,7.315,3.712,4.111,2.943
2026-11-11,-23.6,-46.4,20.15,2.522,82.906,19.786,13.591,1.609,3.644,3.179,3.107,3.23
2026-11-11,-23.6,-46.3,20.505,4.27,83.81,19.029,15.05,1.708,5.475,4.372,4.894,3.488
2026-11-11,-23.5,-46.8,20.262,3.149,81.215,19.826,16.811,1.797,5.25,4.389,5.759,5.285
2026-11-11,-23.5,-46.7,19.397,10.195,86.887,13.876,14.913,1.619,8.434,3.975,3.889,3.567
2026-11-11,-23.5,-46.6,20.451,4.392,83.867,18.749,15.01,1.695,5.714,4.417,5.126,3.578
2026-11-11,-23.5,-46.4,19.571,7.121,85.612,15.172,13.863,1.518,7.463,3.726,4.073,2.926
2026-11-11,-23.5,-46.3,19.231,7.333,86.107,14.691,14.186,1.774,7.166,4.182,4.173,3.121
2026-11-11,-23.4,-46.8,19.075,11.785,87.344,13.671,15.433,1.817,9.345,4.319,4.407,4.295
2026-11-11,-23.4,-46.7,19.085,12.081,87.439,13.594,15.49,1.821,9.691,4.192,4.347,4.338
2026-11-11,-23.4,-46.6,19.925,6.341,85.484,15.816,13.933,1.445,6.669,4.028,4.034,3.206
2026-11-11,-23.4,-46.5,19.373,10.613,86.911,14.273,15.67,1.693,9.129,4.163,4.282,4.156
2026-11-11,-23.4,-46.4,20.128,2.587,82.833,19.745,13.462,1.613,3.828,3.22,3.181,3.062
2026-11-12,-23.8,-46.8,19.16,10.383,87.131,14.042,16.026,1.841,8.899,4.133,4.419,4.393
2026-11-12,-23.8,-46.7,20.52,4.145,83.804,18.915,15.567,1.686,5.341,4.731,5.04,4.189
2026-11-12,-23.8,-46.6,19.108,7.164,86.634,14.851,14.654,1.763,6.875,4.257,4.378,3.397
2026-11-12,-23.8,-46.5,20.346,3.175,82.099,20.25,16.097,1.802,5.426,4.789,5.761,4.59
2026-11-12,-23.7,-46.8,18.931,7.899,86.868,14.755,14.987,1.79,7.693,4.279,4.403,3.656
2026-11-12,-23.7,-46.5,19.896,2.513,82.537,20.139,13.682,1.794,3.786,3.382,3.434,3.02
2026-11-12,-23.7,-46.4,19.461,6.841,86.378,15.218,14.516,1.472,6.699,3.861,4.253,3.437
2026-11-12,-23.6,-46.8,19.276,7.149,85.916,14.825,14.549,1.738,6.917,4.111,4.065,3.441
2026-11-12,-23.6,-46.4,20.601,4.252,83.792,18.993,15.064,1.678,5.462,4.509,5.064,3.573
2026-11-12,-23.6,-46.3,20.132,5.665,85.839,16.671,13.954,1.543,6.079,3.741,4.054,3.103
2026-11-12,-23.5,-46.8,20.36,4.72,84.296,18.48,14.552,1.673,5.309,3.798,4.072,3.297
2026-11-12,-23.5,-46.7,19.433,10.623,86.805,14.248,15.865,1.734,8.776,3.993,4.221,4.416
2026-11-12,-23.5,-46.6,20.153,5.592,85.463,16.566,14.033,1.505,6.188,3.752,4.053,3.187
2026-11-12,-23.5,-46.4,19.159,7.731,86.016,14.504,14.427,1.774,7.446,4.24,4.221,3.534
2026-11-12,-23.5,-46.3,19.377,7.822,86.238,14.676,14.574,1.742,7.577,4.16,4.032,3.517
2026-11-12,-23.4,-46.8,19.824,2.029,82.566,20.033,13.431,1.683,2.928,3.107,2.936,2.822
2026-11-12,-23.4,-46.7,19.844,2.11,82.516,20.01,13.442,1.686,3.089,3.109,2.958,2.831
2026-11-12,-23.4,-46.6,19.571,7.4,85.793,15.283,14.199,1.442,7.332,3.951,4.07,3.409
2026-11-12,-23.4,-46.5,20.004,2.797,82.589,19.811,13.623,1.714,4.195,3.252,3.402,3.121
2026-11-12,-23.4,-46.4,20.464,4.401,83.982,18.142,15.297,1.656,5.518,4.62,4.987,3.848
2026-11-13,-23.8,-46.8,19.916,2.719,82.674,19.855,13.756,1.813,4.06,3.301,3.389,3.161
2026-11-13,-23.8,-46.7,20.044,5.141,85.974,16.982,14.283,1.599,5.435,3.876,4.159,3.131
2026-11-13,-23.8,-46.6,18.749,8.981,87.233,14.427,15.028,1.851,9.151,4.438,4.594,3.516
2026-11-13,-23.8,-46.5,20.344,4.865,85.298,18.216,14.802,1.65,5.409,3.876,4.142,3.294
2026-11-13,-23.7,-46.8,19.801,2.425,82.456,19.907,13.702,1.802,3.588,3.306,3.031,2.88
2026-11-13,-23.7,-46.5,20.196,4.479,83.824,18.652,15.554,1.614,5.608,5.042,5.421,4.058
2026-11-13,-23.7,-46.4,19.308,7.045,86.652,14.903,14.808,1.742,6.506,4.123,4.282,3.565
2026-11-13,-23.6,-46.8,19.294,7.313,86.047,14.849,14.704,1.725,6.913,4.252,3.957,3.507
2026-11-13,-23.6,-46.4,20.139,5.552,85.769,16.833,13.994,1.552,6.003,3.818,4.156,3.177
2026-11-13,-23.6,-46.3,19.655,6.519,85.897,15.498,14.162,1.491,6.575,4.02,4.303,3.522
2026-11-13,-23.5,-46.8,19.982,6.463,85.67,15.8,14.003,1.363,6.679,4.068,3.977,3.492
2026-11-13,-23.5,-46.7,19.992,2.811,82.496,19.82,13.66,1.718,4.227,3.275,3.396,3.105
2026-11-13,-23.5,-46.6,19.752,6.57,85.752,15.526,14.096,1.475,6.614,4.017,4.187,3.543
2026-11-13,-23.5,-46.4,19.433,10.596,87.251,13.842,15.366,1.639,8.852,4.498,3.883,3.81
2026-11-13,-23.5,-46.3,19.291,7.905,86.328,14.584,14.502,1.758,7.471,4.206,4.132,3.491
2026-11-13,-23.4,-46.8,20.407,2.841,81.438,20.183,16.857,1.785,4.846,4.21,5.714,5.086
2026-11-13,-23.4,-46.7,20.406,2.685,81.353,20.266,16.842,1.788,4.497,4.073,5.636,5.094
2026-11-13,-23.4,-46.6,19.237,8.086,86.224,14.759,14.424,1.711,7.766,4.269,4.32,3.565
2026-11-13,-23.4,-46.5,20.717,4.033,83.586,19.128,15.069,1.582,5.086,4.245,4.489,3.714
2026-11-13,-23.4,-46.4,19.916,6.331,85.504,15.856,14.193,1.452,6.596,3.984,4.109,3.505
2026-11-14,-23.8,-46.8,20.539,3.694,83.442,19.379,15.517,1.608,4.751,4.643,4.828,4.139
2026-11-14,-23.8,-46.7,19.649,5.933,86.399,15.932,14.39,1.509,5.785,3.884,4.25,3.419
2026-11-14,-23.8,-46.6,19.689,2.465,82.726,19.745,13.862,1.803,3.776,3.438,3.145,2.832
2026-11-14,-23.8,-46.5,19.761,6.347,86.64,15.729,14.436,1.489,6.064,4.167,4.085,3.462
2026-11-14,-23.7,-46.8,20.394,3.868,82.767,19.563,15.894,1.702,4.91,4.736,5.175,4.559
2026-11-14,-23.7,-46.5,19.842,6.692,86.49,15.66,14.657,1.431,6.455,4.154,3.99,3.646
2026-11-14,-23.7,-46.4,19.947,2.62,82.634,19.912,13.704,1.82,3.878,3.352,3.283,2.916
2026-11-14,-23.6,-46.8,19.176,8.259,86.16,14.479,14.486,1.804,8.067,4.29,4.089,3.365
2026-11-14,-23.6,-46.4,19.702,6.496,85.925,15.578,14.066,1.467,6.542,4.008,4.29,3.395
2026-11-14,-23.6,-46.3,19.263,7.517,86.364,14.591,14.447,1.685,7.14,4.145,4.332,3.385
2026-11-14,-23.5,-46.8,19.499,7.598,85.739,15.105,14.296,1.508,7.524,4.166,4.051,3.49
2026-11-14,-23.5,-46.7,20.822,3.926,83.344,19.248,15.064,1.543,4.995,4.375,4.394,3.73
2026-11-14,-23.5,-46.6,19.361,7.623,86.227,14.626,14.408,1.67,7.076,4.148,4.217,3.504
2026-11-14,-23.5,-46.4,19.776,2.024,82.477,19.934,13.696,1.787,2.844,3.212,2.976,3.09
2026-11-14,-23.5,-46.3,19.924,2.516,82.524,19.828,13.734,1.803,3.761,3.264,3.094,2.994
2026-11-14,-23.4,-46.8,20.63,4.098,83.288,19.108,15.298,1.805,5.105,4.818,4.722,3.907
2026-11-14,-23.4,-46.7,20.448,4.38,83.726,18.582,15.632,1.762,5.572,4.795,4.718,4.021
2026-11-14,-23.4,-46.6,19.402,8.096,86.33,14.771,14.555,1.672,7.629,4.292,4.109,3.599
2026-11-14,-23.4,-46.5,20.405,5.083,85.463,17.636,13.784,1.491,5.786,3.675,3.912,2.993
2026-11-14,-23.4,-46.4,19.539,7.186,86.028,15.156,14.121,1.476,6.929,3.893,4.169,3.381
2026-11-15,-23.8,-46.8,20.319,5.023,85.777,17.533,14.047,1.5,5.399,4.07,4.028,3.161
2026-11-15,-23.8,-46.7,19.379,7.882,86.642,14.965,14.536,1.568,7.897,4.129,4.44,3.49
2026-11-15,-23.8,-46.6,20.149,1.932,81.552,20.89,15.806,1.891,2.943,3.907,4.963,4.621
2026-11-15,-23.8,-46.5,19.301,7.747,86.853,15.11,15.024,1.502,7.333,4.489,4.366,3.844
2026-11-15,-23.7,-46.8,20.306,4.759,85.836,17.526,14.17,1.587,5.081,3.979,3.883,3.062
2026-11-15,-23.7,-46.5,19.527,7.194,86.459,15.115,14.649,1.455,6.801,4.42,4.142,3.63
2026-11-15,-23.7,-46.4,20.478,4.014,83.755,19.588,15.342,1.661,4.997,4.794,4.944,3.792
2026-11-15,-23.6,-46.8,19.799,2.522,82.406,19.864,13.908,1.789,3.802,3.413,3.187,3.09
2026-11-15,-23.6,-46.4,19.521,7.382,85.915,14.998,14.47,1.422,7.307,4.32,4.22,3.564
2026-11-15,-23.6,-46.3,19.564,10.852,87.272,13.747,15.512,1.498,9.129,4.62,3.967,3.759
2026-11-15,-23.5,-46.8,19.3,7.784,85.839,14.511,14.534,1.701,7.336,4.474,4.036,3.631
2026-11-15,-23.5,-46.7,20.387,5.098,85.502,17.483,13.851,1.452,5.654,3.863,3.998,3.058
2026-11-15,-23.5,-46.6,19.423,8.158,86.052,14.453,14.692,1.594,7.665,4.332,4.077,3.618
2026-11-15,-23.5,-46.4,20.304,2.879,80.976,20.645,16.564,1.9,4.998,4.78,5.756,4.884
2026-11-15,-23.5,-46.3,20.458,4.196,83.233,19.179,15.663,1.645,5.759,4.47,4.969,4.411
2026-11-15,-23.4,-46.8,20.163,5.818,85.617,16.762,14.042,1.476,6.235,4.116,4.135,3.209
2026-11-15,-23.4,-46.7,19.954,6.153,85.287,15.943,14.201,1.332,6.393,4.145,3.934,3.473
2026-11-15,-23.4,-46.6,19.937,2.607,82.519,19.743,13.789,1.843,3.773,3.462,3.162,2.933
2026-11-15,-23.4,-46.5,19.929,6.44,85.565,15.938,13.905,1.309,6.567,4.301,4.146,3.456
2026-11-15,-23.4,-46.4,20.074,2.133,81.994,20.329,13.558,1.817,3.167,3.515,3.27,3.001
2026-11-16,-23.8,-46.8,19.764,6.006,85.986,15.973,14.212,1.403,6.123,4.343,4.275,3.423
2026-11-16,-23.8,-46.7,19.856,2.79,82.677,19.672,13.881,1.88,4.089,3.658,3.427,2.898
2026-11-16,-23.8,-46.6,20.49,4.273,82.198,20.283,15.351,1.98,6.527,5.049,5.96,3.726
2026-11-16,-23.8,-46.5,19.104,8.055,87.033,14.691,15.445,1.721,7.499,4.655,4.385,3.837
2026-11-16,-23.7,-46.8,19.77,6.19,86.314,15.727,14.415,1.415,6.105,4.318,4.248,3.464
2026-11-16,-23.7,-46.5,19.344,7.564,86.756,14.744,14.968,1.698,6.812,4.363,4.25,3.714
2026-11-16,-23.7,-46.4,20.454,5.418,86.322,17.446,14.117,1.376,5.629,4.142,3.918,3.216
2026-11-16,-23.6,-46.8,20.429,4.043,82.818,19.48,16.081,1.678,5.398,4.71,5.164,4.76
2026-11-16,-23.6,-46.4,19.456,7.603,86.078,14.592,14.738,1.612,7.225,4.42,4.158,3.655
2026-11-16,-23.6,-46.3,19.721,2.148,82.719,20.081,13.573,1.801,3.168,3.346,3.125,2.809
2026-11-16,-23.5,-46.8,19.546,10.942,87.068,13.626,15.623,1.539,8.747,4.823,3.779,4.071
2026-11-16,-23.5,-46.7,19.861,6.404,85.618,15.876,13.997,1.373,6.56,4.219,4.192,3.475
2026-11-16,-23.5,-46.6,19.843,2.682,82.583,19.841,13.796,1.814,4.011,3.432,3.22,2.955
2026-11-16,-23.5,-46.4,20.288,4.751,83.989,18.686,15.15,1.706,5.941,4.549,4.892,3.332
2026-11-16,-23.5,-46.3,20.407,4.997,85.476,17.401,13.938,1.493,5.481,3.785,3.945,3.044
2026-11-16,-23.4,-46.8,19.764,6.869,85.577,15.561,14.175,1.394,6.782,4.199,4.104,3.545
2026-11-16,-23.4,-46.7,19.579,7.537,85.644,15.059,14.352,1.356,7.275,4.229,3.989,3.547
2026-11-16,-23.4,-46.6,20.289,2.334,81.973,20.581,15.272,1.869,3.908,3.971,5.006,4.149
2026-11-16,-23.4,-46.5,19.532,7.525,85.888,15.211,14.281,1.362,7.27,4.423,4.264,3.484
2026-11-16,-23.4,-46.4,20.678,3.845,82.053,20.14,15.039,1.901,6.01,5.189,5.63,3.815
2026-11-17,-23.8,-46.8,19.477,7.728,86.148,15.193,14.959,1.374,7.048,4.639,4.439,4.072
2026-11-17,-23.8,-46.7,20.43,4.162,83.86,19.156,15.17,1.682,5.77,5.184,5.215,3.698
2026-11-17,-23.8,-46.6,20.337,5.589,85.849,18.066,14.457,1.461,6.069,4.35,4.026,3.252
2026-11-17,-23.8,-46.5,18.976,9.783,87.209,14.375,15.805,1.739,9.189,5.075,4.716,4.126
2026-11-17,-23.7,-46.8,19.566,7.782,86.432,15.001,15.189,1.42,6.896,4.584,4.306,4.155
2026-11-17,-23.7,-46.5,19.925,2.733,82.555,19.996,13.766,1.859,4.035,3.456,3.418,3.095
2026-11-17,-23.7,-46.4,19.81,7.116,86.448,15.562,14.9,1.316,6.468,4.758,4.398,4.115
2026-11-17,-23.6,-46.8,20.26,4.957,84.997,17.433,14.344,1.497,5.634,4.126,4.089,3.272
2026-11-17,-23.6,-46.4,19.934,2.818,82.71,19.887,13.787,1.817,4.2,3.541,3.489,3.139
2026-11-17,-23.6,-46.3,20.294,2.846,81.502,21.045,15.876,1.797,4.905,4.718,5.671,3.879
2026-11-17,-23.5,-46.8,19.665,2.072,82.54,19.939,13.761,1.763,3.023,3.456,3.213,3.198
2026-11-17,-23.5,-46.7,19.546,7.938,85.751,15.079,14.736,1.345,7.29,4.543,4.29,4.121
2026-11-17,-23.5,-46.6,20.464,3.834,82.853,19.993,15.362,1.663,5.275,4.909,5.149,3.7
2026-11-17,-23.5,-46.4,19.921,7.851,85.692,15.126,14.866,1.308,7.193,4.444,4.209,4.245
2026-11-17,-23.5,-46.3,19.884,7.084,85.771,15.525,14.534,1.304,6.568,4.568,4.361,4.039
2026-11-17,-23.4,-46.8,19.366,8.465,86.131,14.549,14.988,1.576,7.31,4.72,4.314,4.165
2026-11-17,-23.4,-46.7,19.395,8.536,86.073,14.47,15.0,1.582,7.366,4.678,4.222,4.177
2026-11-17,-23.4,-46.6,20.313,5.571,84.002,18.469,15.133,1.688,7.147,5.223,5.486,3.251
2026-11-17,-23.4,-46.5,19.4,8.651,86.34,14.562,14.986,1.571,7.47,4.853,4.338,4.135
2026-11-17,-23.4,-46.4,20.353,5.758,85.061,17.853,14.321,1.468,6.139,4.074,4.354,3.258
2026-11-18,-23.8,-46.8,19.337,8.308,86.414,14.629,15.279,1.6,6.971,4.805,4.476,4.155
2026-11-18,-23.8,-46.7,20.297,5.828,86.058,17.277,14.338,1.446,5.966,4.545,4.211,3.406
2026-11-18,-23.8,-46.6,19.694,7.958,86.674,15.114,15.098,1.374,6.867,4.883,4.55,4.334
2026-11-18,-23.8,-46.5,19.497,3.458,82.983,19.379,14.395,1.902,5.27,3.989,4.104,3.371
2026-11-18,-23.7,-46.8,19.38,8.233,86.466,14.594,15.392,1.63,6.81,4.628,4.394,4.132
2026-11-18,-23.7,-46.5,20.383,4.338,83.47,19.903,15.107,1.666,6.008,5.103,5.183,3.389
2026-11-18,-23.7,-46.4,19.384,8.199,86.692,14.451,15.351,1.579,6.666,4.876,4.388,4.158
2026-11-18,-23.6,-46.8,19.911,7.426,85.56,15.364,14.73,1.277,6.908,4.43,4.203,4.06
2026-11-18,-23.6,-46.4,20.523,4.434,83.488,19.529,14.922,1.652,5.557,5.032,5.115,3.219
2026-11-18,-23.6,-46.3,20.398,5.294,84.171,18.679,15.177,1.674,6.444,4.978,5.202,3.286
2026-11-18,-23.5,-46.8,20.311,2.86,81.236,20.884,16.231,1.768,5.001,5.071,5.811,4.24
2026-11-18,-23.5,-46.7,19.437,8.482,86.021,14.476,14.94,1.51,7.231,4.768,4.304,4.228
2026-11-18,-23.5,-46.6,20.427,5.717,85.073,18.145,14.201,1.438,6.1,4.188,4.272,3.099
2026-11-18,-23.5,-46.4,19.39,8.889,85.876,14.289,15.235,1.612,7.687,4.776,4.211,4.227
2026-11-18,-23.5,-46.3,19.405,8.493,86.265,14.369,14.973,1.505,7.131,4.809,4.345,4.223
2026-11-18,-23.4,-46.8,19.61,11.404,86.971,13.73,16.521,1.413,8.392,4.967,3.956,4.617
2026-11-18,-23.4,-46.7,19.287,12.483,87.176,13.36,16.22,1.613,9.126,5.091,4.217,4.564
2026-11-18,-23.4,-46.6,19.839,7.58,85.656,15.263,14.783,1.374,6.773,4.667,4.378,4.116
2026-11-18,-23.4,-46.5,19.903,2.875,82.679,19.83,13.792,1.803,4.201,3.51,3.569,3.329
2026-11-18,-23.4,-46.4,19.74,7.935,85.942,14.809,14.906,1.341,6.77,4.634,4.341,4.35
2026-11-19,-23.8,-46.8,19.845,2.88,82.775,19.838,13.912,1.832,4.283,3.55,3.587,3.226
2026-11-19,-23.8,-46.7,19.57,7.997,86.225,15.059,15.046,1.385,6.67,5.174,4.644,4.121
2026-11-19,-23.8,-46.6,18.921,10.199,87.236,13.919,15.773,1.535,7.57,5.406,4.664,4.288
2026-11-19,-23.8,-46.5,19.994,2.356,82.471,20.113,14.652,1.813,3.642,3.776,4.223,3.854
2026-11-19,-23.7,-46.8,19.786,2.808,82.771,19.759,13.964,1.843,4.247,3.573,3.407,3.1
2026-11-19,-23.7,-46.5,20.237,7.149,85.952,17.595,14.367,1.484,6.553,4.887,4.622,3.047
2026-11-19,-23.7,-46.4,19.094,12.118,87.491,13.581,16.501,1.687,9.051,5.406,4.587,4.298
2026-11-19,-23.6,-46.8,19.306,9.59,86.162,13.969,14.983,1.533,7.523,5.025,4.231,3.991
2026-11-19,-23.6,-46.4,20.213,6.344,85.664,16.922,14.151,1.494,6.226,4.886,4.487,3.027
2026-11-19,-23.6,-46.3,19.68,8.584,86.035,14.903,14.675,1.358,7.207,5.205,4.51,3.959
2026-11-19,-23.5,-46.8,20.262,5.886,83.946,18.384,15.183,1.677,6.68,5.374,5.491,3.509
2026-11-19,-23.5,-46.7,19.816,2.88,82.694,19.716,13.876,1.825,4.334,3.56,3.402,3.062
2026-11-19,-23.5,-46.6,19.645,8.557,86.135,14.912,14.586,1.37,7.135,5.313,4.626,3.977
2026-11-19,-23.5,-46.4,19.551,11.222,86.527,13.685,16.466,1.49,7.782,5.16,4.171,4.683
2026-11-19,-23.5,-46.3,19.807,2.823,82.741,19.787,13.959,1.839,4.195,3.528,3.337,3.154
2026-11-19,-23.4,-46.8,19.363,3.063,83.009,19.451,14.268,1.854,4.693,3.946,3.901,3.103
2026-11-19,-23.4,-46.7,19.288,2.566,83.114,19.685,13.902,1.689,4.233,3.874,3.805,2.967
2026-11-19,-23.4,-46.6,19.243,9.893,86.319,14.0,14.859,1.502,7.641,5.307,4.411,3.878
2026-11-19,-23.4,-46.5,20.349,5.056,83.56,19.228,14.997,1.676,6.235,5.174,5.268,3.222
2026-11-19,-23.4,-46.4,19.246,9.901,86.465,13.963,15.175,1.521,7.735,5.25,4.384,3.962
2026-11-20,-23.8,-46.8,20.059,1.831,81.828,21.232,14.959,1.855,2.941,3.997,4.538,3.73
2026-11-20,-23.8,-46.7,19.339,11.128,87.597,13.372,14.972,1.412,6.901,5.266,4.361,4.021
2026-11-20,-23.8,-46.6,19.468,3.599,83.035,19.453,14.148,1.871,5.585,4.088,4.225,3.198
2026-11-20,-23.8,-46.5,20.466,5.476,83.595,19.132,14.903,1.764,6.917,5.479,5.425,3.342
2026-11-20,-23.7,-46.8,20.13,1.919,81.809,21.099,15.147,1.879,3.202,4.155,4.842,3.845
2026-11-20,-23.7,-46.5,19.52,10.778,87.775,13.865,14.581,1.31,7.009,5.563,4.602,3.957
2026-11-20,-23.7,-46.4,20.322,4.395,81.776,18.927,16.583,2.489,4.975,3.227,3.523,2.636
2026-11-20,-23.6,-46.8,19.832,2.746,82.465,19.762,13.99,1.826,4.135,3.422,3.267,3.12
2026-11-20,-23.6,-46.4,19.55,10.625,87.384,13.881,14.318,1.322,6.872,5.329,4.492,4.013
2026-11-20,-23.6,-46.3,19.325,11.406,87.413,13.568,15.017,1.402,7.151,5.506,4.373,4.094
2026-11-20,-23.5,-46.8,19.573,10.405,86.887,13.767,14.531,1.372,6.926,5.224,4.556,4.026
2026-11-20,-23.5,-46.7,20.14,1.943,81.682,21.208,14.825,1.819,3.058,3.807,4.561,3.714
2026-11-20,-23.5,-46.6,19.385,11.777,87.402,13.506,14.988,1.421,7.32,5.439,4.333,4.106
2026-11-20,-23.5,-46.4,19.523,2.503,82.802,19.846,13.83,1.752,3.636,3.466,3.296,2.889
2026-11-20,-23.5,-46.3,20.222,1.89,81.6,21.279,14.91,1.836,3.017,3.843,4.59,3.595
2026-11-20,-23.4,-46.8,19.85,2.545,82.33,20.169,14.674,1.824,4.142,3.668,4.331,3.558
2026-11-20,-23.4,-46.7,20.179,2.164,81.838,20.801,15.355,1.841,3.425,4.155,5.076,4.035
2026-11-20,-23.4,-46.6,19.866,2.856,82.657,19.879,13.773,1.803,4.263,3.56,3.545,3.205
2026-11-20,-23.4,-46.5,20.145,8.198,86.717,16.092,13.886,1.531,6.803,5.001,4.759,3.088
2026-11-20,-23.4,-46.4,19.456,12.546,87.142,13.421,16.517,1.621,8.415,5.438,4.401,4.666
2026-11-21,-23.8,-46.8,20.686,4.548,82.085,20.804,14.981,2.026,6.852,5.256,5.733,3.69
2026-11-21,-23.8,-46.7,19.21,2.756,82.324,19.901,14.484,1.896,4.158,3.526,3.193,2.584
2026-11-21,-23.8,-46.6,19.386,3.409,83.265,19.643,14.415,1.75,5.385,4.325,4.874,3.31
2026-11-21,-23.8,-46.5,19.729,4.137,83.328,19.035,14.514,1.901,6.138,4.383,4.847,3.597
2026-11-21,-23.7,-46.8,20.693,3.568,81.497,21.354,15.062,2.066,6.032,4.879,5.75,3.798
2026-11-21,-23.7,-46.5,19.907,3.655,82.93,19.583,14.089,1.849,5.025,3.476,3.476,3.167
2026-11-21,-23.7,-46.4,20.713,5.38,82.149,18.248,17.105,2.417,6.115,4.331,4.806,3.457
2026-11-21,-23.6,-46.8,20.236,2.221,81.3,21.24,15.247,1.912,3.453,4.015,4.899,3.938
2026-11-21,-23.6,-46.4,19.943,3.632,82.863,19.648,14.026,1.848,4.985,3.316,3.383,3.119
2026-11-21,-23.6,-46.3,19.637,2.875,82.913,19.809,13.778,1.8,4.249,3.394,3.37,2.881
2026-11-21,-23.5,-46.8,19.51,12.711,87.272,13.554,16.661,1.573,8.016,5.003,4.241,4.988
2026-11-21,-23.5,-46.7,20.73,4.53,82.118,20.687,14.852,1.985,6.587,5.158,5.724,3.636
2026-11-21,-23.5,-46.6,19.726,3.01,82.848,19.855,13.788,1.83,4.477,3.305,3.313,2.922
2026-11-21,-23.5,-46.4,20.132,2.174,81.497,21.049,15.348,1.883,3.415,4.115,4.931,3.651
2026-11-21,-23.5,-46.3,20.739,4.672,82.33,20.692,14.58,1.993,6.796,5.129,5.596,3.085
2026-11-21,-23.4,-46.8,20.293,4.746,82.641,19.735,15.34,1.716,6.053,5.398,5.625,3.677
2026-11-21,-23.4,-46.7,20.484,5.354,83.125,19.237,15.033,1.84,6.676,5.539,5.833,3.506
2026-11-21,-23.4,-46.6,20.139,2.226,81.884,21.125,14.789,1.837,3.509,3.92,4.579,3.7
2026-11-21,-23.4,-46.5,19.759,3.746,82.728,19.488,13.966,1.954,5.768,4.291,4.268,3.244
2026-11-21,-23.4,-46.4,19.623,3.099,83.017,19.796,14.047,1.871,4.444,3.362,3.253,3.037
2026-11-22,-23.8,-46.8,20.307,8.248,87.034,16.845,14.168,1.522,6.588,3.891,4.947,2.927
2026-11-22,-23.8,-46.7,20.038,2.399,81.746,20.911,15.237,1.918,3.915,4.577,5.11,4.076
2026-11-22,-23.8,-46.6,20.202,7.549,86.912,16.642,14.662,1.569,6.535,4.229,5.011,3.363
2026-11-22,-23.8,-46.5,19.733,10.373,88.219,14.381,13.978,1.614,7.797,4.356,4.747,3.198
2026-11-22,-23.7,-46.8,20.322,8.289,86.982,16.936,14.013,1.492,6.857,3.961,4.89,2.746
2026-11-22,-23.7,-46.5,19.776,3.854,83.365,19.336,14.126,1.847,5.748,4.367,4.837,3.362
2026-11-22,-23.7,-46.4,20.857,5.368,81.957,18.283,17.337,2.436,5.798,4.005,4.392,3.274
2026-11-22,-23.6,-46.8,20.513,6.194,83.206,19.275,14.626,1.876,7.251,5.689,5.96,2.902
2026-11-22,-23.6,-46.4,20.257,8.245,87.454,16.071,13.78,1.553,6.461,4.123,4.769,2.888
2026-11-22,-23.6,-46.3,20.285,5.492,84.069,18.972,15.164,1.667,6.023,5.109,5.39,3.577
2026-11-22,-23.5,-46.8,19.64,3.204,82.782,19.709,14.105,1.849,4.51,3.292,3.294,3.019
2026-11-22,-23.5,-46.7,20.316,8.339,86.807,16.719,14.045,1.537,6.684,3.844,4.957,2.872
2026-11-22,-23.5,-46.6,20.229,7.159,84.977,18.107,14.832,1.752,7.64,4.946,5.398,3.579
2026-11-22,-23.5,-46.4,20.382,5.646,83.04,19.317,14.88,1.888,6.874,5.756,6.097,3.239
2026-11-22,-23.5,-46.3,20.258,8.641,86.998,16.44,14.019,1.557,6.872,3.86,4.971,2.839
2026-11-22,-23.4,-46.8,20.255,8.074,87.2,16.031,13.702,1.526,6.282,3.875,4.593,2.669
2026-11-22,-23.4,-46.7,20.226,8.299,87.409,15.871,13.588,1.53,6.297,3.827,4.573,2.677
2026-11-22,-23.4,-46.6,20.486,5.995,83.49,19.272,14.814,1.827,7.293,5.246,5.903,3.323
2026-11-22,-23.4,-46.5,20.203,8.339,87.349,15.946,13.776,1.59,6.562,4.225,4.734,3.001
2026-11-22,-23.4,-46.4,19.758,2.726,82.488,20.342,14.458,1.786,4.46,3.713,4.338,3.318
2026-11-23,-23.8,-46.8,19.386,12.424,89.636,12.885,14.057,1.248,6.632,3.834,4.074,3.389
2026-11-23,-23.8,-46.7,20.224,6.394,84.316,18.998,14.779,1.783,7.393,5.381,6.041,3.145
2026-11-23,-23.8,-46.6,19.608,3.674,82.997,19.534,14.158,1.93,5.665,4.232,4.305,3.211
2026-11-23,-23.8,-46.5,19.475,3.89,83.264,19.142,14.474,1.904,5.599,4.114,4.099,3.04
2026-11-23,-23.7,-46.8,19.4,12.527,89.642,12.97,14.064,1.254,6.658,3.83,4.111,3.415
2026-11-23,-23.7,-46.5,20.214,8.533,87.56,15.785,14.029,1.534,6.463,4.049,4.743,3.249
2026-11-23,-23.7,-46.4,20.777,5.201,81.823,18.426,17.248,2.401,5.57,3.693,4.253,3.234
2026-11-23,-23.6,-46.8,20.214,8.921,87.316,15.617,13.84,1.505,6.446,3.496,4.656,3.095
2026-11-23,-23.6,-46.4,19.592,3.662,82.919,19.47,14.084,1.909,5.659,4.244,4.161,3.095
2026-11-23,-23.6,-46.3,19.86,10.056,87.942,14.465,13.882,1.502,6.593,3.93,4.574,3.189
2026-11-23,-23.5,-46.8,19.73,2.921,82.441,20.163,14.562,1.772,4.53,3.705,4.398,3.393
2026-11-23,-23.5,-46.7,19.38,13.163,89.508,12.839,13.84,1.246,6.586,3.915,3.992,3.353
2026-11-23,-23.5,-46.6,19.354,13.438,89.315,12.52,13.725,1.425,7.569,4.475,3.964,3.167
2026-11-23,-23.5,-46.4,20.181,8.895,87.405,15.748,13.536,1.524,6.826,3.878,4.601,2.546
2026-11-23,-23.5,-46.3,19.346,13.892,89.69,12.861,13.803,1.23,6.547,3.947,3.921,3.382
2026-11-23,-23.4,-46.8,19.206,14.08,89.753,12.687,13.81,1.34,6.884,3.82,3.704,2.803
2026-11-23,-23.4,-46.7,19.648,3.565,82.725,19.628,14.088,1.935,5.394,4.155,4.215,3.203
2026-11-23,-23.4,-46.6,20.2,8.992,87.511,15.432,13.867,1.541,6.534,3.67,4.584,3.047
2026-11-23,-23.4,-46.5,19.681,3.65,82.747,19.583,14.002,1.924,5.649,4.244,4.27,3.249
2026-11-23,-23.4,-46.4,20.298,5.135,83.262,19.629,15.029,1.736,6.277,5.433,5.847,3.465
2026-11-24,-23.8,-46.8,19.141,2.848,83.054,20.041,14.082,1.698,4.656,3.625,3.446,2.732
2026-11-24,-23.8,-46.7,19.856,10.053,88.066,14.461,13.934,1.465,6.432,3.835,4.558,3.227
2026-11-24,-23.8,-46.6,20.104,8.682,87.637,15.659,14.002,1.584,6.662,4.163,4.758,3.105
2026-11-24,-23.8,-46.5,19.402,3.732,83.421,19.334,14.488,1.728,5.75,4.363,4.853,3.418
2026-11-24,-23.7,-46.8,19.118,2.846,83.077,19.901,14.16,1.713,4.657,3.754,3.507,2.71
2026-11-24,-23.7,-46.5,19.504,3.6,82.914,19.542,14.171,1.872,5.651,4.168,4.198,3.155
2026-11-24,-23.7,-46.4,20.634,5.126,81.909,18.478,17.505,2.481,5.612,3.731,4.261,3.574
2026-11-24,-23.6,-46.8,19.245,13.979,89.219,12.407,14.233,1.353,6.735,3.669,3.304,3.079
2026-11-24,-23.6,-46.4,19.99,9.808,87.717,15.264,14.045,1.723,7.877,4.08,4.875,3.008
2026-11-24,-23.6,-46.3,19.528,3.885,83.11,19.33,14.218,1.868,5.607,4.028,4.108,3.039
2026-11-24,-23.5,-46.8,20.125,6.114,83.808,18.923,15.107,1.685,6.674,5.06,5.775,3.426
2026-11-24,-23.5,-46.7,19.176,2.866,82.958,20.025,13.995,1.692,4.704,3.644,3.438,2.751
2026-11-24,-23.5,-46.6,19.081,2.61,82.227,19.997,14.491,1.762,3.989,3.308,2.957,2.46
2026-11-24,-23.5,-46.4,19.21,15.012,89.474,12.45,13.848,1.361,6.89,3.862,3.351,2.994
2026-11-24,-23.5,-46.3,19.258,2.827,82.924,20.138,13.851,1.691,4.589,3.683,3.625,2.924
2026-11-24,-23.4,-46.8,18.962,2.614,82.266,19.999,14.71,1.749,3.952,3.307,2.906,2.363
2026-11-24,-23.4,-46.7,20.108,8.58,87.362,15.809,13.99,1.548,6.555,4.086,4.812,3.108
2026-11-24,-23.4,-46.6,19.131,15.055,89.989,12.549,14.468,1.326,6.232,3.839,3.546,3.604
2026-11-24,-23.4,-46.5,20.199,8.575,87.281,15.81,13.928,1.577,6.606,3.994,4.768,3.02
2026-11-24,-23.4,-46.4,20.18,8.537,87.433,15.824,13.646,1.546,6.519,4.003,4.669,2.612
2026-11-25,-23.8,-46.8,19.972,5.675,83.904,19.143,15.552,1.687,6.447,5.15,5.848,3.826
2026-11-25,-23.8,-46.7,19.597,3.953,83.178,19.404,14.208,1.878,5.657,3.989,4.253,3.215
2026-11-25,-23.8,-46.6,19.581,3.655,82.951,19.479,14.227,1.946,5.636,4.188,4.148,3.125
2026-11-25,-23.8,-46.5,19.312,3.571,83.381,19.456,14.379,1.691,5.638,4.331,4.923,3.289
2026-11-25,-23.7,-46.8,20.013,5.729,84.01,19.066,15.596,1.711,6.383,5.028,5.826,3.899
2026-11-25,-23.7,-46.5,20.111,8.753,87.537,15.779,14.127,1.572,6.622,4.017,4.788,3.14
2026-11-25,-23.7,-46.4,20.462,5.531,82.324,18.32,17.715,2.601,6.293,4.223,4.782,3.807
2026-11-25,-23.6,-46.8,19.434,2.517,82.799,20.237,13.593,1.581,4.067,3.085,2.889,2.674
2026-11-25,-23.6,-46.4,19.623,3.53,82.886,19.486,14.074,1.918,5.356,4.147,4.083,3.022
2026-11-25,-23.6,-46.3,20.144,8.567,87.4,15.82,13.927,1.575,6.63,4.261,4.796,2.982
2026-11-25,-23.5,-46.8,19.78,10.548,87.657,14.325,13.886,1.489,7.09,3.978,4.485,2.881
2026-11-25,-23.5,-46.7,19.995,5.802,83.781,19.136,15.182,1.68,6.223,5.014,5.761,3.479
2026-11-25,-23.5,-46.6,20.028,2.686,81.611,21.059,15.272,1.922,4.232,4.471,5.387,4.17
2026-11-25,-23.5,-46.4,19.311,2.515,82.754,20.076,13.795,1.623,4.041,3.137,2.939,2.62
2026-11-25,-23.5,-46.3,20.098,5.651,83.734,19.198,15.165,1.683,6.429,5.128,5.785,3.273
2026-11-25,-23.4,-46.8,19.521,2.135,80.351,21.933,16.182,1.903,3.801,4.893,5.89,5.34
2026-11-25,-23.4,-46.7,19.511,3.608,82.761,19.669,14.086,1.85,5.658,4.219,4.325,3.232
2026-11-25,-23.4,-46.6,19.35,2.628,83.099,20.092,13.84,1.64,4.018,3.353,3.077,2.755
2026-11-25,-23.4,-46.5,19.614,3.597,82.784,19.674,13.969,1.866,5.675,4.19,4.328,3.296
2026-11-25,-23.4,-46.4,19.238,14.775,89.829,12.768,13.888,1.357,6.963,4.0,3.695,2.973
2026-11-26,-23.8,-46.8,20.1,8.829,87.623,15.547,14.28,1.591,6.412,3.414,4.499,3.257
2026-11-26,-23.8,-46.7,20.005,8.982,87.596,15.546,14.122,1.675,7.304,4.135,4.78,3.104
2026-11-26,-23.8,-46.6,20.087,8.635,87.608,15.827,14.212,1.558,6.646,4.098,4.767,3.146
2026-11-26,-23.8,-46.5,20.087,8.678,87.492,15.821,14.33,1.556,6.686,3.911,4.755,3.197
2026-11-26,-23.7,-46.8,19.818,9.964,88.06,14.283,14.426,1.52,6.205,3.549,4.474,3.398
2026-11-26,-23.7,-46.5,19.176,13.827,90.046,12.98,14.48,1.368,6.635,3.93,3.928,3.407
2026-11-26,-23.7,-46.4,20.264,5.5,82.489,18.621,17.621,2.665,6.48,4.244,5.013,3.767
2026-11-26,-23.6,-46.8,20.122,2.358,81.469,21.441,15.183,1.844,3.626,4.257,5.113,3.676
2026-11-26,-23.6,-46.4,20.193,8.193,86.695,16.306,14.536,1.731,7.502,4.447,4.954,3.168
2026-11-26,-23.6,-46.3,19.932,3.117,82.694,20.046,13.889,1.89,4.504,3.603,3.568,3.046
2026-11-26,-23.5,-46.8,19.557,3.925,83.0,19.542,14.239,1.855,5.67,3.901,4.349,3.228
2026-11-26,-23.5,-46.7,20.084,8.995,87.483,15.541,14.087,1.58,6.694,3.552,4.548,3.032
2026-11-26,-23.5,-46.6,20.285,6.355,83.968,19.255,14.732,1.796,7.532,5.334,5.967,2.962
2026-11-26,-23.5,-46.4,20.146,2.367,81.412,21.322,15.181,1.837,3.64,4.295,5.126,3.558
2026-11-26,-23.5,-46.3,20.075,8.98,87.519,15.533,14.057,1.584,6.595,3.697,4.575,3.01
2026-11-26,-23.4,-46.8,19.849,4.033,80.202,21.561,15.635,1.934,6.499,5.605,6.062,3.942
2026-11-26,-23.4,-46.7,20.156,8.376,87.231,15.991,14.097,1.552,6.701,3.652,4.702,2.975
2026-11-26,-23.4,-46.6,20.168,2.535,81.806,21.417,15.192,1.841,3.999,4.174,5.174,3.868
2026-11-26,-23.4,-46.5,20.142,8.524,87.253,16.064,14.111,1.589,6.769,3.874,4.752,2.976
2026-11-26,-23.4,-46.4,19.375,2.587,83.237,20.21,13.829,1.645,3.875,3.434,3.28,2.702
2026-11-27,-23.8,-46.8,19.076,14.066,89.864,12.646,14.655,1.478,6.754,3.695,3.985,3.607
2026-11-27,-23.8,-46.7,19.615,3.615,82.964,19.643,14.193,1.934,5.608,4.193,4.276,3.147
2026-11-27,-23.8,-46.6,19.173,13.686,89.738,13.022,14.76,1.384,6.561,3.868,3.997,3.445
2026-11-27,-23.8,-46.5,19.221,13.936,89.72,12.984,14.661,1.353,6.508,3.994,3.907,3.383
2026-11-27,-23.7,-46.8,19.518,14.212,89.237,13.094,16.199,1.439,7.17,3.805,3.584,4.498
2026-11-27,-23.7,-46.5,19.381,15.224,89.371,13.248,15.986,1.749,9.024,4.124,3.908,3.967
2026-11-27,-23.7,-46.4,19.302,4.241,83.577,19.033,15.179,2.129,6.255,4.156,4.734,3.956
2026-11-27,-23.6,-46.8,20.365,6.933,83.782,19.137,14.674,1.803,7.504,5.37,5.949,2.856
2026-11-27,-23.6,-46.4,19.681,3.598,82.998,19.739,14.009,1.935,5.414,4.16,4.369,3.136
2026-11-27,-23.6,-46.3,20.443,7.689,86.196,17.555,14.237,1.522,6.52,4.233,4.858,2.709
2026-11-27,-23.5,-46.8,20.184,8.513,87.289,16.066,13.921,1.559,6.816,3.88,4.675,2.851
2026-11-27,-23.5,-46.7,19.213,13.884,89.527,12.801,14.347,1.375,6.563,3.772,3.835,3.474
2026-11-27,-23.5,-46.6,20.186,9.117,87.712,15.777,13.799,1.532,6.874,3.998,4.57,3.045
2026-11-27,-23.5,-46.4,20.377,7.07,83.71,19.179,14.611,1.799,7.541,5.438,6.02,2.892
2026-11-27,-23.5,-46.3,19.204,14.124,89.671,12.905,14.625,1.36,6.441,3.952,3.886,3.675
2026-11-27,-23.4,-46.8,19.982,8.2,85.792,17.091,14.659,1.607,7.432,4.854,5.055,3.038
2026-11-27,-23.4,-46.7,19.546,3.558,82.78,19.819,14.057,1.85,5.634,4.222,4.435,3.269
2026-11-27,-23.4,-46.6,20.401,7.295,84.129,18.919,14.534,1.734,7.919,5.052,5.911,3.03
2026-11-27,-23.4,-46.5,19.651,3.672,82.924,19.639,14.067,1.923,5.743,4.198,4.296,3.177
2026-11-27,-23.4,-46.4,20.143,2.504,81.831,21.482,14.997,1.89,3.871,4.258,5.062,3.455
2026-11-28,-23.8,-46.8,18.87,2.916,82.562,20.159,14.882,1.802,4.645,3.546,3.701,2.601
2026-11-28,-23.8,-46.7,19.452,3.423,83.363,19.726,14.257,1.72,5.362,4.134,4.843,3.148
2026-11-28,-23.8,-46.6,19.155,2.903,83.279,20.09,14.071,1.752,4.676,3.651,3.726,2.793
2026-11-28,-23.8,-46.5,19.158,2.855,83.241,20.167,14.091,1.698,4.659,3.579,3.659,2.754
2026-11-28,-23.7,-46.8,19.398,2.703,83.313,20.099,13.824,1.763,3.979,3.423,3.356,2.842
2026-11-28,-23.7,-46.5,19.051,2.886,82.612,20.04,14.721,1.852,4.082,3.435,3.366,2.544
2026-11-28,-23.7,-46.4,19.779,9.813,87.872,14.841,14.314,1.633,6.98,4.183,4.787,3.009
2026-11-28,-23.6,-46.8,20.101,9.188,87.577,15.576,14.107,1.558,6.603,3.54,4.521,3.041
2026-11-28,-23.6,-46.4,20.195,8.401,87.226,16.211,14.123,1.555,6.615,3.863,4.759,2.924
2026-11-28,-23.6,-46.3,19.537,12.336,89.059,13.293,13.892,1.404,6.781,4.226,4.18,3.12
2026-11-28,-23.5,-46.8,19.615,3.663,82.901,19.781,14.116,1.915,5.536,4.1,4.384,3.177
2026-11-28,-23.5,-46.7,18.949,3.025,82.684,19.951,14.578,1.76,4.769,3.685,3.774,2.607
2026-11-28,-23.5,-46.6,18.984,15.177,90.024,12.652,14.639,1.45,7.178,3.751,3.926,3.324
2026-11-28,-23.5,-46.4,20.076,9.562,87.674,15.607,13.968,1.582,6.965,3.749,4.538,3.045
2026-11-28,-23.5,-46.3,19.265,2.879,83.391,19.999,13.893,1.669,4.539,3.7,3.861,2.843
2026-11-28,-23.4,-46.8,19.443,12.324,88.944,13.131,13.917,1.338,6.629,3.955,4.012,3.233
2026-11-28,-23.4,-46.7,20.261,8.884,87.008,16.973,14.08,1.54,6.823,3.817,4.864,2.8
2026-11-28,-23.4,-46.6,19.859,10.543,88.015,14.693,13.951,1.517,7.358,4.196,4.502,3.148
2026-11-28,-23.4,-46.5,20.058,9.479,87.341,15.756,14.122,1.716,8.009,4.008,4.899,2.974
2026-11-28,-23.4,-46.4,20.382,7.322,84.098,18.906,14.525,1.741,7.811,5.149,5.996,3.038
2026-11-29,-23.8,-46.8,19.506,2.142,81.46,21.505,16.055,1.822,3.569,4.561,5.607,5.563
2026-11-29,-23.8,-46.7,20.102,8.179,86.702,16.457,14.639,1.684,7.423,4.061,5.039,3.123
2026-11-29,-23.8,-46.6,20.02,5.89,84.332,18.732,15.287,1.675,6.712,5.225,5.599,3.48
2026-11-29,-23.8,-46.5,19.911,2.359,82.115,21.462,14.802,1.852,3.646,4.245,4.736,3.375
2026-11-29,-23.7,-46.8,20.26,5.163,83.697,19.484,15.398,1.728,6.298,5.314,5.725,3.578
2026-11-29,-23.7,-46.5,19.88,2.638,82.48,20.945,15.072,1.853,4.155,4.51,5.047,3.821
2026-11-29,-23.7,-46.4,19.202,14.464,89.874,12.911,14.989,1.417,6.8,3.932,3.647,3.696
2026-11-29,-23.6,-46.8,19.203,13.737,89.639,12.879,14.526,1.384,6.749,3.654,3.894,3.593
2026-11-29,-23.6,-46.4,19.708,3.654,82.949,19.715,13.97,1.908,5.654,4.234,4.43,3.248
2026-11-29,-23.6,-46.3,19.257,2.907,83.145,19.842,13.937,1.791,4.609,3.761,3.944,2.869
2026-11-29,-23.5,-46.8,20.332,9.26,86.937,16.972,14.084,1.495,7.046,3.69,4.828,2.854
2026-11-29,-23.5,-46.7,19.667,2.034,81.541,21.223,15.331,1.783,3.196,4.257,4.96,5.175
2026-11-29,-23.5,-46.6,18.777,2.992,82.488,19.934,14.888,1.763,4.756,3.767,3.75,2.43
2026-11-29,-23.5,-46.4,19.157,14.943,89.991,12.863,14.196,1.355,6.838,3.751,3.838,3.642
2026-11-29,-23.5,-46.3,20.035,2.7,82.46,20.992,14.795,1.831,4.157,4.512,4.904,3.459
2026-11-29,-23.4,-46.8,19.245,2.914,83.014,20.21,13.839,1.762,4.733,3.652,3.999,2.977
2026-11-29,-23.4,-46.7,19.588,3.655,82.936,19.801,14.059,1.869,5.755,4.185,4.488,3.277
2026-11-29,-23.4,-46.6,19.583,3.962,83.211,19.531,14.17,1.891,5.703,3.919,4.272,3.135
2026-11-29,-23.4,-46.5,19.654,3.569,82.899,19.706,14.068,1.931,5.624,4.143,4.279,3.18
2026-11-29,-23.4,-46.4,19.836,10.292,87.967,14.685,14.016,1.528,7.079,4.178,4.569,3.093
2026-11-30,-23.8,-46.8,20.149,3.139,79.926,22.508,15.656,2.108,5.23,5.391,5.996,4.253
2026-11-30,-23.8,-46.7,19.406,12.088,89.55,13.332,14.164,1.301,6.549,3.918,4.257,3.094
2026-11-30,-23.8,-46.6,19.556,11.739,89.118,13.382,14.093,1.386,6.568,4.52,4.101,3.055
2026-11-30,-23.8,-46.5,20.067,7.719,84.771,18.117,14.981,1.581,8.127,5.418,6.045,3.336
2026-11-30,-23.7,-46.8,20.191,8.62,87.838,15.985,13.794,1.567,6.941,3.781,4.523,2.785
2026-11-30,-23.7,-46.5,20.146,3.235,82.117,21.478,14.951,1.914,5.069,4.754,5.239,3.632
2026-11-30,-23.7,-46.4,19.636,5.264,82.45,19.173,16.699,2.397,6.112,3.539,4.232,2.54
2026-11-30,-23.6,-46.8,19.397,2.599,83.123,20.418,13.774,1.619,4.094,3.135,3.122,2.71
2026-11-30,-23.6,-46.4,20.196,8.728,87.311,16.142,14.07,1.553,6.766,3.897,4.796,2.952
2026-11-30,-23.6,-46.3,20.069,2.637,82.351,21.019,15.038,1.843,4.021,4.358,4.883,3.663
2026-11-30,-23.5,-46.8,19.401,13.183,89.668,13.235,13.85,1.322,6.913,3.899,4.211,3.279
2026-11-30,-23.5,-46.7,20.039,4.208,81.195,21.623,15.809,1.966,6.39,5.434,6.32,4.285
2026-11-30,-23.5,-46.6,19.483,2.114,81.473,21.312,15.301,1.851,3.709,4.466,5.195,4.81
2026-11-30,-23.5,-46.4,19.406,2.529,83.175,20.424,13.706,1.615,3.877,3.219,3.15,2.734
2026-11-30,-23.5,-46.3,20.296,6.59,84.22,19.113,14.64,1.824,7.79,5.317,5.885,2.732
2026-11-30,-23.4,-46.8,19.992,6.179,84.268,18.939,15.273,1.656,6.981,5.248,5.79,3.54
2026-11-30,-23.4,-46.7,20.321,8.962,86.927,16.987,14.117,1.524,6.826,3.721,4.822,2.873
2026-11-30,-23.4,-46.6,20.241,8.679,87.375,16.191,13.979,1.539,7.176,4.108,4.627,3.063
2026-11-30,-23.4,-46.5,19.559,3.558,83.304,19.818,14.18,1.751,5.452,4.178,4.829,3.18
2026-11-30,-23.4,-46.4,19.557,3.931,83.262,19.489,14.175,1.891,5.607,3.954,4.249,3.05
2026-12-01,-23.8,-46.8,20.274,10.189,85.42,17.255,15.559,1.599,9.47,5.214,5.076,3.933
2026-12-01,-23.8,-46.7,19.168,2.947,83.337,20.067,14.096,1.755,4.593,3.536,3.753,2.847
2026-12-01,-23.8,-46.6,19.504,2.529,83.165,20.575,13.579,1.717,3.846,3.159,3.394,2.887
2026-12-01,-23.8,-46.5,19.593,11.538,88.604,14.501,14.662,1.364,6.515,4.267,4.938,3.226
2026-12-01,-23.7,-46.8,19.618,3.464,83.038,19.873,14.249,1.956,5.226,4.018,4.328,3.219
2026-12-01,-23.7,-46.5,20.463,8.734,86.389,18.154,14.507,1.406,7.739,3.877,4.447,2.793
2026-12-01,-23.7,-46.4,19.126,4.169,83.183,19.076,15.457,1.987,6.05,4.465,4.847,3.305
2026-12-01,-23.6,-46.8,20.245,5.973,83.73,19.574,15.35,1.689,7.113,5.454,5.754,3.463
2026-12-01,-23.6,-46.4,19.704,3.593,82.977,19.783,14.015,1.915,5.535,4.139,4.394,3.267
2026-12-01,-23.6,-46.3,20.448,7.221,84.408,19.263,14.698,1.69,7.832,5.111,5.707,2.775
2026-12-01,-23.5,-46.8,18.801,3.102,82.642,19.815,14.855,1.815,4.706,3.69,3.882,2.563
2026-12-01,-23.5,-46.7,20.269,9.04,86.224,17.514,14.592,1.544,7.526,3.583,4.702,2.904
2026-12-01,-23.5,-46.6,20.223,3.384,79.837,22.478,15.365,2.07,5.389,5.529,5.909,3.948
2026-12-01,-23.5,-46.4,20.188,6.31,83.699,19.455,15.38,1.678,7.693,5.448,5.776,3.355
2026-12-01,-23.5,-46.3,19.996,9.736,87.259,16.131,14.419,1.498,7.058,3.679,4.817,3.351
2026-12-01,-23.4,-46.8,19.903,9.573,87.026,16.06,14.513,1.507,7.328,3.965,4.872,3.048
2026-12-01,-23.4,-46.7,19.641,11.104,88.614,15.238,14.426,1.353,6.898,4.14,5.122,3.214
2026-12-01,-23.4,-46.6,19.437,13.309,89.13,14.76,14.626,1.39,7.731,4.18,4.93,3.391
2026-12-01,-23.4,-46.5,20.32,8.959,86.362,17.923,14.541,1.432,6.886,3.793,4.804,2.781
2026-12-01,-23.4,-46.4,20.16,8.713,86.865,16.72,14.41,1.531,7.003,4.041,4.83,3.243
2026-12-02,-23.8,-46.8,19.726,10.708,87.853,15.7,14.701,1.355,7.053,4.16,5.028,3.573
2026-12-02,-23.8,-46.7,20.101,5.973,83.956,19.422,15.313,1.604,6.595,4.913,5.249,3.469
2026-12-02,-23.8,-46.6,20.033,6.64,84.492,18.678,15.622,1.511,7.481,5.557,5.887,3.54
2026-12-02,-23.8,-46.5,19.667,12.153,88.788,15.543,15.805,1.483,8.648,4.669,4.936,3.374
2026-12-02,-23.7,-46.8,20.434,7.928,85.941,18.228,14.83,1.404,6.956,4.047,4.568,2.996
2026-12-02,-23.7,-46.5,19.799,10.876,88.195,15.627,14.488,1.4,7.652,4.442,5.039,3.393
2026-12-02,-23.7,-46.4,19.882,9.545,87.245,16.27,14.649,1.637,8.136,4.224,4.992,3.488
2026-12-02,-23.6,-46.8,20.246,8.442,86.595,16.929,14.532,1.468,6.771,3.515,4.642,3.32
2026-12-02,-23.6,-46.4,20.361,8.691,86.205,18.067,14.681,1.415,6.672,3.691,4.697,2.933
2026-12-02,-23.6,-46.3,20.128,9.076,87.001,16.903,14.629,1.548,6.826,3.626,4.784,3.371
2026-12-02,-23.5,-46.8,19.527,2.574,82.393,20.582,14.81,1.668,4.428,4.153,4.722,4.096
2026-12-02,-23.5,-46.7,19.765,10.729,87.889,15.531,14.496,1.361,7.073,3.964,5.054,3.563
2026-12-02,-23.5,-46.6,20.375,10.114,85.158,17.494,15.249,1.532,9.257,4.887,4.945,3.699
2026-12-02,-23.5,-46.4,20.148,8.99,86.902,16.79,14.535,1.526,6.91,3.658,4.779,3.39
2026-12-02,-23.5,-46.3,19.548,12.635,88.595,15.251,14.704,1.393,7.859,4.444,5.022,3.53
2026-12-02,-23.4,-46.8,19.417,12.132,88.675,15.131,14.67,1.384,7.396,3.958,5.001,3.207
2026-12-02,-23.4,-46.7,19.482,12.26,88.478,15.446,15.089,1.433,8.008,4.428,5.068,3.452
2026-12-02,-23.4,-46.6,19.412,12.976,88.536,15.415,15.201,1.556,8.887,4.514,5.069,3.26
2026-12-02,-23.4,-46.5,19.741,10.883,87.861,15.405,14.612,1.417,7.185,4.225,5.019,3.227
2026-12-02,-23.4,-46.4,19.605,11.591,88.563,15.571,14.384,1.332,7.778,4.236,5.089,3.31
2026-12-03,-23.8,-46.8,19.492,12.046,88.739,15.457,14.881,1.434,7.633,4.249,5.035,3.185
2026-12-03,-23.8,-46.7,20.074,8.769,86.985,16.826,14.62,1.515,6.506,3.743,4.867,3.357
2026-12-03,-23.8,-46.6,19.754,10.56,87.837,15.556,14.411,1.458,7.319,4.247,4.937,3.183
2026-12-03,-23.8,-46.5,19.566,11.294,88.566,15.698,14.644,1.393,7.753,4.51,4.893,3.08
2026-12-03,-23.7,-46.8,19.831,10.375,88.063,15.602,14.261,1.345,7.177,3.974,4.868,3.234
2026-12-03,-23.7,-46.5,19.562,12.132,88.841,15.551,14.754,1.407,7.677,4.416,4.952,3.274
2026-12-03,-23.7,-46.4,19.566,11.502,88.977,15.675,14.216,1.333,7.692,4.18,5.138,2.914
2026-12-03,-23.6,-46.8,19.693,10.936,88.162,15.668,14.56,1.342,7.432,4.121,5.032,3.188
2026-12-03,-23.6,-46.4,19.787,10.848,87.953,15.525,14.593,1.41,7.249,4.192,5.102,3.28
2026-12-03,-23.6,-46.3,19.635,11.277,88.372,15.575,14.673,1.357,7.354,4.222,5.026,3.22
2026-12-03,-23.5,-46.8,20.126,6.14,83.438,19.609,15.441,1.676,7.12,5.495,5.921,3.598
2026-12-03,-23.5,-46.7,19.457,12.268,88.681,15.329,14.734,1.372,7.685,4.282,5.052,3.243
2026-12-03,-23.5,-46.6,19.726,11.411,87.881,15.549,14.302,1.358,7.469,4.267,4.996,3.399
2026-12-03,-23.5,-46.4,19.571,12.267,88.479,15.48,14.383,1.481,8.468,4.384,5.142,3.125
2026-12-03,-23.5,-46.3,19.569,3.425,83.074,19.876,14.111,1.946,5.16,4.064,4.288,3.119
2026-12-03,-23.4,-46.8,19.506,12.567,88.763,15.476,14.709,1.388,8.212,4.356,4.934,3.222
2026-12-03,-23.4,-46.7,19.558,3.469,83.086,19.776,14.234,1.948,5.266,4.022,4.193,3.025
2026-12-03,-23.4,-46.6,19.435,12.826,88.736,15.45,14.632,1.495,8.803,4.668,5.041,3.166
2026-12-03,-23.4,-46.5,19.479,12.487,88.502,15.459,15.01,1.4,7.901,4.458,4.942,3.175
2026-12-03,-23.4,-46.4,19.48,3.412,83.005,19.914,14.131,1.872,5.189,4.008,4.346,3.181
2026-12-04,-23.8,-46.8,19.434,12.309,89.162,15.542,14.827,1.416,7.808,4.115,5.035,3.282
2026-12-04,-23.8,-46.7,19.577,10.986,88.604,15.58,14.589,1.334,6.893,3.891,5.141,3.05
2026-12-04,-23.8,-46.6,19.526,11.926,88.908,15.605,14.724,1.433,7.649,4.196,4.977,3.258
2026-12-04,-23.8,-46.5,19.516,11.93,89.019,15.675,14.599,1.419,7.878,4.433,4.979,3.106
2026-12-04,-23.7,-46.8,19.618,11.635,88.553,15.53,14.919,1.408,7.566,4.387,4.919,3.501
2026-12-04,-23.7,-46.5,19.497,12.447,89.044,15.52,14.916,1.4,7.78,4.37,4.988,3.382
2026-12-04,-23.7,-46.4,19.699,2.9,82.96,20.327,14.128,1.859,4.161,3.426,3.622,3.206
2026-12-04,-23.6,-46.8,19.621,3.485,83.086,19.874,14.113,1.932,5.264,4.011,4.267,3.083
2026-12-04,-23.6,-46.4,19.527,11.722,88.439,15.492,14.869,1.407,7.456,4.354,4.998,3.11
2026-12-04,-23.6,-46.3,19.521,12.277,88.557,15.435,14.902,1.42,7.82,4.574,4.984,3.26
2026-12-04,-23.5,-46.8,20.258,8.825,86.741,17.07,14.376,1.411,6.846,3.513,4.682,3.163
2026-12-04,-23.5,-46.7,19.473,12.769,88.918,15.387,14.91,1.398,8.003,4.361,4.972,3.471
2026-12-04,-23.5,-46.6,19.422,12.829,88.973,15.216,14.814,1.391,7.711,4.239,5.169,3.459
2026-12-04,-23.5,-46.4,19.573,3.373,83.001,19.772,14.17,1.949,5.145,4.0,4.167,3.008
2026-12-04,-23.5,-46.3,20.48,8.218,85.979,18.388,14.602,1.415,7.104,3.808,4.363,2.97
2026-12-04,-23.4,-46.8,19.524,12.06,88.816,15.57,14.352,1.41,8.074,4.452,4.941,3.219
2026-12-04,-23.4,-46.7,20.486,8.077,85.913,18.435,14.626,1.408,6.95,3.701,4.313,2.976
2026-12-04,-23.4,-46.6,19.757,3.246,82.982,19.926,14.209,1.911,4.552,3.576,3.535,3.034
2026-12-04,-23.4,-46.5,19.476,12.549,88.823,15.421,14.835,1.341,7.852,4.401,4.918,3.351
2026-12-04,-23.4,-46.4,20.444,8.145,85.794,18.482,14.822,1.383,6.872,3.74,4.469,2.976
2026-12-05,-23.8,-46.8,19.433,12.076,89.118,15.342,14.891,1.431,7.767,4.135,5.031,3.378
2026-12-05,-23.8,-46.7,19.564,11.45,88.716,15.704,14.613,1.393,7.713,4.167,4.891,3.144
2026-12-05,-23.8,-46.6,19.54,11.85,88.945,15.612,14.786,1.447,7.836,4.427,4.89,3.248
2026-12-05,-23.8,-46.5,19.502,11.959,89.068,15.7,14.656,1.389,7.931,4.464,5.0,3.127
2026-12-05,-23.7,-46.8,19.581,11.782,88.68,15.595,14.906,1.41,7.769,4.387,4.902,3.418
2026-12-05,-23.7,-46.5,19.496,12.321,89.063,15.487,14.942,1.386,7.871,4.393,5.023,3.463
2026-12-05,-23.7,-46.4,20.295,5.71,83.804,19.727,15.052,1.591,6.67,5.088,4.972,3.296
2026-12-05,-23.6,-46.8,20.545,7.574,85.703,18.539,14.535,1.373,6.952,3.833,4.298,2.907
2026-12-05,-23.6,-46.4,19.555,11.583,88.472,15.635,14.59,1.376,7.86,4.382,4.89,3.048
2026-12-05,-23.6,-46.3,19.541,11.828,88.832,15.783,14.636,1.347,8.022,4.378,4.926,3.124
2026-12-05,-23.5,-46.8,19.657,11.15,88.399,15.702,14.475,1.314,7.396,4.045,5.165,3.387
2026-12-05,-23.5,-46.7,19.467,12.67,88.871,15.444,15.02,1.376,8.064,4.222,5.006,3.53
2026-12-05,-23.5,-46.6,19.467,12.849,89.093,15.484,15.063,1.384,8.066,4.148,5.043,3.326
2026-12-05,-23.5,-46.4,20.549,7.336,85.684,18.57,14.478,1.418,6.979,3.992,4.355,2.874
2026-12-05,-23.5,-46.3,19.741,11.07,88.048,15.3,14.5,1.44,7.379,4.335,5.075,3.324
2026-12-05,-23.4,-46.8,19.473,12.144,89.087,15.598,14.404,1.346,8.194,4.288,5.059,3.462
2026-12-05,-23.4,-46.7,19.867,10.61,87.874,15.572,14.099,1.37,7.564,4.185,4.994,3.262
2026-12-05,-23.4,-46.6,20.127,2.768,82.789,20.418,14.077,1.745,3.824,3.413,3.702,3.221
2026-12-05,-23.4,-46.5,19.518,12.088,88.845,15.64,14.458,1.376,8.215,4.532,4.999,3.194
2026-12-05,-23.4,-46.4,19.759,11.823,88.401,15.174,14.293,1.383,7.652,4.288,5.099,3.357
2026-12-06,-23.8,-46.8,19.536,12.204,88.969,15.683,14.754,1.418,8.177,4.224,5.005,3.535
2026-12-06,-23.8,-46.7,19.602,11.309,88.717,15.713,14.574,1.414,7.851,4.246,4.954,3.41
2026-12-06,-23.8,-46.6,19.59,11.626,88.841,15.75,14.586,1.406,8.016,4.373,4.978,3.381
2026-12-06,-23.8,-46.5,19.465,12.44,89.188,15.49,14.493,1.541,8.766,4.421,5.135,3.096
2026-12-06,-23.7,-46.8,19.643,11.472,88.659,15.795,14.626,1.403,7.974,4.421,4.94,3.446
2026-12-06,-23.7,-46.5,19.613,12.135,88.98,15.675,14.765,1.384,8.116,4.633,5.007,3.568
2026-12-06,-23.7,-46.4,20.278,8.618,87.03,17.337,14.385,1.402,7.101,3.845,4.635,3.009
2026-12-06,-23.6,-46.8,19.9,10.391,87.799,15.479,14.217,1.412,7.285,4.097,4.965,3.439
2026-12-06,-23.6,-46.4,19.651,3.421,83.098,19.914,14.033,1.937,5.164,4.018,4.294,3.091
2026-12-06,-23.6,-46.3,19.453,3.39,83.179,19.97,14.163,1.889,5.168,4.002,4.335,3.087
2026-12-06,-23.5,-46.8,19.542,12.202,88.726,15.447,14.646,1.388,7.743,4.305,5.056,3.511
2026-12-06,-23.5,-46.7,19.481,12.224,88.971,15.552,14.468,1.319,8.173,4.315,5.008,3.478
2026-12-06,-23.5,-46.6,19.387,12.8,89.207,15.162,14.929,1.394,7.808,4.365,5.082,3.729
2026-12-06,-23.5,-46.4,19.869,11.231,88.133,15.374,14.149,1.435,7.682,4.378,5.062,3.387
2026-12-06,-23.5,-46.3,19.546,12.647,88.643,15.447,14.972,1.429,8.153,4.541,5.051,3.549
2026-12-06,-23.4,-46.8,19.809,3.167,82.895,20.074,14.089,1.912,4.501,3.465,3.467,3.076
2026-12-06,-23.4,-46.7,19.557,11.824,88.549,15.52,14.535,1.393,7.832,4.387,5.091,3.575
2026-12-06,-23.4,-46.6,20.722,6.009,84.429,19.475,14.273,1.525,6.93,4.858,4.631,2.678
2026-12-06,-23.4,-46.5,19.637,3.469,82.966,19.858,14.048,1.952,5.269,3.969,4.227,3.17
2026-12-06,-23.4,-46.4,19.596,12.109,88.451,15.644,14.781,1.415,8.205,4.463,5.019,3.546
2026-12-07,-23.8,-46.8,19.588,11.576,89.002,15.637,14.614,1.381,8.064,4.245,5.005,3.688
2026-12-07,-23.8,-46.7,19.609,11.411,88.869,15.658,14.608,1.418,7.904,4.283,5.014,3.647
2026-12-07,-23.8,-46.6,19.601,11.74,89.029,15.77,14.597,1.419,8.13,4.448,5.101,3.604
2026-12-07,-23.8,-46.5,19.87,3.138,82.857,20.126,14.185,1.869,4.38,3.301,3.367,3.111
2026-12-07,-23.7,-46.8,19.659,11.528,88.643,15.638,14.618,1.421,8.119,4.563,5.092,3.671
2026-12-07,-23.7,-46.5,19.615,11.908,89.109,15.605,14.634,1.372,8.201,4.505,5.034,3.651
2026-12-07,-23.7,-46.4,19.648,11.113,88.728,15.608,14.757,1.32,7.288,3.933,5.121,3.567
2026-12-07,-23.6,-46.8,19.515,11.919,88.603,15.382,15.124,1.404,7.723,4.281,5.194,3.852
2026-12-07,-23.6,-46.4,20.618,7.308,85.668,18.609,14.416,1.397,6.885,3.966,4.347,2.893
2026-12-07,-23.6,-46.3,20.581,7.707,85.911,18.704,14.584,1.343,6.979,3.855,4.285,2.906
2026-12-07,-23.5,-46.8,19.507,12.345,89.17,15.438,14.501,1.393,8.065,4.346,5.013,3.635
2026-12-07,-23.5,-46.7,19.809,3.118,82.882,20.116,14.128,1.927,4.392,3.475,3.491,3.076
2026-12-07,-23.5,-46.6,19.538,12.696,88.952,15.585,14.866,1.381,8.441,4.355,5.032,3.693
2026-12-07,-23.5,-46.4,19.532,12.482,88.599,15.31,15.207,1.405,8.136,4.419,5.155,3.936
2026-12-07,-23.5,-46.3,19.559,12.234,88.793,15.498,14.487,1.407,8.381,4.642,5.092,3.595
2026-12-07,-23.4,-46.8,20.554,7.255,85.689,18.549,14.237,1.389,7.148,3.957,4.27,2.899
2026-12-07,-23.4,-46.7,19.899,3.167,82.826,20.236,13.897,1.878,4.508,3.472,3.604,3.171
2026-12-07,-23.4,-46.6,20.296,8.551,86.992,17.178,14.035,1.453,7.203,3.895,4.776,3.058
2026-12-07,-23.4,-46.5,20.547,7.291,85.692,18.474,14.398,1.428,6.959,4.002,4.364,2.951
2026-12-07,-23.4,-46.4,19.47,12.366,88.938,15.537,14.462,1.375,8.162,4.45,5.073,3.543
2026-12-08,-23.8,-46.8,19.86,3.184,82.921,20.119,14.22,1.855,4.423,3.305,3.334,3.123
2026-12-08,-23.8,-46.7,19.597,11.429,88.924,15.252,14.585,1.407,7.905,4.276,4.693,3.663
2026-12-08,-23.8,-46.6,19.545,11.969,89.192,15.179,14.509,1.423,8.128,4.414,4.768,3.594
2026-12-08,-23.8,-46.5,20.452,7.308,86.338,18.036,14.105,1.396,7.154,4.119,4.329,2.757
2026-12-08,-23.7,-46.8,19.638,11.367,88.942,15.273,14.552,1.391,7.887,4.275,4.644,3.654
2026-12-08,-23.7,-46.5,19.998,3.157,82.862,20.394,13.875,1.866,4.397,3.366,3.563,3.276
2026-12-08,-23.7,-46.4,19.513,12.393,89.164,14.967,14.708,1.379,7.91,4.271,4.769,3.707
2026-12-08,-23.6,-46.8,19.552,12.124,88.806,15.023,14.752,1.364,8.058,4.321,4.646,3.52
2026-12-08,-23.6,-46.4,19.902,10.72,88.074,15.163,14.227,1.435,7.465,4.304,4.688,3.523
2026-12-08,-23.6,-46.3,19.902,10.747,88.173,15.275,14.006,1.397,7.539,4.314,4.727,3.314
2026-12-08,-23.5,-46.8,19.462,12.688,89.269,14.865,14.559,1.399,7.993,4.32,4.708,3.814
2026-12-08,-23.5,-46.7,20.483,7.353,85.925,18.024,14.132,1.379,7.091,4.058,4.337,2.804
2026-12-08,-23.5,-46.6,19.511,12.329,89.109,14.986,14.389,1.354,8.218,4.384,4.622,3.586
2026-12-08,-23.5,-46.4,19.566,12.778,88.999,14.934,14.67,1.385,8.389,4.468,4.701,3.62
2026-12-08,-23.5,-46.3,19.512,12.373,89.141,15.06,14.368,1.367,8.327,4.52,4.722,3.604
2026-12-08,-23.4,-46.8,19.934,10.039,87.944,15.413,13.587,1.348,7.262,4.087,4.704,3.211
2026-12-08,-23.4,-46.7,20.568,7.43,85.82,18.171,14.114,1.367,7.08,4.003,4.231,2.627
2026-12-08,-23.4,-46.6,19.761,11.573,88.575,15.456,14.091,1.373,7.892,4.421,4.771,3.37
2026-12-08,-23.4,-46.5,19.905,10.644,88.138,15.384,13.675,1.381,7.643,4.493,4.715,3.131
2026-12-08,-23.4,-46.4,19.531,12.417,89.144,15.026,14.381,1.387,8.332,4.504,4.676,3.605
2026-12-09,-23.8,-46.8,20.447,7.321,86.318,18.022,14.145,1.392,7.061,4.081,4.337,2.72
2026-12-09,-23.8,-46.7,19.576,11.423,88.997,15.359,14.651,1.377,8.122,4.285,4.723,3.692
2026-12-09,-23.8,-46.6,19.538,11.792,89.3,15.294,14.528,1.413,8.182,4.323,4.711,3.671
2026-12-09,-23.8,-46.5,19.86,10.349,88.473,15.376,14.013,1.349,7.47,4.329,4.795,3.236
2026-12-09,-23.7,-46.8,19.862,3.164,82.933,20.16,14.146,1.917,4.387,3.395,3.396,3.125
2026-12-09,-23.7,-46.5,20.442,7.318,86.25,18.138,14.125,1.369,7.106,4.027,4.316,2.764
2026-12-09,-23.7,-46.4,19.667,11.625,88.749,15.257,14.797,1.418,8.11,4.507,4.718,3.541
2026-12-09,-23.6,-46.8,19.649,11.531,88.673,15.24,14.655,1.405,7.996,4.308,4.605,3.621
2026-12-09,-23.6,-46.4,19.628,11.797,88.648,15.22,14.815,1.404,8.113,4.434,4.787,3.698
2026-12-09,-23.6,-46.3,19.601,12.104,88.888,15.106,14.795,1.395,8.176,4.355,4.766,3.8
2026-12-09,-23.5,-46.8,19.569,12.295,88.883,15.135,14.661,1.378,8.43,4.331,4.611,3.665
2026-12-09,-23.5,-46.7,19.937,10.036,87.975,15.448,13.562,1.34,7.213,4.094,4.641,3.294
2026-12-09,-23.5,-46.6,19.548,12.268,89.36,15.063,14.296,1.316,8.085,4.254,4.667,3.968
2026-12-09,-23.5,-46.4,19.662,12.328,88.891,15.054,14.724,1.413,8.466,4.519,4.617,3.659
2026-12-09,-23.5,-46.3,19.53,12.605,89.18,15.007,14.67,1.347,8.607,4.352,4.696,3.844
2026-12-09,-23.4,-46.8,19.543,12.036,88.838,15.016,14.406,1.338,8.041,4.2,4.805,3.673
2026-12-09,-23.4,-46.7,19.996,10.351,87.794,15.374,13.966,1.368,7.348,4.125,4.721,3.348
2026-12-09,-23.4,-46.6,19.533,12.556,89.003,14.933,14.805,1.428,8.036,4.491,4.853,3.955
2026-12-09,-23.4,-46.5,19.537,12.656,88.971,15.043,14.644,1.353,8.402,4.326,4.756,3.669
2026-12-09,-23.4,-46.4,19.553,12.716,89.131,15.054,14.718,1.343,8.56,4.406,4.686,3.882
2026-12-10,-23.8,-46.8,19.844,9.793,88.212,15.435,13.978,1.347,7.109,4.063,4.781,3.342
2026-12-10,-23.8,-46.7,19.582,10.987,89.229,15.446,14.46,1.347,7.789,4.165,4.675,3.735
2026-12-10,-23.8,-46.6,19.981,3.202,82.772,20.302,13.989,1.832,4.484,3.252,3.413,3.184
2026-12-10,-23.8,-46.5,19.533,11.852,89.087,15.097,14.889,1.378,8.287,4.33,4.872,3.799
2026-12-10,-23.7,-46.8,20.397,7.236,86.22,18.063,14.161,1.394,6.988,3.998,4.313,2.723
2026-12-10,-23.7,-46.5,19.853,10.324,88.415,15.428,14.031,1.348,7.517,4.325,4.71,3.279
2026-12-10,-23.7,-46.4,19.601,11.621,88.916,15.291,14.889,1.368,8.173,4.342,4.619,3.631
2026-12-10,-23.6,-46.8,19.534,11.788,88.759,15.324,14.732,1.386,8.296,4.331,4.735,3.587
2026-12-10,-23.6,-46.4,19.538,11.903,88.799,15.305,14.766,1.347,8.474,4.425,4.764,3.531
2026-12-10,-23.6,-46.3,19.523,12.361,89.077,15.078,14.799,1.337,8.403,4.317,4.653,3.575
2026-12-10,-23.5,-46.8,19.48,12.273,89.043,15.118,14.526,1.346,8.424,4.362,4.776,3.669
2026-12-10,-23.5,-46.7,19.522,11.943,88.878,15.098,14.502,1.351,8.018,4.268,4.837,3.697
2026-12-10,-23.5,-46.6,19.563,11.668,89.135,15.496,14.397,1.355,7.924,4.139,4.641,3.834
2026-12-10,-23.5,-46.4,19.408,12.958,88.993,15.014,14.665,1.472,9.272,4.386,4.746,3.37
2026-12-10,-23.5,-46.3,19.878,3.662,83.262,20.026,13.967,1.854,4.806,3.273,3.622,3.178
2026-12-10,-23.4,-46.8,19.516,12.534,88.961,15.129,14.695,1.336,8.621,4.321,4.759,3.891
2026-12-10,-23.4,-46.7,19.487,12.85,88.932,14.706,14.86,1.405,7.939,4.257,4.729,3.837
2026-12-10,-23.4,-46.6,19.543,13.0,88.876,14.836,15.025,1.381,8.331,4.395,4.577,3.768
2026-12-10,-23.4,-46.5,19.506,12.772,89.006,15.183,14.729,1.363,8.74,4.501,4.752,3.61
2026-12-10,-23.4,-46.4,19.531,12.583,89.006,15.145,14.691,1.357,8.684,4.479,4.661,3.697
2026-12-11,-23.8,-46.8,19.502,11.572,88.987,15.076,14.511,1.37,7.907,4.268,4.881,3.632
2026-12-11,-23.8,-46.7,19.481,11.095,89.374,15.235,14.201,1.352,7.527,4.008,4.708,3.682
2026-12-11,-23.8,-46.6,20.427,7.098,86.152,18.118,14.199,1.384,7.009,4.031,4.359,2.809
2026-12-11,-23.8,-46.5,19.5,11.894,89.1,15.197,14.802,1.353,8.421,4.412,4.754,3.61
2026-12-11,-23.7,-46.8,19.855,9.743,88.086,15.327,14.01,1.359,7.035,4.007,4.657,3.321
2026-12-11,-23.7,-46.5,19.551,11.706,89.142,15.034,14.772,1.386,7.899,4.368,4.783,3.84
2026-12-11,-23.7,-46.4,19.593,11.712,88.861,15.223,14.823,1.404,8.267,4.446,4.666,3.642
2026-12-11,-23.6,-46.8,19.877,3.204,82.947,20.286,13.992,1.903,4.489,3.471,3.541,3.083
2026-12-11,-23.6,-46.4,19.5,12.098,88.991,15.149,14.702,1.337,8.549,4.46,4.727,3.591
2026-12-11,-23.6,-46.3,19.558,11.854,88.923,15.241,14.808,1.352,8.365,4.387,4.61,3.617
2026-12-11,-23.5,-46.8,19.462,12.277,89.26,15.106,14.231,1.378,8.185,4.284,4.721,3.747
2026-12-11,-23.5,-46.7,19.525,12.186,88.853,15.145,14.655,1.359,8.568,4.349,4.706,3.678
2026-12-11,-23.5,-46.6,19.973,3.148,82.782,20.279,14.027,1.827,4.445,3.258,3.393,3.244
2026-12-11,-23.5,-46.4,19.808,3.649,83.256,20.06,14.035,1.877,4.811,3.28,3.637,3.127
2026-12-11,-23.5,-46.3,20.361,7.963,86.636,17.65,14.025,1.385,6.806,3.898,4.515,2.676
2026-12-11,-23.4,-46.8,19.483,12.604,88.912,15.086,14.597,1.352,8.733,4.432,4.796,3.67
2026-12-11,-23.4,-46.7,19.52,12.67,88.794,14.945,14.68,1.388,8.474,4.275,4.584,3.65
2026-12-11,-23.4,-46.6,19.544,12.461,88.639,15.046,14.823,1.337,8.563,4.521,4.651,3.641
2026-12-11,-23.4,-46.5,19.503,12.606,88.909,15.067,14.636,1.346,8.798,4.51,4.738,3.615
2026-12-11,-23.4,-46.4,19.512,12.385,89.253,15.142,14.359,1.361,8.239,4.37,4.646,3.789
2026-12-12,-23.8,-46.8,19.594,11.971,88.984,15.207,14.719,1.405,8.306,4.353,4.727,3.72
2026-12-12,-23.8,-46.7,20.069,3.198,82.775,20.437,13.815,1.784,4.451,3.237,3.515,3.265
2026-12-12,-23.8,-46.6,19.827,10.309,88.309,15.32,14.056,1.384,7.484,4.23,4.68,3.263
2026-12-12,-23.8,-46.5,19.587,11.64,88.996,15.384,14.804,1.377,8.427,4.491,4.71,3.695
2026-12-12,-23.7,-46.8,19.572,11.454,88.832,15.215,14.675,1.36,8.115,4.359,4.882,3.679
2026-12-12,-23.7,-46.5,19.624,11.738,88.935,15.36,14.813,1.358,8.418,4.475,4.636,3.693
2026-12-12,-23.7,-46.4,19.449,12.029,89.017,15.111,14.478,1.486,8.817,4.39,4.784,3.411
2026-12-12,-23.6,-46.8,20.481,7.187,85.859,18.136,14.185,1.35,7.038,3.893,4.295,2.621
2026-12-12,-23.6,-46.4,19.626,11.676,88.752,15.338,14.69,1.373,8.472,4.483,4.622,3.623
2026-12-12,-23.6,-46.3,19.581,11.764,88.824,15.303,14.729,1.375,8.484,4.459,4.637,3.62
2026-12-12,-23.5,-46.8,19.731,3.409,82.332,19.916,14.734,2.018,4.552,3.381,3.505,3.041
2026-12-12,-23.5,-46.7,19.526,12.187,88.803,15.166,14.579,1.341,8.767,4.437,4.787,3.681
2026-12-12,-23.5,-46.6,20.403,7.677,86.028,17.834,14.143,1.514,8.108,4.108,4.524,2.749
2026-12-12,-23.5,-46.4,20.359,7.937,86.561,17.662,14.038,1.404,6.845,3.94,4.502,2.65
2026-12-12,-23.5,-46.3,19.673,11.183,88.688,15.323,13.884,1.353,7.98,4.333,4.766,3.203
2026-12-12,-23.4,-46.8,19.524,12.356,88.767,15.179,14.564,1.352,8.804,4.493,4.798,3.68
2026-12-12,-23.4,-46.7,19.585,12.64,88.799,15.003,14.646,1.367,8.777,4.471,4.669,3.734
2026-12-12,-23.4,-46.6,19.64,12.559,88.719,15.197,14.784,1.405,8.722,4.613,4.646,3.689
2026-12-12,-23.4,-46.5,19.548,12.463,88.849,15.155,14.584,1.343,8.884,4.545,4.765,3.66
2026-12-12,-23.4,-46.4,20.076,3.183,82.714,20.431,13.737,1.785,4.425,3.288,3.52,3.234
2026-12-13,-23.8,-46.8,19.608,11.694,88.876,15.282,14.76,1.433,8.281,4.45,4.752,3.729
2026-12-13,-23.8,-46.7,20.455,7.104,86.104,18.232,14.172,1.415,7.005,4.096,4.382,2.789
2026-12-13,-23.8,-46.6,19.611,11.658,88.762,15.323,14.782,1.41,8.252,4.442,4.867,3.823
2026-12-13,-23.8,-46.5,19.841,3.2,83.021,20.158,14.073,1.902,4.459,3.45,3.453,3.037
2026-12-13,-23.7,-46.8,19.645,11.352,88.601,15.395,14.691,1.399,8.329,4.475,4.819,3.69
2026-12-13,-23.7,-46.5,19.904,3.214,83.017,20.296,13.951,1.884,4.46,3.438,3.56,3.109
2026-12-13,-23.7,-46.4,19.472,11.703,89.233,15.197,14.29,1.53,8.627,4.362,4.802,3.44
2026-12-13,-23.6,-46.8,19.894,9.807,87.798,15.3,13.795,1.393,7.161,4.13,4.702,3.301
2026-12-13,-23.6,-46.4,19.895,3.16,82.953,20.3,13.911,1.894,4.38,3.468,3.562,3.099
2026-12-13,-23.6,-46.3,19.873,3.193,83.03,20.276,13.955,1.903,4.395,3.475,3.551,3.053
2026-12-13,-23.5,-46.8,20.061,2.972,83.15,20.092,14.067,1.697,4.035,3.607,3.948,3.171
2026-12-13,-23.5,-46.7,19.565,12.07,88.715,15.207,14.593,1.379,8.723,4.511,4.793,3.681
2026-12-13,-23.5,-46.6,19.875,10.538,88.212,15.328,13.698,1.37,7.529,4.27,4.622,3.299
2026-12-13,-23.5,-46.4,19.706,11.123,88.586,15.347,13.823,1.398,7.841,4.453,4.703,3.248
2026-12-13,-23.5,-46.3,19.565,12.443,88.962,15.106,14.609,1.365,8.717,4.496,4.841,3.904
2026-12-13,-23.4,-46.8,19.607,12.046,88.727,15.259,14.548,1.377,8.639,4.5,4.707,3.739
2026-12-13,-23.4,-46.7,19.552,12.243,88.678,15.206,14.577,1.37,8.789,4.512,4.793,3.676
2026-12-13,-23.4,-46.6,19.655,12.193,88.761,15.179,14.579,1.423,8.498,4.696,4.668,3.784
2026-12-13,-23.4,-46.5,19.608,12.266,88.749,15.256,14.659,1.383,8.731,4.556,4.674,3.671
2026-12-13,-23.4,-46.4,20.522,7.012,85.901,18.205,14.102,1.407,7.019,4.063,4.307,2.771
2026-12-14,-23.8,-46.8,19.607,11.195,88.779,15.454,14.715,1.397,8.229,4.488,4.785,3.722
2026-12-14,-23.8,-46.7,19.91,9.72,88.06,15.415,13.951,1.411,7.128,4.002,4.728,3.329
2026-12-14,-23.8,-46.6,19.619,11.634,88.757,15.371,14.76,1.397,8.478,4.522,4.77,3.657
2026-12-14,-23.8,-46.5,19.988,2.929,83.016,20.533,14.067,1.747,4.021,3.631,3.963,2.956
2026-12-14,-23.7,-46.8,19.645,11.125,88.657,15.504,14.73,1.395,8.143,4.462,4.758,3.726
2026-12-14,-23.7,-46.5,20.56,7.261,85.948,18.299,14.318,1.413,7.066,3.946,4.179,2.698
2026-12-14,-23.7,-46.4,19.501,11.242,89.247,15.353,14.315,1.502,8.428,4.157,4.734,3.549
2026-12-14,-23.6,-46.8,19.577,11.814,88.763,15.095,14.505,1.383,8.078,4.312,4.767,3.543
2026-12-14,-23.6,-46.4,20.516,7.148,85.841,18.141,14.09,1.401,7.016,3.998,4.269,2.679
2026-12-14,-23.6,-46.3,20.501,7.148,86.003,18.147,14.143,1.387,6.97,3.925,4.258,2.641
2026-12-14,-23.5,-46.8,20.548,6.508,85.217,18.482,14.201,1.523,6.888,4.186,4.502,2.783
2026-12-14,-23.5,-46.7,19.606,11.864,88.715,15.262,14.59,1.379,8.573,4.465,4.706,3.727
2026-12-14,-23.5,-46.6,19.619,12.022,88.712,15.194,14.614,1.387,8.433,4.451,4.841,3.751
2026-12-14,-23.5,-46.4,19.538,12.697,89.147,14.93,14.531,1.38,8.442,4.466,4.739,3.804
2026-12-14,-23.5,-46.3,19.581,12.38,88.931,15.057,14.585,1.384,8.573,4.478,4.684,3.689
2026-12-14,-23.4,-46.8,19.933,3.244,82.797,20.18,14.079,1.846,4.522,3.269,3.333,3.111
2026-12-14,-23.4,-46.7,19.565,11.992,88.681,15.223,14.448,1.396,8.522,4.465,4.737,3.723
2026-12-14,-23.4,-46.6,19.589,11.965,89.073,15.306,14.241,1.372,8.189,4.502,4.673,3.802
2026-12-14,-23.4,-46.5,19.939,3.242,82.82,20.202,14.06,1.845,4.523,3.29,3.385,3.13
2026-12-14,-23.4,-46.4,19.889,10.41,88.123,15.44,13.804,1.379,7.605,4.475,4.714,3.23
2026-12-15,-23.8,-46.8,19.745,10.789,88.588,15.755,14.573,1.512,8.073,4.544,4.873,3.616
2026-12-15,-23.8,-46.7,19.75,10.787,88.486,15.546,14.55,1.511,7.865,4.392,4.924,3.565
2026-12-15,-23.8,-46.6,19.737,11.008,88.513,15.807,14.777,1.494,8.39,4.555,4.828,3.581
2026-12-15,-23.8,-46.5,20.583,6.677,84.861,18.823,14.577,1.613,7.542,4.56,4.787,2.672
2026-12-15,-23.7,-46.8,19.842,3.192,83.005,20.158,14.086,1.904,4.44,3.45,3.453,3.054
2026-12-15,-23.7,-46.5,19.959,10.905,88.151,15.478,14.529,1.574,7.737,4.626,4.962,3.248
2026-12-15,-23.7,-46.4,20.012,4.718,83.033,19.16,15.571,1.836,5.194,3.261,3.652,3.555
2026-12-15,-23.6,-46.8,19.728,11.54,88.387,15.518,14.695,1.535,8.567,4.574,4.843,3.555
2026-12-15,-23.6,-46.4,19.998,10.105,87.774,15.807,14.04,1.519,7.804,4.589,4.834,3.155
2026-12-15,-23.6,-46.3,19.97,10.106,87.821,15.781,14.064,1.504,7.854,4.583,4.878,3.142
2026-12-15,-23.5,-46.8,20.033,9.739,87.417,15.797,13.957,1.558,7.538,4.381,4.846,3.153
2026-12-15,-23.5,-46.7,19.932,3.287,82.869,20.183,14.074,1.844,4.574,3.292,3.374,3.11
2026-12-15,-23.5,-46.6,19.735,11.757,88.51,15.573,14.705,1.476,8.802,4.613,4.795,3.59
2026-12-15,-23.5,-46.4,19.72,11.608,88.529,15.515,14.586,1.484,8.648,4.571,4.776,3.62
2026-12-15,-23.5,-46.3,19.705,11.575,88.57,15.532,14.567,1.475,8.645,4.564,4.779,3.617
2026-12-15,-23.4,-46.8,20.191,2.919,83.027,20.329,13.986,1.744,3.939,3.725,3.831,3.124
2026-12-15,-23.4,-46.7,19.94,3.241,82.771,20.196,14.063,1.847,4.523,3.262,3.347,3.128
2026-12-15,-23.4,-46.6,19.728,11.388,88.897,15.73,14.241,1.456,8.016,4.409,4.697,3.801
2026-12-15,-23.4,-46.5,20.516,7.087,85.624,18.215,14.138,1.525,7.168,4.102,4.345,2.68
2026-12-15,-23.4,-46.4,19.687,11.479,88.541,15.405,14.385,1.49,8.285,4.574,4.973,3.595
2026-12-16,-23.8,-46.8,19.993,3.284,82.915,20.321,13.973,1.821,4.526,3.27,3.483,3.162
2026-12-16,-23.8,-46.7,19.846,11.372,88.128,15.857,14.599,1.542,8.598,4.647,5.035,3.606
2026-12-16,-23.8,-46.6,19.83,3.286,83.094,19.967,14.197,1.92,4.529,3.555,3.53,3.016
2026-12-16,-23.8,-46.5,20.197,9.871,86.696,17.035,14.723,1.672,9.069,4.257,4.848,3.198
2026-12-16,-23.7,-46.8,20.486,8.458,85.624,18.194,14.74,1.661,8.431,4.05,4.631,2.978
2026-12-16,-23.7,-46.5,19.897,11.723,88.244,15.813,14.676,1.551,8.896,4.848,5.006,3.607
2026-12-16,-23.7,-46.4,19.724,3.567,82.824,19.492,15.356,1.967,4.749,3.611,4.028,3.468
2026-12-16,-23.6,-46.8,19.755,11.387,88.007,15.757,14.482,1.535,8.637,4.633,5.09,3.561
2026-12-16,-23.6,-46.4,19.78,12.095,88.263,15.739,14.644,1.516,9.0,4.75,5.162,3.735
2026-12-16,-23.6,-46.3,19.739,12.217,88.585,15.495,14.614,1.509,8.827,4.673,5.071,3.746
2026-12-16,-23.5,-46.8,19.814,12.053,88.066,15.555,14.347,1.58,9.001,4.667,5.078,3.598
2026-12-16,-23.5,-46.7,20.48,8.028,85.757,18.178,14.38,1.553,8.05,4.215,4.522,2.973
2026-12-16,-23.5,-46.6,19.757,11.814,88.42,15.664,14.415,1.507,8.843,4.823,4.971,3.634
2026-12-16,-23.5,-46.4,19.852,3.245,83.023,20.115,14.019,1.908,4.459,3.483,3.455,3.01
2026-12-16,-23.5,-46.3,19.581,12.355,88.604,15.478,14.354,1.618,9.457,4.681,5.071,3.314
2026-12-16,-23.4,-46.8,20.62,7.241,84.629,19.095,14.69,1.744,8.778,4.509,4.884,2.923
2026-12-16,-23.4,-46.7,20.51,8.021,85.633,18.281,14.409,1.561,8.133,4.111,4.451,2.995
2026-12-16,-23.4,-46.6,19.759,11.318,88.855,15.851,14.018,1.474,7.899,4.375,4.751,3.797
2026-12-16,-23.4,-46.5,20.02,11.6,87.641,15.992,14.203,1.557,9.089,4.737,5.018,3.443
2026-12-16,-23.4,-46.4,19.908,3.221,82.93,20.308,13.869,1.888,4.457,3.473,3.547,3.098
2026-12-17,-23.8,-46.8,20.496,8.124,85.847,18.294,14.533,1.536,8.359,4.263,4.537,2.915
2026-12-17,-23.8,-46.7,19.887,3.156,83.005,20.138,14.005,1.885,4.39,3.476,3.521,3.024
2026-12-17,-23.8,-46.6,19.869,3.137,83.273,20.114,14.277,1.761,4.196,3.782,4.119,2.909
2026-12-17,-23.8,-46.5,19.873,12.317,88.347,15.841,14.586,1.504,9.084,4.826,5.043,3.578
2026-12-17,-23.7,-46.8,20.1,10.791,87.686,16.055,14.336,1.553,8.73,4.48,5.02,3.451
2026-12-17,-23.7,-46.5,19.831,11.645,88.318,15.867,14.622,1.504,8.75,4.958,5.11,3.61
2026-12-17,-23.7,-46.4,19.852,3.048,83.373,19.985,14.344,1.77,4.274,3.577,4.001,3.149
2026-12-17,-23.6,-46.8,19.802,11.429,88.041,15.766,14.543,1.527,8.608,4.661,5.035,3.602
2026-12-17,-23.6,-46.4,19.783,11.862,88.155,15.729,14.538,1.522,8.847,4.814,5.098,3.479
2026-12-17,-23.6,-46.3,19.78,11.674,88.392,15.8,14.64,1.528,8.771,4.857,4.984,3.547
2026-12-17,-23.5,-46.8,19.726,12.038,88.137,15.595,14.553,1.542,8.816,4.693,5.125,3.763
2026-12-17,-23.5,-46.7,20.007,11.094,87.662,15.937,14.056,1.521,8.748,4.489,4.999,3.512
2026-12-17,-23.5,-46.6,19.893,3.215,82.902,20.223,14.031,1.886,4.522,3.427,3.443,3.028
2026-12-17,-23.5,-46.4,20.054,3.011,83.057,20.357,13.844,1.784,4.062,3.791,3.938,2.929
2026-12-17,-23.5,-46.3,19.85,3.214,82.987,20.215,13.989,1.907,4.453,3.456,3.474,3.009
2026-12-17,-23.4,-46.8,20.235,9.908,86.465,17.045,14.509,1.693,9.066,4.278,4.815,3.383
2026-12-17,-23.4,-46.7,20.006,11.041,87.645,15.959,14.041,1.518,8.724,4.514,5.022,3.51
2026-12-17,-23.4,-46.6,20.006,3.346,82.839,20.128,14.033,1.822,4.652,3.366,3.53,3.165
2026-12-17,-23.4,-46.5,19.718,12.395,88.467,15.638,14.454,1.494,9.168,4.73,5.061,3.768
2026-12-17,-23.4,-46.4,20.101,2.969,82.98,20.448,13.86,1.758,3.945,3.751,3.981,3.016
2026-12-18,-23.8,-46.8,19.995,10.861,87.785,16.036,14.312,1.544,8.859,4.483,5.141,3.481
2026-12-18,-23.8,-46.7,20.083,2.935,83.06,20.491,13.884,1.727,4.045,3.685,3.894,2.923
2026-12-18,-23.8,-46.6,19.985,3.022,83.114,20.341,14.03,1.77,4.188,3.791,3.973,2.864
2026-12-18,-23.8,-46.5,19.787,12.093,88.271,15.592,14.963,1.621,8.602,4.97,5.092,3.757
2026-12-18,-23.7,-46.8,19.876,11.532,88.21,15.835,14.639,1.507,8.866,4.679,5.06,3.916
2026-12-18,-23.7,-46.5,19.872,11.694,88.314,15.829,14.575,1.518,8.816,4.905,5.007,3.611
2026-12-18,-23.7,-46.4,20.513,7.538,84.873,18.986,14.714,1.595,7.885,4.463,4.703,2.785
2026-12-18,-23.6,-46.8,19.945,3.179,82.91,20.27,13.896,1.858,4.479,3.474,3.612,3.158
2026-12-18,-23.6,-46.4,19.837,11.602,88.186,15.755,14.551,1.539,8.731,4.79,4.976,3.528
2026-12-18,-23.6,-46.3,19.943,3.157,83.018,20.279,13.833,1.859,4.357,3.513,3.631,3.037
2026-12-18,-23.5,-46.8,19.768,11.823,88.033,15.682,14.461,1.557,8.635,4.707,5.038,3.582
2026-12-18,-23.5,-46.7,19.737,11.966,88.36,15.664,14.469,1.488,8.93,4.589,5.09,3.851
2026-12-18,-23.5,-46.6,20.04,2.985,82.994,20.506,13.88,1.758,4.092,3.768,3.935,2.932
2026-12-18,-23.5,-46.4,20.64,7.921,85.12,18.79,14.75,1.552,8.411,3.981,4.55,3.271
2026-12-18,-23.5,-46.3,20.512,8.445,85.707,18.38,14.477,1.536,8.541,4.182,4.501,2.848
2026-12-18,-23.4,-46.8,20.114,11.789,87.526,16.168,14.324,1.513,9.099,4.822,5.095,3.594
2026-12-18,-23.4,-46.7,19.67,11.971,88.335,15.601,14.407,1.493,9.062,4.591,5.161,3.807
2026-12-18,-23.4,-46.6,20.184,2.979,83.063,20.294,13.969,1.74,4.011,3.735,3.898,3.208
2026-12-18,-23.4,-46.5,19.749,12.319,88.201,15.666,14.378,1.543,9.072,4.882,5.111,3.518
2026-12-18,-23.4,-46.4,20.644,7.913,84.978,18.823,14.706,1.599,8.349,4.022,4.615,3.069
2026-12-19,-23.8,-46.8,19.888,11.658,88.2,15.843,14.688,1.551,8.991,4.668,5.127,3.873
2026-12-19,-23.8,-46.7,20.772,6.898,84.22,19.572,14.473,1.709,8.111,4.769,5.099,2.994
2026-12-19,-23.8,-46.6,20.773,7.412,84.478,19.346,14.675,1.613,8.32,4.749,4.749,2.818
2026-12-19,-23.8,-46.5,19.785,12.251,88.317,15.559,14.926,1.523,8.589,4.784,4.99,3.669
2026-12-19,-23.7,-46.8,19.898,11.295,88.069,15.97,14.665,1.531,8.693,4.709,5.042,3.642
2026-12-19,-23.7,-46.5,19.888,3.219,83.146,20.05,14.04,1.885,4.494,3.608,3.667,2.988
2026-12-19,-23.7,-46.4,20.159,10.992,86.775,16.874,14.985,1.757,9.271,4.39,5.003,3.6
2026-12-19,-23.6,-46.8,20.613,8.314,85.267,18.721,14.506,1.59,8.545,4.312,4.669,2.871
2026-12-19,-23.6,-46.4,19.936,3.109,82.927,20.265,13.853,1.862,4.37,3.531,3.644,3.112
2026-12-19,-23.6,-46.3,20.677,8.58,85.358,18.757,14.506,1.544,8.553,4.234,4.569,2.899
2026-12-19,-23.5,-46.8,19.606,3.401,83.091,19.849,14.048,1.925,4.971,4.001,4.12,2.99
2026-12-19,-23.5,-46.7,19.816,11.81,88.092,15.79,14.346,1.512,8.828,4.714,5.059,3.621
2026-12-19,-23.5,-46.6,20.74,7.268,84.381,19.449,14.603,1.662,8.269,4.593,4.764,2.867
2026-12-19,-23.5,-46.4,20.204,11.409,86.927,16.821,14.805,1.738,9.275,4.484,5.036,3.35
2026-12-19,-23.5,-46.3,20.059,11.747,87.741,16.129,14.135,1.553,9.242,4.84,5.218,3.357
2026-12-19,-23.4,-46.8,19.779,12.94,88.136,15.423,14.823,1.576,9.016,4.747,5.036,3.959
2026-12-19,-23.4,-46.7,19.753,12.193,88.253,15.55,14.374,1.522,8.86,4.702,5.138,3.817
2026-12-19,-23.4,-46.6,20.77,7.197,84.608,19.196,14.563,1.654,8.249,4.566,4.734,2.892
2026-12-19,-23.4,-46.5,19.814,12.349,88.246,15.672,14.493,1.546,8.985,4.765,5.061,3.757
2026-12-19,-23.4,-46.4,20.055,11.699,87.036,16.672,14.865,1.782,9.023,4.119,5.118,3.288
2026-12-20,-23.8,-46.8,19.934,11.113,88.034,16.035,14.652,1.538,8.63,4.676,5.015,3.696
2026-12-20,-23.8,-46.7,20.477,10.596,86.366,17.629,14.781,1.67,9.515,4.101,4.899,3.304
2026-12-20,-23.8,-46.6,20.312,11.133,86.75,17.098,14.98,1.729,9.241,4.179,5.125,3.559
2026-12-20,-23.8,-46.5,19.828,12.196,88.231,15.679,14.933,1.561,8.568,4.809,5.01,3.69
2026-12-20,-23.7,-46.8,19.922,11.11,88.055,15.987,14.611,1.524,8.626,4.71,5.023,3.719
2026-12-20,-23.7,-46.5,20.086,2.996,83.021,20.767,13.905,1.794,4.57,3.744,4.067,2.849
2026-12-20,-23.7,-46.4,19.856,12.548,88.365,15.685,14.736,1.468,8.966,4.729,5.058,3.79
2026-12-20,-23.6,-46.8,20.128,11.165,87.419,15.997,14.449,1.631,9.045,4.52,5.296,3.494
2026-12-20,-23.6,-46.4,20.79,8.706,85.058,19.054,14.41,1.562,9.009,4.424,4.603,2.712
2026-12-20,-23.6,-46.3,20.233,11.203,86.801,17.146,14.859,1.782,9.463,4.537,5.158,3.323
2026-12-20,-23.5,-46.8,20.696,9.463,85.163,18.797,14.544,1.699,9.149,4.299,4.919,2.888
2026-12-20,-23.5,-46.7,19.795,11.864,88.203,15.731,14.475,1.524,8.831,4.668,5.056,3.87
2026-12-20,-23.5,-46.6,20.375,10.732,86.498,17.476,14.541,1.644,9.5,4.319,4.967,3.233
2026-12-20,-23.5,-46.4,19.881,12.56,88.249,15.783,14.335,1.472,9.215,4.973,5.164,3.671
2026-12-20,-23.5,-46.3,19.842,12.469,88.19,15.844,14.535,1.547,9.316,4.816,5.087,3.855
2026-12-20,-23.4,-46.8,19.768,12.484,88.08,15.505,14.785,1.548,8.735,4.808,5.001,3.868
2026-12-20,-23.4,-46.7,19.792,11.934,88.173,15.697,14.487,1.545,8.859,4.671,5.099,3.844
2026-12-20,-23.4,-46.6,20.439,10.474,86.335,17.584,14.459,1.678,9.584,4.343,4.899,3.247
2026-12-20,-23.4,-46.5,19.893,3.195,82.898,20.16,13.985,1.878,4.538,3.495,3.536,3.096
2026-12-20,-23.4,-46.4,19.868,12.805,88.229,15.62,14.471,1.518,9.205,4.931,5.151,3.752
2026-12-21,-23.8,-46.8,19.85,3.345,83.395,20.089,13.839,1.863,4.792,3.833,4.158,3.167
2026-12-21,-23.8,-46.7,20.197,12.805,87.326,16.283,14.903,1.663,9.53,4.734,5.255,3.742
2026-12-21,-23.8,-46.6,19.891,12.321,87.965,15.827,14.949,1.52,9.177,4.725,5.093,3.619
2026-12-21,-23.8,-46.5,19.786,12.228,88.105,15.877,14.458,1.703,9.415,4.869,5.193,3.013
2026-12-21,-23.7,-46.8,19.485,3.573,82.956,19.712,14.762,2.057,4.897,4.043,4.151,2.898
2026-12-21,-23.7,-46.5,20.916,8.01,84.377,19.873,14.461,1.635,9.4,4.567,4.588,2.568
2026-12-21,-23.7,-46.4,19.936,12.534,87.968,15.799,14.981,1.631,8.699,4.965,5.081,3.576
2026-12-21,-23.6,-46.8,19.992,11.98,87.778,16.031,14.468,1.612,9.185,4.865,5.253,3.648
2026-12-21,-23.6,-46.4,20.458,11.632,86.368,17.628,14.725,1.773,10.077,4.603,5.206,3.468
2026-12-21,-23.6,-46.3,20.025,12.227,87.832,16.141,14.416,1.505,9.38,4.964,5.106,3.431
2026-12-21,-23.5,-46.8,20.469,11.694,86.192,17.624,14.417,1.768,10.171,4.604,5.179,3.306
2026-12-21,-23.5,-46.7,19.696,3.483,82.556,19.862,14.688,2.065,4.642,3.682,3.625,2.882
2026-12-21,-23.5,-46.6,20.271,13.398,87.296,16.451,14.583,1.593,9.507,5.019,5.211,3.622
2026-12-21,-23.5,-46.4,19.911,12.767,87.976,15.632,14.622,1.594,8.807,5.041,5.166,3.723
2026-12-21,-23.5,-46.3,19.923,3.145,82.961,20.244,13.909,1.892,4.356,3.518,3.588,2.964
2026-12-21,-23.4,-46.8,19.863,12.858,87.87,15.693,14.605,1.617,8.825,4.924,4.991,3.61
2026-12-21,-23.4,-46.7,19.948,3.213,82.887,20.312,13.865,1.858,4.538,3.5,3.646,3.176
2026-12-21,-23.4,-46.6,20.247,13.425,87.264,16.502,14.477,1.617,9.63,5.024,5.206,3.579
2026-12-21,-23.4,-46.5,20.871,9.43,84.883,19.304,14.409,1.58,9.669,4.433,4.6,2.67
2026-12-21,-23.4,-46.4,19.885,12.68,87.89,15.715,14.626,1.621,8.786,5.072,5.105,3.483
2026-12-22,-23.8,-46.8,19.992,3.253,83.083,20.492,13.986,1.806,4.998,3.888,4.205,2.872
2026-12-22,-23.8,-46.7,20.148,13.394,87.245,16.541,14.819,1.62,10.185,5.069,5.37,3.384
2026-12-22,-23.8,-46.6,19.981,13.032,87.531,16.195,15.123,1.616,9.402,4.993,5.218,3.315
2026-12-22,-23.8,-46.5,19.876,3.48,82.965,20.228,14.184,1.916,5.043,3.405,3.494,3.016
2026-12-22,-23.7,-46.8,19.444,3.904,82.652,20.341,15.256,2.075,6.276,4.072,4.547,2.821
2026-12-22,-23.7,-46.5,20.854,13.527,85.69,18.977,14.948,1.598,10.929,4.457,4.845,2.793
2026-12-22,-23.7,-46.4,19.961,12.847,87.572,16.147,15.144,1.56,9.475,4.976,5.225,3.352
2026-12-22,-23.6,-46.8,20.031,13.131,87.405,16.41,14.482,1.705,9.922,4.989,5.294,3.268
2026-12-22,-23.6,-46.4,20.417,13.986,86.727,17.09,14.657,1.71,10.738,5.279,5.487,3.303
2026-12-22,-23.6,-46.3,20.126,13.113,87.361,16.543,14.622,1.633,9.956,5.132,5.259,3.172
2026-12-22,-23.5,-46.8,20.426,13.825,86.584,17.078,14.518,1.686,10.687,5.093,5.408,3.413
2026-12-22,-23.5,-46.7,19.76,3.167,82.251,20.574,14.916,2.019,4.854,3.802,4.23,2.714
2026-12-22,-23.5,-46.6,20.243,14.365,87.27,16.492,14.448,1.631,10.208,5.364,5.333,3.423
2026-12-22,-23.5,-46.4,20.102,13.68,87.317,16.479,14.682,1.638,9.665,5.128,5.188,3.296
2026-12-22,-23.5,-46.3,20.142,3.231,82.875,20.551,13.893,1.86,4.979,4.016,4.234,2.906
2026-12-22,-23.4,-46.8,19.694,3.592,83.08,19.881,14.012,1.943,5.435,4.011,4.037,2.97
2026-12-22,-23.4,-46.7,20.914,11.299,84.676,19.505,14.522,1.629,11.356,4.497,4.743,2.639
2026-12-22,-23.4,-46.6,20.206,14.402,87.335,16.494,14.244,1.631,10.369,5.309,5.327,3.293
2026-12-22,-23.4,-46.5,20.706,13.412,85.889,18.405,14.575,1.713,11.355,4.595,5.181,3.231
2026-12-22,-23.4,-46.4,20.034,13.81,87.297,16.412,14.8,1.646,9.871,5.146,5.321,3.326
2026-12-23,-23.8,-46.8,20.938,11.514,84.897,19.638,14.67,1.567,10.872,4.302,4.653,2.665
2026-12-23,-23.8,-46.7,20.206,13.319,87.116,16.403,14.836,1.566,10.19,5.02,5.237,3.545
2026-12-23,-23.8,-46.6,19.957,13.129,87.635,16.012,15.073,1.552,9.754,4.947,5.184,3.409
2026-12-23,-23.8,-46.5,20.851,10.564,85.049,19.489,14.519,1.527,10.698,4.523,4.678,2.518
2026-12-23,-23.7,-46.8,19.647,4.12,83.741,19.96,14.291,1.803,6.588,4.189,4.655,3.118
2026-12-23,-23.7,-46.5,20.523,13.763,86.186,17.78,15.071,1.768,10.927,4.729,5.363,3.548
2026-12-23,-23.7,-46.4,20.032,13.117,87.592,16.311,14.926,1.55,9.846,5.082,5.223,3.363
2026-12-23,-23.6,-46.8,19.708,3.783,83.059,19.925,13.998,1.931,5.957,3.955,4.023,3.003
2026-12-23,-23.6,-46.4,20.258,13.532,87.261,16.746,14.448,1.589,10.425,5.297,5.376,3.275
2026-12-23,-23.6,-46.3,20.224,13.597,87.343,16.694,14.259,1.589,10.296,5.227,5.318,3.28
2026-12-23,-23.5,-46.8,20.258,13.576,87.169,16.838,14.348,1.607,10.413,5.133,5.296,3.364
2026-12-23,-23.5,-46.7,19.996,3.034,82.747,20.767,14.06,1.835,4.398,3.862,4.154,2.907
2026-12-23,-23.5,-46.6,20.236,14.327,87.108,16.448,14.58,1.655,10.24,5.321,5.333,3.494
2026-12-23,-23.5,-46.4,20.123,14.684,87.493,16.345,14.367,1.688,10.454,5.248,5.398,3.355
2026-12-23,-23.5,-46.3,20.997,11.541,84.811,19.645,14.552,1.532,10.915,4.274,4.593,2.673
2026-12-23,-23.4,-46.8,20.877,12.533,85.265,19.303,14.475,1.566,11.194,4.301,4.859,2.712
2026-12-23,-23.4,-46.7,20.692,13.176,85.745,18.447,14.631,1.724,11.469,4.53,5.107,3.222
2026-12-23,-23.4,-46.6,19.651,3.722,83.095,20.048,13.972,1.897,5.955,3.958,4.094,2.985
2026-12-23,-23.4,-46.5,20.355,14.792,86.926,16.948,14.355,1.664,10.815,5.224,5.588,3.212
2026-12-23,-23.4,-46.4,20.104,14.325,87.609,16.336,14.341,1.519,10.369,5.128,5.285,3.413
2026-12-24,-23.8,-46.8,20.8,13.558,85.767,18.46,14.925,1.648,11.139,4.607,5.089,3.244
2026-12-24,-23.8,-46.7,20.246,13.397,87.117,16.526,14.806,1.561,10.184,5.157,5.18,3.526
2026-12-24,-23.8,-46.6,19.484,3.509,83.25,20.035,14.224,1.876,5.379,3.978,4.185,2.996
2026-12-24,-23.8,-46.5,20.719,12.951,85.948,18.435,14.792,1.717,11.139,4.658,5.085,3.273
2026-12-24,-23.7,-46.8,20.851,12.716,85.406,19.307,14.623,1.578,10.758,4.389,4.775,2.625
2026-12-24,-23.7,-46.5,20.312,14.368,86.819,16.677,15.225,1.611,10.702,5.207,5.374,3.732
2026-12-24,-23.7,-46.4,19.684,3.56,83.218,19.916,14.124,1.938,5.28,3.99,4.118,3.101
2026-12-24,-23.6,-46.8,20.928,12.918,85.226,19.458,14.544,1.496,10.865,4.258,4.771,2.679
2026-12-24,-23.6,-46.4,20.28,13.647,87.257,16.694,14.277,1.587,10.405,5.386,5.289,3.21
2026-12-24,-23.6,-46.3,20.263,13.697,87.296,16.773,14.221,1.581,10.361,5.35,5.315,3.161
2026-12-24,-23.5,-46.8,20.258,13.68,87.24,16.757,14.197,1.586,10.372,5.208,5.276,3.205
2026-12-24,-23.5,-46.7,21.035,10.083,84.039,20.11,14.661,1.548,10.812,4.51,4.547,2.58
2026-12-24,-23.5,-46.6,20.259,14.448,87.156,16.477,14.606,1.632,10.273,5.399,5.317,3.526
2026-12-24,-23.5,-46.4,20.235,13.965,87.389,16.77,14.115,1.569,10.505,5.204,5.227,3.162
2026-12-24,-23.5,-46.3,20.781,13.915,85.696,18.273,14.864,1.714,11.139,4.576,5.208,3.228
2026-12-24,-23.4,-46.8,20.704,13.259,85.69,18.35,14.61,1.715,11.403,4.601,5.17,3.259
2026-12-24,-23.4,-46.7,20.366,14.411,86.777,17.011,14.374,1.629,10.816,5.033,5.479,3.319
2026-12-24,-23.4,-46.6,20.875,13.597,85.131,19.269,14.695,1.576,11.184,4.237,5.057,2.601
2026-12-24,-23.4,-46.5,20.235,14.319,87.442,16.754,14.04,1.565,10.574,5.33,5.287,3.205
2026-12-24,-23.4,-46.4,20.109,13.803,87.574,16.597,14.188,1.63,10.655,5.23,5.333,3.139
2026-12-25,-23.8,-46.8,20.389,14.508,86.644,16.92,14.995,1.652,10.724,5.025,5.495,3.666
2026-12-25,-23.8,-46.7,20.306,13.358,87.084,16.671,14.552,1.57,10.429,5.21,5.264,3.402
2026-12-25,-23.8,-46.6,20.858,11.648,84.96,19.527,14.905,1.501,10.717,4.242,4.659,2.658
2026-12-25,-23.8,-46.5,20.378,14.695,86.846,17.178,14.652,1.678,10.93,5.252,5.533,3.256
2026-12-25,-23.7,-46.8,20.67,13.901,85.795,18.332,15.07,1.765,11.201,4.594,5.207,3.607
2026-12-25,-23.7,-46.5,20.233,13.643,87.106,16.456,14.784,1.574,10.783,5.379,5.266,3.38
2026-12-25,-23.7,-46.4,20.885,13.107,85.345,19.474,14.573,1.492,11.341,4.391,4.764,2.521
2026-12-25,-23.6,-46.8,20.708,14.006,85.579,18.197,15.081,1.76,11.239,4.607,5.287,3.591
2026-12-25,-23.6,-46.4,20.345,14.302,87.127,16.7,14.437,1.598,10.586,5.433,5.356,3.39
2026-12-25,-23.6,-46.3,20.326,14.135,87.142,16.782,14.34,1.588,10.616,5.404,5.323,3.287
2026-12-25,-23.5,-46.8,20.295,14.545,87.07,16.766,14.277,1.598,10.593,5.31,5.392,3.344
2026-12-25,-23.5,-46.7,20.903,14.641,85.284,19.085,14.85,1.581,11.435,4.316,4.933,2.756
2026-12-25,-23.5,-46.6,20.325,14.595,87.066,16.706,14.433,1.618,10.54,5.388,5.341,3.461
2026-12-25,-23.5,-46.4,20.317,14.705,87.242,16.976,14.021,1.559,10.856,5.367,5.356,3.173
2026-12-25,-23.5,-46.3,20.352,15.3,86.578,16.715,14.941,1.694,10.826,5.235,5.54,3.591
2026-12-25,-23.4,-46.8,20.385,14.892,86.664,17.136,14.41,1.671,10.982,5.078,5.616,3.442
2026-12-25,-23.4,-46.7,20.264,14.432,87.264,16.935,14.105,1.558,10.687,5.231,5.342,3.253
2026-12-25,-23.4,-46.6,20.7,14.386,85.565,18.065,15.085,1.791,11.428,4.712,5.398,3.496
2026-12-25,-23.4,-46.5,20.264,15.247,87.237,16.716,14.293,1.574,10.862,5.366,5.41,3.449
2026-12-25,-23.4,-46.4,20.234,14.369,87.525,16.834,14.054,1.546,10.651,5.277,5.276,3.221
2026-12-26,-23.8,-46.8,20.273,13.535,87.133,16.545,14.678,1.529,10.493,5.167,5.234,3.513
2026-12-26,-23.8,-46.7,20.262,13.68,86.979,16.696,14.401,1.724,10.978,5.395,5.39,3.296
2026-12-26,-23.8,-46.6,20.7,13.555,85.896,18.337,15.043,1.737,11.329,4.631,5.164,3.553
2026-12-26,-23.8,-46.5,20.215,14.526,87.249,16.723,14.512,1.703,10.963,5.364,5.391,3.252
2026-12-26,-23.7,-46.8,20.211,14.227,86.873,16.662,14.979,1.651,10.697,4.998,5.498,3.541
2026-12-26,-23.7,-46.5,20.312,13.887,86.999,16.512,14.836,1.643,10.721,5.495,5.373,3.33
2026-12-26,-23.7,-46.4,20.725,13.523,85.95,18.562,14.791,1.728,11.455,4.816,5.11,3.309
2026-12-26,-23.6,-46.8,20.382,14.283,86.601,16.907,14.895,1.599,10.87,5.003,5.475,3.725
2026-12-26,-23.6,-46.4,20.379,14.252,86.989,16.677,14.509,1.624,10.729,5.481,5.318,3.482
2026-12-26,-23.6,-46.3,20.348,14.093,87.23,16.841,14.207,1.576,10.687,5.41,5.287,3.288
2026-12-26,-23.5,-46.8,20.306,14.548,87.07,16.637,14.329,1.626,10.481,5.336,5.328,3.581
2026-12-26,-23.5,-46.7,20.561,14.229,85.823,17.806,14.921,1.802,11.104,4.603,5.325,3.528
2026-12-26,-23.5,-46.6,20.343,14.183,86.916,16.824,14.264,1.629,10.754,5.45,5.262,3.369
2026-12-26,-23.5,-46.4,20.31,14.894,87.426,17.074,13.93,1.521,10.792,5.299,5.369,3.187
2026-12-26,-23.5,-46.3,20.327,14.225,86.959,16.589,14.567,1.618,10.607,5.392,5.325,3.576
2026-12-26,-23.4,-46.8,20.275,14.413,87.247,16.946,14.1,1.562,10.666,5.24,5.305,3.277
2026-12-26,-23.4,-46.7,20.271,14.977,87.2,16.652,14.295,1.614,10.633,5.317,5.36,3.527
2026-12-26,-23.4,-46.6,20.362,14.816,86.524,16.942,14.929,1.619,11.092,5.221,5.503,3.657
2026-12-26,-23.4,-46.5,19.77,3.727,83.012,20.12,13.796,1.905,5.883,3.949,4.151,3.051
2026-12-26,-23.4,-46.4,20.222,14.569,87.65,16.939,13.97,1.504,10.654,5.301,5.373,3.169
2026-12-27,-23.8,-46.8,20.296,13.775,87.005,16.55,14.73,1.589,10.531,5.289,5.305,3.428
2026-12-27,-23.8,-46.7,20.311,13.469,87.126,16.859,14.295,1.581,10.602,5.33,5.25,3.275
2026-12-27,-23.8,-46.6,20.244,14.228,86.935,16.759,14.982,1.66,10.895,5.173,5.551,3.723
2026-12-27,-23.8,-46.5,20.284,14.235,87.237,16.62,14.461,1.624,10.609,5.39,5.269,3.437
2026-12-27,-23.7,-46.8,20.092,13.334,87.354,16.316,14.643,1.558,10.371,5.15,5.299,3.281
2026-12-27,-23.7,-46.5,20.27,13.852,87.139,16.475,14.762,1.596,10.709,5.492,5.245,3.614
2026-12-27,-23.7,-46.4,20.286,15.032,87.159,16.911,14.72,1.709,10.803,5.3,5.577,3.59
2026-12-27,-23.6,-46.8,20.277,13.576,87.028,16.622,14.436,1.564,10.474,5.26,5.207,3.543
2026-12-27,-23.6,-46.4,20.354,13.759,86.916,16.801,14.382,1.608,10.851,5.497,5.284,3.303
2026-12-27,-23.6,-46.3,20.226,14.385,87.343,16.716,14.184,1.66,11.028,5.432,5.391,3.204
2026-12-27,-23.5,-46.8,20.316,13.91,86.884,16.785,14.315,1.616,10.751,5.395,5.292,3.431
2026-12-27,-23.5,-46.7,20.22,14.876,86.514,16.56,15.113,1.781,10.745,5.047,5.393,3.419
2026-12-27,-23.5,-46.6,20.056,3.672,82.856,20.128,13.985,1.918,5.656,3.534,3.502,3.108
2026-12-27,-23.5,-46.4,20.04,3.657,82.878,20.272,13.927,1.912,5.601,3.428,3.513,2.996
2026-12-27,-23.5,-46.3,20.313,14.31,86.907,16.519,14.619,1.644,10.797,5.454,5.346,3.52
2026-12-27,-23.4,-46.8,19.808,3.793,83.051,19.948,13.98,1.966,5.949,3.98,4.058,3.016
2026-12-27,-23.4,-46.7,20.245,14.594,87.125,16.572,14.382,1.615,10.599,5.371,5.32,3.568
2026-12-27,-23.4,-46.6,20.248,14.137,87.048,16.544,14.456,1.601,10.773,5.35,5.243,3.549
2026-12-27,-23.4,-46.5,20.861,13.805,85.007,19.41,14.672,1.559,11.68,4.209,4.884,2.582
2026-12-27,-23.4,-46.4,20.218,14.515,87.677,16.88,13.93,1.5,10.643,5.277,5.318,3.195
2026-12-28,-23.8,-46.8,20.33,13.764,86.963,16.506,14.734,1.601,10.57,5.356,5.282,3.585
2026-12-28,-23.8,-46.7,20.017,3.612,82.876,20.17,14.077,1.926,5.619,3.531,3.527,3.13
2026-12-28,-23.8,-46.6,20.184,13.399,87.374,16.619,14.388,1.547,10.476,5.291,5.331,3.365
2026-12-28,-23.8,-46.5,20.286,14.183,87.159,16.591,14.542,1.633,10.639,5.447,5.276,3.455
2026-12-28,-23.7,-46.8,20.171,13.759,87.296,16.39,14.685,1.586,10.292,5.172,5.408,3.388
2026-12-28,-23.7,-46.5,20.301,13.892,87.059,16.609,14.638,1.604,10.773,5.594,5.277,3.478
2026-12-28,-23.7,-46.4,20.194,14.636,87.368,16.52,14.47,1.704,10.886,5.446,5.351,3.408
2026-12-28,-23.6,-46.8,19.863,3.788,83.08,20.012,13.867,1.96,5.864,3.968,4.063,3.018
2026-12-28,-23.6,-46.4,19.924,3.764,83.097,19.943,13.746,1.954,5.774,3.974,4.075,3.016
2026-12-28,-23.6,-46.3,20.118,3.606,82.866,20.347,13.762,1.891,5.529,3.517,3.642,3.061
2026-12-28,-23.5,-46.8,20.308,13.954,86.989,16.815,14.23,1.595,10.697,5.375,5.27,3.373
2026-12-28,-23.5,-46.7,20.077,14.062,87.116,16.106,14.795,1.651,10.539,5.289,5.234,3.283
2026-12-28,-23.5,-46.6,20.867,13.149,85.204,19.407,14.497,1.492,11.705,4.285,4.765,2.67
2026-12-28,-23.5,-46.4,19.966,4.096,83.515,20.039,13.818,1.841,6.385,4.18,4.571,3.116
2026-12-28,-23.5,-46.3,20.286,14.42,87.039,16.389,14.679,1.65,10.731,5.475,5.415,3.543
2026-12-28,-23.4,-46.8,20.79,14.261,85.243,19.247,14.6,1.642,11.326,4.16,5.045,2.727
2026-12-28,-23.4,-46.7,19.732,3.714,83.029,20.034,13.919,1.939,5.883,3.944,4.093,2.976
2026-12-28,-23.4,-46.6,20.263,14.568,87.062,16.598,14.438,1.629,10.757,5.478,5.317,3.467
2026-12-28,-23.4,-46.5,20.69,14.23,85.662,18.099,14.973,1.782,11.621,4.69,5.221,3.562
2026-12-28,-23.4,-46.4,20.005,3.657,82.995,19.973,14.059,1.937,5.089,3.622,3.75,3.009
2026-12-29,-23.8,-46.8,20.324,13.731,86.913,16.619,14.636,1.637,10.691,5.393,5.292,3.558
2026-12-29,-23.8,-46.7,19.952,4.203,83.607,19.957,13.946,1.866,6.511,4.162,4.549,3.093
2026-12-29,-23.8,-46.6,20.262,14.099,87.249,16.645,14.483,1.634,10.486,5.345,5.311,3.448
2026-12-29,-23.8,-46.5,20.319,14.038,87.059,16.623,14.574,1.652,10.743,5.495,5.276,3.455
2026-12-29,-23.7,-46.8,20.252,13.911,87.186,16.699,14.562,1.594,10.404,5.245,5.277,3.497
2026-12-29,-23.7,-46.5,20.304,13.868,87.085,16.698,14.418,1.608,10.821,5.556,5.253,3.343
2026-12-29,-23.7,-46.4,20.308,14.254,87.276,16.665,14.538,1.605,10.616,5.458,5.236,3.451
2026-12-29,-23.6,-46.8,20.893,13.87,85.161,19.305,14.658,1.537,11.236,4.124,4.794,2.682
2026-12-29,-23.6,-46.4,20.907,13.253,85.259,19.388,14.526,1.484,11.399,4.373,4.746,2.659
2026-12-29,-23.6,-46.3,20.891,12.901,85.135,19.45,14.52,1.495,11.853,4.437,4.727,2.629
2026-12-29,-23.5,-46.8,20.079,3.662,82.815,20.174,13.941,1.932,5.661,3.532,3.544,3.108
2026-12-29,-23.5,-46.7,20.136,14.26,86.97,16.308,14.986,1.691,10.62,5.254,5.315,3.493
2026-12-29,-23.5,-46.6,20.684,13.813,85.57,18.22,14.908,1.766,11.423,4.794,5.228,3.482
2026-12-29,-23.5,-46.4,20.898,14.039,85.396,19.388,14.51,1.488,11.509,4.405,4.707,2.671
2026-12-29,-23.5,-46.3,20.294,14.375,87.038,16.553,14.431,1.651,10.807,5.505,5.346,3.527
2026-12-29,-23.4,-46.8,20.631,13.965,85.569,17.981,15.067,1.825,11.581,4.73,5.298,3.56
2026-12-29,-23.4,-46.7,20.87,13.634,85.139,19.365,14.628,1.547,11.511,4.28,4.829,2.765
2026-12-29,-23.4,-46.6,20.264,14.593,87.053,16.604,14.428,1.628,10.765,5.469,5.306,3.48
2026-12-29,-23.4,-46.5,20.333,14.909,86.617,16.852,14.915,1.625,11.238,5.269,5.495,3.653
2026-12-29,-23.4,-46.4,19.917,4.063,83.527,19.91,13.837,1.855,6.29,4.198,4.57,2.933
2026-12-30,-23.8,-46.8,20.377,13.365,86.841,16.777,14.495,1.613,10.706,5.452,5.229,3.363
2026-12-30,-23.8,-46.7,20.895,13.8,85.445,19.393,14.688,1.531,11.458,4.251,4.724,2.83
2026-12-30,-23.8,-46.6,20.327,14.105,87.138,16.605,14.5,1.647,10.49,5.417,5.209,3.483
2026-12-30,-23.8,-46.5,19.831,3.965,83.163,19.656,14.15,2.051,5.932,4.091,4.062,2.893
2026-12-30,-23.7,-46.8,20.37,13.94,87.063,16.644,14.484,1.605,10.488,5.385,5.211,3.557
2026-12-30,-23.7,-46.5,20.388,13.715,86.937,16.851,14.36,1.58,10.871,5.573,5.257,3.248
2026-12-30,-23.7,-46.4,20.371,14.146,87.139,16.617,14.626,1.609,10.687,5.628,5.246,3.478
2026-12-30,-23.6,-46.8,20.732,13.657,85.453,18.04,15.35,1.811,11.446,4.7,5.243,3.635
2026-12-30,-23.6,-46.4,20.772,13.506,85.477,18.277,15.173,1.762,11.568,4.84,5.169,3.622
2026-12-30,-23.6,-46.3,20.756,13.603,85.523,18.243,15.104,1.797,11.561,4.82,5.203,3.516
2026-12-30,-23.5,-46.8,20.916,13.081,85.031,19.443,14.551,1.508,11.727,4.417,4.693,2.785
2026-12-30,-23.5,-46.7,20.215,13.659,86.963,16.427,14.65,1.541,10.661,5.202,5.133,3.711
2026-12-30,-23.5,-46.6,20.402,14.874,86.482,16.884,14.811,1.713,10.926,5.309,5.49,3.649
2026-12-30,-23.5,-46.4,20.677,14.287,85.731,18.086,14.92,1.85,11.326,4.824,5.315,3.503
2026-12-30,-23.5,-46.3,20.397,14.034,86.825,16.77,14.33,1.629,10.944,5.563,5.274,3.357
2026-12-30,-23.4,-46.8,20.347,14.562,86.474,16.843,14.822,1.633,11.087,5.105,5.363,3.666
2026-12-30,-23.4,-46.7,20.731,13.959,85.493,18.237,14.993,1.772,11.558,4.678,5.213,3.614
2026-12-30,-23.4,-46.6,20.245,14.861,87.043,16.429,14.533,1.719,11.093,5.534,5.374,3.478
2026-12-30,-23.4,-46.5,20.337,14.281,86.955,16.545,14.496,1.614,10.937,5.513,5.22,3.563
2026-12-30,-23.4,-46.4,20.924,14.0,85.419,19.458,14.464,1.474,11.456,4.378,4.67,2.681
2026-12-31,-23.8,-46.8,19.555,4.07,82.727,19.614,14.87,2.184,5.929,4.151,4.119,2.807
2026-12-31,-23.8,-46.7,20.881,12.845,85.289,18.186,15.495,1.889,11.109,4.992,5.084,3.834
2026-12-31,-23.8,-46.6,20.508,13.357,86.662,16.705,14.704,1.733,10.345,5.724,5.22,3.612
2026-12-31,-23.8,-46.5,19.882,4.06,83.501,19.86,14.127,1.872,6.396,4.13,4.597,3.171
2026-12-31,-23.7,-46.8,20.519,12.79,86.581,16.884,14.539,1.702,10.426,5.665,5.171,3.529
2026-12-31,-23.7,-46.5,20.488,13.293,86.911,16.855,14.464,1.681,10.517,5.816,5.168,3.449
2026-12-31,-23.7,-46.4,20.548,13.416,86.691,16.696,14.686,1.733,10.547,5.878,5.211,3.611
2026-12-31,-23.6,-46.8,20.554,13.152,85.963,16.843,15.318,1.813,10.72,5.463,5.377,3.916
2026-12-31,-23.6,-46.4,20.59,13.423,86.081,16.967,15.178,1.785,10.982,5.623,5.412,3.787
2026-12-31,-23.6,-46.3,20.564,13.572,86.241,16.92,15.049,1.765,10.933,5.59,5.375,3.808
2026-12-31,-23.5,-46.8,20.877,12.834,85.115,18.225,15.174,1.907,11.271,4.975,5.125,3.643
2026-12-31,-23.5,-46.7,19.803,3.708,83.071,19.915,14.067,2.035,5.823,4.046,4.046,2.992
2026-12-31,-23.5,-46.6,20.695,13.918,85.98,17.027,14.74,1.751,10.857,5.704,5.218,3.696
2026-12-31,-23.5,-46.4,20.568,14.063,86.167,16.821,14.969,1.834,10.845,5.591,5.464,3.697
2026-12-31,-23.5,-46.3,20.014,3.703,83.115,20.029,13.732,1.939,5.747,3.909,4.012,3.125
2026-12-31,-23.4,-46.8,20.595,13.755,86.048,17.07,14.826,1.67,10.957,5.436,5.242,3.726
2026-12-31,-23.4,-46.7,20.468,13.589,86.153,16.909,14.937,1.725,10.92,5.238,5.401,3.827
2026-12-31,-23.4,-46.6,20.341,13.772,86.885,16.682,14.465,1.732,11.004,5.6,5.329,3.435
2026-12-31,-23.4,-46.5,19.795,3.756,82.989,20.151,13.803,1.933,5.916,3.964,4.174,3.053
2026-12-31,-23.4,-46.4,20.784,13.354,85.549,18.187,14.987,1.877,11.367,4.915,5.125,3.584
2027-01-01,-23.8,-46.8,19.787,3.958,83.525,19.893,14.228,1.86,6.325,4.107,4.544,3.124
2027-01-01,-23.8,-46.7,20.561,12.972,85.982,16.857,15.526,1.826,10.811,5.38,5.329,3.964
2027-01-01,-23.8,-46.6,20.516,12.861,86.589,16.844,14.643,1.727,10.479,5.693,5.133,3.612
2027-01-01,-23.8,-46.5,21.069,12.73,85.155,19.254,15.028,1.664,11.357,4.751,4.571,3.256
2027-01-01,-23.7,-46.8,20.466,12.922,86.703,16.767,14.474,1.773,10.429,5.624,5.265,3.598
2027-01-01,-23.7,-46.5,20.204,3.907,82.85,20.059,13.982,1.944,5.758,3.571,3.769,3.235
2027-01-01,-23.7,-46.4,20.536,13.015,86.707,16.828,14.627,1.698,10.607,5.806,5.158,3.628
2027-01-01,-23.6,-46.8,20.67,13.121,85.831,17.059,15.083,1.736,10.907,5.574,5.241,3.837
2027-01-01,-23.6,-46.4,20.7,13.282,85.909,17.169,14.974,1.706,11.089,5.637,5.187,3.757
2027-01-01,-23.6,-46.3,20.706,13.237,85.943,17.087,14.948,1.706,11.031,5.676,5.19,3.809
2027-01-01,-23.5,-46.8,20.578,13.422,85.889,16.916,15.182,1.833,10.847,5.414,5.435,3.961
2027-01-01,-23.5,-46.7,21.063,12.471,84.787,19.274,14.898,1.66,11.281,4.783,4.63,3.14
2027-01-01,-23.5,-46.6,19.86,4.027,83.205,19.582,14.03,2.029,5.997,4.171,4.384,3.021
2027-01-01,-23.5,-46.4,20.587,13.414,85.952,16.927,14.902,1.773,11.098,5.621,5.27,3.709
2027-01-01,-23.5,-46.3,21.083,12.364,84.764,19.318,14.85,1.643,11.406,4.892,4.626,3.045
2027-01-01,-23.4,-46.8,20.633,13.793,86.045,17.118,14.827,1.665,11.0,5.448,5.235,3.7
2027-01-01,-23.4,-46.7,20.607,13.678,86.082,17.11,14.712,1.664,10.963,5.434,5.267,3.617
2027-01-01,-23.4,-46.6,20.442,13.525,86.83,16.832,14.365,1.619,10.683,5.579,5.196,3.458
2027-01-01,-23.4,-46.5,21.045,12.879,84.657,19.212,14.968,1.686,11.691,4.773,4.842,2.899
2027-01-01,-23.4,-46.4,20.428,13.935,86.379,16.748,14.901,1.712,11.06,5.31,5.469,3.647
2027-01-02,-23.8,-46.8,20.934,12.121,85.225,19.211,14.905,1.665,11.078,4.536,4.622,3.111
2027-01-02,-23.8,-46.7,20.594,12.82,85.975,16.949,15.218,1.758,10.859,5.522,5.23,3.694
2027-01-02,-23.8,-46.6,20.544,12.767,86.612,16.929,14.465,1.696,10.432,5.65,5.117,3.46
2027-01-02,-23.8,-46.5,20.863,12.285,85.419,18.15,15.534,1.844,11.255,5.056,5.045,3.844
2027-01-02,-23.7,-46.8,20.1,3.86,82.84,19.978,14.161,1.967,5.728,3.561,3.656,3.181
2027-01-02,-23.7,-46.5,21.057,12.419,84.865,19.418,14.843,1.599,11.579,4.689,4.574,2.952
2027-01-02,-23.7,-46.4,20.547,12.95,86.74,16.893,14.452,1.68,10.568,5.788,5.145,3.473
2027-01-02,-23.6,-46.8,20.669,13.213,85.869,17.137,14.946,1.703,10.94,5.561,5.252,3.672
2027-01-02,-23.6,-46.4,20.71,13.336,85.863,17.158,14.906,1.691,11.077,5.628,5.197,3.688
2027-01-02,-23.6,-46.3,20.743,13.571,85.803,17.188,14.883,1.737,10.998,5.642,5.2,3.633
2027-01-02,-23.5,-46.8,20.673,13.336,85.882,17.067,14.798,1.719,10.884,5.589,5.237,3.753
2027-01-02,-23.5,-46.7,20.885,12.503,85.21,18.245,15.285,1.873,11.122,4.921,5.116,3.767
2027-01-02,-23.5,-46.6,20.887,13.001,85.066,18.185,15.005,1.847,11.628,4.636,5.201,3.361
2027-01-02,-23.5,-46.4,20.639,13.679,85.919,16.951,14.876,1.788,10.959,5.685,5.321,3.572
2027-01-02,-23.5,-46.3,20.936,12.455,85.187,18.363,15.112,1.835,11.376,5.094,4.976,3.53
2027-01-02,-23.4,-46.8,20.631,13.777,86.02,17.141,14.852,1.664,11.018,5.453,5.252,3.679
2027-01-02,-23.4,-46.7,20.657,14.074,85.95,17.197,14.835,1.689,11.1,5.499,5.349,3.606
2027-01-02,-23.4,-46.6,20.441,13.614,86.912,16.842,14.277,1.611,10.56,5.545,5.186,3.444
2027-01-02,-23.4,-46.5,20.722,12.551,85.392,17.892,15.474,1.859,11.57,4.795,5.203,3.734
2027-01-02,-23.4,-46.4,20.574,13.823,86.129,17.023,14.822,1.673,11.135,5.481,5.335,3.607
2027-01-03,-23.8,-46.8,20.837,12.296,85.378,18.15,15.579,1.894,11.022,4.929,5.063,3.932
2027-01-03,-23.8,-46.7,20.585,12.934,86.007,16.952,15.175,1.766,10.84,5.537,5.244,3.651
2027-01-03,-23.8,-46.6,20.544,12.767,86.612,16.929,14.465,1.696,10.432,5.65,5.117,3.46
2027-01-03,-23.8,-46.5,20.602,13.331,86.038,16.944,15.58,1.836,11.028,5.669,5.415,3.921
2027-01-03,-23.7,-46.8,21.009,12.293,85.055,19.297,14.872,1.6,11.279,4.585,4.581,3.001
2027-01-03,-23.7,-46.5,20.923,12.349,85.286,18.294,15.54,1.84,11.276,5.034,5.005,3.783
2027-01-03,-23.7,-46.4,20.561,12.944,86.748,16.893,14.493,1.668,10.609,5.796,5.143,3.5
2027-01-03,-23.6,-46.8,20.693,13.488,85.828,17.11,14.922,1.754,10.854,5.607,5.227,3.638
2027-01-03,-23.6,-46.4,20.739,13.667,85.806,17.181,14.89,1.751,11.008,5.656,5.205,3.654
2027-01-03,-23.6,-46.3,20.763,13.538,85.723,17.179,15.003,1.746,10.997,5.629,5.192,3.716
2027-01-03,-23.5,-46.8,20.667,14.041,85.797,16.996,14.854,1.863,10.892,5.675,5.4,3.714
2027-01-03,-23.5,-46.7,20.539,13.304,85.882,16.971,15.158,1.819,10.828,5.363,5.506,3.936
2027-01-03,-23.5,-46.6,20.534,13.58,85.953,16.703,15.196,1.873,10.785,5.602,5.451,3.787
2027-01-03,-23.5,-46.4,20.639,13.698,85.928,16.93,14.919,1.792,10.98,5.719,5.337,3.598
2027-01-03,-23.5,-46.3,20.587,13.772,85.981,16.882,15.173,1.869,10.964,5.593,5.487,3.869
2027-01-03,-23.4,-46.8,20.618,13.895,86.006,17.123,14.888,1.686,11.032,5.448,5.233,3.697
2027-01-03,-23.4,-46.7,20.648,13.824,86.01,17.11,14.814,1.674,11.004,5.473,5.235,3.731
2027-01-03,-23.4,-46.6,20.439,13.598,86.887,16.865,14.301,1.609,10.578,5.554,5.204,3.426
2027-01-03,-23.4,-46.5,20.466,13.918,86.111,16.763,15.363,1.776,11.051,5.34,5.457,3.817
2027-01-03,-23.4,-46.4,20.608,13.906,86.08,17.003,14.87,1.694,11.155,5.501,5.282,3.639
2027-01-04,-23.8,-46.8,20.369,13.743,86.331,16.864,15.335,1.654,11.064,5.053,5.318,3.86
2027-01-04,-23.8,-46.7,20.416,13.76,86.331,16.845,15.071,1.619,11.116,5.279,5.332,3.497
2027-01-04,-23.8,-46.6,20.436,13.31,86.831,16.867,14.331,1.575,10.708,5.401,5.116,3.299
2027-01-04,-23.8,-46.5,20.407,13.996,86.417,16.853,15.118,1.584,11.322,5.412,5.226,3.606
2027-01-04,-23.7,-46.8,20.688,12.709,85.522,18.221,15.276,1.769,11.526,4.727,5.126,3.629
2027-01-04,-23.7,-46.5,20.387,14.287,86.53,16.777,15.32,1.717,11.21,5.427,5.531,3.844
2027-01-04,-23.7,-46.4,20.393,3.849,82.724,20.176,13.877,1.994,5.678,3.635,3.859,3.26
2027-01-04,-23.6,-46.8,20.545,14.236,86.155,16.956,14.902,1.646,11.056,5.294,5.295,3.639
2027-01-04,-23.6,-46.4,20.582,14.324,85.97,17.049,15.125,1.653,11.272,5.426,5.309,3.772
2027-01-04,-23.6,-46.3,20.579,14.024,85.973,17.035,15.136,1.605,11.377,5.397,5.276,3.834
2027-01-04,-23.5,-46.8,20.454,14.815,86.216,16.871,14.767,1.747,11.046,5.297,5.359,3.725
2027-01-04,-23.5,-46.7,20.47,14.256,86.307,17.028,14.723,1.562,11.139,5.227,5.319,3.595
2027-01-04,-23.5,-46.6,20.471,14.3,86.198,16.909,14.872,1.61,11.143,5.322,5.296,3.737
2027-01-04,-23.5,-46.4,20.57,14.6,86.199,17.018,14.674,1.633,11.208,5.415,5.296,3.683
2027-01-04,-23.5,-46.3,20.523,14.339,86.241,16.983,14.691,1.584,11.311,5.372,5.3,3.712
2027-01-04,-23.4,-46.8,20.543,14.395,86.098,17.165,14.743,1.582,11.326,5.313,5.334,3.595
2027-01-04,-23.4,-46.7,20.512,14.606,86.161,17.031,14.828,1.61,11.208,5.285,5.292,3.755
2027-01-04,-23.4,-46.6,20.382,13.987,86.889,16.799,14.242,1.543,10.947,5.487,5.196,3.423
2027-01-04,-23.4,-46.5,20.406,14.728,86.471,16.834,14.698,1.577,11.317,5.371,5.315,3.623
2027-01-04,-23.4,-46.4,20.443,14.761,86.371,16.861,14.764,1.64,11.283,5.347,5.375,3.494
2027-01-05,-23.8,-46.8,20.344,14.181,86.541,16.846,14.951,1.544,11.079,5.213,5.309,3.542
2027-01-05,-23.8,-46.7,20.421,14.056,86.381,16.995,14.847,1.576,11.29,5.271,5.295,3.643
2027-01-05,-23.8,-46.6,20.372,13.494,86.851,16.864,14.355,1.554,10.876,5.433,5.186,3.28
2027-01-05,-23.8,-46.5,20.354,14.417,86.587,16.812,15.01,1.578,11.263,5.441,5.364,3.519
2027-01-05,-23.7,-46.8,20.317,14.159,86.615,16.736,15.167,1.646,11.141,5.189,5.491,3.877
2027-01-05,-23.7,-46.5,20.258,13.795,87.223,16.444,14.703,1.534,10.92,5.475,5.215,3.666
2027-01-05,-23.7,-46.4,20.127,4.054,83.524,20.119,13.746,1.899,6.382,4.189,4.643,3.127
2027-01-05,-23.6,-46.8,20.566,14.143,86.106,17.106,14.781,1.593,11.218,5.427,5.276,3.729
2027-01-05,-23.6,-46.4,20.558,14.459,86.207,17.051,14.972,1.554,11.436,5.453,5.335,3.823
2027-01-05,-23.6,-46.3,20.561,14.35,86.158,17.079,14.991,1.547,11.446,5.446,5.317,3.823
2027-01-05,-23.5,-46.8,20.516,15.044,86.245,16.907,14.736,1.668,11.072,5.393,5.393,3.734
2027-01-05,-23.5,-46.7,20.487,15.096,86.3,17.061,14.679,1.63,11.105,5.343,5.36,3.56
2027-01-05,-23.5,-46.6,20.499,14.856,86.345,16.963,14.713,1.608,11.102,5.369,5.3,3.692
2027-01-05,-23.5,-46.4,20.585,15.016,86.16,17.219,14.541,1.612,11.422,5.452,5.357,3.505
2027-01-05,-23.5,-46.3,20.534,15.24,86.271,17.1,14.681,1.643,11.287,5.498,5.399,3.608
2027-01-05,-23.4,-46.8,20.507,14.842,86.259,17.234,14.492,1.605,11.39,5.433,5.37,3.465
2027-01-05,-23.4,-46.7,20.508,14.697,86.205,17.05,14.751,1.569,11.338,5.367,5.332,3.733
2027-01-05,-23.4,-46.6,20.334,3.7,82.685,20.245,13.831,1.982,5.692,3.583,3.654,3.183
2027-01-05,-23.4,-46.5,20.477,15.653,86.53,16.906,14.525,1.623,11.277,5.511,5.425,3.581
2027-01-05,-23.4,-46.4,20.488,15.37,86.437,16.949,14.622,1.632,11.322,5.5,5.376,3.66
2027-01-06,-23.8,-46.8,20.211,13.634,87.11,16.339,14.783,1.492,10.683,5.296,5.22,3.574
2027-01-06,-23.8,-46.7,20.551,14.059,86.054,17.321,14.821,1.599,11.489,5.412,5.269,3.515
2027-01-06,-23.8,-46.6,20.379,13.616,86.802,16.92,14.4,1.539,11.009,5.446,5.176,3.29
2027-01-06,-23.8,-46.5,20.254,13.847,87.153,16.269,14.909,1.502,10.906,5.372,5.214,3.611
2027-01-06,-23.7,-46.8,20.293,13.581,87.045,16.474,14.664,1.525,10.865,5.358,5.17,3.705
2027-01-06,-23.7,-46.5,20.367,14.281,87.032,16.539,14.69,1.579,11.005,5.566,5.231,3.669
2027-01-06,-23.7,-46.4,20.912,13.41,85.14,19.407,14.671,1.501,12.007,4.496,4.654,2.786
2027-01-06,-23.6,-46.8,20.629,14.375,85.947,17.296,14.728,1.61,11.413,5.435,5.304,3.658
2027-01-06,-23.6,-46.4,20.6,14.075,86.015,17.335,14.711,1.536,11.632,5.409,5.273,3.644
2027-01-06,-23.6,-46.3,20.609,14.089,86.037,17.306,14.684,1.536,11.63,5.419,5.285,3.656
2027-01-06,-23.5,-46.8,20.607,15.015,86.098,17.091,14.536,1.603,11.291,5.418,5.352,3.665
2027-01-06,-23.5,-46.7,20.555,15.365,86.25,17.082,14.66,1.625,11.19,5.33,5.36,3.662
2027-01-06,-23.5,-46.6,20.54,15.054,86.205,17.229,14.465,1.596,11.382,5.451,5.357,3.371
2027-01-06,-23.5,-46.4,20.603,15.05,86.097,17.302,14.441,1.601,11.564,5.392,5.332,3.462
2027-01-06,-23.5,-46.3,20.588,15.474,86.232,17.093,14.704,1.653,11.389,5.476,5.395,3.706
2027-01-06,-23.4,-46.8,20.546,14.987,86.166,17.338,14.43,1.588,11.547,5.409,5.33,3.485
2027-01-06,-23.4,-46.7,20.553,14.667,86.048,17.341,14.543,1.584,11.527,5.359,5.332,3.503
2027-01-06,-23.4,-46.6,20.158,4.074,83.379,20.139,13.679,1.891,6.455,4.227,4.646,3.183
2027-01-06,-23.4,-46.5,20.357,14.845,86.943,16.557,14.515,1.6,11.136,5.533,5.313,3.628
2027-01-06,-23.4,-46.4,20.565,15.12,86.227,17.233,14.451,1.601,11.613,5.492,5.353,3.469
2027-01-07,-23.8,-46.8,20.313,14.004,86.922,16.59,14.755,1.512,10.799,5.301,5.248,3.481
2027-01-07,-23.8,-46.7,20.476,14.404,86.215,17.306,14.705,1.623,11.442,5.307,5.291,3.449
2027-01-07,-23.8,-46.6,20.401,13.795,86.728,16.914,14.456,1.532,11.094,5.462,5.176,3.349
2027-01-07,-23.8,-46.5,20.323,14.12,86.995,16.578,14.662,1.544,11.123,5.451,5.223,3.587
2027-01-07,-23.7,-46.8,20.381,14.084,86.836,16.686,14.551,1.542,11.009,5.431,5.247,3.498
2027-01-07,-23.7,-46.5,20.395,14.554,86.976,16.651,14.615,1.565,11.092,5.579,5.253,3.59
2027-01-07,-23.7,-46.4,20.845,14.02,85.413,18.508,15.229,1.692,11.951,4.762,5.05,3.552
2027-01-07,-23.6,-46.8,20.578,14.801,85.993,17.343,14.751,1.614,11.475,5.416,5.315,3.703
2027-01-07,-23.6,-46.4,20.602,14.974,86.044,17.309,14.72,1.628,11.565,5.491,5.354,3.661
2027-01-07,-23.6,-46.3,20.589,15.028,86.096,17.293,14.728,1.623,11.502,5.476,5.317,3.7
2027-01-07,-23.5,-46.8,20.625,15.032,85.972,17.317,14.509,1.596,11.504,5.348,5.348,3.539
2027-01-07,-23.5,-46.7,20.59,15.435,86.092,17.228,14.679,1.63,11.349,5.311,5.346,3.627
2027-01-07,-23.5,-46.6,20.56,15.403,86.192,17.27,14.574,1.597,11.444,5.448,5.359,3.48
2027-01-07,-23.5,-46.4,20.553,15.345,86.117,17.32,14.573,1.622,11.611,5.4,5.358,3.573
2027-01-07,-23.5,-46.3,20.612,15.552,86.036,17.252,14.71,1.637,11.594,5.425,5.373,3.604
2027-01-07,-23.4,-46.8,20.525,15.279,86.187,17.361,14.562,1.616,11.546,5.366,5.414,3.582
2027-01-07,-23.4,-46.7,20.53,15.22,86.168,17.363,14.463,1.603,11.506,5.334,5.319,3.588
2027-01-07,-23.4,-46.6,20.934,13.897,85.017,19.462,14.654,1.473,12.123,4.314,4.622,2.834
2027-01-07,-23.4,-46.5,20.334,15.092,86.936,16.694,14.495,1.565,11.314,5.551,5.336,3.501
2027-01-07,-23.4,-46.4,20.572,15.314,86.149,17.399,14.479,1.582,11.789,5.456,5.392,3.408
2027-01-08,-23.8,-46.8,20.423,14.346,86.755,16.827,14.562,1.563,11.122,5.343,5.256,3.498
2027-01-08,-23.8,-46.7,20.517,15.297,86.235,17.323,14.685,1.627,11.484,5.317,5.316,3.515
2027-01-08,-23.8,-46.6,20.416,14.385,86.862,16.881,14.418,1.531,11.172,5.433,5.223,3.381
2027-01-08,-23.8,-46.5,20.412,14.647,86.91,16.912,14.505,1.584,11.365,5.608,5.334,3.369
2027-01-08,-23.7,-46.8,20.436,14.546,86.831,16.832,14.437,1.543,11.126,5.412,5.252,3.454
2027-01-08,-23.7,-46.5,20.449,14.946,86.956,16.833,14.504,1.553,11.255,5.567,5.312,3.55
2027-01-08,-23.7,-46.4,20.509,15.183,86.409,17.028,15.252,1.579,11.588,5.346,5.499,3.7
2027-01-08,-23.6,-46.8,20.586,15.344,86.119,17.325,14.737,1.607,11.512,5.393,5.398,3.745
2027-01-08,-23.6,-46.4,20.609,15.539,86.088,17.368,14.697,1.619,11.672,5.453,5.396,3.648
2027-01-08,-23.6,-46.3,20.623,15.549,86.104,17.355,14.665,1.619,11.661,5.454,5.389,3.668
2027-01-08,-23.5,-46.8,20.562,15.647,86.119,17.393,14.571,1.604,11.543,5.308,5.383,3.627
2027-01-08,-23.5,-46.7,20.649,15.579,86.037,17.335,14.603,1.6,11.569,5.404,5.422,3.625
2027-01-08,-23.5,-46.6,20.569,15.882,86.216,17.285,14.574,1.622,11.458,5.376,5.414,3.528
2027-01-08,-23.5,-46.4,20.58,15.737,86.148,17.383,14.586,1.624,11.681,5.385,5.391,3.576
2027-01-08,-23.5,-46.3,20.604,15.996,86.18,17.191,14.665,1.64,11.549,5.389,5.421,3.673
2027-01-08,-23.4,-46.8,20.552,15.671,86.217,17.425,14.575,1.617,11.619,5.351,5.447,3.585
2027-01-08,-23.4,-46.7,20.571,15.674,86.238,17.408,14.486,1.619,11.574,5.326,5.406,3.598
2027-01-08,-23.4,-46.6,20.845,14.752,85.389,18.605,14.786,1.725,12.067,4.672,5.095,3.335
2027-01-08,-23.4,-46.5,20.388,15.156,86.899,16.906,14.411,1.559,11.477,5.541,5.389,3.465
2027-01-08,-23.4,-46.4,20.533,15.952,86.299,17.308,14.494,1.605,11.717,5.441,5.441,3.552
2027-01-09,-23.8,-46.8,20.419,13.666,86.782,16.775,14.579,1.56,10.973,5.382,5.211,3.533
2027-01-09,-23.8,-46.7,20.537,14.771,86.325,17.175,14.634,1.628,11.315,5.296,5.246,3.562
2027-01-09,-23.8,-46.6,20.422,13.934,86.925,16.735,14.43,1.531,10.939,5.426,5.136,3.396
2027-01-09,-23.8,-46.5,20.381,14.256,87.098,16.673,14.4,1.547,10.95,5.523,5.203,3.417
2027-01-09,-23.7,-46.8,20.465,13.936,86.857,16.753,14.447,1.549,10.882,5.406,5.209,3.549
2027-01-09,-23.7,-46.5,20.431,14.054,86.906,16.795,14.547,1.541,11.012,5.556,5.236,3.509
2027-01-09,-23.7,-46.4,20.557,14.511,86.366,17.025,14.918,1.542,11.446,5.369,5.3,3.613
2027-01-09,-23.6,-46.8,20.592,14.879,86.167,17.165,14.739,1.621,11.339,5.351,5.313,3.735
2027-01-09,-23.6,-46.4,20.603,14.851,86.178,17.241,14.764,1.626,11.453,5.472,5.362,3.675
2027-01-09,-23.6,-46.3,20.603,14.851,86.178,17.241,14.764,1.626,11.453,5.472,5.362,3.675
2027-01-09,-23.5,-46.8,20.547,15.1,86.254,17.193,14.565,1.618,11.358,5.319,5.307,3.667
2027-01-09,-23.5,-46.7,20.564,15.112,86.262,17.151,14.574,1.617,11.319,5.295,5.333,3.645
2027-01-09,-23.5,-46.6,20.562,15.216,86.312,17.197,14.566,1.626,11.354,5.353,5.316,3.589
2027-01-09,-23.5,-46.4,20.571,15.197,86.286,17.18,14.577,1.621,11.407,5.388,5.345,3.587
2027-01-09,-23.5,-46.3,20.629,15.043,86.2,17.179,14.519,1.59,11.49,5.44,5.315,3.506
2027-01-09,-23.4,-46.8,20.535,15.205,86.343,17.21,14.521,1.607,11.441,5.324,5.354,3.585
2027-01-09,-23.4,-46.7,20.555,15.092,86.302,17.29,14.464,1.61,11.462,5.281,5.335,3.579
2027-01-09,-23.4,-46.6,20.464,15.718,86.543,16.736,14.906,1.745,11.118,5.287,5.687,3.689
2027-01-09,-23.4,-46.5,20.354,14.714,87.074,16.663,14.323,1.54,11.099,5.527,5.257,3.444
2027-01-09,-23.4,-46.4,20.514,15.277,86.397,17.157,14.521,1.607,11.501,5.449,5.316,3.573
2027-01-10,-23.8,-46.8,20.453,13.647,86.912,16.772,14.377,1.508,10.919,5.295,5.149,3.348
2027-01-10,-23.8,-46.7,20.61,14.66,86.25,17.234,14.573,1.559,11.428,5.189,5.197,3.395
2027-01-10,-23.8,-46.6,20.467,13.798,86.895,16.834,14.374,1.507,10.987,5.337,5.117,3.307
2027-01-10,-23.8,-46.5,20.409,14.148,87.058,16.667,14.319,1.518,10.957,5.462,5.157,3.278
2027-01-10,-23.7,-46.8,20.488,13.668,86.807,16.872,14.475,1.516,10.975,5.355,5.165,3.48
2027-01-10,-23.7,-46.5,20.438,14.091,87.079,16.705,14.334,1.494,10.922,5.449,5.136,3.337
2027-01-10,-23.7,-46.4,20.617,14.643,86.218,17.136,14.923,1.577,11.422,5.451,5.246,3.45
2027-01-10,-23.6,-46.8,20.665,14.781,86.12,17.214,14.598,1.551,11.458,5.296,5.225,3.579
2027-01-10,-23.6,-46.4,20.644,14.89,86.23,17.252,14.63,1.546,11.507,5.407,5.253,3.553
2027-01-10,-23.6,-46.3,20.662,14.79,86.174,17.317,14.654,1.547,11.551,5.386,5.253,3.532
2027-01-10,-23.5,-46.8,20.609,15.026,86.293,17.212,14.379,1.554,11.423,5.3,5.202,3.469
2027-01-10,-23.5,-46.7,20.615,15.022,86.264,17.196,14.404,1.55,11.431,5.256,5.231,3.451
2027-01-10,-23.5,-46.6,20.632,15.111,86.277,17.226,14.396,1.564,11.448,5.313,5.175,3.418
2027-01-10,-23.5,-46.4,20.654,15.08,86.243,17.224,14.452,1.564,11.503,5.335,5.251,3.423
2027-01-10,-23.5,-46.3,20.615,15.141,86.311,17.234,14.404,1.561,11.492,5.341,5.234,3.442
2027-01-10,-23.4,-46.8,20.612,15.038,86.31,17.251,14.399,1.556,11.543,5.304,5.265,3.421
2027-01-10,-23.4,-46.7,20.569,15.145,86.293,17.329,14.464,1.57,11.547,5.213,5.323,3.478
2027-01-10,-23.4,-46.6,20.435,14.26,86.846,16.658,14.582,1.557,11.05,5.426,5.245,3.559
2027-01-10,-23.4,-46.5,20.382,14.646,87.027,16.705,14.213,1.508,11.156,5.448,5.203,3.319
2027-01-10,-23.4,-46.4,20.609,15.175,86.352,17.228,14.418,1.553,11.593,5.391,5.27,3.389
2027-01-11,-23.8,-46.8,20.453,13.742,86.936,16.72,14.321,1.516,10.885,5.312,5.138,3.332
2027-01-11,-23.8,-46.7,20.619,14.59,86.241,17.289,14.644,1.546,11.453,5.248,5.194,3.429
2027-01-11,-23.8,-46.6,20.466,13.796,86.893,16.859,14.391,1.503,10.993,5.331,5.119,3.314
2027-01-11,-23.8,-46.5,20.426,14.005,86.996,16.718,14.326,1.518,10.968,5.447,5.146,3.292
2027-01-11,-23.7,-46.8,20.456,13.759,86.967,16.759,14.341,1.492,10.901,5.351,5.138,3.378
2027-01-11,-23.7,-46.5,20.445,14.003,86.995,16.732,14.325,1.49,10.961,5.458,5.128,3.304
2027-01-11,-23.7,-46.4,20.62,14.624,86.246,17.178,14.863,1.578,11.446,5.444,5.235,3.36
2027-01-11,-23.6,-46.8,20.664,14.736,86.144,17.296,14.591,1.548,11.499,5.342,5.249,3.594
2027-01-11,-23.6,-46.4,20.636,15.114,86.289,17.21,14.615,1.561,11.385,5.39,5.264,3.557
2027-01-11,-23.6,-46.3,20.636,15.114,86.289,17.21,14.615,1.561,11.385,5.39,5.264,3.557
2027-01-11,-23.5,-46.8,20.624,15.017,86.259,17.243,14.404,1.55,11.438,5.256,5.246,3.451
2027-01-11,-23.5,-46.7,20.619,15.015,86.251,17.224,14.431,1.544,11.44,5.263,5.237,3.485
2027-01-11,-23.5,-46.6,20.623,15.122,86.261,17.24,14.434,1.548,11.471,5.301,5.221,3.42
2027-01-11,-23.5,-46.4,20.641,15.126,86.249,17.23,14.435,1.552,11.516,5.33,5.257,3.413
2027-01-11,-23.5,-46.3,20.631,15.109,86.244,17.265,14.443,1.555,11.536,5.332,5.281,3.413
2027-01-11,-23.4,-46.8,20.568,15.304,86.35,17.219,14.442,1.546,11.469,5.239,5.285,3.488
2027-01-11,-23.4,-46.7,20.569,15.145,86.293,17.329,14.464,1.57,11.547,5.213,5.323,3.478
2027-01-11,-23.4,-46.6,20.46,14.485,86.853,16.691,14.557,1.557,11.07,5.487,5.328,3.513
2027-01-11,-23.4,-46.5,20.382,14.646,87.027,16.705,14.213,1.508,11.156,5.448,5.203,3.319
2027-01-11,-23.4,-46.4,20.617,15.199,86.332,17.231,14.416,1.548,11.598,5.362,5.266,3.392
2027-01-12,-23.8,-46.8,20.457,13.621,86.941,16.712,14.322,1.505,10.847,5.279,5.116,3.324
2027-01-12,-23.8,-46.7,20.558,14.505,86.29,17.212,14.607,1.569,11.306,5.192,5.198,3.447
2027-01-12,-23.8,-46.6,20.46,13.714,86.919,16.845,14.378,1.499,10.956,5.314,5.105,3.31
2027-01-12,-23.8,-46.5,20.433,13.864,87.009,16.724,14.298,1.503,10.917,5.422,5.104,3.312
2027-01-12,-23.7,-46.8,20.468,13.731,86.96,16.734,14.282,1.485,10.844,5.305,5.083,3.363
2027-01-12,-23.7,-46.5,20.45,13.951,87.043,16.714,14.355,1.476,10.963,5.47,5.117,3.326
2027-01-12,-23.7,-46.4,20.665,14.558,86.178,17.172,14.805,1.557,11.382,5.398,5.186,3.633
2027-01-12,-23.6,-46.8,20.617,14.688,86.233,17.228,14.602,1.56,11.352,5.295,5.246,3.628
2027-01-12,-23.6,-46.4,20.654,14.651,86.209,17.216,14.583,1.55,11.441,5.387,5.206,3.509
2027-01-12,-23.6,-46.3,20.658,14.64,86.236,17.22,14.567,1.546,11.445,5.422,5.201,3.52
2027-01-12,-23.5,-46.8,20.619,14.774,86.285,17.185,14.401,1.553,11.376,5.243,5.211,3.485
2027-01-12,-23.5,-46.7,20.62,14.781,86.272,17.181,14.397,1.553,11.377,5.226,5.215,3.491
2027-01-12,-23.5,-46.6,20.609,14.874,86.287,17.194,14.41,1.546,11.417,5.288,5.188,3.418
2027-01-12,-23.5,-46.4,20.617,14.862,86.27,17.219,14.419,1.553,11.482,5.319,5.249,3.41
2027-01-12,-23.5,-46.3,20.594,15.078,86.337,17.161,14.446,1.564,11.371,5.281,5.252,3.45
2027-01-12,-23.4,-46.8,20.6,14.812,86.308,17.19,14.4,1.542,11.496,5.268,5.219,3.456
2027-01-12,-23.4,-46.7,20.554,15.057,86.376,17.173,14.418,1.543,11.419,5.226,5.253,3.485
2027-01-12,-23.4,-46.6,20.466,14.441,86.855,16.69,14.508,1.563,11.033,5.479,5.307,3.504
2027-01-12,-23.4,-46.5,20.369,14.554,87.064,16.692,14.22,1.495,11.137,5.418,5.189,3.331
2027-01-12,-23.4,-46.4,20.603,14.951,86.358,17.185,14.392,1.546,11.547,5.349,5.234,3.389
2027-01-13,-23.8,-46.8,20.277,11.994,87.815,15.981,13.91,1.364,9.746,5.009,4.876,3.43
2027-01-13,-23.8,-46.7,20.393,12.554,87.14,16.408,14.215,1.416,10.404,5.026,4.998,3.519
2027-01-13,-23.8,-46.6,20.272,12.215,87.873,16.065,13.963,1.361,9.853,5.077,4.865,3.422
2027-01-13,-23.8,-46.5,20.258,12.355,87.901,15.98,13.936,1.349,9.977,5.174,4.859,3.422
2027-01-13,-23.7,-46.8,20.288,12.032,87.834,15.989,13.894,1.344,9.745,5.034,4.866,3.444
2027-01-13,-23.7,-46.5,20.272,12.433,87.925,16.037,13.89,1.348,9.893,5.148,4.875,3.405
2027-01-13,-23.7,-46.4,20.49,13.207,87.264,16.365,14.43,1.412,10.435,5.263,4.962,3.756
2027-01-13,-23.6,-46.8,20.459,12.649,87.028,16.419,14.257,1.415,10.443,5.12,5.024,3.693
2027-01-13,-23.6,-46.4,20.462,12.864,87.126,16.495,14.25,1.414,10.527,5.255,5.02,3.64
2027-01-13,-23.6,-46.3,20.479,12.85,87.087,16.496,14.257,1.414,10.541,5.282,5.021,3.643
2027-01-13,-23.5,-46.8,20.409,13.032,87.062,16.453,14.038,1.425,10.578,5.066,5.068,3.576
2027-01-13,-23.5,-46.7,20.424,13.224,87.193,16.291,14.035,1.41,10.512,5.051,5.052,3.619
2027-01-13,-23.5,-46.6,20.414,13.398,87.255,16.314,14.002,1.424,10.52,5.104,4.995,3.578
2027-01-13,-23.5,-46.4,20.427,13.439,87.25,16.319,13.986,1.424,10.574,5.144,5.029,3.533
2027-01-13,-23.5,-46.3,20.421,13.437,87.241,16.301,14.013,1.416,10.576,5.152,5.016,3.57
2027-01-13,-23.4,-46.8,20.393,13.257,87.285,16.282,14.019,1.411,10.465,5.106,5.042,3.62
2027-01-13,-23.4,-46.7,20.381,13.225,87.278,16.283,13.984,1.421,10.448,5.109,5.042,3.591
2027-01-13,-23.4,-46.6,20.263,12.983,87.875,15.864,13.997,1.417,9.916,5.145,4.877,3.584
2027-01-13,-23.4,-46.5,20.198,12.92,87.941,15.919,13.778,1.363,10.044,5.177,4.895,3.482
2027-01-13,-23.4,-46.4,20.409,13.449,87.324,16.296,14.001,1.427,10.53,5.177,5.018,3.567
2027-01-14,-23.8,-46.8,20.255,11.773,87.788,15.858,14.236,1.345,9.583,5.021,4.716,3.538
2027-01-14,-23.8,-46.7,20.237,11.946,87.825,15.865,14.122,1.386,9.665,4.994,4.833,3.551
2027-01-14,-23.8,-46.6,20.237,12.213,87.853,15.937,14.232,1.364,9.791,5.024,4.726,3.466
2027-01-14,-23.8,-46.5,20.241,11.998,87.795,15.987,14.292,1.35,9.866,5.119,4.782,3.446
2027-01-14,-23.7,-46.8,20.262,11.892,87.811,15.851,14.24,1.328,9.655,5.042,4.725,3.541
2027-01-14,-23.7,-46.5,20.235,12.156,87.873,16.007,14.265,1.333,9.861,5.111,4.769,3.456
2027-01-14,-23.7,-46.4,20.271,13.079,88.311,15.441,14.043,1.377,9.532,5.386,4.869,3.883
2027-01-14,-23.6,-46.8,20.305,12.038,87.673,15.895,14.207,1.39,9.672,5.126,4.845,3.762
2027-01-14,-23.6,-46.4,20.33,12.242,87.68,16.051,14.196,1.399,9.805,5.278,4.867,3.723
2027-01-14,-23.6,-46.3,20.33,12.242,87.68,16.051,14.196,1.399,9.805,5.278,4.867,3.723
2027-01-14,-23.5,-46.8,20.26,12.341,87.704,15.885,14.034,1.411,9.771,5.123,4.963,3.585
2027-01-14,-23.5,-46.7,20.263,12.495,87.868,15.77,13.902,1.373,9.737,5.165,4.855,3.753
2027-01-14,-23.5,-46.6,20.232,12.714,87.861,15.813,13.881,1.399,9.799,5.213,4.838,3.608
2027-01-14,-23.5,-46.4,20.238,12.725,87.892,15.761,13.918,1.407,9.817,5.233,4.889,3.626
2027-01-14,-23.5,-46.3,20.248,12.688,87.826,15.805,13.885,1.4,9.845,5.236,4.828,3.66
2027-01-14,-23.4,-46.8,20.182,12.565,87.871,15.733,14.02,1.399,9.698,5.213,4.943,3.621
2027-01-14,-23.4,-46.7,20.175,12.554,87.881,15.734,14.04,1.389,9.71,5.199,4.944,3.637
2027-01-14,-23.4,-46.6,20.22,12.692,87.668,15.887,14.312,1.424,9.79,5.176,4.731,3.587
2027-01-14,-23.4,-46.5,20.181,12.833,87.831,15.78,14.177,1.386,9.895,5.125,4.757,3.486
2027-01-14,-23.4,-46.4,20.211,12.705,87.917,15.768,13.955,1.389,9.812,5.261,4.898,3.604
2027-01-15,-23.8,-46.8,20.229,11.819,87.967,15.79,14.141,1.318,9.618,4.967,4.686,3.536
2027-01-15,-23.8,-46.7,20.26,11.7,87.769,15.797,14.302,1.338,9.571,4.994,4.668,3.606
2027-01-15,-23.8,-46.6,20.232,12.143,87.939,15.765,14.197,1.338,9.823,5.047,4.658,3.496
2027-01-15,-23.8,-46.5,20.243,11.924,87.994,15.939,14.229,1.313,9.781,5.02,4.687,3.514
2027-01-15,-23.7,-46.8,20.223,11.84,87.973,15.818,14.169,1.298,9.656,4.989,4.732,3.526
2027-01-15,-23.7,-46.5,20.227,11.934,87.981,15.931,14.184,1.293,9.87,5.121,4.759,3.479
2027-01-15,-23.7,-46.4,20.228,12.004,87.992,15.826,14.171,1.358,9.554,5.147,4.674,3.537
2027-01-15,-23.6,-46.8,20.232,12.05,87.808,15.775,14.286,1.33,9.677,5.008,4.699,3.614
2027-01-15,-23.6,-46.4,20.22,12.085,87.815,16.016,14.302,1.327,9.846,5.07,4.721,3.537
2027-01-15,-23.6,-46.3,20.22,12.085,87.815,16.016,14.302,1.327,9.846,5.07,4.721,3.537
2027-01-15,-23.5,-46.8,20.186,12.27,87.724,15.883,14.207,1.341,9.906,5.037,4.824,3.659
2027-01-15,-23.5,-46.7,20.19,12.612,87.83,15.722,14.149,1.348,9.812,5.022,4.739,3.652
2027-01-15,-23.5,-46.6,20.212,12.71,87.837,15.761,14.153,1.348,9.836,5.06,4.7,3.601
2027-01-15,-23.5,-46.4,20.207,12.64,87.867,15.759,14.185,1.345,9.853,5.067,4.693,3.614
2027-01-15,-23.5,-46.3,20.207,12.62,87.88,15.771,14.148,1.345,9.845,5.064,4.696,3.599
2027-01-15,-23.4,-46.8,20.151,12.608,87.835,15.735,14.208,1.362,9.816,5.07,4.73,3.662
2027-01-15,-23.4,-46.7,20.138,12.618,87.857,15.733,14.146,1.351,9.806,5.05,4.731,3.568
2027-01-15,-23.4,-46.6,20.138,12.783,87.944,15.686,13.998,1.381,9.792,5.096,4.695,3.468
2027-01-15,-23.4,-46.5,20.137,12.602,87.928,15.904,14.056,1.338,9.928,5.075,4.822,3.41
2027-01-15,-23.4,-46.4,20.179,12.666,87.885,15.711,14.202,1.362,9.836,5.117,4.674,3.609
2027-01-16,-23.8,-46.8,20.196,11.704,87.949,15.745,14.197,1.317,9.608,4.984,4.677,3.541
2027-01-16,-23.8,-46.7,20.217,11.771,87.82,15.731,14.178,1.358,9.532,5.001,4.633,3.515
2027-01-16,-23.8,-46.6,20.229,11.652,87.848,15.94,14.204,1.326,9.753,5.069,4.684,3.491
2027-01-16,-23.8,-46.5,20.229,11.818,88.0,15.89,14.254,1.312,9.76,5.037,4.637,3.542
2027-01-16,-23.7,-46.8,20.204,11.484,87.867,15.893,14.207,1.291,9.661,5.02,4.705,3.538
2027-01-16,-23.7,-46.5,20.224,11.834,87.96,15.896,14.213,1.301,9.845,5.159,4.718,3.506
2027-01-16,-23.7,-46.4,20.237,11.979,87.948,15.73,14.231,1.349,9.606,5.174,4.62,3.564
2027-01-16,-23.6,-46.8,20.201,12.093,87.795,15.691,14.281,1.362,9.646,5.026,4.656,3.585
2027-01-16,-23.6,-46.4,20.214,11.939,87.757,15.899,14.301,1.353,9.795,5.131,4.706,3.52
2027-01-16,-23.6,-46.3,20.222,11.93,87.772,15.955,14.332,1.35,9.806,5.138,4.706,3.547
2027-01-16,-23.5,-46.8,20.146,12.349,87.746,15.779,14.12,1.362,9.891,5.039,4.805,3.54
2027-01-16,-23.5,-46.7,20.161,12.637,87.801,15.632,14.137,1.367,9.782,5.004,4.701,3.54
2027-01-16,-23.5,-46.6,20.175,12.769,87.867,15.67,14.036,1.367,9.796,5.068,4.659,3.505
2027-01-16,-23.5,-46.4,20.156,12.703,87.885,15.689,14.106,1.366,9.854,5.072,4.709,3.494
2027-01-16,-23.5,-46.3,20.177,12.713,87.879,15.665,14.036,1.367,9.796,5.077,4.662,3.505
2027-01-16,-23.4,-46.8,20.115,12.406,87.752,15.816,14.147,1.378,9.872,5.079,4.768,3.527
2027-01-16,-23.4,-46.7,20.119,12.373,87.741,15.816,14.153,1.378,9.858,5.079,4.768,3.529
2027-01-16,-23.4,-46.6,20.169,12.666,87.973,15.695,14.018,1.354,9.805,5.097,4.654,3.512
2027-01-16,-23.4,-46.5,20.076,12.787,88.129,15.816,13.932,1.324,9.89,4.957,4.778,3.363
2027-01-16,-23.4,-46.4,20.136,12.473,87.772,15.843,14.153,1.378,9.924,5.114,4.741,3.467
2027-01-17,-23.8,-46.8,20.201,11.315,87.869,15.935,14.079,1.298,9.46,4.977,4.723,3.468
2027-01-17,-23.8,-46.7,20.24,11.805,87.908,15.763,14.222,1.326,9.632,4.981,4.654,3.519
2027-01-17,-23.8,-46.6,20.25,11.717,87.943,15.909,14.212,1.313,9.711,5.008,4.602,3.563
2027-01-17,-23.8,-46.5,20.193,12.0,88.205,15.882,14.068,1.296,9.616,4.973,4.662,3.426
2027-01-17,-23.7,-46.8,20.211,11.504,87.907,15.849,14.189,1.285,9.667,5.055,4.72,3.553
2027-01-17,-23.7,-46.5,20.207,11.869,88.04,15.918,14.138,1.28,9.813,5.15,4.742,3.454
2027-01-17,-23.7,-46.4,20.232,11.641,87.942,15.931,14.213,1.297,9.724,5.137,4.7,3.473
2027-01-17,-23.6,-46.8,20.197,12.064,87.857,15.734,14.208,1.329,9.629,4.937,4.659,3.485
2027-01-17,-23.6,-46.4,20.212,11.978,87.801,15.894,14.284,1.332,9.834,5.139,4.711,3.451
2027-01-17,-23.6,-46.3,20.212,11.978,87.801,15.894,14.284,1.332,9.834,5.139,4.711,3.451
2027-01-17,-23.5,-46.8,20.161,12.366,87.813,15.811,14.12,1.342,9.903,5.033,4.8,3.553
2027-01-17,-23.5,-46.7,20.174,12.516,87.903,15.661,14.109,1.342,9.794,4.997,4.712,3.563
2027-01-17,-23.5,-46.6,20.195,12.73,87.913,15.695,14.121,1.347,9.847,5.042,4.677,3.506
2027-01-17,-23.5,-46.4,20.198,12.274,87.809,15.894,14.168,1.339,9.875,5.022,4.686,3.51
2027-01-17,-23.5,-46.3,20.19,12.611,87.939,15.691,14.106,1.344,9.838,5.05,4.681,3.509
2027-01-17,-23.4,-46.8,20.139,12.388,87.841,15.841,14.125,1.359,9.87,5.096,4.764,3.553
2027-01-17,-23.4,-46.7,20.126,12.442,87.864,15.809,14.121,1.36,9.905,5.101,4.797,3.551
2027-01-17,-23.4,-46.6,20.082,12.815,88.266,15.632,13.84,1.338,9.583,4.947,4.706,3.399
2027-01-17,-23.4,-46.5,20.05,12.606,88.258,15.845,13.757,1.315,9.653,4.915,4.769,3.291
2027-01-17,-23.4,-46.4,20.191,12.426,87.863,15.872,14.131,1.364,9.911,5.083,4.696,3.52
2027-01-18,-23.8,-46.8,20.086,10.783,88.291,15.627,13.877,1.342,8.526,4.913,4.693,3.485
2027-01-18,-23.8,-46.7,20.161,10.733,88.015,15.687,14.181,1.34,8.854,5.043,4.666,3.586
2027-01-18,-23.8,-46.6,20.423,3.533,83.046,20.173,13.699,1.957,4.73,3.645,3.851,3.1
2027-01-18,-23.8,-46.5,20.105,11.132,88.474,15.656,13.948,1.32,8.593,4.884,4.587,3.478
2027-01-18,-23.7,-46.8,20.1,10.801,88.296,15.682,13.869,1.328,8.529,4.932,4.675,3.496
2027-01-18,-23.7,-46.5,20.108,11.152,88.413,15.625,13.9,1.308,8.739,5.068,4.67,3.457
2027-01-18,-23.7,-46.4,20.171,10.876,88.178,15.715,14.07,1.316,8.867,5.169,4.621,3.577
2027-01-18,-23.6,-46.8,20.143,11.015,88.014,15.702,14.225,1.33,8.976,5.03,4.67,3.574
2027-01-18,-23.6,-46.4,20.157,11.512,88.208,15.558,14.173,1.33,9.104,5.107,4.619,3.553
2027-01-18,-23.6,-46.3,20.185,11.167,88.06,15.745,14.238,1.322,9.078,5.058,4.575,3.545
2027-01-18,-23.5,-46.8,20.118,11.508,88.019,15.627,14.048,1.339,9.16,5.067,4.71,3.573
2027-01-18,-23.5,-46.7,20.107,11.64,88.083,15.421,13.981,1.348,8.923,5.003,4.61,3.595
2027-01-18,-23.5,-46.6,20.146,11.507,87.941,15.676,14.003,1.338,9.131,5.081,4.625,3.524
2027-01-18,-23.5,-46.4,20.171,11.675,88.054,15.66,14.047,1.338,9.272,5.057,4.576,3.556
2027-01-18,-23.5,-46.3,20.145,11.485,87.965,15.671,13.997,1.337,9.141,5.089,4.629,3.521
2027-01-18,-23.4,-46.8,20.044,11.723,88.247,15.672,13.896,1.337,9.004,5.018,4.708,3.437
2027-01-18,-23.4,-46.7,20.026,11.767,88.275,15.621,13.891,1.336,9.014,5.021,4.725,3.438
2027-01-18,-23.4,-46.6,20.003,11.876,88.446,15.665,13.694,1.353,8.879,4.916,4.695,3.311
2027-01-18,-23.4,-46.5,19.999,11.887,88.47,15.693,13.668,1.359,8.937,4.899,4.727,3.272
2027-01-18,-23.4,-46.4,20.447,3.411,82.784,20.529,13.467,1.911,4.695,3.586,3.805,3.165
2027-01-19,-23.8,-46.8,19.969,10.772,88.636,15.391,13.911,1.283,8.301,4.61,4.571,3.708
2027-01-19,-23.8,-46.7,20.041,10.629,88.437,15.438,14.077,1.318,8.275,4.675,4.47,3.838
2027-01-19,-23.8,-46.6,20.501,3.188,83.377,20.612,13.419,1.72,4.288,3.743,4.213,3.058
2027-01-19,-23.8,-46.5,20.003,11.072,88.698,15.453,14.036,1.306,8.358,4.624,4.465,3.724
2027-01-19,-23.7,-46.8,19.999,10.782,88.572,15.383,13.96,1.273,8.329,4.677,4.539,3.764
2027-01-19,-23.7,-46.5,20.013,11.11,88.718,15.461,14.02,1.287,8.361,4.647,4.455,3.737
2027-01-19,-23.7,-46.4,20.08,10.769,88.379,15.473,14.194,1.307,8.504,4.932,4.47,3.847
2027-01-19,-23.6,-46.8,20.017,10.975,88.433,15.361,14.093,1.292,8.383,4.696,4.447,3.75
2027-01-19,-23.6,-46.4,20.04,11.055,88.473,15.372,14.117,1.271,8.482,4.794,4.395,3.733
2027-01-19,-23.6,-46.3,20.069,11.088,88.33,15.36,14.166,1.315,8.63,4.889,4.427,3.774
2027-01-19,-23.5,-46.8,19.995,11.465,88.477,15.32,13.863,1.306,8.508,4.645,4.445,3.694
2027-01-19,-23.5,-46.7,19.96,11.929,88.636,15.131,13.796,1.311,8.533,4.714,4.535,3.694
2027-01-19,-23.5,-46.6,20.015,11.662,88.525,15.367,13.864,1.308,8.641,4.701,4.427,3.665
2027-01-19,-23.5,-46.4,19.882,12.144,88.574,15.154,13.988,1.481,9.306,4.731,4.562,3.641
2027-01-19,-23.5,-46.3,19.981,11.758,88.573,15.344,13.852,1.309,8.731,4.784,4.54,3.632
2027-01-19,-23.4,-46.8,19.926,11.591,88.594,15.311,13.796,1.326,8.502,4.74,4.518,3.662
2027-01-19,-23.4,-46.7,19.908,11.606,88.628,15.309,13.784,1.329,8.536,4.73,4.585,3.644
2027-01-19,-23.4,-46.6,19.998,11.468,88.542,15.553,13.572,1.301,8.493,4.668,4.537,3.635
2027-01-19,-23.4,-46.5,19.922,11.884,88.748,15.452,13.628,1.312,8.771,4.727,4.692,3.554
2027-01-19,-23.4,-46.4,20.768,7.256,85.822,18.313,13.985,1.338,7.316,4.253,4.302,3.019
2027-01-20,-23.8,-46.8,19.976,10.02,88.681,15.599,13.892,1.217,7.647,4.466,4.487,3.452
2027-01-20,-23.8,-46.7,20.499,3.371,82.709,20.468,13.529,1.832,4.662,3.42,3.734,3.207
2027-01-20,-23.8,-46.6,20.783,7.062,85.988,18.561,13.959,1.329,6.387,4.07,4.3,2.768
2027-01-20,-23.8,-46.5,20.003,10.227,88.827,15.551,13.711,1.234,7.612,4.623,4.419,3.492
2027-01-20,-23.7,-46.8,19.995,10.038,88.689,15.639,13.875,1.196,7.62,4.486,4.443,3.465
2027-01-20,-23.7,-46.5,20.407,3.434,82.887,20.367,13.679,1.883,4.664,3.431,3.696,3.143
2027-01-20,-23.7,-46.4,19.976,10.195,88.887,15.484,13.617,1.21,7.455,4.566,4.415,3.443
2027-01-20,-23.6,-46.8,19.94,10.378,88.661,15.512,13.785,1.217,7.626,4.437,4.451,3.445
2027-01-20,-23.6,-46.4,19.841,11.234,88.719,15.289,13.899,1.432,8.684,4.584,4.567,3.357
2027-01-20,-23.6,-46.3,20.461,3.454,82.877,20.515,13.532,1.904,4.69,3.431,3.691,3.118
2027-01-20,-23.5,-46.8,20.459,3.42,82.652,20.338,13.601,1.861,4.782,3.434,3.646,3.182
2027-01-20,-23.5,-46.7,19.971,11.326,88.844,15.282,13.631,1.247,8.024,4.526,4.433,3.55
2027-01-20,-23.5,-46.6,20.459,3.473,82.581,20.504,13.539,1.835,4.837,3.402,3.66,3.31
2027-01-20,-23.5,-46.4,20.452,3.43,82.735,20.541,13.511,1.857,4.725,3.401,3.662,3.169
2027-01-20,-23.5,-46.3,19.922,11.385,88.852,15.369,13.674,1.242,8.268,4.721,4.54,3.546
2027-01-20,-23.4,-46.8,19.888,11.283,88.871,15.406,13.607,1.234,8.051,4.651,4.529,3.531
2027-01-20,-23.4,-46.7,19.869,11.273,88.892,15.36,13.589,1.235,8.049,4.669,4.571,3.545
2027-01-20,-23.4,-46.6,19.943,11.203,88.884,15.474,13.286,1.249,7.934,4.663,4.505,3.412
2027-01-20,-23.4,-46.5,19.919,11.309,88.938,15.502,13.442,1.231,7.883,4.57,4.517,3.457
2027-01-20,-23.4,-46.4,20.156,10.729,87.778,15.437,13.882,1.35,7.971,4.722,4.633,3.368
2027-01-21,-23.8,-46.8,19.972,9.86,88.853,15.6,13.64,1.187,7.136,4.242,4.441,3.435
2027-01-21,-23.8,-46.7,20.687,6.85,86.198,18.409,13.829,1.338,6.249,4.063,4.254,2.66
2027-01-21,-23.8,-46.6,20.051,10.65,88.079,15.217,14.322,1.418,7.679,4.362,4.603,3.66
2027-01-21,-23.8,-46.5,19.973,10.196,88.97,15.6,13.64,1.189,7.383,4.371,4.416,3.415
2027-01-21,-23.7,-46.8,19.982,9.898,88.872,15.608,13.624,1.167,7.146,4.266,4.431,3.448
2027-01-21,-23.7,-46.5,20.532,3.26,83.335,20.64,13.355,1.733,4.307,3.801,4.179,3.063
2027-01-21,-23.7,-46.4,19.964,9.951,88.879,15.609,13.642,1.163,7.292,4.457,4.447,3.489
2027-01-21,-23.6,-46.8,19.933,10.386,88.837,15.547,13.512,1.208,7.468,4.368,4.415,3.381
2027-01-21,-23.6,-46.4,20.367,3.458,82.873,20.421,13.67,1.883,4.712,3.368,3.6,3.075
2027-01-21,-23.6,-46.3,20.709,6.752,86.171,18.306,13.749,1.311,6.181,4.054,4.227,2.633
2027-01-21,-23.5,-46.8,20.769,6.876,86.102,18.437,13.679,1.326,6.33,3.977,4.241,2.603
2027-01-21,-23.5,-46.7,19.898,11.175,88.796,15.487,13.602,1.205,8.129,4.514,4.58,3.496
2027-01-21,-23.5,-46.6,20.747,6.905,86.12,18.374,13.648,1.322,6.424,4.085,4.223,2.618
2027-01-21,-23.5,-46.4,20.738,6.825,86.174,18.364,13.647,1.305,6.348,4.073,4.213,2.604
2027-01-21,-23.5,-46.3,19.923,11.431,88.956,15.46,13.57,1.204,8.219,4.506,4.489,3.541
2027-01-21,-23.4,-46.8,19.844,11.384,89.007,15.456,13.511,1.196,7.909,4.444,4.537,3.495
2027-01-21,-23.4,-46.7,19.858,11.394,89.024,15.442,13.48,1.205,7.898,4.435,4.522,3.505
2027-01-21,-23.4,-46.6,19.891,11.31,89.025,15.471,13.275,1.207,7.777,4.472,4.485,3.43
2027-01-21,-23.4,-46.5,20.442,3.491,82.684,20.616,13.55,1.833,4.826,3.338,3.763,3.292
2027-01-21,-23.4,-46.4,19.971,11.502,88.36,15.298,14.079,1.3,8.281,4.848,4.463,3.415
2027-01-22,-23.8,-46.8,20.412,3.686,82.997,20.14,13.861,1.881,4.821,3.48,3.878,3.172
2027-01-22,-23.8,-46.7,20.089,9.796,87.881,15.454,14.02,1.311,7.342,4.334,4.601,3.476
2027-01-22,-23.8,-46.6,20.171,10.383,87.794,15.504,14.831,1.321,8.153,4.871,4.221,3.643
2027-01-22,-23.8,-46.5,20.398,3.512,82.977,20.254,13.818,1.883,4.711,3.485,3.808,3.278
2027-01-22,-23.7,-46.8,20.423,3.673,82.951,20.18,13.828,1.881,4.827,3.481,3.862,3.198
2027-01-22,-23.7,-46.5,20.608,7.597,86.342,18.289,13.935,1.484,7.475,4.044,4.531,2.649
2027-01-22,-23.7,-46.4,20.009,9.919,88.919,15.7,13.517,1.159,7.214,4.378,4.475,3.428
2027-01-22,-23.6,-46.8,19.975,10.33,88.765,15.667,13.51,1.211,7.486,4.354,4.446,3.381
2027-01-22,-23.6,-46.4,20.687,6.774,86.283,18.427,13.656,1.314,6.179,3.948,4.279,2.513
2027-01-22,-23.6,-46.3,20.12,10.435,88.017,15.493,13.909,1.31,7.622,4.548,4.559,3.413
2027-01-22,-23.5,-46.8,20.142,10.31,87.966,15.457,13.596,1.315,7.425,4.159,4.526,3.34
2027-01-22,-23.5,-46.7,19.901,10.885,88.883,15.546,13.336,1.217,7.637,4.402,4.536,3.442
2027-01-22,-23.5,-46.6,20.09,10.744,88.032,15.455,13.648,1.321,7.768,4.448,4.622,3.207
2027-01-22,-23.5,-46.4,20.086,10.873,88.11,15.447,13.666,1.315,7.775,4.446,4.626,3.208
2027-01-22,-23.5,-46.3,20.422,3.701,82.929,20.182,13.763,1.882,4.88,3.529,3.86,3.163
2027-01-22,-23.4,-46.8,19.711,11.467,89.044,15.323,13.315,1.362,7.887,4.301,4.692,3.346
2027-01-22,-23.4,-46.7,20.382,3.451,82.754,20.464,13.666,1.886,4.788,3.345,3.638,3.18
2027-01-22,-23.4,-46.6,19.732,11.787,89.153,15.341,13.382,1.404,8.503,4.385,4.678,3.329
2027-01-22,-23.4,-46.5,20.718,6.872,86.208,18.488,13.579,1.329,6.454,4.122,4.267,2.504
2027-01-22,-23.4,-46.4,19.961,11.582,88.356,15.316,14.3,1.269,8.529,4.789,4.432,3.45
2027-01-23,-23.8,-46.8,20.383,3.914,83.625,19.969,13.765,1.768,5.317,3.895,4.591,3.388
2027-01-23,-23.8,-46.7,20.087,10.027,88.238,15.588,14.179,1.224,7.63,4.563,4.411,3.411
2027-01-23,-23.8,-46.6,20.164,10.132,87.891,15.524,14.625,1.3,7.853,4.855,4.293,3.631
2027-01-23,-23.8,-46.5,20.498,3.244,83.376,20.601,13.335,1.732,4.369,3.849,4.324,3.072
2027-01-23,-23.7,-46.8,20.389,3.911,83.599,19.985,13.749,1.767,5.319,3.895,4.603,3.402
2027-01-23,-23.7,-46.5,20.189,10.91,88.338,15.471,13.92,1.316,7.709,4.441,4.609,3.34
2027-01-23,-23.7,-46.4,20.09,9.839,88.914,15.918,13.517,1.106,7.202,4.333,4.447,3.402
2027-01-23,-23.6,-46.8,20.393,3.515,82.842,20.408,13.725,1.877,4.811,3.333,3.62,3.175
2027-01-23,-23.6,-46.4,20.123,10.409,88.272,15.59,13.758,1.291,7.592,4.395,4.526,3.395
2027-01-23,-23.6,-46.3,20.061,10.6,88.366,15.57,14.154,1.203,7.929,4.713,4.384,3.395
2027-01-23,-23.5,-46.8,20.084,10.918,88.268,15.51,14.067,1.234,8.016,4.625,4.478,3.405
2027-01-23,-23.5,-46.7,20.437,3.718,82.853,20.196,13.788,1.876,4.943,3.482,3.866,3.228
2027-01-23,-23.5,-46.6,20.065,11.298,88.326,15.566,14.044,1.238,8.308,4.704,4.453,3.329
2027-01-23,-23.5,-46.4,20.025,11.362,88.463,15.492,14.026,1.226,8.416,4.797,4.532,3.341
2027-01-23,-23.5,-46.3,20.369,3.737,83.477,20.201,13.603,1.779,5.217,3.929,4.442,3.374
2027-01-23,-23.4,-46.8,20.421,3.698,82.854,20.184,13.762,1.901,4.902,3.521,3.816,3.17
2027-01-23,-23.4,-46.7,20.575,3.04,83.086,20.936,13.235,1.702,4.078,3.716,4.037,3.13
2027-01-23,-23.4,-46.6,20.321,4.313,82.441,19.888,14.307,2.059,5.621,3.541,3.887,3.145
2027-01-23,-23.4,-46.5,20.095,10.935,88.327,15.595,13.585,1.291,7.725,4.202,4.56,3.213
2027-01-23,-23.4,-46.4,19.999,11.497,88.377,15.443,14.272,1.232,8.527,4.711,4.382,3.426
2027-01-24,-23.8,-46.8,20.294,3.948,83.883,19.944,13.314,1.727,5.382,4.088,4.896,3.252
2027-01-24,-23.8,-46.7,20.147,10.206,88.329,15.431,14.032,1.198,7.703,4.575,4.324,3.478
2027-01-24,-23.8,-46.6,20.205,3.467,83.13,20.06,13.525,2.013,4.801,4.012,4.303,3.007
2027-01-24,-23.8,-46.5,20.631,7.757,86.432,18.188,13.836,1.447,7.387,4.016,4.525,2.653
2027-01-24,-23.7,-46.8,20.182,3.946,83.699,19.902,13.515,1.818,5.385,4.154,4.861,3.245
2027-01-24,-23.7,-46.5,20.275,3.5,83.071,20.143,13.421,1.991,4.808,3.984,4.316,3.061
2027-01-24,-23.7,-46.4,20.47,3.373,82.775,20.553,13.546,1.826,4.604,3.358,3.78,3.292
2027-01-24,-23.6,-46.8,20.578,3.03,83.094,20.885,13.248,1.691,4.09,3.617,4.039,3.114
2027-01-24,-23.6,-46.4,20.119,10.802,88.5,15.397,13.939,1.18,8.012,4.677,4.291,3.399
2027-01-24,-23.6,-46.3,20.107,10.761,88.423,15.419,13.982,1.189,7.962,4.687,4.29,3.416
2027-01-24,-23.5,-46.8,19.967,11.411,88.46,15.151,13.914,1.364,8.293,4.588,4.498,3.338
2027-01-24,-23.5,-46.7,20.441,3.91,83.439,19.972,13.69,1.779,5.3,3.991,4.525,3.439
2027-01-24,-23.5,-46.6,20.08,11.359,88.45,15.371,13.881,1.201,8.342,4.721,4.314,3.346
2027-01-24,-23.5,-46.4,20.067,11.325,88.508,15.333,13.84,1.198,8.292,4.702,4.315,3.343
2027-01-24,-23.5,-46.3,20.405,3.564,83.441,20.229,13.25,1.728,5.088,4.073,4.717,3.417
2027-01-24,-23.4,-46.8,20.426,3.774,83.296,20.264,13.589,1.789,5.287,3.882,4.435,3.408
2027-01-24,-23.4,-46.7,20.872,6.276,85.326,18.867,13.49,1.345,5.761,4.135,4.108,2.261
2027-01-24,-23.4,-46.6,20.274,4.154,82.89,19.783,14.42,2.014,5.416,3.877,4.333,3.289
2027-01-24,-23.4,-46.5,20.05,11.666,88.606,15.393,13.789,1.2,8.336,4.603,4.334,3.363
2027-01-24,-23.4,-46.4,20.05,11.364,88.518,15.302,13.82,1.223,8.219,4.713,4.3,3.385
2027-01-25,-23.8,-46.8,20.695,8.81,87.032,17.99,13.704,1.197,6.421,3.563,4.225,2.87
2027-01-25,-23.8,-46.7,20.144,10.314,88.404,15.495,13.948,1.198,7.581,4.558,4.318,3.495
2027-01-25,-23.8,-46.6,20.227,3.389,83.424,20.542,13.542,1.768,4.644,3.867,4.579,3.234
2027-01-25,-23.8,-46.5,20.152,11.016,88.598,15.388,13.761,1.3,7.59,4.235,4.553,3.212
2027-01-25,-23.7,-46.8,20.229,3.954,83.596,20.063,13.385,1.823,5.397,4.197,4.961,3.223
2027-01-25,-23.7,-46.5,20.838,7.856,86.085,18.486,14.116,1.264,6.298,3.924,4.203,2.969
2027-01-25,-23.7,-46.4,20.613,3.216,83.244,20.707,13.337,1.701,4.073,3.718,4.246,3.16
2027-01-25,-23.6,-46.8,20.914,6.407,85.462,18.998,13.383,1.319,5.748,3.918,4.157,2.362
2027-01-25,-23.6,-46.4,20.01,11.759,88.652,15.389,14.149,1.36,9.045,4.645,4.375,3.376
2027-01-25,-23.6,-46.3,20.137,10.998,88.528,15.491,13.911,1.183,7.997,4.666,4.293,3.414
2027-01-25,-23.5,-46.8,20.397,3.402,82.725,20.267,13.576,1.924,4.791,3.614,3.773,3.238
2027-01-25,-23.5,-46.7,20.406,3.834,83.209,20.137,13.515,1.762,5.3,3.914,4.473,3.427
2027-01-25,-23.5,-46.6,20.116,11.762,88.437,15.391,14.125,1.189,8.589,4.706,4.305,3.471
2027-01-25,-23.5,-46.4,20.13,11.789,88.565,15.44,14.094,1.17,8.686,4.73,4.247,3.525
2027-01-25,-23.5,-46.3,20.686,7.997,86.578,17.983,13.727,1.218,6.605,3.958,4.207,2.866
2027-01-25,-23.4,-46.8,20.635,7.884,86.663,17.97,13.611,1.227,6.515,3.927,4.312,2.741
2027-01-25,-23.4,-46.7,20.311,8.971,87.237,16.534,13.857,1.359,6.928,3.91,4.436,3.205
2027-01-25,-23.4,-46.6,20.397,3.684,83.159,20.286,13.64,1.823,5.163,3.828,4.374,3.358
2027-01-25,-23.4,-46.5,20.089,11.911,88.662,15.49,14.031,1.161,8.597,4.63,4.262,3.534
2027-01-25,-23.4,-46.4,20.114,11.745,88.603,15.427,14.04,1.162,8.561,4.686,4.262,3.547
2027-01-26,-23.8,-46.8,20.146,10.203,88.208,15.682,14.161,1.347,7.361,4.331,4.888,3.422
2027-01-26,-23.8,-46.7,20.172,10.125,88.124,15.956,14.092,1.234,7.762,4.623,4.748,3.462
2027-01-26,-23.8,-46.6,20.896,7.634,85.84,18.938,14.091,1.207,6.115,3.642,4.142,2.874
2027-01-26,-23.8,-46.5,20.216,3.478,82.995,20.142,13.414,1.994,4.803,3.919,4.297,3.087
2027-01-26,-23.7,-46.8,20.764,8.901,86.582,18.556,14.11,1.161,6.104,3.398,4.288,2.974
2027-01-26,-23.7,-46.5,20.226,10.486,87.816,15.692,14.512,1.378,7.538,4.649,4.866,3.466
2027-01-26,-23.7,-46.4,20.831,6.925,86.111,18.915,13.803,1.204,6.207,3.696,4.092,2.706
2027-01-26,-23.6,-46.8,20.419,8.517,87.173,16.943,14.052,1.368,6.757,3.763,4.565,3.397
2027-01-26,-23.6,-46.4,20.364,3.401,82.903,20.506,13.503,1.922,4.666,3.538,3.881,3.152
2027-01-26,-23.6,-46.3,20.38,3.411,82.924,20.457,13.485,1.906,4.661,3.533,3.833,3.148
2027-01-26,-23.5,-46.8,20.891,6.933,85.731,18.885,13.724,1.236,6.453,3.847,4.153,2.688
2027-01-26,-23.5,-46.7,20.635,8.462,86.504,18.298,13.807,1.359,7.467,3.739,4.522,2.833
2027-01-26,-23.5,-46.6,20.183,11.574,88.168,15.947,14.202,1.193,8.763,4.748,4.739,3.48
2027-01-26,-23.5,-46.4,20.146,11.348,88.395,16.01,13.849,1.212,8.558,4.766,4.743,3.446
2027-01-26,-23.5,-46.3,20.134,11.336,88.336,15.648,13.91,1.361,7.81,4.482,4.902,3.249
2027-01-26,-23.4,-46.8,20.17,10.786,88.191,15.911,13.62,1.31,7.608,4.419,4.965,3.244
2027-01-26,-23.4,-46.7,20.12,10.764,88.077,15.751,13.788,1.316,7.963,4.632,4.896,3.136
2027-01-26,-23.4,-46.6,20.737,7.848,86.373,18.577,13.76,1.162,6.587,3.835,4.322,2.8
2027-01-26,-23.4,-46.5,20.374,3.694,82.914,20.122,13.69,1.974,4.916,3.671,4.011,3.151
2027-01-26,-23.4,-46.4,20.432,3.463,82.715,20.568,13.527,1.833,4.76,3.321,3.717,3.229
2027-01-27,-23.8,-46.8,20.188,10.381,87.929,15.778,14.472,1.277,7.555,4.581,4.57,3.448
2027-01-27,-23.8,-46.7,20.089,10.601,88.128,15.652,14.117,1.41,8.443,4.698,4.856,3.43
2027-01-27,-23.8,-46.6,20.43,8.857,87.294,16.719,14.382,1.397,7.066,3.849,4.551,3.536
2027-01-27,-23.8,-46.5,20.893,7.677,85.977,18.97,14.119,1.18,6.204,3.687,4.041,2.921
2027-01-27,-23.7,-46.8,20.158,10.145,88.107,15.329,14.44,1.35,7.082,4.382,5.029,3.548
2027-01-27,-23.7,-46.5,20.215,10.222,87.739,15.621,14.891,1.316,7.716,4.999,4.503,3.613
2027-01-27,-23.7,-46.4,20.388,8.693,87.422,16.908,14.226,1.363,6.935,3.796,4.628,3.348
2027-01-27,-23.6,-46.8,20.2,10.318,87.912,15.694,14.089,1.3,7.686,4.605,4.745,3.306
2027-01-27,-23.6,-46.4,20.885,6.817,85.827,18.969,13.775,1.181,6.371,3.8,4.084,2.636
2027-01-27,-23.6,-46.3,20.901,6.82,85.812,18.877,13.76,1.199,6.352,3.841,4.001,2.675
2027-01-27,-23.5,-46.8,20.429,8.766,86.891,16.839,14.173,1.388,7.299,3.898,4.535,3.367
2027-01-27,-23.5,-46.7,20.196,10.648,88.174,15.578,13.796,1.322,7.639,4.37,4.911,3.21
2027-01-27,-23.5,-46.6,20.41,3.628,82.937,20.073,13.741,1.928,4.897,3.668,3.977,3.205
2027-01-27,-23.5,-46.4,20.423,3.586,82.913,20.072,13.651,1.927,4.78,3.684,3.96,3.102
2027-01-27,-23.5,-46.3,20.173,11.348,87.975,15.7,14.214,1.281,8.192,4.762,4.582,3.423
2027-01-27,-23.4,-46.8,20.196,3.516,82.913,20.074,13.427,2.008,4.937,3.992,4.327,3.033
2027-01-27,-23.4,-46.7,20.135,11.158,87.912,15.686,14.173,1.299,8.036,4.71,4.609,3.45
2027-01-27,-23.4,-46.6,20.137,11.628,88.205,15.556,13.792,1.358,7.621,4.139,4.931,3.329
2027-01-27,-23.4,-46.5,20.272,3.876,83.406,19.927,13.448,1.882,5.407,4.239,4.826,3.22
2027-01-27,-23.4,-46.4,20.839,6.55,85.855,19.042,13.54,1.222,6.351,4.004,4.067,2.503
2027-01-28,-23.8,-46.8,20.201,10.338,87.754,15.717,14.607,1.302,7.579,4.689,4.521,3.531
2027-01-28,-23.8,-46.7,20.2,3.758,82.529,19.861,14.479,2.155,4.766,3.508,3.711,2.965
2027-01-28,-23.8,-46.6,20.208,10.426,87.919,15.675,14.081,1.325,7.806,4.772,4.7,3.383
2027-01-28,-23.8,-46.5,20.453,8.856,86.97,16.711,14.602,1.463,6.74,3.972,4.528,3.629
2027-01-28,-23.7,-46.8,20.229,10.286,87.475,15.709,15.032,1.265,7.597,4.638,4.483,3.513
2027-01-28,-23.7,-46.5,20.244,10.509,87.848,15.6,14.732,1.296,7.831,4.842,4.432,3.665
2027-01-28,-23.7,-46.4,20.182,10.612,87.981,15.572,14.369,1.313,7.914,4.792,4.612,3.48
2027-01-28,-23.6,-46.8,20.094,10.68,87.68,15.372,14.694,1.46,8.097,4.786,4.588,3.553
2027-01-28,-23.6,-46.4,20.477,8.866,87.287,16.67,14.194,1.408,6.998,3.764,4.411,3.59
2027-01-28,-23.6,-46.3,20.463,8.204,87.034,16.772,14.182,1.355,7.071,3.995,4.41,3.561
2027-01-28,-23.5,-46.8,20.243,10.424,87.678,15.667,14.026,1.333,8.09,4.841,4.739,3.395
2027-01-28,-23.5,-46.7,20.192,11.139,87.808,15.682,14.272,1.293,7.932,4.67,4.596,3.45
2027-01-28,-23.5,-46.6,20.42,3.735,83.271,20.248,13.637,1.781,5.274,3.81,4.387,3.426
2027-01-28,-23.5,-46.4,20.431,3.866,83.421,20.028,13.671,1.785,5.27,3.947,4.558,3.373
2027-01-28,-23.5,-46.3,20.192,11.372,87.824,15.637,14.336,1.307,8.253,4.821,4.53,3.503
2027-01-28,-23.4,-46.8,20.336,3.118,82.984,20.801,13.374,1.783,4.313,3.751,4.365,3.317
2027-01-28,-23.4,-46.7,20.019,11.587,87.788,15.376,14.438,1.501,8.762,4.823,4.651,3.523
2027-01-28,-23.4,-46.6,20.141,11.502,87.952,15.699,14.247,1.283,8.168,4.647,4.578,3.491
2027-01-28,-23.4,-46.5,20.186,3.749,83.362,20.217,13.415,1.829,5.247,4.083,4.847,3.262
2027-01-28,-23.4,-46.4,20.453,8.844,87.446,16.872,13.609,1.346,7.032,3.77,4.527,3.325
2027-01-29,-23.8,-46.8,20.087,10.78,87.68,15.442,14.734,1.473,7.924,4.668,4.601,3.457
2027-01-29,-23.8,-46.7,20.164,3.963,83.132,19.794,14.342,2.007,5.152,3.913,4.538,3.164
2027-01-29,-23.8,-46.6,20.216,10.681,87.742,15.596,14.743,1.311,7.787,4.776,4.419,3.602
2027-01-29,-23.8,-46.5,20.2,10.306,87.722,15.63,14.692,1.353,7.729,4.98,4.668,3.301
2027-01-29,-23.7,-46.8,20.281,10.214,87.477,15.582,14.959,1.349,7.584,4.784,4.362,3.516
2027-01-29,-23.7,-46.5,20.254,10.504,87.829,15.686,14.573,1.269,7.869,5.007,4.474,3.695
2027-01-29,-23.7,-46.4,20.227,10.782,87.861,15.553,14.834,1.295,7.841,4.927,4.404,3.643
2027-01-29,-23.6,-46.8,20.105,3.764,83.243,19.828,13.72,1.99,5.082,4.037,4.437,3.028
2027-01-29,-23.6,-46.4,20.306,3.766,83.055,19.879,13.534,2.005,5.003,4.011,4.368,3.112
2027-01-29,-23.6,-46.3,20.43,3.638,83.193,19.963,13.394,1.899,4.807,3.886,4.361,3.235
2027-01-29,-23.5,-46.8,20.402,3.451,82.928,20.202,13.253,1.886,4.888,3.852,4.24,3.255
2027-01-29,-23.5,-46.7,20.17,11.478,87.788,15.564,14.43,1.332,7.976,4.77,4.565,3.495
2027-01-29,-23.5,-46.6,20.434,3.684,83.358,20.201,13.292,1.736,5.238,3.992,4.672,3.409
2027-01-29,-23.5,-46.4,20.364,3.898,83.654,19.922,13.371,1.746,5.284,4.044,4.775,3.301
2027-01-29,-23.5,-46.3,20.235,11.34,87.693,15.543,14.529,1.327,8.32,4.92,4.445,3.516
2027-01-29,-23.4,-46.8,21.012,8.334,85.561,18.868,13.972,1.192,6.441,3.474,4.171,2.836
2027-01-29,-23.4,-46.7,20.006,3.841,82.623,19.55,14.226,2.19,5.068,4.1,4.292,2.902
2027-01-29,-23.4,-46.6,20.137,11.807,87.947,15.598,14.453,1.293,8.103,4.703,4.521,3.478
2027-01-29,-23.4,-46.5,20.799,9.042,86.331,18.467,14.27,1.154,6.59,3.639,4.248,2.942
2027-01-29,-23.4,-46.4,20.415,3.611,83.092,20.013,13.381,1.904,4.823,3.926,4.411,3.261
2027-01-30,-23.8,-46.8,20.223,3.619,83.142,20.062,13.469,1.971,5.071,3.986,4.378,3.07
2027-01-30,-23.8,-46.7,20.084,4.071,83.496,19.476,14.129,1.954,5.202,4.191,4.885,3.235
2027-01-30,-23.8,-46.6,20.201,10.725,87.813,15.425,14.794,1.309,7.855,4.812,4.299,3.611
2027-01-30,-23.8,-46.5,20.224,10.72,87.836,15.367,14.911,1.326,7.898,4.843,4.303,3.585
2027-01-30,-23.7,-46.8,20.228,10.783,87.829,15.455,14.704,1.319,7.671,4.712,4.325,3.594
2027-01-30,-23.7,-46.5,20.234,10.765,88.01,15.714,14.412,1.228,7.831,4.905,4.532,3.583
2027-01-30,-23.7,-46.4,20.239,10.751,87.9,15.349,14.906,1.293,7.882,4.895,4.275,3.715
2027-01-30,-23.6,-46.8,20.11,4.149,83.752,19.853,13.444,1.818,5.714,4.235,5.073,3.18
2027-01-30,-23.6,-46.4,20.843,8.909,86.555,17.873,14.234,1.203,6.684,3.696,4.288,3.181
2027-01-30,-23.6,-46.3,20.855,8.727,86.399,17.877,14.332,1.215,6.773,3.78,4.298,3.242
2027-01-30,-23.5,-46.8,21.017,7.413,85.566,18.509,14.122,1.245,6.616,3.856,4.091,3.052
2027-01-30,-23.5,-46.7,20.103,3.595,83.038,20.178,13.454,1.948,5.183,3.993,4.397,3.116
2027-01-30,-23.5,-46.6,20.776,8.975,86.35,18.067,14.261,1.153,6.874,3.77,4.324,2.999
2027-01-30,-23.5,-46.4,20.277,3.802,83.281,20.053,13.383,1.821,5.239,4.147,4.778,3.278
2027-01-30,-23.5,-46.3,20.164,11.62,87.858,15.531,14.381,1.322,8.413,4.99,4.478,3.505
2027-01-30,-23.4,-46.8,20.341,9.784,87.107,15.844,14.587,1.5,7.63,4.058,4.486,3.408
2027-01-30,-23.4,-46.7,20.264,3.695,83.396,19.847,13.615,1.879,5.119,4.157,4.866,3.293
2027-01-30,-23.4,-46.6,19.995,12.195,87.952,15.218,14.603,1.492,8.848,4.82,4.552,3.415
2027-01-30,-23.4,-46.5,20.213,11.83,88.112,15.303,13.98,1.299,7.781,4.335,4.674,3.19
2027-01-30,-23.4,-46.4,20.745,9.396,86.425,17.761,14.233,1.412,7.845,3.944,4.53,3.085
2027-01-31,-23.8,-46.8,20.283,3.873,83.508,20.134,13.502,1.84,5.331,4.007,4.723,3.227
2027-01-31,-23.8,-46.7,20.174,3.765,83.528,19.647,13.637,1.838,5.262,4.232,4.967,3.366
2027-01-31,-23.8,-46.6,20.1,10.968,87.783,15.26,14.938,1.536,8.738,4.967,4.429,3.612
2027-01-31,-23.8,-46.5,20.214,3.686,83.281,19.743,13.649,2.009,5.073,4.117,4.393,3.13
2027-01-31,-23.7,-46.8,20.123,10.699,87.722,15.45,14.55,1.441,7.948,4.886,4.622,3.469
2027-01-31,-23.7,-46.5,20.13,11.138,87.951,15.479,14.595,1.448,8.757,5.025,4.594,3.567
2027-01-31,-23.7,-46.4,20.263,10.657,87.714,15.377,15.205,1.337,8.201,4.936,4.257,3.735
2027-01-31,-23.6,-46.8,20.868,9.234,86.327,17.939,14.381,1.222,6.663,3.576,4.17,3.356
2027-01-31,-23.6,-46.4,20.287,10.784,87.943,15.206,14.491,1.394,7.895,4.79,4.556,3.738
2027-01-31,-23.6,-46.3,20.345,10.735,87.713,15.371,14.345,1.374,7.839,4.667,4.486,3.58
2027-01-31,-23.5,-46.8,20.4,10.665,87.427,15.351,14.155,1.42,7.761,4.379,4.492,3.543
2027-01-31,-23.5,-46.7,20.739,9.163,86.255,17.797,14.378,1.397,7.656,3.983,4.468,3.137
2027-01-31,-23.5,-46.6,20.302,11.03,87.636,15.321,14.141,1.383,8.051,4.689,4.58,3.403
2027-01-31,-23.5,-46.4,20.855,9.48,86.321,18.083,14.298,1.207,6.804,3.711,4.32,3.177
2027-01-31,-23.5,-46.3,20.356,3.602,82.968,20.042,13.726,1.948,4.902,3.725,3.999,3.139
2027-01-31,-23.4,-46.8,20.231,10.565,87.441,15.268,14.871,1.402,8.087,5.006,4.352,3.665
2027-01-31,-23.4,-46.7,20.725,9.427,86.515,17.864,14.135,1.362,7.442,3.749,4.484,2.967
2027-01-31,-23.4,-46.6,20.173,3.563,83.074,20.006,13.5,1.992,5.008,3.964,4.328,3.017
2027-01-31,-23.4,-46.5,20.115,3.512,82.951,20.222,13.4,1.946,5.024,3.927,4.428,3.096
2027-01-31,-23.4,-46.4,20.239,3.864,83.158,19.771,13.446,1.957,5.257,4.307,4.757,3.123
2027-02-01,-23.8,-46.8,20.233,3.932,83.59,20.053,13.55,1.819,5.448,4.07,4.838,3.359
2027-02-01,-23.8,-46.7,20.094,3.917,83.549,20.007,13.477,1.766,5.592,4.099,5.065,3.375
2027-02-01,-23.8,-46.6,20.35,3.503,83.223,20.035,13.468,1.933,4.835,3.863,4.247,3.148
2027-02-01,-23.8,-46.5,20.254,3.829,83.502,19.848,13.581,1.872,5.21,4.137,4.938,3.231
2027-02-01,-23.7,-46.8,20.385,3.424,82.881,20.301,13.684,1.943,4.749,3.581,3.854,3.202
2027-02-01,-23.7,-46.5,20.19,3.815,82.556,19.848,14.592,2.188,4.846,3.604,3.7,3.042
2027-02-01,-23.7,-46.4,20.259,3.513,83.136,20.079,13.444,1.993,4.842,4.018,4.355,3.056
2027-02-01,-23.6,-46.8,20.322,10.493,87.568,15.345,14.258,1.364,7.76,4.544,4.485,3.634
2027-02-01,-23.6,-46.4,20.129,3.587,83.136,20.171,13.438,1.968,5.097,3.987,4.401,3.05
2027-02-01,-23.6,-46.3,20.113,11.505,87.736,15.183,15.11,1.562,9.285,5.081,4.489,3.552
2027-02-01,-23.5,-46.8,20.173,3.474,82.831,20.203,13.372,1.991,5.095,4.036,4.394,3.132
2027-02-01,-23.5,-46.7,20.288,3.918,83.152,19.615,13.628,1.992,5.314,4.238,4.603,3.069
2027-02-01,-23.5,-46.6,20.115,3.561,82.9,20.178,13.413,1.95,5.202,4.011,4.397,3.162
2027-02-01,-23.5,-46.4,20.313,10.851,87.586,15.191,14.283,1.411,8.036,4.942,4.556,3.57
2027-02-01,-23.5,-46.3,20.405,3.889,83.399,20.058,13.678,1.809,5.199,3.97,4.592,3.367
2027-02-01,-23.4,-46.8,20.228,11.601,87.575,15.25,14.978,1.394,8.76,4.912,4.294,3.691
2027-02-01,-23.4,-46.7,20.18,11.44,88.315,15.342,13.829,1.329,7.813,4.575,4.742,3.464
2027-02-01,-23.4,-46.6,20.832,8.98,86.479,18.063,14.1,1.185,6.825,3.883,4.317,3.012
2027-02-01,-23.4,-46.5,20.872,8.402,85.871,18.015,14.416,1.42,7.518,3.795,4.435,3.332
2027-02-01,-23.4,-46.4,20.892,8.879,86.196,17.794,14.361,1.231,6.739,3.687,4.203,3.325
2027-02-02,-23.8,-46.8,20.577,9.45,87.6,17.205,13.42,1.472,7.017,3.941,4.771,2.593
2027-02-02,-23.8,-46.7,20.746,8.924,87.056,17.584,13.561,1.34,6.814,4.017,4.475,2.494
2027-02-02,-23.8,-46.6,20.873,7.771,86.871,18.091,13.557,1.292,6.749,4.05,4.416,2.686
2027-02-02,-23.8,-46.5,20.178,3.875,83.562,20.189,13.329,1.83,5.386,4.126,4.955,3.061
2027-02-02,-23.7,-46.8,20.621,3.126,83.098,20.876,13.455,1.7,4.223,3.528,4.132,3.203
2027-02-02,-23.7,-46.5,20.163,3.874,83.168,19.729,14.407,2.013,4.951,3.922,4.472,3.169
2027-02-02,-23.7,-46.4,20.831,7.473,86.868,18.055,13.53,1.311,6.682,4.115,4.394,2.643
2027-02-02,-23.6,-46.8,19.662,14.329,90.095,13.16,13.692,1.441,7.658,3.789,3.878,3.328
2027-02-02,-23.6,-46.4,20.74,8.316,87.019,17.522,13.435,1.345,6.639,4.122,4.476,2.568
2027-02-02,-23.6,-46.3,20.082,3.658,83.232,19.97,13.489,2.004,5.189,4.11,4.424,2.983
2027-02-02,-23.5,-46.8,20.898,7.608,86.284,18.127,13.546,1.308,6.78,4.064,4.329,2.72
2027-02-02,-23.5,-46.7,20.311,3.592,83.212,19.938,13.489,1.831,4.988,4.055,4.822,3.474
2027-02-02,-23.5,-46.6,20.759,8.379,86.85,17.593,13.413,1.348,6.771,4.175,4.507,2.582
2027-02-02,-23.5,-46.4,19.806,14.473,90.027,13.424,13.949,1.28,7.52,4.093,3.824,3.434
2027-02-02,-23.5,-46.3,20.375,3.966,83.727,19.851,13.463,1.756,5.327,4.095,4.847,3.468
2027-02-02,-23.4,-46.8,20.23,3.627,83.052,20.066,13.322,1.992,5.106,4.095,4.479,3.068
2027-02-02,-23.4,-46.7,20.236,3.585,83.03,20.05,13.357,1.977,4.969,4.024,4.411,3.12
2027-02-02,-23.4,-46.6,20.076,12.583,89.656,13.893,12.562,1.24,7.239,4.102,4.177,2.718
2027-02-02,-23.4,-46.5,20.003,12.534,89.629,13.753,13.184,1.319,7.136,4.261,4.319,2.588
2027-02-02,-23.4,-46.4,20.037,12.444,89.325,13.922,13.26,1.307,7.164,4.428,4.3,2.778
2027-02-03,-23.8,-46.8,20.134,3.652,83.195,20.044,13.529,1.903,5.055,4.004,4.655,3.134
2027-02-03,-23.8,-46.7,19.977,11.848,89.621,13.818,13.453,1.29,7.052,4.189,4.365,2.67
2027-02-03,-23.8,-46.6,20.022,12.956,90.457,13.552,12.834,1.296,7.23,3.832,4.2,2.819
2027-02-03,-23.8,-46.5,20.727,8.663,87.283,17.718,13.361,1.335,6.891,4.098,4.424,2.458
2027-02-03,-23.7,-46.8,20.846,7.458,86.631,18.157,13.518,1.295,6.683,4.075,4.345,2.468
2027-02-03,-23.7,-46.5,20.344,3.793,83.727,19.832,13.562,1.764,5.084,3.983,4.908,3.426
2027-02-03,-23.7,-46.4,20.042,13.169,90.495,13.498,12.83,1.278,7.248,3.864,4.203,2.758
2027-02-03,-23.6,-46.8,19.621,3.554,83.137,19.921,14.27,2.071,4.894,3.7,3.843,2.781
2027-02-03,-23.6,-46.4,19.991,13.208,89.909,13.739,13.147,1.312,7.394,4.066,4.164,2.935
2027-02-03,-23.6,-46.3,20.76,8.79,87.452,17.594,13.309,1.314,6.818,4.045,4.552,2.4
2027-02-03,-23.5,-46.8,20.023,11.889,89.39,13.712,12.954,1.254,7.195,4.087,4.447,2.494
2027-02-03,-23.5,-46.7,20.742,9.13,87.511,17.492,13.221,1.263,6.874,3.784,4.406,2.368
2027-02-03,-23.5,-46.6,20.028,13.034,89.731,13.885,13.189,1.323,7.183,4.307,4.315,2.702
2027-02-03,-23.5,-46.4,19.755,3.12,83.284,20.392,13.318,1.908,4.62,3.641,4.168,2.891
2027-02-03,-23.5,-46.3,20.759,9.092,87.771,17.426,13.088,1.246,6.745,3.64,4.323,2.427
2027-02-03,-23.4,-46.8,20.717,8.553,86.92,17.688,13.342,1.355,7.062,4.22,4.541,2.394
2027-02-03,-23.4,-46.7,20.759,8.864,87.183,17.642,13.259,1.295,6.9,4.126,4.534,2.401
2027-02-03,-23.4,-46.6,19.742,17.36,90.252,13.309,15.11,1.605,9.127,3.616,3.648,3.571
2027-02-03,-23.4,-46.5,19.883,3.678,83.285,20.114,13.363,1.925,5.211,3.695,4.35,2.979
2027-02-03,-23.4,-46.4,19.754,16.877,90.314,13.267,14.867,1.57,8.934,3.673,3.628,3.456
2027-02-04,-23.8,-46.8,20.761,8.88,87.27,17.619,13.399,1.318,6.629,4.006,4.6,2.449
2027-02-04,-23.8,-46.7,20.031,14.139,89.61,13.71,14.995,1.414,8.323,3.923,3.603,3.689
2027-02-04,-23.8,-46.6,20.13,3.651,83.497,20.376,13.416,1.856,5.041,3.443,4.044,3.124
2027-02-04,-23.8,-46.5,19.976,12.842,90.105,13.725,13.261,1.279,7.244,4.042,4.22,2.903
2027-02-04,-23.7,-46.8,19.915,12.573,90.231,13.095,12.795,1.439,7.181,3.759,4.357,2.494
2027-02-04,-23.7,-46.5,20.626,9.751,88.027,17.117,13.23,1.495,7.723,3.632,4.646,2.441
2027-02-04,-23.7,-46.4,20.123,3.77,83.582,19.974,13.605,1.92,5.025,3.619,4.076,3.145
2027-02-04,-23.6,-46.8,20.146,3.599,83.447,20.363,13.452,1.838,5.064,3.995,4.734,2.996
2027-02-04,-23.6,-46.4,20.041,3.664,83.396,20.1,13.229,1.943,4.968,3.704,4.378,2.952
2027-02-04,-23.6,-46.3,20.067,13.002,89.958,13.763,12.938,1.28,7.317,4.122,4.154,2.893
2027-02-04,-23.5,-46.8,19.855,15.845,89.801,13.378,14.838,1.582,8.608,3.779,3.688,3.659
2027-02-04,-23.5,-46.7,19.979,12.619,89.683,13.858,13.149,1.336,7.369,4.123,4.328,3.038
2027-02-04,-23.5,-46.6,19.996,4.31,83.423,19.834,13.461,1.91,5.656,3.841,4.604,3.247
2027-02-04,-23.5,-46.4,20.796,7.4,86.214,18.257,13.606,1.367,6.773,4.121,4.371,2.596
2027-02-04,-23.5,-46.3,20.028,13.568,89.965,13.856,12.8,1.313,7.598,4.094,4.216,2.884
2027-02-04,-23.4,-46.8,20.003,12.807,89.772,13.755,12.923,1.275,7.345,4.112,4.197,2.878
2027-02-04,-23.4,-46.7,20.001,12.686,89.679,13.805,12.997,1.306,7.371,4.157,4.236,2.861
2027-02-04,-23.4,-46.6,19.934,3.518,83.541,20.274,13.613,1.923,4.933,3.532,3.854,3.031
2027-02-04,-23.4,-46.5,20.717,8.311,87.056,17.72,13.404,1.388,6.911,4.254,4.513,2.451
2027-02-04,-23.4,-46.4,19.883,3.551,83.53,19.942,13.465,1.959,4.842,3.825,4.302,2.946
2027-02-05,-23.8,-46.8,20.051,11.659,89.644,13.937,13.321,1.278,6.776,4.135,4.37,2.769
2027-02-05,-23.8,-46.7,19.807,3.479,83.591,20.137,13.516,1.881,4.992,3.711,4.391,2.977
2027-02-05,-23.8,-46.6,20.752,8.202,87.269,17.734,13.315,1.289,6.752,4.112,4.42,2.443
2027-02-05,-23.8,-46.5,19.839,15.429,90.099,13.465,15.116,1.615,9.162,3.784,3.755,3.499
2027-02-05,-23.7,-46.8,19.894,3.37,83.522,20.009,13.433,1.952,4.629,3.657,4.229,2.927
2027-02-05,-23.7,-46.5,19.947,12.863,90.281,13.829,13.069,1.298,7.289,4.1,4.243,3.112
2027-02-05,-23.7,-46.4,20.362,3.627,83.749,19.919,13.48,1.781,4.784,4.087,4.939,3.3
2027-02-05,-23.6,-46.8,20.713,8.152,87.022,17.709,13.314,1.354,6.692,4.017,4.442,2.331
2027-02-05,-23.6,-46.4,20.745,8.126,87.169,17.76,13.353,1.331,6.75,4.165,4.463,2.345
2027-02-05,-23.6,-46.3,20.018,3.626,83.462,19.95,13.371,1.96,4.863,3.638,4.239,2.911
2027-02-05,-23.5,-46.8,19.909,3.499,83.378,20.011,13.45,1.973,4.872,3.759,4.264,2.962
2027-02-05,-23.5,-46.7,19.833,15.643,89.775,13.473,14.695,1.606,8.927,3.837,3.751,3.681
2027-02-05,-23.5,-46.6,20.808,8.882,87.743,17.543,13.17,1.288,6.667,3.685,4.33,2.399
2027-02-05,-23.5,-46.4,20.07,12.7,89.778,13.739,12.803,1.302,7.363,4.17,4.506,2.377
2027-02-05,-23.5,-46.3,20.098,4.214,83.421,19.703,13.543,2.001,5.432,3.817,4.445,3.113
2027-02-05,-23.4,-46.8,20.172,3.682,83.307,20.335,13.3,1.887,5.093,3.524,4.062,3.122
2027-02-05,-23.4,-46.7,19.962,3.763,83.199,20.148,13.325,1.926,5.22,3.732,4.478,3.127
2027-02-05,-23.4,-46.6,20.502,3.485,83.37,20.378,13.55,1.721,4.652,3.801,4.466,3.201
2027-02-05,-23.4,-46.5,20.016,13.335,89.95,13.81,12.878,1.289,7.366,4.111,4.239,2.824
2027-02-05,-23.4,-46.4,20.257,3.435,83.285,20.336,13.254,1.823,4.743,4.046,4.694,3.054
2027-02-06,-23.8,-46.8,20.197,13.538,89.432,13.967,15.03,1.266,7.984,3.85,3.517,3.917
2027-02-06,-23.8,-46.7,20.652,7.978,86.689,17.809,13.72,1.529,7.303,4.074,4.622,2.697
2027-02-06,-23.8,-46.6,20.064,12.497,89.96,13.797,13.058,1.27,7.114,3.997,4.239,2.902
2027-02-06,-23.8,-46.5,19.933,3.501,83.572,20.018,13.506,1.95,4.78,3.722,4.274,3.06
2027-02-06,-23.7,-46.8,20.749,7.924,86.766,17.97,13.515,1.483,6.715,3.953,4.583,2.454
2027-02-06,-23.7,-46.5,19.986,3.626,83.438,19.961,13.585,1.952,4.851,3.596,4.31,3.14
2027-02-06,-23.7,-46.4,20.238,3.661,83.63,19.921,13.471,1.873,4.997,4.232,4.909,3.137
2027-02-06,-23.6,-46.8,20.047,12.104,89.608,13.841,13.035,1.299,7.162,4.128,4.277,2.923
2027-02-06,-23.6,-46.4,20.048,13.007,90.007,13.753,12.994,1.304,7.128,4.007,4.228,2.911
2027-02-06,-23.6,-46.3,20.814,8.769,87.752,17.522,13.09,1.284,6.582,3.683,4.349,2.458
2027-02-06,-23.5,-46.8,20.404,3.131,82.932,20.676,13.28,1.769,4.325,3.833,4.368,3.14
2027-02-06,-23.5,-46.7,20.004,3.84,83.416,19.789,13.513,1.971,5.088,3.848,4.439,2.988
2027-02-06,-23.5,-46.6,20.058,13.229,89.93,13.888,12.747,1.336,7.321,4.084,4.247,2.881
2027-02-06,-23.5,-46.4,20.073,3.716,83.238,20.103,13.205,1.949,5.079,3.701,4.322,3.004
2027-02-06,-23.5,-46.3,20.737,8.582,87.851,16.801,13.082,1.358,6.692,3.608,4.197,2.703
2027-02-06,-23.4,-46.8,20.767,8.148,86.936,17.746,13.218,1.319,6.865,4.24,4.437,2.437
2027-02-06,-23.4,-46.7,20.759,8.14,86.938,17.76,13.248,1.344,6.855,4.255,4.501,2.388
2027-02-06,-23.4,-46.6,20.424,3.703,83.351,20.194,13.549,1.832,4.796,4.043,4.703,3.13
2027-02-06,-23.4,-46.5,20.101,3.786,83.149,20.001,13.266,1.949,5.145,3.73,4.474,3.259
2027-02-06,-23.4,-46.4,20.86,7.426,86.511,18.205,13.415,1.302,6.692,4.114,4.348,2.357
2027-02-07,-23.8,-46.8,20.141,4.012,83.354,19.791,13.613,2.005,5.207,3.849,4.455,3.271
2027-02-07,-23.8,-46.7,19.902,12.264,90.378,13.0,12.816,1.21,6.971,3.993,4.139,2.936
2027-02-07,-23.8,-46.6,20.048,14.688,89.969,13.761,15.34,1.393,8.773,3.748,3.565,3.682
2027-02-07,-23.8,-46.5,20.89,7.846,86.95,17.986,13.533,1.316,6.566,4.137,4.555,2.691
2027-02-07,-23.7,-46.8,19.896,12.326,90.259,13.109,13.149,1.22,6.878,3.977,4.238,3.057
2027-02-07,-23.7,-46.5,20.71,8.859,87.531,17.367,13.248,1.356,6.689,4.124,4.75,2.561
2027-02-07,-23.7,-46.4,20.141,3.907,83.568,19.987,13.346,1.843,5.349,4.213,5.113,3.183
2027-02-07,-23.6,-46.8,20.076,3.765,83.318,20.026,13.43,1.95,4.978,3.635,4.359,3.148
2027-02-07,-23.6,-46.4,20.176,3.657,83.427,20.127,12.927,1.84,5.01,3.666,4.498,3.029
2027-02-07,-23.6,-46.3,20.028,13.668,90.488,13.413,12.713,1.249,7.413,3.951,4.047,3.063
2027-02-07,-23.5,-46.8,20.831,7.343,86.383,17.938,13.287,1.328,6.843,4.42,4.471,2.366
2027-02-07,-23.5,-46.7,20.326,3.464,83.138,20.261,13.262,1.852,4.757,4.068,4.745,3.183
2027-02-07,-23.5,-46.6,20.313,4.288,83.426,19.799,13.173,1.881,5.506,3.783,4.678,3.337
2027-02-07,-23.5,-46.4,20.731,8.715,87.413,17.299,13.08,1.344,7.247,4.391,4.703,2.542
2027-02-07,-23.5,-46.3,19.877,14.226,90.416,13.285,12.872,1.252,7.379,4.078,4.145,3.057
2027-02-07,-23.4,-46.8,19.951,13.197,90.275,13.163,12.677,1.22,7.294,4.013,4.078,2.943
2027-02-07,-23.4,-46.7,19.954,13.235,90.291,13.165,12.682,1.223,7.254,3.984,4.081,2.949
2027-02-07,-23.4,-46.6,20.142,3.628,83.364,20.122,13.449,1.854,5.104,4.19,4.963,3.285
2027-02-07,-23.4,-46.5,20.792,8.961,87.396,17.421,13.108,1.347,7.052,4.287,4.743,2.523
2027-02-07,-23.4,-46.4,19.977,14.18,90.724,12.9,12.584,1.237,7.504,4.125,4.319,2.484
2027-02-08,-23.8,-46.8,20.756,8.81,87.854,17.114,13.086,1.294,6.475,3.836,4.636,2.562
2027-02-08,-23.8,-46.7,20.02,3.424,83.348,20.352,13.379,1.83,4.984,3.443,3.881,2.946
2027-02-08,-23.8,-46.6,20.131,3.742,83.446,20.223,13.442,1.942,5.129,3.63,4.086,3.107
2027-02-08,-23.8,-46.5,19.963,13.414,90.608,13.06,12.904,1.229,7.1,3.967,4.108,3.036
2027-02-08,-23.7,-46.8,19.835,3.061,83.139,20.366,13.147,1.951,4.617,3.635,4.229,2.909
2027-02-08,-23.7,-46.5,19.905,12.832,90.31,13.424,13.141,1.269,7.084,4.19,4.309,3.146
2027-02-08,-23.7,-46.4,20.767,9.117,87.48,17.341,13.233,1.366,6.949,4.064,4.768,2.499
2027-02-08,-23.6,-46.8,20.738,8.782,87.47,17.261,13.158,1.323,6.802,4.196,4.803,2.406
2027-02-08,-23.6,-46.4,20.761,8.7,87.446,17.335,13.128,1.347,7.141,4.285,4.676,2.537
2027-02-08,-23.6,-46.3,20.046,3.405,83.164,20.462,13.227,1.912,5.027,3.448,3.838,2.982
2027-02-08,-23.5,-46.8,19.935,12.357,89.694,13.412,12.625,1.207,7.055,4.204,4.193,2.841
2027-02-08,-23.5,-46.7,20.848,7.335,86.547,17.966,13.397,1.344,6.672,4.237,4.581,2.634
2027-02-08,-23.5,-46.6,20.809,9.217,87.91,17.19,12.886,1.296,6.978,3.774,4.494,2.569
2027-02-08,-23.5,-46.4,19.953,14.203,90.57,13.211,12.442,1.202,7.393,3.903,3.946,3.039
2027-02-08,-23.5,-46.3,19.939,3.641,83.296,19.918,13.272,1.962,5.107,3.807,4.449,3.02
2027-02-08,-23.4,-46.8,20.052,3.362,83.161,20.298,12.973,1.891,4.955,3.537,4.192,2.993
2027-02-08,-23.4,-46.7,20.024,3.357,83.176,20.303,12.984,1.871,4.957,3.517,4.192,2.995
2027-02-08,-23.4,-46.6,20.157,3.495,83.207,20.383,13.483,1.867,5.039,4.069,4.794,3.326
2027-02-08,-23.4,-46.5,19.967,14.052,90.505,13.222,12.504,1.225,7.315,3.994,4.009,2.999
2027-02-08,-23.4,-46.4,20.049,3.127,83.093,20.827,13.04,1.783,4.886,3.479,3.788,2.973
2027-02-09,-23.8,-46.8,19.996,12.097,90.426,13.18,12.823,1.189,6.922,3.912,4.118,3.275
2027-02-09,-23.8,-46.7,20.536,3.265,83.134,20.974,13.31,1.673,4.43,3.552,4.138,3.189
2027-02-09,-23.8,-46.6,20.706,8.388,87.627,17.348,13.119,1.321,6.813,4.367,4.705,2.633
2027-02-09,-23.8,-46.5,19.994,3.323,83.344,20.494,13.267,1.885,4.921,3.342,3.893,3.121
2027-02-09,-23.7,-46.8,20.785,7.132,86.539,18.066,13.448,1.367,6.48,4.352,4.582,2.656
2027-02-09,-23.7,-46.5,19.919,3.275,83.193,20.227,13.2,1.952,4.767,3.613,4.216,2.964
2027-02-09,-23.7,-46.4,19.969,12.815,90.361,13.304,12.92,1.211,6.879,4.207,4.196,3.149
2027-02-09,-23.6,-46.8,19.965,12.833,90.379,13.103,12.649,1.184,7.02,3.915,4.049,3.164
2027-02-09,-23.6,-46.4,20.015,13.615,90.593,13.2,12.507,1.191,7.215,3.952,3.983,3.181
2027-02-09,-23.6,-46.3,20.818,7.464,86.88,17.864,13.201,1.345,6.823,4.355,4.702,2.5
2027-02-09,-23.5,-46.8,20.123,3.366,82.73,20.633,13.023,1.87,5.14,3.365,3.867,3.173
2027-02-09,-23.5,-46.7,19.959,12.859,90.356,13.023,12.465,1.205,7.084,4.083,4.116,2.981
2027-02-09,-23.5,-46.6,19.954,14.053,90.731,13.199,12.415,1.221,7.387,3.998,4.071,3.264
2027-02-09,-23.5,-46.4,20.029,3.365,83.104,20.452,13.168,1.886,5.094,3.48,3.89,3.035
2027-02-09,-23.5,-46.3,20.362,3.586,83.096,20.205,13.11,1.835,4.873,4.096,4.817,3.197
2027-02-09,-23.4,-46.8,20.855,7.263,86.634,17.941,13.198,1.334,6.639,4.337,4.598,2.591
2027-02-09,-23.4,-46.7,20.827,7.306,86.658,17.919,13.202,1.333,6.724,4.364,4.632,2.609
2027-02-09,-23.4,-46.6,20.849,7.346,86.634,17.971,13.292,1.33,6.387,4.265,4.635,2.367
2027-02-09,-23.4,-46.5,20.081,3.355,82.993,20.655,13.02,1.861,5.102,3.435,3.966,3.092
2027-02-09,-23.4,-46.4,20.797,7.457,86.723,17.936,13.227,1.328,6.874,4.336,4.597,2.331
2027-02-10,-23.8,-46.8,20.124,3.352,83.163,20.469,13.189,1.926,5.051,3.367,3.767,2.997
2027-02-10,-23.8,-46.7,20.937,6.616,86.413,18.299,13.276,1.373,6.346,4.714,4.563,2.183
2027-02-10,-23.8,-46.6,20.002,12.515,90.754,13.497,12.848,1.174,7.075,3.898,4.104,3.441
2027-02-10,-23.8,-46.5,20.896,6.636,86.567,18.46,13.299,1.385,6.604,4.752,4.705,2.374
2027-02-10,-23.7,-46.8,20.115,11.62,90.329,13.187,12.939,1.212,6.604,3.729,4.208,3.047
2027-02-10,-23.7,-46.5,20.918,6.768,86.682,18.314,13.229,1.378,6.527,4.622,4.696,2.38
2027-02-10,-23.7,-46.4,19.815,3.097,83.124,20.369,13.19,1.905,4.659,3.544,4.206,2.96
2027-02-10,-23.6,-46.8,19.961,3.255,83.056,20.265,13.162,1.962,4.845,3.557,4.171,2.967
2027-02-10,-23.6,-46.4,20.125,3.382,83.065,20.425,13.145,1.914,5.07,3.375,3.779,2.98
2027-02-10,-23.6,-46.3,20.038,13.451,90.686,13.232,12.795,1.201,7.144,3.973,4.111,3.226
2027-02-10,-23.5,-46.8,20.974,6.587,86.082,18.36,13.114,1.392,6.758,4.704,4.544,2.212
2027-02-10,-23.5,-46.7,20.114,3.316,82.95,20.502,13.2,1.922,5.091,3.33,3.648,3.01
2027-02-10,-23.5,-46.6,20.14,3.473,82.973,20.454,13.193,1.923,5.217,3.282,3.707,3.025
2027-02-10,-23.5,-46.4,20.981,6.807,86.434,18.416,13.053,1.375,6.902,4.559,4.656,2.416
2027-02-10,-23.5,-46.3,20.829,8.064,87.231,17.531,12.987,1.341,7.219,4.51,4.688,2.551
2027-02-10,-23.4,-46.8,20.044,13.082,90.304,13.249,12.712,1.205,7.03,3.937,4.083,3.084
2027-02-10,-23.4,-46.7,20.03,12.915,90.334,13.213,12.735,1.211,6.952,3.963,4.105,3.106
2027-02-10,-23.4,-46.6,19.989,12.536,90.046,13.564,13.039,1.256,6.931,4.421,4.457,2.858
2027-02-10,-23.4,-46.5,21.002,6.808,86.219,18.352,13.104,1.389,6.883,4.723,4.542,2.362
2027-02-10,-23.4,-46.4,20.001,13.484,90.541,13.263,12.733,1.211,7.185,4.099,4.22,3.081
2027-02-11,-23.8,-46.8,20.93,6.491,86.346,18.512,13.31,1.372,6.466,4.658,4.594,2.415
2027-02-11,-23.8,-46.7,20.053,10.709,89.703,13.488,13.13,1.215,6.516,4.027,4.505,2.671
2027-02-11,-23.8,-46.6,20.241,3.792,83.257,20.18,13.321,1.918,5.3,3.437,3.933,3.049
2027-02-11,-23.8,-46.5,20.047,12.928,90.938,13.177,12.828,1.186,6.798,3.862,4.259,2.902
2027-02-11,-23.7,-46.8,20.157,3.295,83.037,20.645,13.088,1.872,4.997,3.223,3.816,3.09
2027-02-11,-23.7,-46.5,20.048,12.948,90.869,13.041,12.914,1.203,6.873,3.924,4.395,2.843
2027-02-11,-23.7,-46.4,20.88,6.48,86.122,18.56,13.352,1.413,6.668,4.672,4.755,2.325
2027-02-11,-23.6,-46.8,20.972,6.442,86.232,18.532,13.222,1.364,6.484,4.544,4.584,2.425
2027-02-11,-23.6,-46.4,20.991,6.719,86.385,18.441,13.122,1.375,6.826,4.654,4.658,2.464
2027-02-11,-23.6,-46.3,20.121,3.35,83.09,20.448,13.148,1.915,5.001,3.306,3.758,3.004
2027-02-11,-23.5,-46.8,20.097,11.342,89.537,13.508,12.774,1.228,7.007,4.108,4.43,2.618
2027-02-11,-23.5,-46.7,20.983,6.51,86.086,18.466,13.095,1.388,6.691,4.721,4.603,2.315
2027-02-11,-23.5,-46.6,21.035,6.6,86.095,18.485,13.049,1.388,6.797,4.778,4.599,2.464
2027-02-11,-23.5,-46.4,20.103,13.345,90.42,13.268,12.505,1.204,7.249,3.848,4.309,2.763
2027-02-11,-23.5,-46.3,20.058,13.586,90.49,13.402,12.648,1.211,7.313,3.99,4.085,3.079
2027-02-11,-23.4,-46.8,20.127,3.316,82.906,20.449,13.187,1.91,5.041,3.296,3.706,3.061
2027-02-11,-23.4,-46.7,20.127,3.316,82.906,20.449,13.187,1.91,5.041,3.296,3.706,3.061
2027-02-11,-23.4,-46.6,20.214,14.456,89.459,14.195,15.178,1.241,8.636,3.975,3.56,3.681
2027-02-11,-23.4,-46.5,20.087,13.089,90.267,13.408,12.608,1.212,7.295,4.076,4.415,2.786
2027-02-11,-23.4,-46.4,20.016,3.245,82.996,20.408,13.025,1.926,4.766,3.602,4.263,3.068
2027-02-12,-23.8,-46.8,20.166,10.462,89.563,13.909,12.994,1.211,6.79,4.393,4.668,2.741
2027-02-12,-23.8,-46.7,19.897,14.157,89.515,13.826,15.261,1.572,9.085,3.947,3.916,3.597
2027-02-12,-23.8,-46.6,20.841,7.512,86.966,17.954,13.225,1.367,6.697,5.024,4.718,2.612
2027-02-12,-23.8,-46.5,19.845,14.276,89.783,13.879,15.399,1.552,9.423,3.792,3.835,3.464
2027-02-12,-23.7,-46.8,21.018,6.058,85.825,18.848,13.327,1.392,6.124,5.01,4.454,2.271
2027-02-12,-23.7,-46.5,19.855,14.189,89.748,13.897,15.345,1.557,9.456,3.778,3.832,3.421
2027-02-12,-23.7,-46.4,20.024,11.942,90.232,13.527,13.029,1.257,7.058,4.745,4.911,2.486
2027-02-12,-23.6,-46.8,20.199,11.086,89.43,13.768,12.85,1.268,6.835,4.317,4.527,2.803
2027-02-12,-23.6,-46.4,20.133,12.718,90.042,13.619,12.699,1.232,7.514,4.577,4.688,2.723
2027-02-12,-23.6,-46.3,20.847,7.238,86.183,18.392,13.258,1.621,7.979,5.017,4.984,2.419
2027-02-12,-23.5,-46.8,20.082,14.705,89.328,14.014,15.144,1.412,8.895,4.111,3.801,3.736
2027-02-12,-23.5,-46.7,20.137,11.106,89.27,13.82,12.721,1.246,7.258,4.603,4.717,2.608
2027-02-12,-23.5,-46.6,20.133,12.593,89.985,13.698,12.574,1.254,7.396,4.508,4.587,2.732
2027-02-12,-23.5,-46.4,20.073,2.6,82.825,20.653,12.898,1.916,4.303,3.428,3.633,2.832
2027-02-12,-23.5,-46.3,20.039,2.708,82.777,20.564,12.794,1.948,4.21,3.645,4.141,2.885
2027-02-12,-23.4,-46.8,21.061,6.161,85.649,18.845,13.175,1.397,6.472,4.919,4.521,2.39
2027-02-12,-23.4,-46.7,21.06,6.183,85.666,18.815,13.169,1.397,6.476,4.925,4.541,2.396
2027-02-12,-23.4,-46.6,20.096,3.567,83.073,19.911,13.497,2.022,5.068,3.964,4.402,3.205
2027-02-12,-23.4,-46.5,20.145,15.444,89.717,14.051,15.393,1.24,9.088,4.077,3.65,3.673
2027-02-12,-23.4,-46.4,21.006,6.228,85.738,18.836,13.271,1.39,6.736,4.982,4.627,2.33
2027-02-13,-23.8,-46.8,20.227,13.287,89.323,14.227,15.806,1.242,8.748,3.97,3.618,3.652
2027-02-13,-23.8,-46.7,20.136,3.192,83.332,20.165,13.19,1.952,4.628,3.751,4.284,3.069
2027-02-13,-23.8,-46.6,19.994,12.472,90.324,13.555,13.14,1.188,7.23,4.652,4.388,3.476
2027-02-13,-23.8,-46.5,20.247,3.383,83.078,20.258,13.468,1.949,4.911,3.463,3.974,3.131
2027-02-13,-23.7,-46.8,20.468,8.431,88.463,15.789,13.095,1.322,6.964,4.501,4.732,2.444
2027-02-13,-23.7,-46.5,20.239,3.343,83.093,20.258,13.475,1.954,4.876,3.496,3.972,3.12
2027-02-13,-23.7,-46.4,20.094,2.995,83.009,20.354,12.884,1.94,4.461,3.698,4.354,2.851
2027-02-13,-23.6,-46.8,20.261,2.769,82.697,20.659,12.787,1.889,4.523,3.391,3.857,2.885
2027-02-13,-23.6,-46.4,19.881,15.417,89.858,13.7,15.562,1.586,9.691,3.969,3.914,3.483
2027-02-13,-23.6,-46.3,20.087,12.831,90.181,13.501,12.78,1.228,7.594,4.583,4.694,2.884
2027-02-13,-23.5,-46.8,20.228,3.516,82.989,19.924,13.226,2.013,4.953,3.953,4.451,3.096
2027-02-13,-23.5,-46.7,20.101,14.601,89.376,14.01,15.17,1.406,8.824,4.043,3.806,3.734
2027-02-13,-23.5,-46.6,20.283,2.945,82.742,20.621,12.758,1.901,4.744,3.567,4.012,2.982
2027-02-13,-23.5,-46.4,21.37,4.053,83.922,20.449,12.872,1.569,5.11,5.042,4.764,1.974
2027-02-13,-23.5,-46.3,21.349,4.103,83.682,20.201,12.86,1.631,5.219,5.353,4.745,1.968
2027-02-13,-23.4,-46.8,20.466,9.063,88.388,15.79,12.755,1.299,7.476,4.409,4.642,2.574
2027-02-13,-23.4,-46.7,20.469,9.052,88.365,15.793,12.757,1.303,7.485,4.423,4.645,2.574
2027-02-13,-23.4,-46.6,20.856,8.129,87.212,17.744,13.057,1.375,6.765,4.761,4.647,2.562
2027-02-13,-23.4,-46.5,20.385,3.475,82.903,20.301,13.286,1.919,5.075,3.604,4.072,3.323
2027-02-13,-23.4,-46.4,20.454,9.387,88.476,15.722,12.801,1.3,7.77,4.607,4.803,2.59
2027-02-14,-23.8,-46.8,19.904,13.005,89.024,14.022,15.695,1.658,8.71,4.232,4.191,3.61
2027-02-14,-23.8,-46.7,21.147,5.236,85.9,19.358,13.213,1.226,5.456,4.786,4.059,2.362
2027-02-14,-23.8,-46.6,20.155,13.237,89.516,14.363,15.675,1.355,9.064,4.099,3.825,3.668
2027-02-14,-23.8,-46.5,21.089,5.323,86.129,19.195,13.313,1.26,5.409,4.933,4.215,2.452
2027-02-14,-23.7,-46.8,19.953,11.64,89.865,13.811,13.891,1.257,7.85,4.512,4.485,3.471
2027-02-14,-23.7,-46.5,21.1,5.298,86.136,19.208,13.307,1.266,5.404,4.917,4.239,2.434
2027-02-14,-23.7,-46.4,21.285,4.421,84.96,19.951,13.151,1.359,4.873,4.958,3.958,2.059
2027-02-14,-23.6,-46.8,21.48,3.804,84.172,20.113,12.693,1.336,4.44,4.975,4.06,1.857
2027-02-14,-23.6,-46.4,20.176,2.884,83.109,20.585,12.997,1.95,4.488,3.593,3.917,2.832
2027-02-14,-23.6,-46.3,20.205,2.815,82.953,20.783,12.738,1.858,4.553,3.429,3.923,2.842
2027-02-14,-23.5,-46.8,21.23,5.517,85.875,19.11,12.976,1.197,5.531,4.666,4.084,2.416
2027-02-14,-23.5,-46.7,20.421,3.415,82.969,20.37,12.872,1.899,4.982,3.846,4.504,3.084
2027-02-14,-23.5,-46.6,21.431,4.013,84.245,20.018,12.768,1.363,4.784,4.967,4.162,2.017
2027-02-14,-23.5,-46.4,21.134,5.974,86.314,18.607,13.086,1.232,6.266,4.925,4.434,2.423
2027-02-14,-23.5,-46.3,21.077,6.201,86.36,18.559,12.989,1.296,6.309,4.93,4.471,2.404
2027-02-14,-23.4,-46.8,19.993,12.227,89.652,13.875,13.596,1.251,7.788,4.5,4.385,3.517
2027-02-14,-23.4,-46.7,20.005,12.185,89.642,13.854,13.574,1.247,7.787,4.492,4.362,3.515
2027-02-14,-23.4,-46.6,20.126,11.753,89.588,14.207,12.977,1.217,7.715,5.043,4.8,3.021
2027-02-14,-23.4,-46.5,21.161,4.999,85.425,19.243,13.192,1.3,5.601,5.04,4.194,2.391
2027-02-14,-23.4,-46.4,19.941,13.065,89.945,13.881,13.491,1.269,8.127,4.609,4.415,3.581
2027-02-15,-23.8,-46.8,20.311,2.93,82.927,20.571,13.326,1.934,4.305,3.385,3.736,3.111
2027-02-15,-23.8,-46.7,20.892,6.42,88.089,17.56,12.875,1.231,5.725,4.111,4.132,2.349
2027-02-15,-23.8,-46.6,20.317,3.259,83.054,20.56,13.184,1.903,4.722,3.396,4.025,3.194
2027-02-15,-23.8,-46.5,20.942,6.574,88.492,17.535,12.823,1.122,5.951,4.056,4.09,2.366
2027-02-15,-23.7,-46.8,20.235,12.503,89.166,14.515,15.691,1.281,8.749,4.172,3.923,3.578
2027-02-15,-23.7,-46.5,20.937,6.464,88.446,17.542,12.858,1.139,5.894,4.027,4.09,2.318
2027-02-15,-23.7,-46.4,21.054,7.188,87.817,18.157,13.138,1.167,6.181,4.488,4.393,2.566
2027-02-15,-23.6,-46.8,21.241,5.403,86.114,18.835,13.181,1.153,5.433,4.81,4.192,2.499
2027-02-15,-23.6,-46.4,21.469,3.83,84.421,20.442,12.86,1.327,4.621,4.772,4.241,2.033
2027-02-15,-23.6,-46.3,21.508,3.901,84.325,20.158,12.699,1.316,4.451,4.907,3.962,1.87
2027-02-15,-23.5,-46.8,20.767,7.523,88.076,16.449,12.6,1.201,6.87,4.445,4.433,2.51
2027-02-15,-23.5,-46.7,21.233,4.846,85.412,19.301,13.081,1.225,5.501,4.821,3.932,2.243
2027-02-15,-23.5,-46.6,21.175,6.2,86.531,18.553,13.155,1.2,6.023,4.861,4.488,2.503
2027-02-15,-23.5,-46.4,20.299,11.521,89.55,14.191,13.084,1.193,7.784,4.877,4.942,2.895
2027-02-15,-23.5,-46.3,20.268,11.193,89.534,14.095,13.186,1.197,7.543,5.04,5.141,2.677
2027-02-15,-23.4,-46.8,20.215,14.169,89.275,14.276,15.476,1.224,9.088,4.25,3.818,3.757
2027-02-15,-23.4,-46.7,20.221,14.156,89.253,14.272,15.476,1.227,9.103,4.267,3.812,3.757
2027-02-15,-23.4,-46.6,20.19,14.843,89.666,14.318,15.562,1.219,9.585,4.281,3.928,3.73
2027-02-15,-23.4,-46.5,20.972,7.057,87.99,17.506,12.561,1.136,6.602,4.298,4.144,2.41
2027-02-15,-23.4,-46.4,20.226,14.621,89.466,14.348,15.501,1.215,9.402,4.221,3.874,3.694
2027-02-16,-23.8,-46.8,21.401,4.041,84.57,20.284,12.928,1.346,4.658,5.109,4.034,1.964
2027-02-16,-23.8,-46.7,20.199,9.992,89.358,14.584,13.715,1.241,7.098,4.537,4.92,3.124
2027-02-16,-23.8,-46.6,21.166,5.161,86.018,19.342,13.404,1.248,5.444,5.033,4.0,2.309
2027-02-16,-23.8,-46.5,20.138,10.995,89.931,14.47,13.717,1.244,7.514,4.623,5.014,3.166
2027-02-16,-23.7,-46.8,20.12,11.727,88.926,14.549,15.794,1.296,8.92,4.657,4.115,3.604
2027-02-16,-23.7,-46.5,20.144,10.982,89.97,14.418,13.615,1.248,7.479,4.6,5.006,3.154
2027-02-16,-23.7,-46.4,20.202,12.027,90.679,13.648,13.351,1.232,7.533,4.427,5.081,2.918
2027-02-16,-23.6,-46.8,20.712,7.28,87.975,16.345,13.139,1.224,6.758,4.622,4.777,2.511
2027-02-16,-23.6,-46.4,21.229,5.596,86.401,18.835,13.235,1.18,5.871,5.002,4.275,2.352
2027-02-16,-23.6,-46.3,21.228,5.789,86.445,18.721,13.23,1.173,5.951,4.903,4.395,2.498
2027-02-16,-23.5,-46.8,20.086,11.44,89.613,14.087,13.348,1.254,7.867,4.693,4.78,3.195
2027-02-16,-23.5,-46.7,21.041,6.438,87.649,17.651,12.532,1.129,6.398,4.364,4.059,2.311
2027-02-16,-23.5,-46.6,20.209,11.657,90.094,13.733,13.141,1.253,7.641,4.948,5.086,2.731
2027-02-16,-23.5,-46.4,20.202,14.628,89.683,14.108,15.158,1.266,9.285,4.265,3.85,3.629
2027-02-16,-23.5,-46.3,20.186,14.731,89.767,14.062,15.164,1.244,9.235,4.255,3.856,3.518
2027-02-16,-23.4,-46.8,19.739,14.595,89.349,13.759,15.358,1.615,9.17,4.316,4.246,3.71
2027-02-16,-23.4,-46.7,19.731,14.773,89.383,13.759,15.401,1.632,9.463,4.33,4.246,3.684
2027-02-16,-23.4,-46.6,20.003,13.086,88.839,14.802,15.392,1.271,9.452,4.69,4.214,3.601
2027-02-16,-23.4,-46.5,20.192,12.017,89.913,14.215,13.362,1.266,7.739,4.663,4.856,3.322
2027-02-16,-23.4,-46.4,20.085,13.837,89.204,14.445,15.642,1.272,9.22,4.366,4.073,3.751
2027-02-17,-23.8,-46.8,21.168,5.895,87.001,18.586,13.348,1.1,5.727,4.546,4.182,2.521
2027-02-17,-23.8,-46.7,20.16,13.496,89.847,13.906,15.921,1.282,9.283,4.467,4.037,3.706
2027-02-17,-23.8,-46.6,21.006,6.537,88.795,17.433,12.776,1.071,6.012,3.522,4.062,2.266
2027-02-17,-23.8,-46.5,20.109,14.372,90.248,13.911,16.081,1.267,9.626,4.504,4.063,3.685
2027-02-17,-23.7,-46.8,19.939,10.059,88.584,14.895,15.235,1.4,8.283,4.744,4.389,3.654
2027-02-17,-23.7,-46.5,20.179,13.606,89.821,14.184,15.774,1.271,9.266,4.297,3.956,3.615
2027-02-17,-23.7,-46.4,20.232,13.553,89.822,14.29,15.411,1.267,8.95,3.971,3.764,3.489
2027-02-17,-23.6,-46.8,20.154,11.156,89.844,13.918,13.815,1.252,7.205,4.246,4.543,3.061
2027-02-17,-23.6,-46.4,20.712,7.911,88.741,16.147,13.165,1.203,7.076,4.081,4.748,2.57
2027-02-17,-23.6,-46.3,20.402,11.278,89.912,14.013,13.153,1.208,7.629,4.428,4.853,2.724
2027-02-17,-23.5,-46.8,20.168,13.76,89.358,14.126,15.661,1.298,9.045,4.307,3.833,3.756
2027-02-17,-23.5,-46.7,20.289,11.064,89.584,14.298,13.366,1.271,7.573,4.204,4.731,3.136
2027-02-17,-23.5,-46.6,20.201,14.596,89.662,14.071,15.196,1.286,9.253,4.083,3.751,3.619
2027-02-17,-23.5,-46.4,20.205,14.156,89.525,14.18,15.658,1.251,9.523,4.443,4.008,3.614
2027-02-17,-23.5,-46.3,20.195,14.329,89.533,14.193,15.755,1.257,9.551,4.468,3.986,3.668
2027-02-17,-23.4,-46.8,20.231,2.477,82.826,20.841,13.055,1.86,3.901,3.505,3.631,2.866
2027-02-17,-23.4,-46.7,20.231,2.477,82.826,20.841,13.055,1.86,3.901,3.505,3.631,2.866
2027-02-17,-23.4,-46.6,19.891,12.431,89.758,14.142,13.695,1.18,8.503,4.536,4.269,3.781
2027-02-17,-23.4,-46.5,20.115,15.279,89.963,13.983,15.54,1.249,9.71,4.32,3.981,3.731
2027-02-17,-23.4,-46.4,19.875,13.18,89.034,14.391,14.994,1.443,9.292,4.299,4.228,3.68
2027-02-18,-23.8,-46.8,20.392,10.521,90.174,13.773,13.466,1.161,7.232,3.962,4.73,2.83
2027-02-18,-23.8,-46.7,20.025,10.918,88.687,14.796,15.667,1.358,8.434,4.478,4.063,3.526
2027-02-18,-23.8,-46.6,20.223,11.182,89.922,14.607,13.887,1.271,7.913,4.338,4.83,3.276
2027-02-18,-23.8,-46.5,19.985,11.118,88.584,15.078,15.679,1.287,8.976,4.763,4.25,3.375
2027-02-18,-23.7,-46.8,19.857,11.425,89.806,13.891,14.16,1.415,8.08,4.317,4.424,3.655
2027-02-18,-23.7,-46.5,20.0,11.148,88.742,15.025,15.611,1.26,8.953,4.738,4.227,3.337
2027-02-18,-23.7,-46.4,20.181,13.163,89.756,14.219,16.071,1.249,9.224,4.426,4.027,3.432
2027-02-18,-23.6,-46.8,20.202,13.482,89.653,14.004,15.508,1.279,8.922,4.231,3.797,3.544
2027-02-18,-23.6,-46.4,20.024,13.179,90.58,13.574,13.979,1.272,8.293,4.14,4.28,3.558
2027-02-18,-23.6,-46.3,20.259,14.007,89.779,14.105,15.373,1.258,9.353,4.173,3.79,3.601
2027-02-18,-23.5,-46.8,20.017,11.067,88.122,14.983,15.1,1.308,8.523,4.655,4.182,3.592
2027-02-18,-23.5,-46.7,20.128,14.501,89.807,13.869,15.732,1.271,9.498,4.471,4.039,3.695
2027-02-18,-23.5,-46.6,20.193,14.318,89.665,14.1,15.792,1.234,9.529,4.471,4.029,3.653
2027-02-18,-23.5,-46.4,20.131,13.406,89.189,14.388,15.858,1.27,9.262,4.502,4.037,3.575
2027-02-18,-23.5,-46.3,20.098,13.104,89.082,14.433,15.888,1.283,9.444,4.619,4.098,3.593
2027-02-18,-23.4,-46.8,21.443,3.823,83.882,20.244,12.686,1.32,4.551,4.966,4.048,2.008
2027-02-18,-23.4,-46.7,21.443,3.823,83.882,20.244,12.686,1.32,4.551,4.966,4.048,2.008
2027-02-18,-23.4,-46.6,20.33,3.038,82.899,20.634,13.425,1.831,4.422,3.352,3.836,3.213
2027-02-18,-23.4,-46.5,19.999,13.906,89.355,14.334,15.65,1.245,9.407,4.48,4.11,3.741
2027-02-18,-23.4,-46.4,20.19,3.436,82.331,19.968,14.723,2.15,4.475,3.176,3.399,3.293
2027-02-19,-23.8,-46.8,20.204,13.244,89.772,13.969,15.911,1.274,8.965,4.333,3.771,3.688
2027-02-19,-23.8,-46.7,19.912,10.47,89.41,14.441,14.695,1.296,8.008,4.649,4.456,3.644
2027-02-19,-23.8,-46.6,20.316,3.306,83.428,20.213,12.99,1.935,4.474,3.703,4.47,2.99
2027-02-19,-23.8,-46.5,19.901,11.118,89.788,14.454,14.319,1.283,8.08,4.721,4.438,3.721
2027-02-19,-23.7,-46.8,20.419,4.365,83.545,20.182,13.979,1.338,5.357,2.663,4.219,3.935
2027-02-19,-23.7,-46.5,19.92,11.247,89.812,14.442,14.343,1.269,8.14,4.695,4.412,3.714
2027-02-19,-23.7,-46.4,20.032,11.917,89.073,14.73,16.014,1.283,9.149,4.6,4.203,3.334
2027-02-19,-23.6,-46.8,20.129,12.774,89.662,13.942,15.974,1.284,8.753,4.401,3.949,3.564
2027-02-19,-23.6,-46.4,20.17,14.413,90.157,13.955,15.845,1.263,9.496,4.232,3.858,3.562
2027-02-19,-23.6,-46.3,20.194,13.494,89.861,14.072,15.935,1.244,9.219,4.225,3.958,3.462
2027-02-19,-23.5,-46.8,19.975,11.866,89.711,14.064,14.049,1.265,8.141,4.601,4.454,3.667
2027-02-19,-23.5,-46.7,19.994,12.389,88.76,14.539,15.704,1.345,9.087,4.673,4.153,3.708
2027-02-19,-23.5,-46.6,20.042,12.915,88.901,14.581,15.939,1.309,9.355,4.621,4.148,3.59
2027-02-19,-23.5,-46.4,20.123,12.947,89.083,14.454,15.769,1.298,9.246,4.444,4.021,3.549
2027-02-19,-23.5,-46.3,20.117,12.908,89.1,14.439,15.75,1.299,9.274,4.515,4.088,3.559
2027-02-19,-23.4,-46.8,21.169,5.824,86.555,18.606,13.236,1.09,6.11,4.601,4.165,2.477
2027-02-19,-23.4,-46.7,21.148,5.941,86.696,18.446,13.239,1.102,6.115,4.611,4.292,2.479
2027-02-19,-23.4,-46.6,21.217,4.504,85.021,19.62,13.31,1.201,5.209,4.559,3.664,2.231
2027-02-19,-23.4,-46.5,19.982,13.111,88.962,14.627,15.688,1.3,9.418,4.563,4.183,3.649
2027-02-19,-23.4,-46.4,20.454,2.505,82.383,20.66,13.691,1.992,3.699,4.066,4.458,2.954
2027-02-20,-23.8,-46.8,20.041,11.429,89.043,14.32,15.847,1.338,8.619,4.642,4.1,3.558
2027-02-20,-23.8,-46.7,20.25,2.808,83.075,20.503,13.292,1.939,4.097,3.468,3.883,3.025
2027-02-20,-23.8,-46.6,21.074,5.743,86.125,18.97,13.3,1.415,7.192,4.523,4.36,2.439
2027-02-20,-23.8,-46.5,20.158,12.805,89.703,14.254,15.853,1.283,9.204,4.436,3.971,3.663
2027-02-20,-23.7,-46.8,20.996,5.461,86.69,18.534,13.508,1.102,5.775,4.506,4.182,2.577
2027-02-20,-23.7,-46.5,20.207,2.943,83.242,20.485,13.392,1.936,4.22,3.432,3.932,3.057
2027-02-20,-23.7,-46.4,19.91,11.419,89.624,14.355,14.572,1.264,8.369,4.824,4.49,3.684
2027-02-20,-23.6,-46.8,20.052,12.029,89.197,14.255,15.888,1.338,8.952,4.663,4.147,3.498
2027-02-20,-23.6,-46.4,20.081,12.526,89.266,14.37,15.934,1.29,9.242,4.545,4.088,3.537
2027-02-20,-23.6,-46.3,20.085,12.389,89.174,14.44,15.801,1.311,9.296,4.456,4.066,3.434
2027-02-20,-23.5,-46.8,20.271,3.247,83.179,20.204,13.453,1.929,4.607,3.544,4.068,3.087
2027-02-20,-23.5,-46.7,19.976,12.558,89.087,14.284,15.857,1.348,9.508,4.908,4.295,3.656
2027-02-20,-23.5,-46.6,19.945,13.633,89.4,13.976,15.783,1.412,9.68,4.687,4.232,3.747
2027-02-20,-23.5,-46.4,20.41,2.832,82.877,20.46,13.278,1.841,4.099,3.49,3.793,3.08
2027-02-20,-23.5,-46.3,20.008,11.19,88.307,15.037,15.063,1.205,8.875,4.8,4.214,3.591
2027-02-20,-23.4,-46.8,20.361,11.016,89.965,13.808,13.146,1.156,7.523,4.279,4.651,3.094
2027-02-20,-23.4,-46.7,20.335,11.019,90.025,13.691,13.188,1.149,7.493,4.287,4.685,3.087
2027-02-20,-23.4,-46.6,21.039,6.528,87.83,17.563,12.994,1.106,6.641,4.317,4.319,2.647
2027-02-20,-23.4,-46.5,19.876,12.573,89.498,14.427,14.585,1.219,8.91,4.852,4.443,3.815
2027-02-20,-23.4,-46.4,21.565,3.195,83.326,20.633,12.819,1.323,4.177,5.173,4.215,2.157
2027-02-21,-23.8,-46.8,19.975,11.193,89.013,14.364,15.771,1.445,8.683,4.632,4.246,3.523
2027-02-21,-23.8,-46.7,21.138,4.061,84.985,19.88,12.916,1.397,5.955,4.592,4.531,2.179
2027-02-21,-23.8,-46.6,20.778,8.066,89.06,16.189,12.978,1.183,6.697,3.842,4.475,2.689
2027-02-21,-23.8,-46.5,19.977,9.922,88.535,15.022,15.227,1.202,8.442,4.702,4.188,3.582
2027-02-21,-23.7,-46.8,20.322,9.991,90.047,13.816,13.06,1.041,6.751,4.317,4.749,3.157
2027-02-21,-23.7,-46.5,20.908,2.853,83.97,20.821,12.473,1.553,4.281,4.346,5.022,2.437
2027-02-21,-23.7,-46.4,20.192,11.17,89.284,14.512,15.223,1.169,8.396,4.351,3.93,3.78
2027-02-21,-23.6,-46.8,19.902,9.78,88.099,15.051,15.151,1.342,8.215,4.851,4.412,3.46
2027-02-21,-23.6,-46.4,20.094,12.507,89.239,14.396,15.769,1.337,9.277,4.461,4.127,3.495
2027-02-21,-23.6,-46.3,20.42,2.869,83.472,20.409,12.962,1.833,4.162,3.554,4.003,3.001
2027-02-21,-23.5,-46.8,20.694,2.178,82.968,21.104,12.715,1.579,3.39,3.797,4.204,2.946
2027-02-21,-23.5,-46.7,19.985,11.815,88.575,14.596,15.696,1.397,9.195,4.765,4.243,3.583
2027-02-21,-23.5,-46.6,20.531,3.004,83.256,20.215,13.183,1.742,4.37,3.537,3.95,3.1
2027-02-21,-23.5,-46.4,21.376,3.507,84.186,20.239,12.966,1.246,4.881,4.861,4.1,2.183
2027-02-21,-23.5,-46.3,19.936,11.522,89.288,14.578,13.78,1.222,8.286,4.925,4.612,3.627
2027-02-21,-23.4,-46.8,20.058,15.095,90.016,13.626,15.611,1.276,9.32,4.464,3.807,3.883
2027-02-21,-23.4,-46.7,20.035,15.082,90.017,13.66,15.61,1.296,9.356,4.507,3.88,3.813
2027-02-21,-23.4,-46.6,20.136,12.625,90.403,13.842,13.427,1.215,7.704,4.515,4.496,3.529
2027-02-21,-23.4,-46.5,20.602,2.649,83.015,20.669,12.911,1.629,3.894,3.386,3.917,3.106
2027-02-21,-23.4,-46.4,21.295,4.865,85.549,18.935,13.231,1.075,5.672,4.607,4.072,2.337
2027-02-22,-23.8,-46.8,19.755,12.587,89.213,13.781,15.515,1.704,8.992,4.341,4.313,3.607
2027-02-22,-23.8,-46.7,21.045,6.672,87.439,18.152,13.474,1.013,6.411,4.219,4.228,2.72
2027-02-22,-23.8,-46.6,19.984,12.468,90.197,13.8,14.352,1.247,8.013,4.384,4.473,3.387
2027-02-22,-23.8,-46.5,20.485,4.1,83.932,19.775,14.01,1.244,5.25,2.978,4.294,4.13
2027-02-22,-23.7,-46.8,19.873,12.014,89.289,13.944,15.079,1.591,8.617,4.042,4.12,3.721
2027-02-22,-23.7,-46.5,21.34,4.562,85.38,19.261,12.898,1.18,6.065,4.448,4.092,2.583
2027-02-22,-23.7,-46.4,20.096,10.91,88.875,15.093,15.334,1.261,9.026,4.579,4.272,3.541
2027-02-22,-23.6,-46.8,19.985,10.185,89.158,14.442,14.1,1.224,7.517,4.718,4.54,3.531
2027-02-22,-23.6,-46.4,20.468,2.873,83.508,20.279,13.032,1.773,4.111,3.562,4.041,3.001
2027-02-22,-23.6,-46.3,21.326,4.223,84.915,19.336,13.024,1.128,5.202,4.532,3.641,2.479
2027-02-22,-23.5,-46.8,21.354,3.813,83.981,19.406,12.657,1.248,4.643,5.137,3.926,2.594
2027-02-22,-23.5,-46.7,19.973,10.785,88.341,14.909,15.207,1.263,8.969,5.129,4.351,3.732
2027-02-22,-23.5,-46.6,21.217,4.298,84.785,19.599,13.12,1.179,5.357,4.515,4.075,2.451
2027-02-22,-23.5,-46.4,21.157,5.026,85.814,18.768,13.408,1.129,5.763,4.786,4.293,2.439
2027-02-22,-23.5,-46.3,20.487,3.818,83.697,20.127,13.748,1.186,4.93,2.724,4.126,4.066
2027-02-22,-23.4,-46.8,19.976,13.227,89.175,14.149,15.819,1.319,9.215,4.653,4.082,3.714
2027-02-22,-23.4,-46.7,20.016,12.854,88.863,14.439,15.805,1.35,9.236,4.632,4.103,3.775
2027-02-22,-23.4,-46.6,20.074,15.382,90.066,13.749,15.565,1.223,9.373,4.457,3.786,3.78
2027-02-22,-23.4,-46.5,21.292,3.841,84.22,19.74,12.939,1.294,5.402,5.04,4.478,2.449
2027-02-22,-23.4,-46.4,20.726,8.509,88.934,15.774,12.918,1.137,7.485,4.21,4.599,2.526
2027-02-23,-23.8,-46.8,21.28,4.801,82.286,18.701,16.116,1.955,5.193,3.6,3.488,3.255
2027-02-23,-23.8,-46.7,20.31,10.506,90.23,13.601,13.659,1.131,7.343,4.262,4.93,3.0
2027-02-23,-23.8,-46.6,20.207,13.27,89.774,14.175,15.751,1.275,9.319,4.291,3.969,3.709
2027-02-23,-23.8,-46.5,20.441,2.928,83.046,19.982,13.942,1.865,4.597,3.925,4.61,3.467
2027-02-23,-23.7,-46.8,21.466,5.459,82.133,18.493,16.312,1.832,5.603,3.513,3.403,3.226
2027-02-23,-23.7,-46.5,21.035,6.757,88.246,17.48,13.009,1.075,6.935,4.003,4.251,2.517
2027-02-23,-23.7,-46.4,19.994,10.012,89.267,14.934,13.695,1.197,7.782,4.799,4.487,3.642
2027-02-23,-23.6,-46.8,20.525,3.837,83.675,20.316,13.621,1.131,4.942,2.701,4.258,4.095
2027-02-23,-23.6,-46.4,21.309,3.877,84.825,19.555,12.989,1.078,4.797,4.625,3.765,2.611
2027-02-23,-23.6,-46.3,21.012,6.835,88.159,17.373,13.063,1.075,7.048,4.272,4.407,2.588
2027-02-23,-23.5,-46.8,21.122,6.167,87.332,17.588,12.884,1.071,6.679,4.44,4.339,2.443
2027-02-23,-23.5,-46.7,20.522,4.085,83.664,19.992,13.824,1.215,5.406,2.935,4.197,3.993
2027-02-23,-23.5,-46.6,21.004,6.697,87.775,17.538,13.031,1.083,6.82,4.362,4.347,2.675
2027-02-23,-23.5,-46.4,20.655,8.497,88.887,15.934,13.053,1.116,7.81,4.477,4.79,2.698
2027-02-23,-23.5,-46.3,20.537,2.818,83.17,20.332,13.427,1.709,4.664,3.894,4.559,3.546
2027-02-23,-23.4,-46.8,19.991,12.509,88.786,14.481,15.657,1.359,9.173,4.599,4.106,3.683
2027-02-23,-23.4,-46.7,20.413,2.934,83.372,20.137,13.125,1.827,4.281,3.695,4.201,3.049
2027-02-23,-23.4,-46.6,20.001,13.471,89.16,14.462,15.885,1.278,9.594,4.63,4.177,3.832
2027-02-23,-23.4,-46.5,21.005,6.893,87.606,17.507,13.03,1.108,7.043,4.591,4.386,2.783
2027-02-23,-23.4,-46.4,19.928,13.776,90.563,13.329,13.85,1.237,8.051,4.376,4.165,3.461
2027-02-24,-23.8,-46.8,21.801,3.565,80.977,18.888,16.765,1.832,4.468,3.378,3.692,3.831
2027-02-24,-23.8,-46.7,20.171,12.555,89.476,14.098,15.771,1.274,9.036,4.474,3.938,3.704
2027-02-24,-23.8,-46.6,20.435,3.06,83.548,20.404,13.098,1.808,4.322,3.334,4.016,3.018
2027-02-24,-23.8,-46.5,20.872,2.852,83.818,20.546,12.762,1.557,4.131,4.632,4.903,2.802
2027-02-24,-23.7,-46.8,21.83,3.736,81.104,18.704,16.665,1.792,4.74,3.618,3.834,3.795
2027-02-24,-23.7,-46.5,20.199,11.444,90.217,14.063,13.922,1.199,7.826,4.529,4.804,3.417
2027-02-24,-23.7,-46.4,20.446,3.935,83.847,19.834,14.017,1.29,4.904,2.935,4.232,4.103
2027-02-24,-23.6,-46.8,20.612,3.465,83.532,20.085,14.074,1.383,4.953,3.364,4.484,4.32
2027-02-24,-23.6,-46.4,21.005,6.767,87.887,17.432,13.195,1.087,6.97,4.326,4.39,2.759
2027-02-24,-23.6,-46.3,20.164,12.492,90.428,13.864,13.673,1.128,7.811,4.442,4.496,3.586
2027-02-24,-23.5,-46.8,20.277,11.55,89.739,13.85,13.608,1.182,7.791,4.356,4.554,3.28
2027-02-24,-23.5,-46.7,20.506,2.676,83.099,20.425,13.498,1.707,4.442,3.769,4.427,3.562
2027-02-24,-23.5,-46.6,20.176,12.284,90.155,13.993,13.56,1.129,7.957,4.643,4.584,3.664
2027-02-24,-23.5,-46.4,19.943,14.041,90.831,13.138,13.912,1.155,8.311,4.404,4.106,3.746
2027-02-24,-23.5,-46.3,21.058,2.975,83.6,20.377,12.675,1.531,4.289,4.76,4.982,2.821
2027-02-24,-23.4,-46.8,20.41,2.961,83.446,20.088,13.1,1.826,4.29,3.723,4.272,3.059
2027-02-24,-23.4,-46.7,20.899,3.102,83.744,20.445,12.552,1.514,4.521,4.558,4.996,2.647
2027-02-24,-23.4,-46.6,20.454,2.78,83.267,20.36,13.039,1.777,4.104,3.495,4.029,3.009
2027-02-24,-23.4,-46.5,20.17,12.216,90.212,13.987,13.533,1.107,8.015,4.697,4.652,3.64
2027-02-24,-23.4,-46.4,20.136,14.747,89.989,13.89,15.201,1.217,9.334,4.322,3.737,3.648
2027-02-25,-23.8,-46.8,21.824,3.392,80.857,18.934,16.714,1.895,4.118,3.648,3.92,3.871
2027-02-25,-23.8,-46.7,20.095,11.289,88.916,14.339,15.839,1.35,8.621,4.561,4.045,3.56
2027-02-25,-23.8,-46.6,20.533,2.631,83.431,20.843,12.667,1.647,3.999,4.05,4.54,2.763
2027-02-25,-23.8,-46.5,21.337,4.22,85.258,19.216,12.866,0.991,5.049,4.379,3.768,2.718
2027-02-25,-23.7,-46.8,21.83,3.38,81.083,19.182,16.469,1.855,4.226,3.672,4.231,3.796
2027-02-25,-23.7,-46.5,20.321,3.787,83.838,19.699,13.167,1.9,5.286,3.966,4.654,3.109
2027-02-25,-23.7,-46.4,20.344,2.88,82.952,20.064,13.883,1.856,4.618,3.939,4.598,3.459
2027-02-25,-23.6,-46.8,20.983,5.384,86.065,18.395,13.33,1.327,6.083,4.482,4.524,2.536
2027-02-25,-23.6,-46.4,20.165,12.002,90.274,13.959,13.498,1.173,7.638,4.606,4.663,3.562
2027-02-25,-23.6,-46.3,20.114,13.767,89.707,14.048,15.555,1.192,9.399,4.525,3.929,3.676
2027-02-25,-23.5,-46.8,20.193,13.907,89.355,14.012,15.57,1.258,9.243,4.574,3.919,3.829
2027-02-25,-23.5,-46.7,21.118,2.412,83.046,20.988,12.845,1.506,3.442,4.475,4.343,2.811
2027-02-25,-23.5,-46.6,20.153,14.785,89.779,13.833,15.741,1.188,9.62,4.585,3.886,3.755
2027-02-25,-23.5,-46.4,20.052,13.82,89.869,13.965,15.413,1.246,9.592,4.471,3.989,3.674
2027-02-25,-23.5,-46.3,21.282,4.613,85.238,19.189,12.941,1.043,5.57,4.301,4.062,2.508
2027-02-25,-23.4,-46.8,20.826,2.657,83.299,20.885,12.577,1.555,4.017,4.101,4.543,2.759
2027-02-25,-23.4,-46.7,21.2,5.075,85.751,18.776,13.115,1.083,5.872,4.494,4.136,2.511
2027-02-25,-23.4,-46.6,21.007,3.393,83.952,20.125,12.536,1.485,4.732,4.649,5.196,2.593
2027-02-25,-23.4,-46.5,20.16,14.886,89.824,13.965,15.707,1.191,9.654,4.486,3.841,3.835
2027-02-25,-23.4,-46.4,20.099,14.31,89.628,14.025,15.585,1.253,9.614,4.595,3.976,3.64
2027-02-26,-23.8,-46.8,20.673,3.218,83.555,19.479,13.395,1.739,4.239,4.369,4.931,3.716
2027-02-26,-23.8,-46.7,20.043,11.796,89.243,14.261,16.705,1.321,9.347,4.83,4.202,3.549
2027-02-26,-23.8,-46.6,21.085,2.979,83.835,20.409,12.676,1.445,4.054,4.337,4.566,2.848
2027-02-26,-23.8,-46.5,21.05,6.848,88.286,17.296,13.111,1.108,6.869,4.064,4.419,2.791
2027-02-26,-23.7,-46.8,21.864,3.226,80.888,19.732,15.713,1.859,4.128,4.279,4.656,3.771
2027-02-26,-23.7,-46.5,21.061,6.735,87.806,17.425,13.055,1.16,6.688,4.136,4.465,2.803
2027-02-26,-23.7,-46.4,20.806,2.944,83.787,20.296,12.85,1.586,4.136,4.541,4.899,2.969
2027-02-26,-23.6,-46.8,20.326,9.929,89.812,13.879,13.853,1.108,7.427,4.442,5.077,3.154
2027-02-26,-23.6,-46.4,20.044,15.498,90.288,13.591,17.103,1.138,10.433,4.823,4.085,3.542
2027-02-26,-23.6,-46.3,19.852,14.316,89.749,13.838,16.642,1.396,10.239,4.752,4.294,3.695
2027-02-26,-23.5,-46.8,20.307,3.232,83.621,19.851,12.735,1.88,4.772,4.25,4.756,2.907
2027-02-26,-23.5,-46.7,21.369,4.287,84.832,19.1,12.719,1.057,5.081,4.617,4.074,2.684
2027-02-26,-23.5,-46.6,19.995,13.712,89.32,14.175,16.968,1.157,10.342,5.101,4.246,3.619
2027-02-26,-23.5,-46.4,20.046,14.984,89.962,13.799,16.906,1.208,10.073,4.796,4.114,3.51
2027-02-26,-23.5,-46.3,21.03,7.006,87.865,17.329,13.126,1.109,7.284,4.426,4.51,2.723
2027-02-26,-23.4,-46.8,21.33,4.217,84.552,18.925,12.836,1.14,4.956,4.811,3.815,2.651
2027-02-26,-23.4,-46.7,20.712,7.939,88.234,16.153,13.567,1.112,7.71,4.61,4.838,2.774
2027-02-26,-23.4,-46.6,20.639,2.892,83.55,20.317,12.63,1.671,3.975,4.298,4.919,2.976
2027-02-26,-23.4,-46.5,20.345,2.894,83.734,20.129,13.084,1.783,4.286,3.707,4.334,3.064
2027-02-26,-23.4,-46.4,19.701,16.645,90.216,13.256,16.683,1.56,10.444,4.477,4.236,3.651
2027-02-27,-23.8,-46.8,20.992,5.772,87.026,17.663,12.862,1.322,6.046,3.883,4.387,2.58
2027-02-27,-23.8,-46.7,19.777,11.266,88.636,14.373,16.32,1.521,9.398,4.765,4.401,3.361
2027-02-27,-23.8,-46.6,21.252,4.529,85.31,19.279,13.099,1.041,5.274,4.176,3.766,2.429
2027-02-27,-23.8,-46.5,20.293,2.998,83.667,20.063,12.714,1.802,4.531,4.369,5.206,2.919
2027-02-27,-23.7,-46.8,20.499,3.294,83.653,19.538,12.959,1.75,4.716,4.605,5.259,3.059
2027-02-27,-23.7,-46.5,20.195,11.683,89.987,14.196,14.653,1.22,7.908,4.788,5.063,3.246
2027-02-27,-23.7,-46.4,21.305,4.319,85.274,19.11,12.875,1.129,5.935,4.134,4.016,2.794
2027-02-27,-23.6,-46.8,19.79,14.115,89.803,13.349,16.59,1.521,9.91,4.556,4.188,3.639
2027-02-27,-23.6,-46.4,20.048,3.377,83.558,19.598,14.294,2.13,4.607,3.815,4.116,3.328
2027-02-27,-23.6,-46.3,20.094,3.343,83.428,19.563,14.246,2.08,4.466,3.766,4.131,3.286
2027-02-27,-23.5,-46.8,21.222,5.307,85.926,18.712,12.964,1.039,5.579,4.085,4.074,2.467
2027-02-27,-23.5,-46.7,20.847,7.373,88.035,16.369,13.267,1.17,6.993,4.468,4.695,2.782
2027-02-27,-23.5,-46.6,20.439,3.038,83.424,19.959,13.397,1.805,4.3,3.608,4.28,3.434
2027-02-27,-23.5,-46.4,20.304,3.109,83.747,20.072,13.437,1.823,4.463,3.516,4.213,3.452
2027-02-27,-23.5,-46.3,20.159,12.217,89.895,14.005,14.671,1.251,7.934,4.796,4.917,3.431
2027-02-27,-23.4,-46.8,20.794,7.433,88.327,16.263,13.189,1.119,7.186,4.343,4.648,2.834
2027-02-27,-23.4,-46.7,19.94,12.444,90.139,13.339,14.962,1.125,8.46,4.752,4.593,3.726
2027-02-27,-23.4,-46.6,21.253,4.339,85.139,18.865,12.906,1.052,5.011,4.409,3.651,2.432
2027-02-27,-23.4,-46.5,20.932,2.85,83.739,20.509,12.647,1.486,4.15,4.266,4.721,2.889
2027-02-27,-23.4,-46.4,20.033,3.054,83.128,19.776,14.526,1.964,4.08,3.465,3.686,3.362
2027-02-28,-23.8,-46.8,20.315,10.047,89.355,14.362,14.352,1.169,7.507,4.776,5.009,3.258
2027-02-28,-23.8,-46.7,20.11,3.035,83.395,19.607,14.003,1.911,4.11,3.853,4.213,3.086
2027-02-28,-23.8,-46.6,21.037,6.644,88.009,17.345,13.162,1.091,6.867,4.184,4.487,2.594
2027-02-28,-23.8,-46.5,21.256,4.702,85.16,19.35,12.816,1.039,5.31,4.097,3.515,2.327
2027-02-28,-23.7,-46.8,21.057,5.625,86.757,17.719,12.776,1.318,5.914,3.847,4.472,2.546
2027-02-28,-23.7,-46.5,20.217,13.818,89.756,14.101,16.646,1.184,10.187,4.621,4.044,3.517
2027-02-28,-23.7,-46.4,20.778,8.186,88.858,16.193,13.075,1.172,7.349,4.169,4.683,2.787
2027-02-28,-23.6,-46.8,20.074,2.405,83.678,20.585,13.209,1.806,3.611,3.358,3.826,3.082
2027-02-28,-23.6,-46.4,20.509,2.517,83.724,20.716,12.575,1.626,3.638,3.834,4.705,2.943
2027-02-28,-23.6,-46.3,20.51,2.753,83.762,20.39,12.571,1.671,3.983,4.046,4.797,2.915
2027-02-28,-23.5,-46.8,20.355,9.583,89.153,14.146,13.899,1.156,7.641,4.838,5.255,2.829
2027-02-28,-23.5,-46.7,20.011,11.341,89.754,13.749,14.53,1.202,7.49,4.681,4.748,3.338
2027-02-28,-23.5,-46.6,20.744,3.116,83.896,20.322,12.439,1.585,4.403,4.291,5.017,2.816
2027-02-28,-23.5,-46.4,20.652,2.396,83.451,20.814,12.62,1.548,3.693,3.859,4.533,3.02
2027-02-28,-23.5,-46.3,20.196,13.689,89.306,14.285,16.554,1.111,9.643,4.566,3.956,3.492
2027-02-28,-23.4,-46.8,20.364,3.173,83.57,19.619,12.861,1.934,4.673,4.438,4.909,2.882
2027-02-28,-23.4,-46.7,19.986,13.69,89.526,14.086,16.791,1.194,9.844,4.784,4.095,3.594
2027-02-28,-23.4,-46.6,20.754,8.077,87.99,16.326,13.515,1.145,7.767,4.803,4.929,2.881
2027-02-28,-23.4,-46.5,20.981,3.396,84.115,20.163,12.368,1.419,4.516,4.426,5.153,2.883
2027-02-28,-23.4,-46.4,20.666,2.318,83.267,20.677,12.829,1.558,3.46,3.994,4.578,3.169
2027-03-01,-23.8,-46.8,20.108,12.245,89.302,14.133,16.221,1.206,9.324,4.898,4.154,3.544
2027-03-01,-23.8,-46.7,20.569,2.762,83.499,20.188,13.499,1.818,3.7,4.247,4.745,3.219
2027-03-01,-23.8,-46.6,20.144,11.399,90.075,14.083,14.675,1.212,7.441,4.591,5.139,3.185
2027-03-01,-23.8,-46.5,21.064,6.267,87.691,17.757,12.851,1.15,6.349,3.917,4.232,2.422
2027-03-01,-23.7,-46.8,20.388,9.541,88.929,14.399,14.272,1.139,7.117,4.826,5.101,3.158
2027-03-01,-23.7,-46.5,20.362,3.216,83.784,20.061,13.283,1.768,4.406,3.554,4.435,3.432
2027-03-01,-23.7,-46.4,20.056,12.36,90.112,13.747,15.129,1.146,7.948,4.683,4.557,3.536
2027-03-01,-23.6,-46.8,20.94,3.135,84.077,20.169,12.461,1.431,4.338,4.319,4.88,2.495
2027-03-01,-23.6,-46.4,21.049,2.998,84.041,20.394,12.329,1.377,4.066,4.163,4.79,2.382
2027-03-01,-23.6,-46.3,21.014,2.966,84.172,20.399,12.3,1.423,3.89,4.047,4.651,2.58
2027-03-01,-23.5,-46.8,20.468,3.014,83.267,20.264,12.664,1.806,4.781,3.976,4.486,2.991
2027-03-01,-23.5,-46.7,20.121,13.1,89.206,14.248,16.459,1.192,9.439,4.654,4.041,3.507
2027-03-01,-23.5,-46.6,20.589,3.072,83.762,20.066,12.724,1.671,4.256,4.44,5.048,2.959
2027-03-01,-23.5,-46.4,21.122,3.013,83.747,20.337,12.262,1.373,3.897,4.466,4.617,2.465
2027-03-01,-23.5,-46.3,20.166,11.576,88.227,14.953,16.233,1.258,9.13,4.499,4.079,3.206
2027-03-01,-23.4,-46.8,20.381,2.725,83.62,20.546,12.573,1.612,4.209,4.068,4.924,2.905
2027-03-01,-23.4,-46.7,20.364,3.187,83.679,19.879,13.422,1.808,4.425,3.557,4.341,3.43
2027-03-01,-23.4,-46.6,19.977,12.429,90.421,13.472,14.384,1.196,7.593,4.778,4.783,3.419
2027-03-01,-23.4,-46.5,21.224,5.458,85.872,18.653,13.088,1.096,6.078,4.631,4.295,2.573
2027-03-01,-23.4,-46.4,21.243,3.441,83.334,19.954,12.563,1.376,4.52,5.455,5.176,2.742
2027-03-02,-23.8,-46.8,19.811,3.317,83.594,19.36,13.763,2.122,4.627,4.414,4.672,2.783
2027-03-02,-23.8,-46.7,20.821,3.496,83.952,19.74,12.805,1.73,4.526,4.962,5.197,2.699
2027-03-02,-23.8,-46.6,20.147,13.497,89.647,14.174,16.466,1.186,9.421,4.438,4.074,3.5
2027-03-02,-23.8,-46.5,20.38,11.742,89.37,14.715,14.661,1.11,7.511,4.55,4.851,2.92
2027-03-02,-23.7,-46.8,20.12,12.073,89.074,14.169,16.102,1.196,8.925,4.835,4.26,3.525
2027-03-02,-23.7,-46.5,21.117,5.49,86.105,18.785,13.608,1.063,6.019,4.657,4.182,2.485
2027-03-02,-23.7,-46.4,20.158,12.783,89.423,14.305,16.591,1.151,9.384,4.56,4.021,3.55
2027-03-02,-23.6,-46.8,20.453,2.709,83.647,20.464,12.611,1.704,4.133,4.114,5.031,2.921
2027-03-02,-23.6,-46.4,21.306,4.647,85.426,19.134,12.881,1.009,5.319,4.075,3.917,2.515
2027-03-02,-23.6,-46.3,21.273,4.493,85.471,19.133,12.943,1.006,5.303,4.151,3.843,2.479
2027-03-02,-23.5,-46.8,21.262,4.242,84.903,19.364,12.974,1.066,5.047,4.06,3.777,2.452
2027-03-02,-23.5,-46.7,20.146,2.962,83.603,19.904,13.033,1.889,4.164,4.018,4.791,3.212
2027-03-02,-23.5,-46.6,20.556,2.651,83.512,20.576,12.549,1.713,3.814,4.078,4.673,2.948
2027-03-02,-23.5,-46.4,20.874,2.993,83.812,20.325,12.233,1.588,4.047,4.264,4.874,2.873
2027-03-02,-23.5,-46.3,19.968,11.549,89.326,14.022,15.44,1.218,7.998,4.795,4.602,3.422
2027-03-02,-23.4,-46.8,21.258,4.409,84.691,18.8,12.334,1.136,4.976,4.595,4.199,2.276
2027-03-02,-23.4,-46.7,20.395,2.87,83.719,20.45,12.636,1.73,4.43,4.241,4.983,2.839
2027-03-02,-23.4,-46.6,20.05,14.751,89.805,14.029,16.606,1.176,9.843,4.56,4.025,3.477
2027-03-02,-23.4,-46.5,20.301,11.3,89.933,13.821,13.642,1.154,7.901,4.816,5.337,2.805
2027-03-02,-23.4,-46.4,21.01,6.763,86.823,17.899,13.211,1.347,7.506,4.432,4.732,2.595
2027-03-03,-23.8,-46.8,19.988,3.115,84.096,19.556,13.64,1.809,4.507,4.298,5.051,3.191
2027-03-03,-23.8,-46.7,20.243,3.432,84.653,18.856,13.039,1.647,4.309,4.519,5.39,3.202
2027-03-03,-23.8,-46.6,20.149,11.71,88.645,14.631,16.341,1.29,8.726,4.534,4.131,3.331
2027-03-03,-23.8,-46.5,20.098,12.465,89.742,13.929,15.472,1.147,8.312,4.806,4.607,3.41
2027-03-03,-23.7,-46.8,19.836,3.193,84.473,19.505,12.543,1.551,4.398,4.214,5.16,3.01
2027-03-03,-23.7,-46.5,20.611,7.903,89.099,15.802,13.622,1.181,7.285,4.432,5.124,2.687
2027-03-03,-23.7,-46.4,20.143,11.261,88.681,14.65,16.072,1.295,8.711,4.552,4.248,3.274
2027-03-03,-23.6,-46.8,21.293,3.904,85.176,19.23,12.341,1.025,4.475,3.986,4.053,2.3
2027-03-03,-23.6,-46.4,21.023,6.926,88.074,17.073,13.063,1.147,7.062,4.387,4.87,2.484
2027-03-03,-23.6,-46.3,20.994,6.968,88.098,17.078,13.215,1.118,7.059,4.331,4.734,2.673
2027-03-03,-23.5,-46.8,21.02,6.341,87.565,17.147,13.209,1.159,6.674,4.388,4.679,2.768
2027-03-03,-23.5,-46.7,21.109,5.523,85.741,18.849,12.912,1.337,6.456,3.891,4.297,2.482
2027-03-03,-23.5,-46.6,21.35,3.916,84.902,19.028,12.668,1.028,4.357,4.487,3.664,2.757
2027-03-03,-23.5,-46.4,21.287,4.567,85.299,19.081,12.865,1.065,5.349,4.303,3.952,2.647
2027-03-03,-23.5,-46.3,20.023,3.127,84.588,19.506,12.79,1.505,4.662,3.958,4.905,3.088
2027-03-03,-23.4,-46.8,20.705,7.064,87.522,16.423,13.324,1.296,7.031,4.75,5.229,2.675
2027-03-03,-23.4,-46.7,21.146,4.48,85.125,19.162,12.685,1.235,5.871,4.235,4.103,2.309
2027-03-03,-23.4,-46.6,19.671,14.311,89.059,13.784,16.21,1.659,10.36,4.411,4.423,3.409
2027-03-03,-23.4,-46.5,20.02,3.446,84.345,19.643,12.354,1.509,5.254,4.112,5.273,3.091
2027-03-03,-23.4,-46.4,20.132,4.114,85.22,18.242,12.457,1.472,5.216,4.687,5.921,3.028
2027-03-04,-23.8,-46.8,21.356,3.784,82.877,18.983,15.139,1.815,4.662,4.492,5.149,3.899
2027-03-04,-23.8,-46.7,20.038,3.471,84.299,19.189,13.401,1.738,4.878,4.447,5.266,3.195
2027-03-04,-23.8,-46.6,19.723,13.099,89.938,13.452,15.3,1.535,8.961,4.533,4.757,3.303
2027-03-04,-23.8,-46.5,20.031,4.013,85.077,18.972,12.525,1.505,5.251,4.165,5.445,3.112
2027-03-04,-23.7,-46.8,20.286,2.815,84.146,20.199,12.316,1.531,4.279,3.964,5.069,2.919
2027-03-04,-23.7,-46.5,19.948,12.914,90.728,13.193,15.15,1.156,8.044,4.696,4.684,3.562
2027-03-04,-23.7,-46.4,19.835,3.273,84.944,19.118,12.766,1.623,4.422,4.221,5.225,3.093
2027-03-04,-23.6,-46.8,21.011,6.144,87.749,17.161,12.982,1.197,6.34,4.296,4.921,2.591
2027-03-04,-23.6,-46.4,20.109,12.269,90.293,13.509,14.359,1.194,7.643,4.607,5.045,3.316
2027-03-04,-23.6,-46.3,20.056,12.336,90.432,13.376,14.523,1.182,7.581,4.618,5.127,3.256
2027-03-04,-23.5,-46.8,20.152,10.77,89.863,13.639,14.498,1.203,7.227,4.578,5.197,3.284
2027-03-04,-23.5,-46.7,20.146,4.698,85.544,18.069,12.373,1.392,6.037,4.671,6.253,3.405
2027-03-04,-23.5,-46.6,20.794,7.958,88.468,15.993,12.953,1.283,6.931,4.512,5.089,2.733
2027-03-04,-23.5,-46.4,20.77,8.543,88.708,15.781,12.895,1.244,7.357,4.418,5.149,2.68
2027-03-04,-23.5,-46.3,20.231,3.036,84.114,19.501,12.98,1.739,4.012,4.354,5.108,3.095
2027-03-04,-23.4,-46.8,20.056,11.579,89.844,13.538,14.624,1.162,7.512,4.64,4.957,3.05
2027-03-04,-23.4,-46.7,20.971,6.409,87.837,17.056,13.139,1.158,6.424,4.385,4.829,2.748
2027-03-04,-23.4,-46.6,19.612,2.942,84.197,19.348,13.376,1.723,4.163,4.12,4.691,2.928
2027-03-04,-23.4,-46.5,20.406,3.344,84.135,19.829,11.957,1.435,4.687,4.534,5.466,2.92
2027-03-04,-23.4,-46.4,20.179,3.778,84.89,19.034,12.193,1.47,5.169,4.703,5.948,3.025
2027-03-05,-23.8,-46.8,20.0,4.365,85.236,17.841,12.881,1.714,5.453,4.958,6.001,3.147
2027-03-05,-23.8,-46.7,20.228,3.432,84.799,19.396,12.368,1.48,4.917,4.388,5.553,2.866
2027-03-05,-23.8,-46.6,19.611,3.114,84.547,19.536,13.47,1.713,4.536,3.932,4.737,3.044
2027-03-05,-23.8,-46.5,20.213,4.302,85.411,18.412,12.129,1.436,5.528,4.664,6.142,3.17
2027-03-05,-23.7,-46.8,20.744,3.747,84.73,19.544,11.93,1.418,5.06,4.337,5.31,2.462
2027-03-05,-23.7,-46.5,19.767,2.585,84.92,20.141,12.535,1.438,4.162,3.662,4.719,2.856
2027-03-05,-23.7,-46.4,20.317,2.802,84.471,19.983,12.303,1.41,4.134,4.115,5.155,2.919
2027-03-05,-23.6,-46.8,20.195,10.994,90.033,13.437,14.606,1.145,7.198,4.476,5.06,3.095
2027-03-05,-23.6,-46.4,19.908,2.94,84.651,20.081,12.281,1.465,4.485,3.843,5.135,2.723
2027-03-05,-23.6,-46.3,20.08,14.325,89.8,13.831,16.29,1.28,9.834,4.454,4.138,3.603
2027-03-05,-23.5,-46.8,19.979,3.433,84.465,19.443,12.158,1.442,5.31,4.286,5.432,2.781
2027-03-05,-23.5,-46.7,20.151,4.09,85.095,18.527,12.11,1.422,5.458,4.775,6.108,3.001
2027-03-05,-23.5,-46.6,19.98,12.882,90.164,13.346,14.64,1.199,7.593,4.649,4.725,3.197
2027-03-05,-23.5,-46.4,20.008,13.615,90.37,13.308,14.735,1.16,8.036,4.607,4.743,3.153
2027-03-05,-23.5,-46.3,20.429,3.41,84.318,19.525,12.823,1.763,4.397,4.418,5.204,2.905
2027-03-05,-23.4,-46.8,20.13,13.991,89.67,13.762,16.267,1.132,9.466,4.484,4.061,3.614
2027-03-05,-23.4,-46.7,20.117,11.223,90.03,13.387,14.524,1.171,7.365,4.458,4.983,3.511
2027-03-05,-23.4,-46.6,20.701,3.714,85.353,19.185,13.028,1.297,5.105,4.189,3.8,2.257
2027-03-05,-23.4,-46.5,21.197,5.753,86.038,18.566,13.031,1.161,5.973,4.44,4.315,2.528
2027-03-05,-23.4,-46.4,20.751,8.259,88.351,15.983,12.818,1.251,7.177,4.548,5.123,2.781
2027-03-06,-23.8,-46.8,21.235,4.841,83.618,17.474,15.139,1.845,5.521,5.397,5.566,4.125
2027-03-06,-23.8,-46.7,21.139,5.286,87.247,17.727,12.526,1.096,5.414,3.917,4.471,2.518
2027-03-06,-23.8,-46.6,20.849,5.115,87.28,18.132,13.202,1.238,5.851,4.126,4.195,2.608
2027-03-06,-23.8,-46.5,20.123,4.551,85.584,18.13,11.86,1.408,5.82,4.78,6.389,2.851
2027-03-06,-23.7,-46.8,20.258,4.454,85.156,18.256,11.885,1.426,5.829,4.847,6.336,3.11
2027-03-06,-23.7,-46.5,20.343,3.058,85.003,19.91,12.422,1.583,4.572,4.354,5.061,2.362
2027-03-06,-23.7,-46.4,21.145,4.401,85.691,18.797,12.655,1.084,4.914,4.21,3.729,2.33
2027-03-06,-23.6,-46.8,20.199,13.047,89.548,13.945,16.367,1.141,8.908,4.48,4.089,3.709
2027-03-06,-23.6,-46.4,20.905,4.109,85.127,19.129,12.997,1.265,5.201,4.24,3.925,2.743
2027-03-06,-23.6,-46.3,19.857,3.298,84.914,19.277,12.883,1.561,4.403,3.884,5.126,3.153
2027-03-06,-23.5,-46.8,21.09,5.616,86.828,17.651,12.771,1.136,6.104,4.305,4.574,2.722
2027-03-06,-23.5,-46.7,20.135,4.54,85.401,18.232,11.958,1.409,5.837,4.846,6.273,3.121
2027-03-06,-23.5,-46.6,20.223,14.337,89.635,13.992,16.159,1.064,9.472,4.393,3.956,3.58
2027-03-06,-23.5,-46.4,20.202,14.3,89.706,13.968,16.119,1.051,9.617,4.449,3.975,3.509
2027-03-06,-23.5,-46.3,20.37,3.214,84.827,19.457,12.041,1.387,4.341,4.277,5.44,2.84
2027-03-06,-23.4,-46.8,19.849,2.996,84.619,19.634,12.33,1.524,4.277,4.013,5.166,2.769
2027-03-06,-23.4,-46.7,19.796,2.52,84.755,19.972,12.467,1.393,4.168,3.775,4.758,2.677
2027-03-06,-23.4,-46.6,20.855,6.761,88.03,16.991,13.186,1.179,6.974,4.688,4.773,2.574
2027-03-06,-23.4,-46.5,20.24,11.107,89.883,13.616,13.638,1.204,7.604,4.918,5.475,2.67
2027-03-06,-23.4,-46.4,20.047,13.191,90.018,13.473,14.695,1.187,8.04,4.749,4.75,3.197
2027-03-07,-23.8,-46.8,21.369,3.881,82.375,17.986,15.436,1.914,4.737,5.276,5.032,3.901
2027-03-07,-23.8,-46.7,20.338,10.201,88.987,14.612,14.706,1.234,7.055,4.386,5.025,2.935
2027-03-07,-23.8,-46.6,20.299,3.793,85.225,18.75,12.525,1.352,5.02,4.495,5.947,3.367
2027-03-07,-23.8,-46.5,20.185,11.117,90.353,13.501,13.875,1.231,7.731,4.703,5.45,3.071
2027-03-07,-23.7,-46.8,20.27,9.205,89.396,13.559,14.035,1.193,7.057,4.758,5.484,3.028
2027-03-07,-23.7,-46.5,21.004,6.602,87.144,17.906,13.089,1.337,7.295,4.298,4.628,2.679
2027-03-07,-23.7,-46.4,20.689,8.148,89.066,15.849,13.289,1.157,7.487,4.285,5.101,2.852
2027-03-07,-23.6,-46.8,19.991,4.118,85.103,18.645,12.64,1.519,5.085,4.312,5.648,3.386
2027-03-07,-23.6,-46.4,21.015,7.089,87.884,17.06,12.887,1.129,7.188,4.306,4.886,2.705
2027-03-07,-23.6,-46.3,21.065,5.994,87.378,17.548,12.676,1.099,6.25,4.115,4.454,2.557
2027-03-07,-23.5,-46.8,20.254,10.569,89.677,13.686,14.49,1.165,7.515,4.683,5.198,3.265
2027-03-07,-23.5,-46.7,20.278,9.598,89.437,13.539,14.009,1.192,7.137,4.712,5.393,3.202
2027-03-07,-23.5,-46.6,19.811,4.345,84.679,18.274,13.129,1.791,5.377,4.647,5.472,3.226
2027-03-07,-23.5,-46.4,20.004,4.173,85.069,18.604,12.43,1.548,5.47,4.394,5.643,3.114
2027-03-07,-23.5,-46.3,21.044,5.742,87.282,17.641,12.738,1.072,6.182,4.308,4.391,2.459
2027-03-07,-23.4,-46.8,20.933,4.073,85.723,18.7,12.949,1.184,4.883,4.018,3.926,2.567
2027-03-07,-23.4,-46.7,20.645,3.252,84.116,19.663,13.076,1.393,4.538,4.43,3.722,2.254
2027-03-07,-23.4,-46.6,19.971,12.456,90.594,13.333,14.238,1.124,7.77,4.871,4.904,3.713
2027-03-07,-23.4,-46.5,20.009,3.278,84.281,19.85,11.8,1.369,5.209,4.399,5.577,2.769
2027-03-07,-23.4,-46.4,19.873,15.756,89.946,13.491,16.062,1.47,10.251,4.257,4.178,3.541
2027-03-08,-23.8,-46.8,20.071,4.414,85.473,17.94,12.493,1.573,5.694,4.808,6.323,2.995
2027-03-08,-23.8,-46.7,19.924,13.005,89.548,13.504,15.427,1.518,9.152,4.339,4.616,3.524
2027-03-08,-23.8,-46.6,20.441,8.6,89.063,15.613,13.287,1.458,8.404,4.515,5.469,2.668
2027-03-08,-23.8,-46.5,20.04,13.568,90.036,13.508,15.861,1.197,9.432,4.585,4.403,3.658
2027-03-08,-23.7,-46.8,19.941,3.012,84.219,19.645,12.02,1.483,4.803,4.454,5.369,2.63
2027-03-08,-23.7,-46.5,20.12,10.919,90.085,13.666,14.152,1.202,7.105,4.814,5.443,2.916
2027-03-08,-23.7,-46.4,20.134,3.256,84.653,19.184,12.495,1.558,4.529,4.461,5.248,2.877
2027-03-08,-23.6,-46.8,20.163,4.301,85.328,18.404,11.951,1.397,5.629,4.745,6.216,3.021
2027-03-08,-23.6,-46.4,20.14,11.818,89.947,13.615,14.273,1.163,7.665,4.76,5.254,2.955
2027-03-08,-23.6,-46.3,20.011,12.494,90.19,13.429,13.979,1.43,8.465,4.555,5.346,2.965
2027-03-08,-23.5,-46.8,19.966,13.463,89.652,13.395,15.553,1.327,9.41,4.618,4.571,3.625
2027-03-08,-23.5,-46.7,20.112,12.654,89.443,13.454,15.528,1.138,8.986,4.691,4.459,3.747
2027-03-08,-23.5,-46.6,20.136,4.735,85.533,18.052,11.962,1.441,5.75,4.85,6.395,2.796
2027-03-08,-23.5,-46.4,20.257,11.695,90.053,13.382,13.512,1.179,7.942,4.79,5.494,2.896
2027-03-08,-23.5,-46.3,20.26,11.46,89.791,13.868,13.925,1.159,7.272,4.658,5.258,3.12
2027-03-08,-23.4,-46.8,20.292,9.156,89.598,13.485,13.647,1.192,6.684,4.579,5.556,2.975
2027-03-08,-23.4,-46.7,21.188,5.626,87.027,17.566,12.373,1.037,5.375,3.993,4.53,2.542
2027-03-08,-23.4,-46.6,19.85,2.341,84.548,20.199,12.465,1.323,3.736,3.802,4.616,2.655
2027-03-08,-23.4,-46.5,21.11,6.019,86.493,18.208,12.981,1.164,6.394,4.625,4.666,2.531
2027-03-08,-23.4,-46.4,20.994,5.825,83.401,17.469,15.186,1.911,6.016,4.562,4.532,3.57
2027-03-09,-23.8,-46.8,20.167,8.448,89.527,12.91,13.701,1.253,6.589,4.871,6.165,2.276
2027-03-09,-23.8,-46.7,19.971,3.732,84.973,19.275,11.955,1.415,5.591,4.523,5.872,2.587
2027-03-09,-23.8,-46.6,19.818,12.075,91.144,11.997,14.264,1.115,7.315,4.99,5.284,3.113
2027-03-09,-23.8,-46.5,19.738,3.259,84.636,19.545,13.027,1.71,5.026,4.247,5.046,2.852
2027-03-09,-23.7,-46.8,20.865,5.212,86.388,17.578,12.363,1.398,6.586,4.118,5.181,2.182
2027-03-09,-23.7,-46.5,19.97,3.296,84.923,19.701,11.868,1.442,4.652,4.174,5.702,2.553
2027-03-09,-23.7,-46.4,20.322,3.764,85.093,19.256,11.78,1.383,5.26,4.48,5.915,2.618
2027-03-09,-23.6,-46.8,20.135,8.939,90.097,12.254,13.555,1.218,6.716,4.724,6.049,2.382
2027-03-09,-23.6,-46.4,19.952,14.104,90.693,12.573,15.026,1.119,8.874,4.757,5.054,3.64
2027-03-09,-23.6,-46.3,19.807,3.275,84.531,19.531,12.971,1.663,4.699,4.127,5.135,2.907
2027-03-09,-23.5,-46.8,20.784,5.002,83.279,18.028,15.328,1.942,5.525,4.115,4.23,3.353
2027-03-09,-23.5,-46.7,20.033,3.492,84.708,19.227,11.833,1.406,4.906,4.559,5.821,2.555
2027-03-09,-23.5,-46.6,20.036,11.013,90.667,12.427,13.442,1.233,7.469,5.03,5.922,2.386
2027-03-09,-23.5,-46.4,19.836,3.835,84.32,19.448,13.024,1.684,5.594,4.126,5.205,3.166
2027-03-09,-23.5,-46.3,20.018,3.634,84.87,19.194,11.92,1.416,5.013,4.589,5.918,2.769
2027-03-09,-23.4,-46.8,20.04,2.921,84.514,20.216,11.923,1.372,4.592,4.008,5.291,2.625
2027-03-09,-23.4,-46.7,20.063,9.75,89.965,12.732,13.851,1.244,6.761,4.795,5.993,2.525
2027-03-09,-23.4,-46.6,20.542,3.371,84.383,19.673,12.245,1.503,4.864,4.865,5.34,2.415
2027-03-09,-23.4,-46.5,19.999,11.896,90.957,12.109,13.294,1.157,7.89,5.013,5.999,2.365
2027-03-09,-23.4,-46.4,21.454,3.827,81.909,18.082,15.571,1.85,4.759,5.008,4.694,3.832
2027-03-10,-23.8,-46.8,19.428,2.685,83.985,19.608,13.188,1.621,4.759,4.449,5.014,2.689
2027-03-10,-23.8,-46.7,20.699,6.842,88.72,15.484,12.653,1.364,6.978,4.802,6.104,2.31
2027-03-10,-23.8,-46.6,19.481,13.515,90.383,12.736,14.359,1.493,9.639,5.013,5.241,3.436
2027-03-10,-23.8,-46.5,20.373,3.635,84.978,19.844,11.854,1.346,5.63,4.287,5.748,2.782
2027-03-10,-23.7,-46.8,20.124,8.935,89.54,12.859,13.725,1.248,6.646,5.062,6.032,2.379
2027-03-10,-23.7,-46.5,20.753,7.606,88.239,16.229,12.573,1.437,8.53,4.687,5.679,2.21
2027-03-10,-23.7,-46.4,20.19,4.583,85.786,18.139,11.46,1.375,5.769,4.867,6.77,2.545
2027-03-10,-23.6,-46.8,20.897,5.315,83.383,18.066,14.954,1.828,5.767,4.321,4.607,3.592
2027-03-10,-23.6,-46.4,20.018,3.028,84.792,20.275,12.004,1.238,4.833,4.003,5.333,2.688
2027-03-10,-23.6,-46.3,20.755,6.634,87.859,16.822,12.766,1.259,7.566,4.772,5.524,2.319
2027-03-10,-23.5,-46.8,21.497,4.414,83.079,17.103,15.368,1.698,4.98,5.2,5.178,4.196
2027-03-10,-23.5,-46.7,20.178,4.585,84.826,18.288,12.267,1.626,5.835,4.929,6.015,2.911
2027-03-10,-23.5,-46.6,20.869,5.31,83.367,18.107,15.031,1.836,5.875,4.306,4.504,3.476
2027-03-10,-23.5,-46.4,20.286,3.629,84.982,19.181,11.996,1.341,5.162,4.517,6.029,2.98
2027-03-10,-23.5,-46.3,20.704,7.903,88.74,15.577,12.242,1.32,7.638,4.952,6.115,1.878
2027-03-10,-23.4,-46.8,20.891,4.528,85.75,18.245,12.646,1.229,5.57,4.719,4.543,2.144
2027-03-10,-23.4,-46.7,19.869,12.09,89.835,12.828,14.257,1.191,8.489,5.128,5.218,3.69
2027-03-10,-23.4,-46.6,20.333,4.314,85.131,18.644,11.72,1.406,5.619,4.872,6.246,2.722
2027-03-10,-23.4,-46.5,19.95,2.827,84.206,20.209,11.623,1.333,4.715,4.291,5.424,2.398
2027-03-10,-23.4,-46.4,20.353,4.266,85.401,18.313,12.113,1.365,5.584,4.798,6.377,2.945
2027-03-11,-23.8,-46.8,20.344,3.241,84.36,20.018,12.357,1.469,5.655,4.368,5.295,2.619
2027-03-11,-23.8,-46.7,20.107,3.772,84.907,18.71,11.84,1.546,5.457,5.043,6.152,2.561
2027-03-11,-23.8,-46.6,20.677,4.879,83.662,18.446,15.401,1.926,5.845,4.296,4.365,3.43
2027-03-11,-23.8,-46.5,20.768,7.759,88.382,16.193,12.983,1.304,7.614,5.208,6.142,2.434
2027-03-11,-23.7,-46.8,19.899,2.897,84.336,19.939,11.767,1.381,4.57,4.528,5.59,2.456
2027-03-11,-23.7,-46.5,19.803,13.009,91.406,11.843,14.144,1.159,7.332,4.969,5.26,3.087
2027-03-11,-23.7,-46.4,20.139,5.064,85.618,18.125,11.599,1.35,6.736,5.083,6.785,2.69
2027-03-11,-23.6,-46.8,20.106,4.051,85.111,18.013,13.035,1.554,5.211,4.763,5.997,3.279
2027-03-11,-23.6,-46.4,20.708,3.425,84.531,20.111,11.686,1.357,4.596,4.357,5.363,2.67
2027-03-11,-23.6,-46.3,20.218,3.228,84.549,19.385,12.104,1.505,4.65,4.687,5.724,2.729
2027-03-11,-23.5,-46.8,20.278,3.087,84.046,19.413,12.275,1.523,4.706,4.924,5.736,2.858
2027-03-11,-23.5,-46.7,19.93,5.418,85.71,17.171,12.055,1.538,6.153,5.23,6.648,2.817
2027-03-11,-23.5,-46.6,20.251,3.852,84.468,18.309,13.38,1.615,5.058,4.762,5.722,3.536
2027-03-11,-23.5,-46.4,20.7,7.789,88.763,15.658,12.555,1.251,7.893,5.012,5.929,1.961
2027-03-11,-23.5,-46.3,20.188,3.7,84.634,18.902,11.428,1.444,5.061,5.137,6.318,2.575
2027-03-11,-23.4,-46.8,20.113,9.387,90.37,12.267,13.371,1.191,6.989,4.735,5.967,2.431
2027-03-11,-23.4,-46.7,19.865,3.257,83.795,19.809,12.96,1.583,5.026,4.034,4.91,2.919
2027-03-11,-23.4,-46.6,19.902,5.42,85.393,17.429,12.609,1.566,6.656,5.157,6.412,3.259
2027-03-11,-23.4,-46.5,21.014,4.989,85.634,18.048,12.5,1.227,6.441,5.191,4.993,2.361
2027-03-11,-23.4,-46.4,20.038,3.932,85.092,18.054,12.582,1.572,4.847,4.901,6.184,3.074
2027-03-12,-23.8,-46.8,20.961,6.138,86.85,17.153,12.673,1.196,7.208,4.787,5.604,2.095
2027-03-12,-23.8,-46.7,19.994,5.364,85.645,17.426,12.249,1.605,6.652,5.028,6.528,2.88
2027-03-12,-23.8,-46.6,21.304,5.045,83.688,16.958,15.706,1.859,6.177,5.414,5.418,4.383
2027-03-12,-23.8,-46.5,20.162,4.21,85.038,18.867,11.58,1.506,5.963,5.06,6.374,2.519
2027-03-12,-23.7,-46.8,20.586,3.274,84.282,19.952,11.451,1.371,4.914,4.398,5.378,2.195
2027-03-12,-23.7,-46.5,19.682,3.357,84.274,19.395,13.099,1.618,5.019,4.171,5.216,2.993
2027-03-12,-23.7,-46.4,20.157,11.523,90.484,12.571,13.129,1.263,8.341,5.122,6.137,2.461
2027-03-12,-23.6,-46.8,20.028,9.633,89.719,12.609,13.341,1.375,7.725,4.851,5.91,2.226
2027-03-12,-23.6,-46.4,20.93,6.783,87.069,16.961,12.91,1.253,7.579,5.365,5.828,2.67
2027-03-12,-23.6,-46.3,20.377,3.575,84.945,19.615,11.459,1.355,5.021,4.548,5.986,2.528
2027-03-12,-23.5,-46.8,20.149,4.151,84.824,18.583,12.313,1.675,5.181,4.754,5.834,2.754
2027-03-12,-23.5,-46.7,19.916,10.063,89.637,12.698,13.729,1.43,8.114,4.97,5.891,2.459
2027-03-12,-23.5,-46.6,20.272,3.911,85.164,19.068,11.865,1.253,5.502,4.481,6.284,2.857
2027-03-12,-23.5,-46.4,20.323,3.764,84.566,19.164,11.745,1.479,5.334,4.907,6.006,2.646
2027-03-12,-23.5,-46.3,20.225,4.701,85.489,18.155,11.284,1.352,6.051,5.081,6.729,2.499
2027-03-12,-23.4,-46.8,20.044,3.235,84.606,19.987,11.768,1.265,5.301,4.226,5.524,2.388
2027-03-12,-23.4,-46.7,20.483,4.198,84.9,19.207,11.774,1.305,5.638,4.622,6.049,2.731
2027-03-12,-23.4,-46.6,21.403,4.796,82.71,17.463,14.659,1.799,5.631,5.738,5.313,4.009
2027-03-12,-23.4,-46.5,20.111,11.536,90.364,12.471,13.545,1.248,8.193,5.205,5.899,2.796
2027-03-12,-23.4,-46.4,20.13,4.043,84.836,18.262,12.572,1.591,5.286,5.036,6.165,3.011
2027-03-13,-23.8,-46.8,20.352,6.089,87.21,13.873,14.605,1.333,4.942,4.424,5.372,3.281
2027-03-13,-23.8,-46.7,20.17,3.775,83.463,19.116,13.069,1.66,5.546,4.885,5.355,3.23
2027-03-13,-23.8,-46.6,20.266,2.964,84.278,19.335,12.166,1.51,3.93,4.889,5.682,2.7
2027-03-13,-23.8,-46.5,20.545,5.424,87.246,15.616,13.05,1.506,6.428,3.947,5.631,2.348
2027-03-13,-23.7,-46.8,21.063,4.714,85.521,17.057,13.394,1.202,4.995,4.042,5.117,3.159
2027-03-13,-23.7,-46.5,20.053,4.317,85.128,18.639,12.419,1.613,5.557,4.726,5.965,2.743
2027-03-13,-23.7,-46.4,19.725,3.457,84.158,19.196,12.827,1.582,5.017,4.386,5.315,2.962
2027-03-13,-23.6,-46.8,20.737,4.515,83.294,18.337,15.196,1.84,5.197,4.136,4.378,3.38
2027-03-13,-23.6,-46.4,20.033,8.438,88.521,13.068,13.931,1.328,6.987,4.452,5.067,3.105
2027-03-13,-23.6,-46.3,21.223,5.055,86.834,17.471,12.17,1.042,5.163,3.665,4.513,2.385
2027-03-13,-23.5,-46.8,20.203,4.401,85.822,18.122,11.718,1.334,5.607,4.563,6.524,2.797
2027-03-13,-23.5,-46.7,20.93,4.877,83.131,18.136,14.873,1.795,5.397,4.311,4.547,3.456
2027-03-13,-23.5,-46.6,20.334,4.469,85.657,18.421,11.327,1.239,5.897,4.699,6.614,2.612
2027-03-13,-23.5,-46.4,20.29,4.308,85.254,18.634,11.255,1.377,5.775,4.949,6.635,2.478
2027-03-13,-23.5,-46.3,20.243,4.587,85.213,18.336,11.172,1.304,6.132,5.22,6.844,2.464
2027-03-13,-23.4,-46.8,21.002,4.623,85.481,17.26,13.36,1.29,4.756,4.089,5.063,3.175
2027-03-13,-23.4,-46.7,20.931,4.445,86.569,15.746,12.956,1.302,3.943,3.787,5.266,3.234
2027-03-13,-23.4,-46.6,20.259,3.786,84.611,18.712,11.729,1.494,5.042,5.321,6.328,2.468
2027-03-13,-23.4,-46.5,20.068,2.555,84.199,20.506,11.621,1.277,4.245,4.103,5.224,2.383
2027-03-13,-23.4,-46.4,20.131,8.365,88.607,13.242,13.189,1.327,7.186,4.6,5.496,2.541
2027-03-14,-23.8,-46.8,19.789,4.305,84.554,18.422,12.646,1.705,5.925,4.982,5.964,2.906
2027-03-14,-23.8,-46.7,20.575,5.334,87.347,15.349,12.55,1.53,5.596,3.694,5.398,2.395
2027-03-14,-23.8,-46.6,20.589,3.965,85.261,19.255,11.796,1.357,5.132,4.277,5.637,2.561
2027-03-14,-23.8,-46.5,19.889,8.002,88.42,12.957,14.068,1.351,6.463,4.41,4.983,2.963
2027-03-14,-23.7,-46.8,20.242,6.424,87.416,13.466,14.101,1.322,5.156,4.355,5.219,3.072
2027-03-14,-23.7,-46.5,20.14,8.1,88.798,13.372,13.418,1.35,7.224,4.696,5.626,2.59
2027-03-14,-23.7,-46.4,20.098,4.337,84.935,18.527,12.343,1.591,5.64,4.901,6.034,2.748
2027-03-14,-23.6,-46.8,21.49,5.369,83.692,16.956,14.902,1.704,5.967,5.558,5.613,4.205
2027-03-14,-23.6,-46.4,20.086,2.838,84.555,20.229,11.626,1.376,4.337,4.044,5.461,2.343
2027-03-14,-23.6,-46.3,20.693,7.531,87.533,15.906,14.144,1.19,6.916,4.492,5.257,2.763
2027-03-14,-23.5,-46.8,20.197,6.452,87.96,13.353,13.328,1.322,5.502,4.334,5.624,2.533
2027-03-14,-23.5,-46.7,21.597,5.056,83.147,17.033,15.029,1.658,5.624,5.385,5.301,4.218
2027-03-14,-23.5,-46.6,20.151,4.867,85.56,17.941,11.42,1.323,6.276,5.091,6.786,2.722
2027-03-14,-23.5,-46.4,20.656,8.146,87.994,15.276,13.324,1.164,7.746,4.711,5.532,2.481
2027-03-14,-23.5,-46.3,20.393,8.228,87.825,13.476,14.01,1.342,7.566,4.988,5.513,3.369
2027-03-14,-23.4,-46.8,20.284,6.827,87.235,13.928,13.948,1.444,5.724,4.268,5.495,2.993
2027-03-14,-23.4,-46.7,20.368,3.61,84.163,19.132,11.777,1.427,5.186,4.851,5.942,2.67
2027-03-14,-23.4,-46.6,20.631,7.506,88.06,15.174,13.24,1.215,6.978,4.665,5.617,2.414
2027-03-14,-23.4,-46.5,21.189,4.329,85.237,18.142,12.383,1.13,4.909,4.506,4.24,2.702
2027-03-14,-23.4,-46.4,20.829,3.988,83.035,18.21,15.111,1.89,4.725,4.181,4.438,3.596
2027-03-15,-23.8,-46.8,20.132,6.212,87.854,13.302,13.654,1.327,5.273,4.377,5.723,2.491
2027-03-15,-23.8,-46.7,20.042,7.478,87.858,13.272,14.415,1.309,6.2,4.16,4.866,3.233
2027-03-15,-23.8,-46.6,20.334,3.818,85.22,18.663,12.009,1.339,5.361,4.513,6.17,3.101
2027-03-15,-23.8,-46.5,20.037,7.272,87.8,13.979,14.543,1.249,6.425,4.259,4.553,3.382
2027-03-15,-23.7,-46.8,20.0,3.597,84.452,19.321,11.727,1.451,5.559,4.535,5.888,2.494
2027-03-15,-23.7,-46.5,19.969,8.889,88.594,13.21,14.539,1.229,7.458,4.172,4.523,3.512
2027-03-15,-23.7,-46.4,20.661,8.148,88.244,15.159,13.344,1.175,7.505,4.874,5.745,2.474
2027-03-15,-23.6,-46.8,20.103,3.099,83.878,18.832,12.809,1.699,4.214,4.982,5.569,2.742
2027-03-15,-23.6,-46.4,21.086,4.091,85.659,18.183,12.195,1.12,4.477,4.053,4.163,2.106
2027-03-15,-23.6,-46.3,20.138,8.372,88.19,13.113,14.798,1.336,7.146,4.763,4.967,3.699
2027-03-15,-23.5,-46.8,19.952,8.643,87.742,13.356,14.662,1.353,7.552,4.24,4.576,3.506
2027-03-15,-23.5,-46.7,20.206,3.63,83.936,18.659,12.526,1.698,5.1,5.068,5.822,2.832
2027-03-15,-23.5,-46.6,20.298,7.429,87.451,13.899,14.285,1.354,6.449,4.666,5.347,3.253
2027-03-15,-23.5,-46.4,20.192,3.789,84.703,18.956,11.533,1.495,5.054,5.091,6.332,2.441
2027-03-15,-23.5,-46.3,20.172,3.301,84.453,19.542,11.656,1.338,4.937,4.506,5.739,2.499
2027-03-15,-23.4,-46.8,20.087,3.884,84.095,18.784,12.63,1.622,5.237,4.703,5.663,3.023
2027-03-15,-23.4,-46.7,20.44,4.219,84.957,18.69,11.357,1.253,5.842,4.899,6.48,2.728
2027-03-15,-23.4,-46.6,20.111,4.088,84.656,18.718,11.794,1.526,5.903,4.981,6.083,2.591
2027-03-15,-23.4,-46.5,20.211,7.93,88.337,13.228,13.554,1.347,7.016,4.796,5.681,2.811
2027-03-15,-23.4,-46.4,21.364,4.774,83.408,17.356,14.806,1.854,5.384,5.451,5.699,3.994
2027-03-16,-23.8,-46.8,19.492,4.601,85.804,17.675,13.228,2.308,6.234,5.081,6.049,5.719
2027-03-16,-23.8,-46.7,19.204,5.706,85.871,16.458,14.329,2.419,7.067,5.308,5.658,5.65
2027-03-16,-23.8,-46.6,20.201,7.208,88.449,13.475,13.407,1.352,6.51,4.594,5.603,2.541
2027-03-16,-23.8,-46.5,19.474,5.823,86.366,15.947,14.146,2.498,6.199,5.41,5.702,5.849
2027-03-16,-23.7,-46.8,20.721,4.923,86.615,15.594,12.712,1.49,4.971,3.69,5.234,2.682
2027-03-16,-23.7,-46.5,19.747,5.758,85.281,16.21,15.792,2.812,6.212,5.276,4.725,6.04
2027-03-16,-23.7,-46.4,19.496,6.579,86.694,15.295,13.807,2.48,6.49,5.621,5.763,5.748
2027-03-16,-23.6,-46.8,20.259,5.756,85.602,16.117,15.361,2.707,6.212,5.371,5.536,6.1
2027-03-16,-23.6,-46.4,20.421,7.895,87.964,13.312,14.132,1.341,7.364,4.985,5.648,3.507
2027-03-16,-23.6,-46.3,20.1,8.643,87.642,13.72,15.333,1.437,8.349,4.456,4.6,3.821
2027-03-16,-23.5,-46.8,19.705,6.124,85.092,16.053,15.543,2.765,7.02,5.298,4.846,5.812
2027-03-16,-23.5,-46.7,19.713,7.205,87.573,15.209,12.824,2.319,7.077,5.181,6.623,5.837
2027-03-16,-23.5,-46.6,19.592,5.894,86.345,15.73,13.692,2.435,6.253,5.449,5.814,5.663
2027-03-16,-23.5,-46.4,19.718,7.696,87.717,15.003,12.835,2.312,7.487,5.279,6.546,5.901
2027-03-16,-23.5,-46.3,19.773,7.619,87.126,15.405,13.282,2.389,7.383,5.371,6.182,5.865
2027-03-16,-23.4,-46.8,19.644,7.932,87.777,14.941,13.089,2.35,7.739,5.198,6.581,5.926
2027-03-16,-23.4,-46.7,20.246,6.542,87.834,13.474,13.331,1.317,5.867,4.27,5.565,2.577
2027-03-16,-23.4,-46.6,19.656,8.011,87.715,15.038,13.055,2.32,7.904,5.206,6.539,5.96
2027-03-16,-23.4,-46.5,19.948,8.54,88.083,13.412,14.41,1.251,7.757,4.189,4.563,3.456
2027-03-16,-23.4,-46.4,19.508,5.374,85.407,16.216,14.65,2.519,6.46,6.012,5.604,5.588
2027-03-17,-23.8,-46.8,20.095,6.015,87.429,14.014,13.693,1.326,4.99,4.25,5.519,2.333
2027-03-17,-23.8,-46.7,19.705,7.509,86.718,13.855,14.844,2.655,6.62,6.277,4.674,6.009
2027-03-17,-23.8,-46.6,20.054,8.543,88.196,13.396,14.891,1.271,7.293,4.193,4.493,3.517
2027-03-17,-23.8,-46.5,19.71,7.491,86.77,13.855,14.918,2.656,6.423,6.335,4.732,6.18
2027-03-17,-23.7,-46.8,19.915,7.236,87.81,13.061,14.114,1.322,5.774,4.21,4.964,2.901
2027-03-17,-23.7,-46.5,19.603,6.074,86.309,14.389,15.526,2.651,5.969,6.224,4.299,5.98
2027-03-17,-23.7,-46.4,19.696,7.322,87.029,13.701,14.876,2.639,6.392,5.78,4.503,6.214
2027-03-17,-23.6,-46.8,19.399,5.943,86.671,13.957,15.019,2.645,5.987,6.039,4.559,5.659
2027-03-17,-23.6,-46.4,20.304,8.625,87.585,13.617,15.656,1.245,7.837,4.501,4.465,3.986
2027-03-17,-23.6,-46.3,19.555,7.352,87.498,13.578,14.838,2.57,6.379,5.168,4.341,6.143
2027-03-17,-23.5,-46.8,19.65,7.239,86.368,13.851,15.131,2.72,6.792,6.289,4.405,5.958
2027-03-17,-23.5,-46.7,19.667,7.595,87.352,13.491,14.052,2.49,6.577,5.576,4.662,5.756
2027-03-17,-23.5,-46.6,19.669,8.164,87.181,13.488,14.465,2.593,7.102,6.16,4.751,6.018
2027-03-17,-23.5,-46.4,19.595,8.259,87.89,13.031,14.451,2.535,6.563,5.206,4.226,6.236
2027-03-17,-23.5,-46.3,19.684,7.899,87.53,13.261,14.333,2.597,6.489,5.558,4.345,6.088
2027-03-17,-23.4,-46.8,19.613,7.541,87.611,13.793,13.442,2.421,6.606,5.4,5.201,5.852
2027-03-17,-23.4,-46.7,19.966,9.128,87.933,13.329,14.887,1.375,8.16,4.213,4.528,3.551
2027-03-17,-23.4,-46.6,19.565,7.779,88.254,13.336,13.127,2.374,6.533,5.074,5.181,5.872
2027-03-17,-23.4,-46.5,19.395,7.244,87.786,13.685,13.921,2.462,6.477,5.264,4.946,5.821
2027-03-17,-23.4,-46.4,19.538,7.94,87.964,13.22,13.728,2.471,6.908,5.854,4.953,5.853
2027-03-18,-23.8,-46.8,20.164,8.373,88.37,12.715,12.457,1.586,6.689,5.171,4.648,3.821
2027-03-18,-23.8,-46.7,19.958,6.558,86.782,13.894,13.886,2.19,6.385,5.539,4.269,4.328
2027-03-18,-23.8,-46.6,19.888,7.555,88.142,13.215,12.855,1.665,6.624,4.84,4.674,3.845
2027-03-18,-23.8,-46.5,19.942,6.871,87.031,13.782,14.131,2.108,6.941,5.494,4.223,4.655
2027-03-18,-23.7,-46.8,19.99,7.932,87.449,13.515,14.449,1.264,7.008,4.095,4.422,3.33
2027-03-18,-23.7,-46.5,19.752,5.136,86.456,14.423,14.339,2.242,5.272,5.717,4.222,4.276
2027-03-18,-23.7,-46.4,19.816,6.128,86.745,14.084,13.86,2.193,6.106,5.492,4.413,4.38
2027-03-18,-23.6,-46.8,19.637,4.489,85.798,14.952,14.372,2.296,5.37,5.472,4.284,4.378
2027-03-18,-23.6,-46.4,20.153,7.676,87.842,13.057,13.273,1.738,6.337,5.192,4.325,4.342
2027-03-18,-23.6,-46.3,19.809,6.136,86.746,14.035,13.857,2.206,6.148,5.43,4.406,4.384
2027-03-18,-23.5,-46.8,19.972,6.365,86.455,13.967,13.838,2.195,6.341,5.796,4.29,4.12
2027-03-18,-23.5,-46.7,19.856,6.622,86.901,13.876,13.902,2.088,6.826,5.449,4.437,4.4
2027-03-18,-23.5,-46.6,19.801,6.342,86.773,13.887,13.834,2.198,6.327,5.448,4.336,4.229
2027-03-18,-23.5,-46.4,19.922,7.406,87.768,13.413,13.424,1.867,6.445,5.092,4.478,4.342
2027-03-18,-23.5,-46.3,19.914,7.383,87.726,13.372,13.37,1.875,6.445,5.135,4.517,4.328
2027-03-18,-23.4,-46.8,20.082,7.753,87.879,13.54,12.255,1.685,6.618,5.303,5.249,3.989
2027-03-18,-23.4,-46.7,19.921,8.176,88.241,13.439,12.19,1.678,7.362,5.033,5.395,4.038
2027-03-18,-23.4,-46.6,19.981,7.536,88.015,13.612,12.24,1.693,6.653,5.146,5.3,3.938
2027-03-18,-23.4,-46.5,20.105,7.641,87.516,13.497,13.444,1.821,6.617,5.286,4.489,4.425
2027-03-18,-23.4,-46.4,19.634,5.974,87.888,13.673,13.249,1.718,5.933,4.949,4.368,3.821
2027-03-19,-23.8,-46.8,20.225,6.506,86.867,14.212,12.627,1.159,6.927,5.216,4.629,2.468
2027-03-19,-23.8,-46.7,20.404,5.899,86.269,14.286,13.144,1.567,5.663,5.63,4.398,3.06
2027-03-19,-23.8,-46.6,20.11,6.679,87.188,13.921,13.062,1.462,6.754,5.152,4.59,3.413
2027-03-19,-23.8,-46.5,20.035,4.894,86.274,14.633,13.522,1.654,4.951,5.507,4.255,3.032
2027-03-19,-23.7,-46.8,20.295,7.587,87.816,13.384,11.805,1.311,6.321,5.368,5.076,2.799
2027-03-19,-23.7,-46.5,20.137,4.91,86.162,14.545,13.573,1.75,4.738,5.815,4.312,3.102
2027-03-19,-23.7,-46.4,20.436,6.064,86.381,14.159,13.07,1.555,5.66,5.704,4.398,3.11
2027-03-19,-23.6,-46.8,20.377,4.067,84.351,15.697,13.714,1.703,5.058,5.894,4.349,3.109
2027-03-19,-23.6,-46.4,20.269,6.588,86.928,14.076,12.874,1.247,6.692,5.265,4.64,3.22
2027-03-19,-23.6,-46.3,20.251,4.124,84.793,15.607,13.846,1.8,5.066,5.548,4.071,3.21
2027-03-19,-23.5,-46.8,20.224,5.202,86.107,14.489,13.447,1.68,5.179,5.792,4.251,2.978
2027-03-19,-23.5,-46.7,20.276,4.645,85.532,15.093,13.45,1.556,5.176,5.463,4.149,2.973
2027-03-19,-23.5,-46.6,20.417,6.161,86.412,14.024,13.014,1.59,5.741,5.736,4.46,3.128
2027-03-19,-23.5,-46.4,20.254,7.335,87.45,13.474,12.732,1.406,6.143,5.315,4.625,3.355
2027-03-19,-23.5,-46.3,20.264,7.318,87.333,13.523,12.676,1.374,6.272,5.313,4.619,3.29
2027-03-19,-23.4,-46.8,20.346,7.855,87.949,13.255,11.552,1.114,6.668,5.377,5.163,2.357
2027-03-19,-23.4,-46.7,20.323,7.75,87.919,13.358,11.608,1.207,6.617,5.343,5.262,2.705
2027-03-19,-23.4,-46.6,20.312,7.862,87.971,13.283,11.673,1.231,6.67,5.37,5.166,2.724
2027-03-19,-23.4,-46.5,20.435,7.716,87.482,13.34,12.626,1.173,6.366,5.324,4.411,3.079
2027-03-19,-23.4,-46.4,19.959,6.044,87.575,13.65,12.931,1.385,5.596,5.15,4.32,2.915
2027-03-20,-23.8,-46.8,20.228,3.095,83.882,16.474,13.796,1.52,4.464,4.971,3.361,2.237
2027-03-20,-23.8,-46.7,20.115,3.415,84.546,15.813,13.892,1.699,4.293,5.453,3.624,2.179
2027-03-20,-23.8,-46.6,20.199,3.407,84.202,16.232,13.791,1.54,4.845,4.878,3.487,2.443
2027-03-20,-23.8,-46.5,19.993,3.758,84.88,15.599,14.301,1.669,5.389,5.466,3.772,2.964
2027-03-20,-23.7,-46.8,20.288,5.158,86.348,14.88,12.197,1.007,5.769,5.105,4.804,2.173
2027-03-20,-23.7,-46.5,19.996,3.104,84.602,15.85,14.082,1.739,3.43,5.503,3.702,2.422
2027-03-20,-23.7,-46.4,20.261,4.503,84.641,15.577,13.692,1.675,5.731,5.538,4.033,2.5
2027-03-20,-23.6,-46.8,20.404,2.575,81.866,17.001,14.054,1.791,3.368,5.787,3.709,2.305
2027-03-20,-23.6,-46.4,20.296,4.352,84.771,15.422,13.503,1.533,5.416,5.291,3.895,2.514
2027-03-20,-23.6,-46.3,20.717,1.819,81.073,17.57,14.027,1.467,1.931,5.19,2.916,2.146
2027-03-20,-23.5,-46.8,20.076,3.029,84.356,15.823,14.018,1.708,3.507,5.382,3.493,2.325
2027-03-20,-23.5,-46.7,20.249,3.048,83.542,15.973,13.823,1.757,3.795,5.756,3.75,2.185
2027-03-20,-23.5,-46.6,20.321,4.293,84.647,15.441,13.478,1.564,5.32,5.608,3.966,2.393
2027-03-20,-23.5,-46.4,20.339,5.418,85.563,14.69,13.248,1.265,6.117,5.366,4.214,2.858
2027-03-20,-23.5,-46.3,20.351,5.593,85.457,14.673,13.325,1.28,6.365,5.369,4.105,2.821
2027-03-20,-23.4,-46.8,20.283,5.342,85.741,14.837,13.115,1.127,6.115,5.108,4.153,2.534
2027-03-20,-23.4,-46.7,20.284,5.262,85.74,14.835,13.166,1.13,6.057,5.116,4.155,2.654
2027-03-20,-23.4,-46.6,20.3,5.659,86.472,14.494,12.322,0.992,6.013,5.182,4.656,2.243
2027-03-20,-23.4,-46.5,20.162,4.927,85.15,15.174,13.401,1.36,6.123,5.173,4.063,2.633
2027-03-20,-23.4,-46.4,19.995,3.928,85.823,15.088,13.699,1.261,4.575,5.035,3.733,2.39
2027-03-21,-23.8,-46.8,20.166,3.803,83.366,15.485,13.582,1.878,5.08,5.905,4.38,2.483
2027-03-21,-23.8,-46.7,20.168,3.52,83.699,15.943,13.972,1.67,5.38,5.912,3.939,2.992
2027-03-21,-23.8,-46.6,20.213,3.887,83.434,15.547,13.546,1.842,5.021,5.909,4.408,2.464
2027-03-21,-23.8,-46.5,20.205,3.104,83.567,16.155,14.132,1.656,4.054,5.988,3.741,2.391
2027-03-21,-23.7,-46.8,20.514,5.492,85.552,14.764,12.119,1.1,5.9,6.154,4.978,2.38
2027-03-21,-23.7,-46.5,20.042,3.382,83.774,15.945,14.059,1.749,4.698,5.931,4.021,2.947
2027-03-21,-23.7,-46.4,20.631,4.065,83.415,15.906,13.599,1.501,5.003,6.219,3.985,2.398
2027-03-21,-23.6,-46.8,19.754,3.081,83.18,16.434,13.74,2.173,4.506,5.043,5.323,2.515
2027-03-21,-23.6,-46.4,20.619,4.279,83.751,15.752,13.382,1.526,5.499,6.019,4.009,2.396
2027-03-21,-23.6,-46.3,21.364,1.544,80.174,20.856,13.229,1.261,3.181,5.892,3.819,2.131
2027-03-21,-23.5,-46.8,20.1,2.629,83.194,16.783,13.622,1.464,3.439,5.263,4.019,2.405
2027-03-21,-23.5,-46.7,19.808,2.843,83.003,15.558,13.85,1.983,3.942,5.45,4.552,2.459
2027-03-21,-23.5,-46.6,20.662,4.177,83.187,15.934,13.506,1.517,5.26,6.2,4.065,2.384
2027-03-21,-23.5,-46.4,20.53,5.961,85.122,14.642,13.259,1.222,6.388,6.085,4.234,2.954
2027-03-21,-23.5,-46.3,20.55,6.059,84.961,14.758,13.264,1.21,6.49,6.045,4.178,2.816
2027-03-21,-23.4,-46.8,20.515,4.405,83.869,15.694,13.434,1.546,5.569,5.858,3.897,2.488
2027-03-21,-23.4,-46.7,20.517,4.424,84.026,15.606,13.431,1.524,5.552,5.895,3.928,2.49
2027-03-21,-23.4,-46.6,20.387,5.619,85.145,14.749,13.558,1.384,6.347,5.754,4.125,2.923
2027-03-21,-23.4,-46.5,20.624,5.57,84.795,14.882,13.183,1.222,6.156,6.15,4.241,2.766
2027-03-21,-23.4,-46.4,20.153,3.323,84.051,15.706,13.941,1.695,4.001,5.804,3.737,2.43
2027-03-22,-23.8,-46.8,20.544,4.497,83.595,15.785,13.5,1.495,5.565,6.092,4.117,2.502
2027-03-22,-23.8,-46.7,20.078,3.252,83.576,15.974,13.809,1.598,4.409,5.902,4.265,2.678
2027-03-22,-23.8,-46.6,20.73,2.365,80.846,17.511,14.05,1.665,3.539,5.328,3.024,2.278
2027-03-22,-23.8,-46.5,20.132,3.412,84.102,15.727,13.674,1.482,4.526,5.932,4.307,2.63
2027-03-22,-23.7,-46.8,20.554,5.782,85.272,14.5,13.069,1.192,6.2,6.081,4.289,2.795
2027-03-22,-23.7,-46.5,19.858,3.383,83.7,15.818,14.089,1.786,4.161,6.369,4.597,2.631
2027-03-22,-23.7,-46.4,20.395,3.661,83.607,15.922,13.926,1.633,4.412,6.105,3.907,2.557
2027-03-22,-23.6,-46.8,19.776,3.288,83.232,15.823,14.11,1.986,4.339,6.558,4.937,2.672
2027-03-22,-23.6,-46.4,20.614,4.803,83.637,15.514,13.473,1.444,5.651,6.339,4.286,2.666
2027-03-22,-23.6,-46.3,21.591,2.757,80.391,20.115,12.65,1.246,4.048,6.043,4.822,2.489
2027-03-22,-23.5,-46.8,19.459,3.952,83.515,15.3,13.617,1.992,5.559,5.873,5.118,2.311
2027-03-22,-23.5,-46.7,19.443,3.366,83.266,15.219,13.679,1.853,4.411,5.394,4.826,2.376
2027-03-22,-23.5,-46.6,20.434,3.473,83.202,15.903,13.901,1.624,4.366,6.036,3.767,2.542
2027-03-22,-23.5,-46.4,20.574,6.104,84.961,14.731,13.219,1.233,6.477,6.082,4.201,2.797
2027-03-22,-23.5,-46.3,20.583,6.11,85.05,14.63,13.207,1.221,6.406,6.175,4.264,2.872
2027-03-22,-23.4,-46.8,20.83,2.495,81.068,17.42,13.911,1.401,3.769,5.49,3.137,2.246
2027-03-22,-23.4,-46.7,20.832,2.282,80.944,17.5,13.848,1.419,3.523,5.367,3.046,2.115
2027-03-22,-23.4,-46.6,20.553,4.284,83.832,15.694,13.446,1.554,5.332,5.944,3.922,2.504
2027-03-22,-23.4,-46.5,20.683,5.82,84.882,14.845,13.109,1.163,6.406,6.001,4.26,3.067
2027-03-22,-23.4,-46.4,20.278,2.837,81.951,16.546,13.868,1.716,3.861,5.783,3.937,2.331
2027-03-23,-23.8,-46.8,20.512,5.316,83.925,15.354,13.5,1.433,6.103,6.399,4.446,2.751
2027-03-23,-23.8,-46.7,19.936,2.841,83.339,15.873,13.936,1.883,3.177,5.951,4.301,2.364
2027-03-23,-23.8,-46.6,21.122,1.934,80.614,19.815,13.379,1.291,3.474,6.047,3.893,2.356
2027-03-23,-23.8,-46.5,19.932,3.565,84.011,15.701,13.794,1.716,4.852,6.51,4.775,2.655
2027-03-23,-23.7,-46.8,20.399,4.972,84.857,15.077,13.309,1.482,6.019,5.661,3.945,2.612
2027-03-23,-23.7,-46.5,20.059,2.713,82.305,16.576,14.025,1.748,3.097,5.678,4.169,2.353
2027-03-23,-23.7,-46.4,20.383,3.706,83.88,15.735,13.89,1.492,4.433,6.604,4.129,2.653
2027-03-23,-23.6,-46.8,19.781,3.428,83.599,15.737,14.016,1.86,4.458,6.544,4.946,2.663
2027-03-23,-23.6,-46.4,20.465,3.802,84.058,15.546,13.829,1.411,4.431,6.179,3.888,2.668
2027-03-23,-23.6,-46.3,21.208,3.873,83.247,17.848,11.979,1.404,4.814,5.906,5.149,2.302
2027-03-23,-23.5,-46.8,20.112,2.813,83.409,16.21,13.902,1.833,3.08,5.866,3.745,2.2
2027-03-23,-23.5,-46.7,19.879,3.664,83.492,15.693,13.781,1.817,5.173,6.367,4.612,2.544
2027-03-23,-23.5,-46.6,20.095,3.786,83.687,15.524,13.721,1.696,5.025,6.467,4.568,2.649
2027-03-23,-23.5,-46.4,20.606,4.483,83.66,15.781,13.268,1.552,5.689,5.95,3.895,2.389
2027-03-23,-23.5,-46.3,20.581,5.874,85.159,14.679,13.197,1.235,6.511,5.809,4.127,2.919
2027-03-23,-23.4,-46.8,21.102,2.275,80.839,19.319,13.181,1.461,4.059,6.158,4.371,2.215
2027-03-23,-23.4,-46.7,21.198,2.126,80.594,19.659,13.253,1.318,4.057,6.271,4.25,2.277
2027-03-23,-23.4,-46.6,20.813,2.433,80.956,17.378,13.91,1.383,3.697,5.449,3.141,2.251
2027-03-23,-23.4,-46.5,20.695,6.068,84.759,14.768,13.149,1.154,6.665,6.035,4.125,2.916
2027-03-23,-23.4,-46.4,19.67,2.955,82.227,16.156,13.61,2.015,3.96,5.329,4.507,2.621
2027-03-24,-23.8,-46.8,20.365,5.875,85.385,14.457,12.965,1.415,6.343,6.045,4.109,2.5
2027-03-24,-23.8,-46.7,19.363,3.055,82.858,15.587,13.75,2.006,4.155,5.36,4.73,2.398
2027-03-24,-23.8,-46.6,21.352,1.67,80.082,20.972,12.968,1.071,3.225,5.698,3.912,2.061
2027-03-24,-23.8,-46.5,20.047,4.012,84.614,15.328,13.833,1.654,5.033,6.644,4.262,2.628
2027-03-24,-23.7,-46.8,20.461,5.421,85.31,14.526,12.79,1.37,6.011,5.993,3.958,2.69
2027-03-24,-23.7,-46.5,19.308,3.141,83.125,15.273,13.617,2.004,3.792,5.253,4.984,2.451
2027-03-24,-23.7,-46.4,20.125,3.886,84.498,15.356,13.676,1.632,4.569,6.632,4.163,2.547
2027-03-24,-23.6,-46.8,19.676,3.608,83.97,15.291,13.804,1.932,4.553,6.572,4.716,2.626
2027-03-24,-23.6,-46.4,20.31,3.863,84.304,15.344,13.54,1.468,4.557,5.983,3.758,2.395
2027-03-24,-23.6,-46.3,20.286,9.786,87.929,12.236,12.217,1.418,7.775,5.557,4.098,2.656
2027-03-24,-23.5,-46.8,19.34,2.985,82.832,15.421,13.571,2.038,3.535,5.435,4.799,2.416
2027-03-24,-23.5,-46.7,20.072,4.088,84.261,15.343,13.751,1.683,5.028,6.6,4.134,2.619
2027-03-24,-23.5,-46.6,20.063,3.191,83.607,15.85,13.783,1.813,3.685,5.938,3.651,2.331
2027-03-24,-23.5,-46.4,20.567,2.543,81.378,17.055,13.832,1.693,3.675,5.667,3.151,2.376
2027-03-24,-23.5,-46.3,20.434,5.805,85.373,14.492,12.832,1.287,6.438,5.899,3.913,2.556
2027-03-24,-23.4,-46.8,21.28,3.583,81.777,18.517,12.796,1.133,5.456,6.476,4.959,2.758
2027-03-24,-23.4,-46.7,21.347,3.438,82.25,18.568,12.478,0.918,4.544,5.871,4.433,3.002
2027-03-24,-23.4,-46.6,21.063,2.298,80.829,19.2,13.188,1.484,4.156,6.14,4.482,2.217
2027-03-24,-23.4,-46.5,20.391,4.933,84.375,15.362,13.174,1.62,5.877,5.794,3.819,2.487
2027-03-24,-23.4,-46.4,19.86,2.807,81.906,16.48,13.744,1.843,4.109,5.321,3.977,2.448
2027-03-25,-23.8,-46.8,20.24,6.207,85.837,14.221,13.043,1.503,6.486,5.71,3.98,2.555
2027-03-25,-23.8,-46.7,19.935,2.363,81.731,16.791,13.965,1.928,3.409,5.63,3.995,2.322
2027-03-25,-23.8,-46.6,21.489,1.755,80.124,20.786,12.809,1.056,3.172,5.039,4.217,2.795
2027-03-25,-23.8,-46.5,19.816,4.026,84.925,15.376,14.159,1.796,5.637,5.833,3.876,2.9
2027-03-25,-23.7,-46.8,20.325,5.757,85.765,14.248,12.992,1.42,6.113,5.692,3.981,2.558
2027-03-25,-23.7,-46.5,19.591,2.036,82.531,16.878,14.081,2.055,2.967,5.44,3.936,2.372
2027-03-25,-23.7,-46.4,20.035,4.485,84.838,15.2,13.733,1.658,5.612,6.403,4.095,2.537
2027-03-25,-23.6,-46.8,19.896,3.75,84.557,15.103,13.763,1.821,4.608,6.488,4.278,2.636
2027-03-25,-23.6,-46.4,20.245,4.721,84.17,15.557,13.254,1.79,6.211,5.849,3.954,2.369
2027-03-25,-23.6,-46.3,19.687,5.898,86.511,14.424,13.133,1.625,6.939,4.794,4.046,2.214
2027-03-25,-23.5,-46.8,19.473,2.243,82.417,16.291,13.785,1.956,3.396,5.222,4.287,2.346
2027-03-25,-23.5,-46.7,20.017,3.944,84.644,15.2,13.64,1.663,4.962,6.122,4.021,2.566
2027-03-25,-23.5,-46.6,20.031,2.546,81.885,16.499,13.787,1.868,3.779,5.646,3.997,2.291
2027-03-25,-23.5,-46.4,20.198,2.549,81.363,17.257,13.442,1.859,3.878,5.764,4.427,2.675
2027-03-25,-23.5,-46.3,20.076,3.555,84.326,15.974,13.428,1.594,4.924,5.279,3.537,2.42
2027-03-25,-23.4,-46.8,20.451,9.27,88.24,11.971,11.833,1.227,7.004,5.448,3.732,2.601
2027-03-25,-23.4,-46.7,20.517,8.933,87.63,12.872,11.761,1.258,7.414,5.612,4.302,2.572
2027-03-25,-23.4,-46.6,21.299,3.779,82.131,18.206,12.549,1.134,5.284,6.423,4.771,2.855
2027-03-25,-23.4,-46.5,20.305,2.341,82.504,16.931,13.614,1.769,3.621,5.572,3.091,2.211
2027-03-25,-23.4,-46.4,19.315,3.085,82.567,15.488,13.505,2.048,3.818,5.513,4.828,2.382
2027-03-26,-23.8,-46.8,19.999,4.981,85.203,15.204,13.418,1.682,6.227,5.379,3.863,2.338
2027-03-26,-23.8,-46.7,19.236,2.921,82.525,15.277,13.63,2.1,3.738,5.431,5.26,2.582
2027-03-26,-23.8,-46.6,21.438,2.986,82.17,18.926,11.655,0.896,4.013,5.24,4.429,2.638
2027-03-26,-23.8,-46.5,20.004,1.977,82.834,16.939,14.032,1.878,2.488,5.318,3.23,2.306
2027-03-26,-23.7,-46.8,20.096,4.627,85.13,15.093,13.226,1.658,5.531,5.416,3.697,2.38
2027-03-26,-23.7,-46.5,18.839,3.103,83.523,15.069,13.796,2.143,3.98,4.977,5.489,2.625
2027-03-26,-23.7,-46.4,20.096,4.938,84.77,15.135,13.714,1.581,6.246,6.305,4.037,2.492
2027-03-26,-23.6,-46.8,19.82,3.656,84.117,15.557,14.242,1.947,5.229,6.144,4.042,3.044
2027-03-26,-23.6,-46.4,20.515,2.759,81.567,17.216,13.693,1.637,4.267,5.622,3.252,2.253
2027-03-26,-23.6,-46.3,19.756,5.931,86.063,14.561,13.416,1.829,7.038,5.052,3.987,2.364
2027-03-26,-23.5,-46.8,19.09,2.591,82.128,15.691,13.56,2.171,3.513,5.287,5.429,2.556
2027-03-26,-23.5,-46.7,19.949,3.323,84.058,15.645,13.657,1.891,3.899,5.737,3.647,2.303
2027-03-26,-23.5,-46.6,19.311,2.79,82.426,15.254,13.659,2.059,3.913,5.368,5.064,2.493
2027-03-26,-23.5,-46.4,21.088,1.812,80.373,19.515,13.011,1.317,3.083,5.967,3.969,2.17
2027-03-26,-23.5,-46.3,20.449,2.538,81.547,16.942,13.745,1.691,3.568,5.645,3.167,2.29
2027-03-26,-23.4,-46.8,19.993,5.868,85.863,14.544,13.002,1.47,6.898,5.519,4.225,2.257
2027-03-26,-23.4,-46.7,19.944,5.122,85.549,14.923,13.129,1.583,6.337,5.52,4.133,2.207
2027-03-26,-23.4,-46.6,20.387,9.433,87.158,12.649,12.452,1.396,7.892,6.007,4.084,2.865
2027-03-26,-23.4,-46.5,19.314,3.538,82.938,15.016,13.639,2.052,4.768,5.31,4.955,2.362
2027-03-26,-23.4,-46.4,19.887,2.302,81.391,16.921,14.085,2.035,3.544,5.562,4.028,2.354
2027-03-27,-23.8,-46.8,20.224,2.621,82.924,16.944,13.606,1.708,4.021,5.529,3.361,2.186
2027-03-27,-23.8,-46.7,19.363,2.097,82.346,16.151,13.66,2.037,2.929,5.433,4.857,2.465
2027-03-27,-23.8,-46.6,20.629,7.385,86.222,14.317,11.792,1.525,7.455,6.243,4.969,2.648
2027-03-27,-23.8,-46.5,18.954,3.068,83.366,15.022,13.654,2.125,3.985,4.866,5.52,2.569
2027-03-27,-23.7,-46.8,20.398,2.351,82.571,16.98,13.552,1.612,3.659,5.382,3.193,2.196
2027-03-27,-23.7,-46.5,19.628,1.892,82.359,16.898,14.067,2.067,2.438,5.543,4.014,2.401
2027-03-27,-23.7,-46.4,19.905,3.394,84.58,15.666,13.809,1.922,3.856,5.819,3.739,2.316
2027-03-27,-23.6,-46.8,20.24,2.099,81.374,17.185,14.191,1.86,2.497,5.547,3.28,2.43
2027-03-27,-23.6,-46.4,20.976,2.124,81.609,18.831,13.115,1.432,3.732,5.509,4.087,2.416
2027-03-27,-23.6,-46.3,19.879,5.605,85.429,14.982,13.668,1.821,6.887,5.307,3.903,2.375
2027-03-27,-23.5,-46.8,19.395,2.184,81.305,16.246,13.729,2.096,3.315,5.485,5.195,2.523
2027-03-27,-23.5,-46.7,19.926,2.196,81.275,16.88,14.181,1.981,3.068,5.655,3.975,2.39
2027-03-27,-23.5,-46.6,19.473,2.295,82.126,15.744,13.667,1.95,3.126,5.312,4.747,2.414
2027-03-27,-23.5,-46.4,21.52,1.642,79.443,20.966,12.635,1.192,2.871,5.178,3.97,2.367
2027-03-27,-23.5,-46.3,19.438,3.079,82.655,15.092,13.569,1.976,4.244,5.396,4.969,2.419
2027-03-27,-23.4,-46.8,19.963,5.812,85.21,14.966,13.745,1.749,7.44,5.691,4.111,2.917
2027-03-27,-23.4,-46.7,20.152,3.63,83.607,16.132,13.513,1.729,5.201,5.682,3.591,2.305
2027-03-27,-23.4,-46.6,19.788,5.284,85.478,15.12,13.464,1.633,7.193,5.308,4.022,2.61
2027-03-27,-23.4,-46.5,19.811,2.818,82.651,16.485,13.893,1.893,4.923,5.289,3.865,2.34
2027-03-27,-23.4,-46.4,19.166,3.319,82.61,15.37,13.52,2.118,4.022,5.518,5.317,2.417
2027-03-28,-23.8,-46.8,19.477,3.257,82.651,15.19,13.611,2.014,4.495,5.853,5.047,2.46
2027-03-28,-23.8,-46.7,18.969,2.31,81.922,15.737,13.785,2.195,3.446,5.551,5.687,2.626
2027-03-28,-23.8,-46.6,20.03,6.88,85.344,14.496,13.504,1.813,7.887,6.364,4.344,2.539
2027-03-28,-23.8,-46.5,19.612,2.07,82.277,16.947,14.188,2.051,2.912,6.002,4.113,2.507
2027-03-28,-23.7,-46.8,19.898,3.153,82.283,16.356,13.495,2.002,4.748,5.845,4.965,2.602
2027-03-28,-23.7,-46.5,18.837,2.684,82.846,15.308,13.538,2.159,3.711,5.533,5.685,2.663
2027-03-28,-23.7,-46.4,19.965,2.324,81.829,16.805,14.101,1.906,3.461,6.125,4.044,2.382
2027-03-28,-23.6,-46.8,20.374,2.142,80.985,18.302,13.471,2.007,3.522,6.321,5.131,2.6
2027-03-28,-23.6,-46.4,21.451,1.451,81.283,20.192,12.674,0.897,2.833,5.014,3.61,2.548
2027-03-28,-23.6,-46.3,20.138,5.442,84.861,15.04,13.676,1.741,6.792,6.417,4.153,2.907
2027-03-28,-23.5,-46.8,19.094,2.431,81.44,16.162,13.596,2.229,3.448,5.993,5.688,2.517
2027-03-28,-23.5,-46.7,19.128,2.942,82.079,15.519,13.502,2.18,3.836,5.971,5.447,2.547
2027-03-28,-23.5,-46.6,19.308,2.485,82.006,15.597,13.698,2.037,3.459,5.642,5.222,2.383
2027-03-28,-23.5,-46.4,21.698,2.115,79.248,20.668,12.053,1.156,3.306,5.892,4.219,2.779
2027-03-28,-23.5,-46.3,19.717,2.707,82.326,16.54,13.863,2.058,4.754,5.841,4.059,2.468
2027-03-28,-23.4,-46.8,20.203,2.771,82.812,16.868,13.742,1.763,4.236,5.71,3.413,2.292
2027-03-28,-23.4,-46.7,20.26,2.827,81.546,17.151,14.122,1.878,4.432,5.896,3.435,2.464
2027-03-28,-23.4,-46.6,20.214,2.669,82.7,16.928,13.661,1.762,4.361,5.742,3.42,2.194
2027-03-28,-23.4,-46.5,19.327,3.401,82.638,15.161,13.59,2.051,4.339,6.086,4.912,2.435
2027-03-28,-23.4,-46.4,19.699,2.566,82.494,16.449,13.881,2.028,3.812,6.212,4.289,2.467
2027-03-29,-23.8,-46.8,19.8,2.502,82.29,16.7,13.948,1.95,4.227,6.226,4.012,2.334
2027-03-29,-23.8,-46.7,19.135,2.207,81.143,15.929,13.713,2.209,3.302,6.956,5.675,2.485
2027-03-29,-23.8,-46.6,19.99,4.263,84.766,15.789,13.51,1.763,6.103,5.693,3.934,2.351
2027-03-29,-23.8,-46.5,18.99,2.811,81.85,15.41,13.543,2.303,3.844,7.553,5.883,2.592
2027-03-29,-23.7,-46.8,20.021,2.807,81.516,16.678,13.947,1.912,4.534,6.426,4.179,2.357
2027-03-29,-23.7,-46.5,19.386,2.077,80.879,16.501,13.708,2.16,3.295,6.765,5.371,2.559
2027-03-29,-23.7,-46.4,19.155,3.032,82.161,15.204,13.546,2.157,3.779,6.709,5.51,2.462
2027-03-29,-23.6,-46.8,21.405,1.464,79.127,20.654,12.873,1.142,3.102,7.291,3.887,2.358
2027-03-29,-23.6,-46.4,21.57,2.825,81.357,18.743,12.026,0.835,4.024,7.507,4.41,3.226
2027-03-29,-23.6,-46.3,20.247,4.76,84.62,15.08,13.307,1.697,5.368,6.575,4.203,2.616
2027-03-29,-23.5,-46.8,19.329,2.121,80.528,16.393,13.804,2.22,3.315,6.725,5.601,2.511
2027-03-29,-23.5,-46.7,19.475,2.161,80.929,16.382,13.725,2.16,2.971,6.682,5.12,2.582
2027-03-29,-23.5,-46.6,19.196,2.369,81.512,15.67,13.844,2.245,3.436,6.538,5.468,2.489
2027-03-29,-23.5,-46.4,21.524,3.153,80.838,19.21,11.457,0.929,3.534,6.282,3.079,2.519
2027-03-29,-23.5,-46.3,19.378,3.073,81.884,15.463,13.685,2.1,4.127,6.726,5.15,2.536
2027-03-29,-23.4,-46.8,19.454,3.138,81.977,15.437,13.703,2.105,4.155,6.592,5.024,2.485
2027-03-29,-23.4,-46.7,20.263,2.897,81.272,17.635,13.823,2.002,4.329,6.741,4.51,2.674
2027-03-29,-23.4,-46.6,19.586,3.175,81.167,17.001,14.23,2.251,4.673,6.855,5.039,2.483
2027-03-29,-23.4,-46.5,19.72,2.464,82.044,16.775,14.083,2.031,4.229,6.196,4.002,2.355
2027-03-29,-23.4,-46.4,19.186,3.089,82.115,15.318,13.688,2.294,3.862,6.701,5.371,2.522
2027-03-30,-23.8,-46.8,19.349,3.165,82.084,15.283,13.576,2.098,4.098,6.679,5.26,2.484
2027-03-30,-23.8,-46.7,19.156,2.153,80.75,16.11,13.767,2.234,3.308,7.146,5.834,2.466
2027-03-30,-23.8,-46.6,20.195,3.586,82.47,16.606,13.838,1.896,5.401,6.424,3.877,2.369
2027-03-30,-23.8,-46.5,19.324,2.038,81.193,16.45,13.694,2.147,2.938,6.829,5.269,2.588
2027-03-30,-23.7,-46.8,19.291,3.113,81.96,15.393,13.675,2.122,4.227,6.721,5.152,2.589
2027-03-30,-23.7,-46.5,18.896,2.382,80.816,16.031,13.665,2.389,3.616,7.705,6.18,2.658
2027-03-30,-23.7,-46.4,19.421,2.088,82.064,16.407,13.932,2.033,2.985,6.26,4.62,2.493
2027-03-30,-23.6,-46.8,21.602,2.385,78.443,20.342,12.301,1.271,3.836,7.145,4.375,2.789
2027-03-30,-23.6,-46.4,21.096,4.843,83.329,16.846,12.441,1.362,6.629,7.26,5.104,2.981
2027-03-30,-23.6,-46.3,20.318,3.375,83.406,16.364,13.305,1.658,4.506,6.024,3.696,2.346
2027-03-30,-23.5,-46.8,18.972,2.339,80.486,16.12,13.614,2.393,3.52,7.65,6.156,2.586
2027-03-30,-23.5,-46.7,19.154,2.529,81.227,16.008,13.536,2.277,3.472,6.871,5.659,2.537
2027-03-30,-23.5,-46.6,19.395,2.199,80.74,16.249,13.722,2.186,3.35,6.634,5.491,2.563
2027-03-30,-23.5,-46.4,21.513,3.117,83.86,18.868,11.861,0.901,3.442,3.721,2.519,1.875
2027-03-30,-23.5,-46.3,19.894,2.555,81.096,16.92,14.156,2.139,4.155,6.26,4.085,2.494
2027-03-30,-23.4,-46.8,19.999,2.735,81.113,16.846,14.115,2.009,4.506,6.281,4.074,2.345
2027-03-30,-23.4,-46.7,20.774,2.612,81.279,18.176,13.308,1.738,4.438,7.211,4.739,2.706
2027-03-30,-23.4,-46.6,20.141,3.058,81.038,17.167,14.301,1.981,4.879,6.433,3.8,2.452
2027-03-30,-23.4,-46.5,19.254,3.206,81.783,15.416,13.615,2.199,3.957,6.634,5.326,2.558
2027-03-30,-23.4,-46.4,19.81,1.899,81.796,16.884,14.044,2.016,3.068,6.128,4.154,2.362
2027-03-31,-23.8,-46.8,19.763,2.461,82.347,16.614,13.886,1.969,4.188,5.903,4.044,2.386
2027-03-31,-23.8,-46.7,19.004,2.253,81.52,15.361,13.707,2.128,3.227,5.813,5.525,2.488
2027-03-31,-23.8,-46.6,20.154,3.289,82.379,16.547,13.982,1.904,4.829,6.361,3.813,2.581
2027-03-31,-23.8,-46.5,18.756,2.388,81.893,15.103,13.548,2.241,3.454,5.798,5.642,2.694
2027-03-31,-23.7,-46.8,19.643,2.487,82.259,16.711,14.124,2.125,4.206,5.896,3.99,2.6
2027-03-31,-23.7,-46.5,19.12,2.231,81.476,15.627,13.786,2.14,3.253,5.763,5.324,2.448
2027-03-31,-23.7,-46.4,18.77,2.54,82.404,14.893,13.415,2.175,3.493,5.382,5.585,2.642
2027-03-31,-23.6,-46.8,21.779,3.3,77.171,20.423,12.158,1.587,5.179,6.145,4.508,1.721
2027-03-31,-23.6,-46.4,20.199,7.268,84.513,14.627,13.428,1.802,7.859,6.893,4.647,2.693
2027-03-31,-23.6,-46.3,20.354,2.473,81.454,16.907,13.686,1.699,3.506,6.005,3.541,2.477
2027-03-31,-23.5,-46.8,19.352,2.743,80.414,16.485,13.615,2.171,4.338,5.896,5.28,2.377
2027-03-31,-23.5,-46.7,19.225,2.349,81.441,15.581,13.727,2.097,3.333,5.724,5.263,2.528
2027-03-31,-23.5,-46.6,18.973,2.548,81.7,15.456,13.529,2.191,3.419,5.79,5.549,2.489
2027-03-31,-23.5,-46.4,20.524,9.68,86.664,13.535,11.882,1.365,8.583,6.113,4.684,2.406
2027-03-31,-23.5,-46.3,19.3,3.099,81.921,15.184,13.75,2.09,3.987,6.051,5.027,2.539
2027-03-31,-23.4,-46.8,19.249,3.423,82.286,15.068,13.818,2.093,4.349,6.046,5.008,2.547
2027-03-31,-23.4,-46.7,21.045,4.397,81.902,17.934,13.051,1.328,6.875,7.342,4.987,3.042
2027-03-31,-23.4,-46.6,20.098,2.985,81.1,17.148,14.334,2.064,4.69,6.246,3.787,2.593
2027-03-31,-23.4,-46.5,19.618,1.952,81.878,16.731,14.117,2.144,3.138,5.896,4.06,2.515
2027-03-31,-23.4,-46.4,18.793,3.048,82.637,14.426,13.449,2.119,3.932,5.449,5.274,2.557
2027-04-01,-23.8,-46.8,19.123,2.946,82.425,14.69,13.676,2.093,3.481,5.343,5.008,2.591
2027-04-01,-23.8,-46.7,18.982,2.111,81.454,15.528,13.863,2.149,3.137,5.51,5.202,2.546
2027-04-01,-23.8,-46.6,20.114,2.855,81.894,16.907,14.241,1.898,4.565,5.896,3.812,2.418
2027-04-01,-23.8,-46.5,19.212,2.111,81.283,15.803,13.755,2.096,3.257,5.732,5.079,2.624
2027-04-01,-23.7,-46.8,19.176,3.032,82.461,14.724,13.693,2.049,3.725,5.48,4.933,2.625
2027-04-01,-23.7,-46.5,19.156,2.082,81.366,15.778,13.54,2.108,3.198,5.544,5.304,2.554
2027-04-01,-23.7,-46.4,19.332,2.203,81.511,15.601,13.869,1.965,3.226,5.492,5.061,2.459
2027-04-01,-23.6,-46.8,21.731,3.875,77.686,19.411,12.102,1.615,5.143,5.714,4.479,2.16
2027-04-01,-23.6,-46.4,19.997,3.574,84.19,16.249,13.712,1.762,5.901,5.537,3.818,2.317
2027-04-01,-23.6,-46.3,19.321,3.162,82.579,14.879,13.642,1.98,4.039,5.626,4.934,2.425
2027-04-01,-23.5,-46.8,19.481,2.948,80.718,16.464,13.436,2.141,4.344,6.019,5.228,2.516
2027-04-01,-23.5,-46.7,19.183,2.179,81.113,15.75,13.847,2.099,3.217,5.615,5.191,2.542
2027-04-01,-23.5,-46.6,19.19,2.184,81.303,15.722,13.72,2.145,3.286,5.48,5.067,2.598
2027-04-01,-23.5,-46.4,19.99,7.745,85.663,14.231,13.218,1.71,8.566,5.948,4.135,2.363
2027-04-01,-23.5,-46.3,19.708,1.99,81.992,16.788,14.11,2.049,3.165,5.716,3.992,2.389
2027-04-01,-23.4,-46.8,19.693,2.667,82.232,16.408,13.828,2.071,4.51,5.661,3.932,2.56
2027-04-01,-23.4,-46.7,20.381,7.548,85.027,14.379,13.196,1.623,7.623,6.884,4.725,2.931
2027-04-01,-23.4,-46.6,20.11,3.01,81.722,16.739,13.899,1.965,4.382,6.313,4.252,2.658
2027-04-01,-23.4,-46.5,18.775,3.218,82.852,14.379,13.451,2.114,4.044,5.173,5.253,2.53
2027-04-01,-23.4,-46.4,19.208,2.136,82.47,16.298,14.371,2.069,3.4,5.52,4.521,2.562
2027-04-02,-23.8,-46.8,19.374,2.188,81.858,15.957,13.939,1.931,3.076,5.63,4.772,2.565
2027-04-02,-23.8,-46.7,18.858,2.031,81.483,15.496,13.677,2.175,3.32,5.44,5.412,2.708
2027-04-02,-23.8,-46.6,19.269,3.252,82.916,14.819,13.78,2.061,4.173,5.796,4.805,2.491
2027-04-02,-23.8,-46.5,18.865,2.14,81.554,15.174,13.77,2.169,3.344,5.55,5.401,2.71
2027-04-02,-23.7,-46.8,19.499,2.046,82.092,16.238,14.054,1.948,3.232,5.774,4.522,2.523
2027-04-02,-23.7,-46.5,18.975,1.9,81.184,15.447,13.726,2.163,3.207,5.499,5.356,2.669
2027-04-02,-23.7,-46.4,19.133,2.129,81.662,15.554,13.518,2.084,3.19,5.404,5.339,2.504
2027-04-02,-23.6,-46.8,21.63,4.805,78.62,18.496,12.265,1.465,5.909,6.003,4.833,2.739
2027-04-02,-23.6,-46.4,20.146,3.437,82.275,16.599,13.997,1.922,5.428,6.261,3.945,2.532
2027-04-02,-23.6,-46.3,19.654,2.747,82.599,16.299,13.924,2.032,4.472,5.499,4.028,2.564
2027-04-02,-23.5,-46.8,19.33,2.491,81.702,15.626,13.638,2.079,3.213,5.891,4.993,2.473
2027-04-02,-23.5,-46.7,19.161,2.058,81.046,15.737,13.665,2.129,3.191,5.446,5.267,2.56
2027-04-02,-23.5,-46.6,19.098,2.114,81.181,15.786,13.707,2.18,3.234,5.485,5.227,2.561
2027-04-02,-23.5,-46.4,19.908,6.479,85.521,14.685,13.373,1.853,7.752,5.703,4.035,2.403
2027-04-02,-23.5,-46.3,18.843,3.03,82.844,14.254,13.445,2.051,3.901,5.126,5.121,2.51
2027-04-02,-23.4,-46.8,19.222,2.906,82.17,15.109,13.6,2.121,3.563,5.585,4.865,2.533
2027-04-02,-23.4,-46.7,19.963,3.1,83.436,16.754,13.921,1.757,5.377,5.224,3.303,2.271
2027-04-02,-23.4,-46.6,19.315,3.416,83.529,14.855,13.767,2.149,4.102,6.051,4.677,2.54
2027-04-02,-23.4,-46.5,19.326,2.09,82.707,16.603,14.492,2.147,3.487,5.306,3.99,2.549
2027-04-02,-23.4,-46.4,18.701,2.686,82.251,14.802,13.475,2.173,3.654,5.305,5.544,2.65
2027-04-03,-23.8,-46.8,19.064,2.233,81.615,15.275,13.581,2.102,3.202,5.513,5.35,2.552
2027-04-03,-23.8,-46.7,18.83,1.992,81.411,15.453,13.705,2.192,3.311,5.493,5.399,2.672
2027-04-03,-23.8,-46.6,19.727,4.459,83.964,15.287,13.828,2.027,6.041,6.019,4.385,2.581
2027-04-03,-23.8,-46.5,18.904,1.953,81.452,15.418,13.68,2.157,3.301,5.514,5.316,2.679
2027-04-03,-23.7,-46.8,18.754,2.57,82.642,14.558,13.453,2.129,3.465,5.11,5.317,2.666
2027-04-03,-23.7,-46.5,18.853,1.867,81.259,15.463,13.74,2.203,3.218,5.529,5.342,2.657
2027-04-03,-23.7,-46.4,18.957,1.962,81.601,15.24,13.544,2.119,3.23,5.193,5.381,2.64
2027-04-03,-23.6,-46.8,20.987,7.722,82.803,15.165,12.393,1.448,7.671,7.144,4.983,2.79
2027-04-03,-23.6,-46.4,19.943,3.189,81.882,16.619,14.296,2.023,4.918,6.309,4.084,2.602
2027-04-03,-23.6,-46.3,19.249,2.824,82.333,15.039,13.599,2.073,3.542,5.479,4.907,2.498
2027-04-03,-23.5,-46.8,19.184,2.18,81.216,15.523,13.814,2.146,3.273,5.43,4.957,2.538
2027-04-03,-23.5,-46.7,18.922,2.003,81.15,15.333,13.791,2.178,3.317,5.36,5.307,2.612
2027-04-03,-23.5,-46.6,18.864,2.044,81.378,15.398,13.819,2.214,3.362,5.345,5.299,2.595
2027-04-03,-23.5,-46.4,19.983,3.53,83.502,16.205,13.736,1.854,5.506,5.974,3.724,2.429
2027-04-03,-23.5,-46.3,19.226,2.079,82.419,16.266,14.314,1.987,3.369,5.557,4.523,2.432
2027-04-03,-23.4,-46.8,19.243,2.348,81.852,15.819,13.78,2.125,3.16,5.719,4.753,2.64
2027-04-03,-23.4,-46.7,19.91,3.079,81.696,16.803,14.349,2.02,4.65,6.008,3.907,2.521
2027-04-03,-23.4,-46.6,19.481,2.953,83.55,15.507,14.215,2.14,3.619,6.011,4.052,2.502
2027-04-03,-23.4,-46.5,18.569,2.866,82.602,14.475,13.652,2.176,3.762,5.314,5.427,2.628
2027-04-03,-23.4,-46.4,19.364,2.334,81.229,15.734,13.903,2.067,3.447,5.559,4.876,2.612
2027-04-04,-23.8,-46.8,19.12,2.09,81.36,15.466,13.623,2.12,3.173,5.568,5.189,2.687
2027-04-04,-23.8,-46.7,18.812,1.984,81.358,15.327,13.75,2.243,3.306,5.571,5.321,2.753
2027-04-04,-23.8,-46.6,19.854,3.046,84.11,15.588,13.897,1.991,3.536,5.718,3.761,2.32
2027-04-04,-23.8,-46.5,18.795,1.959,81.411,15.405,13.782,2.244,3.303,5.551,5.289,2.746
2027-04-04,-23.7,-46.8,19.191,2.097,81.982,15.648,14.141,1.979,3.321,5.338,4.764,2.465
2027-04-04,-23.7,-46.5,18.831,1.905,81.43,15.411,13.738,2.183,3.241,5.495,5.338,2.697
2027-04-04,-23.7,-46.4,18.99,1.917,81.485,15.223,13.575,2.096,3.221,5.301,5.293,2.678
2027-04-04,-23.6,-46.8,20.228,7.585,84.313,14.358,13.407,1.643,8.314,6.205,4.069,2.409
2027-04-04,-23.6,-46.4,19.917,3.175,82.313,16.344,14.216,2.012,4.89,5.857,4.014,2.586
2027-04-04,-23.6,-46.3,19.304,2.269,82.012,15.606,13.741,1.969,3.099,5.377,4.658,2.534
2027-04-04,-23.5,-46.8,19.113,2.095,81.021,15.604,13.716,2.182,3.221,5.475,5.121,2.661
2027-04-04,-23.5,-46.7,18.86,2.007,81.292,15.386,13.76,2.214,3.333,5.418,5.25,2.717
2027-04-04,-23.5,-46.6,18.835,1.996,81.323,15.392,13.794,2.242,3.334,5.405,5.266,2.714
2027-04-04,-23.5,-46.4,20.125,2.913,81.858,16.675,14.215,1.878,4.146,5.697,3.581,2.38
2027-04-04,-23.5,-46.3,18.733,2.394,82.13,14.722,13.486,2.147,3.456,5.241,5.467,2.699
2027-04-04,-23.4,-46.8,19.033,2.502,81.476,15.21,13.788,2.173,3.382,5.661,5.131,2.646
2027-04-04,-23.4,-46.7,19.768,3.097,81.982,16.537,14.364,2.076,4.569,5.874,3.929,2.568
2027-04-04,-23.4,-46.6,19.649,2.358,81.66,16.481,14.201,1.975,3.031,5.73,4.072,2.359
2027-04-04,-23.4,-46.5,19.115,2.26,82.312,15.892,14.2,2.012,3.235,5.411,4.694,2.54
2027-04-04,-23.4,-46.4,19.045,2.424,81.268,15.501,13.689,2.208,3.396,5.751,5.172,2.679
2027-04-05,-23.8,-46.8,18.947,1.839,81.37,15.154,13.691,2.111,2.828,5.422,5.268,2.73
2027-04-05,-23.8,-46.7,18.812,1.822,81.5,15.256,13.704,2.175,2.867,5.44,5.249,2.713
2027-04-05,-23.8,-46.6,19.585,2.297,82.629,15.53,13.914,1.904,2.882,5.285,4.286,2.383
2027-04-05,-23.8,-46.5,18.835,1.813,81.506,15.191,13.666,2.139,2.855,5.499,5.191,2.693
2027-04-05,-23.7,-46.8,18.853,1.931,81.828,14.938,13.537,2.106,2.931,5.224,5.229,2.695
2027-04-05,-23.7,-46.5,18.806,1.791,81.566,15.215,13.711,2.171,2.829,5.387,5.245,2.697
2027-04-05,-23.7,-46.4,18.879,1.834,81.768,15.08,13.489,2.112,2.752,5.404,5.307,2.566
2027-04-05,-23.6,-46.8,20.053,7.691,85.597,13.92,13.38,1.639,8.352,5.605,3.899,2.388
2027-04-05,-23.6,-46.4,19.817,2.927,82.093,16.44,14.227,2.009,4.716,5.28,3.816,2.416
2027-04-05,-23.6,-46.3,19.102,2.149,82.114,15.063,13.74,1.999,2.838,5.066,4.909,2.571
2027-04-05,-23.5,-46.8,18.927,1.918,81.324,15.029,13.768,2.136,2.909,5.187,5.163,2.626
2027-04-05,-23.5,-46.7,18.841,1.898,81.416,15.224,13.758,2.166,2.941,5.316,5.209,2.657
2027-04-05,-23.5,-46.6,18.86,1.878,81.373,15.247,13.733,2.17,2.939,5.325,5.236,2.669
2027-04-05,-23.5,-46.4,19.373,3.127,82.899,14.307,13.755,1.986,3.958,5.368,4.468,2.512
2027-04-05,-23.5,-46.3,19.271,2.148,81.592,15.227,13.944,1.958,2.979,5.187,4.785,2.553
2027-04-05,-23.4,-46.8,19.21,2.291,81.655,15.269,13.71,2.005,3.032,5.426,4.973,2.643
2027-04-05,-23.4,-46.7,19.736,2.967,82.516,16.05,14.277,1.979,4.45,5.478,3.895,2.553
2027-04-05,-23.4,-46.6,19.035,2.572,81.905,16.085,14.305,2.183,3.209,5.111,4.721,2.443
2027-04-05,-23.4,-46.5,18.886,2.37,82.145,14.804,13.653,2.097,2.999,5.23,5.047,2.58
2027-04-05,-23.4,-46.4,19.1,2.334,81.643,15.289,13.73,2.081,3.043,5.455,4.984,2.631
2027-04-06,-23.8,-46.8,18.896,1.728,81.337,15.246,13.673,2.092,2.753,5.443,5.277,2.673
2027-04-06,-23.8,-46.7,18.751,1.74,81.668,15.078,13.732,2.139,2.746,5.306,5.207,2.67
2027-04-06,-23.8,-46.6,19.172,2.319,82.435,14.73,13.777,1.938,2.862,4.929,4.791,2.509
2027-04-06,-23.8,-46.5,18.822,1.719,81.619,15.081,13.649,2.108,2.738,5.377,5.177,2.66
2027-04-06,-23.7,-46.8,19.095,1.687,81.374,15.076,13.67,2.003,2.66,5.348,5.114,2.623
2027-04-06,-23.7,-46.5,18.743,1.729,81.736,15.084,13.717,2.141,2.735,5.234,5.213,2.639
2027-04-06,-23.7,-46.4,18.844,1.746,81.797,14.994,13.457,2.145,2.696,5.332,5.257,2.567
2027-04-06,-23.6,-46.8,20.115,6.673,85.903,13.624,13.124,1.596,7.332,5.566,3.907,2.541
2027-04-06,-23.6,-46.4,19.199,2.797,82.951,14.671,13.682,1.967,3.186,5.079,4.567,2.457
2027-04-06,-23.6,-46.3,19.011,1.933,81.755,14.94,13.67,2.028,2.904,4.92,5.211,2.655
2027-04-06,-23.5,-46.8,18.916,1.762,81.231,15.232,13.748,2.162,2.806,5.364,5.148,2.643
2027-04-06,-23.5,-46.7,18.888,1.77,81.309,15.171,13.637,2.113,2.792,5.392,5.206,2.607
2027-04-06,-23.5,-46.6,18.886,1.77,81.248,15.205,13.714,2.163,2.791,5.324,5.255,2.656
2027-04-06,-23.5,-46.4,19.597,4.391,84.787,14.553,13.797,1.892,5.91,4.778,3.954,2.575
2027-04-06,-23.5,-46.3,18.9,1.955,81.743,14.877,13.571,2.119,2.932,5.114,5.23,2.637
2027-04-06,-23.4,-46.8,18.948,2.233,81.796,15.089,13.728,2.144,2.924,5.339,5.017,2.585
2027-04-06,-23.4,-46.7,19.521,2.7,82.192,15.989,14.316,2.003,3.718,5.42,3.976,2.43
2027-04-06,-23.4,-46.6,19.063,2.449,82.166,14.948,13.752,2.058,3.068,5.102,5.035,2.507
2027-04-06,-23.4,-46.5,19.228,2.216,81.654,15.207,13.892,1.964,3.021,5.179,4.757,2.595
2027-04-06,-23.4,-46.4,18.963,2.205,81.722,15.059,13.675,2.122,2.876,5.396,5.012,2.568
2027-04-07,-23.8,-46.8,18.87,1.725,81.387,15.181,13.601,2.117,2.755,5.456,5.25,2.657
2027-04-07,-23.8,-46.7,18.76,1.894,82.008,14.852,13.552,2.182,2.895,5.396,5.185,2.58
2027-04-07,-23.8,-46.6,19.215,2.233,82.027,14.936,14.045,1.923,2.896,5.093,4.875,2.583
2027-04-07,-23.8,-46.5,18.824,1.798,81.978,14.882,13.517,2.138,2.772,5.465,5.165,2.542
2027-04-07,-23.7,-46.8,18.938,1.88,81.775,15.004,13.396,2.089,2.843,5.484,5.293,2.548
2027-04-07,-23.7,-46.5,18.803,1.833,81.936,14.946,13.543,2.127,2.819,5.377,5.213,2.554
2027-04-07,-23.7,-46.4,18.92,1.795,81.837,14.918,13.453,2.092,2.749,5.332,5.184,2.504
2027-04-07,-23.6,-46.8,19.795,4.558,85.362,14.565,13.565,1.777,6.085,4.663,3.472,2.288
2027-04-07,-23.6,-46.4,19.304,2.339,82.286,15.158,13.939,1.902,3.114,4.962,4.524,2.449
2027-04-07,-23.6,-46.3,19.058,1.74,81.464,14.982,13.804,2.017,2.712,5.128,5.144,2.569
2027-04-07,-23.5,-46.8,18.882,1.796,81.242,15.184,13.715,2.176,2.834,5.353,5.233,2.649
2027-04-07,-23.5,-46.7,18.878,1.712,81.173,15.231,13.779,2.153,2.71,5.393,5.192,2.64
2027-04-07,-23.5,-46.6,18.843,1.766,81.308,15.205,13.771,2.155,2.792,5.307,5.212,2.645
2027-04-07,-23.5,-46.4,19.841,2.623,83.446,16.412,14.173,1.77,4.283,4.686,2.976,2.385
2027-04-07,-23.5,-46.3,19.081,1.948,81.667,14.843,13.562,2.036,2.886,5.34,5.095,2.468
2027-04-07,-23.4,-46.8,19.053,2.189,81.753,15.171,13.439,2.085,2.899,5.457,5.104,2.491
2027-04-07,-23.4,-46.7,19.228,2.866,82.618,14.682,13.7,1.989,3.337,4.864,4.575,2.5
2027-04-07,-23.4,-46.6,19.237,2.391,81.823,14.982,14.065,1.945,3.099,5.079,4.813,2.648
2027-04-07,-23.4,-46.5,19.094,2.247,81.897,15.084,13.287,2.064,2.93,5.58,5.081,2.493
2027-04-07,-23.4,-46.4,19.04,2.267,81.905,15.026,13.445,2.098,2.961,5.524,5.076,2.463
2027-04-08,-23.8,-46.8,18.861,1.817,81.622,14.63,13.412,2.07,2.788,5.674,4.947,2.949
2027-04-08,-23.8,-46.7,18.895,1.839,81.837,14.421,13.868,2.036,2.773,5.457,4.761,2.851
2027-04-08,-23.8,-46.6,19.146,2.267,82.278,14.544,13.419,1.894,2.89,4.961,4.775,2.556
2027-04-08,-23.8,-46.5,18.926,1.821,81.742,14.481,13.819,2.009,2.773,5.672,4.836,2.856
2027-04-08,-23.7,-46.8,18.979,1.772,81.669,14.615,13.417,1.974,2.754,5.699,4.921,2.92
2027-04-08,-23.7,-46.5,18.9,1.828,81.735,14.487,13.851,2.071,2.772,5.638,4.816,2.921
2027-04-08,-23.7,-46.4,18.918,1.845,81.75,14.465,13.739,2.035,2.778,5.476,4.916,2.872
2027-04-08,-23.6,-46.8,19.9,2.656,83.796,16.191,13.99,1.649,4.531,4.004,2.976,2.251
2027-04-08,-23.6,-46.4,19.005,2.109,82.127,14.609,13.573,1.964,2.765,4.82,4.659,2.755
2027-04-08,-23.6,-46.3,19.122,1.911,81.59,14.609,13.438,1.883,2.848,5.535,4.911,2.918
2027-04-08,-23.5,-46.8,18.829,1.786,81.074,14.851,13.705,2.118,2.831,5.539,4.936,3.053
2027-04-08,-23.5,-46.7,18.777,1.968,81.601,14.599,13.571,2.145,2.951,5.635,4.885,3.029
2027-04-08,-23.5,-46.6,18.776,1.899,81.544,14.735,13.638,2.141,2.875,5.619,4.935,3.038
2027-04-08,-23.5,-46.4,19.084,2.888,83.435,13.671,13.427,1.947,3.186,4.582,4.252,2.595
2027-04-08,-23.5,-46.3,19.106,1.889,81.656,14.369,13.697,1.901,2.795,5.526,4.783,2.777
2027-04-08,-23.4,-46.8,18.974,2.266,81.844,14.741,13.449,2.066,2.984,5.53,4.844,2.9
2027-04-08,-23.4,-46.7,19.157,2.216,82.497,14.985,13.744,1.866,2.866,4.769,4.236,2.557
2027-04-08,-23.4,-46.6,19.121,2.276,81.909,14.767,13.62,1.918,3.006,4.99,4.649,2.758
2027-04-08,-23.4,-46.5,19.056,2.34,81.848,14.68,13.396,2.014,3.016,5.782,4.787,2.915
2027-04-08,-23.4,-46.4,18.887,2.324,81.943,14.568,13.522,2.105,2.959,5.654,4.66,2.9
2027-04-09,-23.8,-46.8,18.965,1.83,81.579,14.176,13.806,1.89,2.78,5.475,4.499,2.908
2027-04-09,-23.8,-46.7,18.886,2.037,81.567,14.123,14.003,1.913,3.365,5.694,4.477,2.892
2027-04-09,-23.8,-46.6,18.932,2.417,82.693,14.116,13.859,1.81,3.39,4.816,4.193,2.674
2027-04-09,-23.8,-46.5,18.851,2.05,81.714,14.186,14.024,1.909,3.362,5.595,4.485,2.887
2027-04-09,-23.7,-46.8,18.971,1.81,81.456,14.264,13.758,1.863,2.768,5.626,4.55,2.863
2027-04-09,-23.7,-46.5,18.869,1.85,81.557,14.196,13.94,1.899,2.842,5.695,4.522,2.854
2027-04-09,-23.7,-46.4,18.905,2.077,81.589,14.164,13.899,1.89,3.365,5.441,4.521,2.87
2027-04-09,-23.6,-46.8,19.119,2.875,83.714,13.218,13.513,1.847,3.639,4.457,3.717,2.6
2027-04-09,-23.6,-46.4,19.065,1.919,81.667,14.299,13.835,1.817,2.781,4.724,4.563,2.681
2027-04-09,-23.6,-46.3,19.029,1.842,81.678,14.155,13.779,1.873,2.742,5.35,4.537,2.849
2027-04-09,-23.5,-46.8,18.897,2.005,81.318,14.278,13.928,1.992,2.981,5.622,4.521,2.857
2027-04-09,-23.5,-46.7,18.983,1.953,81.427,14.202,13.893,1.895,2.927,5.473,4.451,2.797
2027-04-09,-23.5,-46.6,18.911,1.926,81.509,14.194,13.935,1.964,2.87,5.498,4.505,2.84
2027-04-09,-23.5,-46.4,19.015,2.257,83.415,14.39,13.653,1.715,2.855,4.269,3.913,2.468
2027-04-09,-23.5,-46.3,19.014,2.113,81.581,14.203,13.921,1.853,3.385,5.421,4.497,2.805
2027-04-09,-23.4,-46.8,19.004,2.357,81.96,14.227,13.579,1.925,2.993,5.562,4.215,2.872
2027-04-09,-23.4,-46.7,19.041,2.246,81.745,14.484,13.442,1.898,2.942,4.926,4.467,2.828
2027-04-09,-23.4,-46.6,19.032,2.442,82.057,14.167,13.584,1.877,3.008,5.459,4.237,2.918
2027-04-09,-23.4,-46.5,19.0,2.401,81.906,14.296,13.643,1.916,3.022,5.652,4.261,2.885
2027-04-09,-23.4,-46.4,18.743,2.496,82.386,14.236,13.897,1.933,3.453,5.423,4.237,2.837
2027-04-10,-23.8,-46.8,18.876,2.011,81.34,14.307,13.928,1.905,3.374,5.648,4.536,2.92
2027-04-10,-23.8,-46.7,18.876,2.055,81.347,14.329,14.041,1.903,3.448,5.575,4.522,2.882
2027-04-10,-23.8,-46.6,18.992,2.459,82.585,14.242,13.841,1.778,3.708,4.789,4.188,2.624
2027-04-10,-23.8,-46.5,18.844,2.041,81.422,14.414,14.046,1.908,3.42,5.631,4.572,2.879
2027-04-10,-23.7,-46.8,19.147,1.847,80.692,15.183,13.841,1.913,3.417,5.606,4.278,3.045
2027-04-10,-23.7,-46.5,18.84,1.976,81.405,14.407,14.032,1.902,3.364,5.623,4.581,2.883
2027-04-10,-23.7,-46.4,19.076,1.904,81.021,15.076,13.831,1.964,3.455,5.391,4.306,2.978
2027-04-10,-23.6,-46.8,19.171,1.485,82.709,16.05,13.767,1.77,2.342,4.058,3.444,2.689
2027-04-10,-23.6,-46.4,19.057,1.834,81.819,14.109,13.584,1.786,2.745,4.787,4.604,2.58
2027-04-10,-23.6,-46.3,18.977,2.132,81.546,14.489,13.912,1.882,3.837,5.349,4.63,2.902
2027-04-10,-23.5,-46.8,18.926,2.142,81.126,14.269,14.021,1.892,3.477,5.658,4.526,2.856
2027-04-10,-23.5,-46.7,18.918,2.123,81.269,14.246,14.005,1.921,3.459,5.582,4.489,2.863
2027-04-10,-23.5,-46.6,18.919,2.047,81.307,14.157,14.032,1.891,3.396,5.548,4.534,2.863
2027-04-10,-23.5,-46.4,18.894,2.228,82.689,14.003,13.57,1.759,2.884,4.693,4.283,2.512
2027-04-10,-23.5,-46.3,18.957,2.132,81.485,14.222,13.886,1.867,3.422,5.524,4.55,2.795
2027-04-10,-23.4,-46.8,18.758,2.598,82.588,14.16,13.897,1.898,3.821,5.22,4.12,2.86
2027-04-10,-23.4,-46.7,18.972,2.043,81.92,14.346,13.867,1.852,2.818,4.833,4.472,2.715
2027-04-10,-23.4,-46.6,18.883,2.337,82.544,14.123,13.796,1.85,3.016,5.264,4.16,2.88
2027-04-10,-23.4,-46.5,18.813,2.586,82.396,14.406,13.945,1.861,3.825,5.387,4.17,2.83
2027-04-10,-23.4,-46.4,18.833,2.557,82.443,14.206,13.873,1.904,3.78,5.289,4.201,2.885
2027-04-11,-23.8,-46.8,19.101,1.812,80.429,15.425,13.901,1.974,3.473,5.537,4.232,3.057
2027-04-11,-23.8,-46.7,19.181,1.452,79.766,16.367,14.341,2.026,2.599,5.346,4.029,3.14
2027-04-11,-23.8,-46.6,19.224,2.266,82.077,14.97,13.705,1.796,3.578,4.926,3.869,2.738
2027-04-11,-23.8,-46.5,19.135,1.853,80.433,15.4,14.052,1.939,3.474,5.631,4.188,3.004
2027-04-11,-23.7,-46.8,18.744,1.982,81.344,14.785,13.549,2.013,3.397,5.567,4.649,3.037
2027-04-11,-23.7,-46.5,19.165,1.872,80.513,15.334,14.03,1.916,3.492,5.444,4.216,3.023
2027-04-11,-23.7,-46.4,18.994,1.8,80.767,15.538,13.441,2.044,3.431,5.346,4.33,3.133
2027-04-11,-23.6,-46.8,19.316,1.287,80.59,16.529,13.656,1.942,2.137,4.117,3.994,3.114
2027-04-11,-23.6,-46.4,19.018,1.972,81.456,14.356,13.837,1.858,3.289,5.278,4.545,2.935
2027-04-11,-23.6,-46.3,19.191,1.933,81.009,15.125,13.873,1.867,3.46,5.315,4.279,2.963
2027-04-11,-23.5,-46.8,18.908,2.136,80.904,14.594,14.135,1.881,3.512,5.683,4.511,2.835
2027-04-11,-23.5,-46.7,19.148,1.909,80.286,15.322,14.114,1.936,3.513,5.563,4.182,2.958
2027-04-11,-23.5,-46.6,19.125,1.926,80.467,15.221,14.055,1.947,3.505,5.499,4.165,2.96
2027-04-11,-23.5,-46.4,19.209,2.202,81.66,15.034,13.704,1.725,3.546,5.121,4.117,2.94
2027-04-11,-23.5,-46.3,19.37,1.247,79.572,16.698,14.318,1.966,2.226,5.087,3.662,3.15
2027-04-11,-23.4,-46.8,19.153,2.344,82.102,15.145,13.78,1.862,3.636,5.256,3.81,2.889
2027-04-11,-23.4,-46.7,18.983,2.108,81.537,14.25,13.741,1.791,3.051,5.355,4.62,2.885
2027-04-11,-23.4,-46.6,18.741,2.476,82.412,14.352,13.924,1.884,3.442,5.341,4.291,2.884
2027-04-11,-23.4,-46.5,18.897,2.67,82.31,14.779,13.871,1.899,4.322,5.402,4.198,2.81
2027-04-11,-23.4,-46.4,19.126,2.319,82.025,15.202,13.794,1.894,3.651,5.306,3.82,2.857
2027-04-12,-23.8,-46.8,19.183,1.654,79.787,16.491,13.45,2.054,3.329,5.979,4.566,2.949
2027-04-12,-23.8,-46.7,18.907,2.151,80.734,15.639,13.341,2.083,3.376,6.398,5.35,2.785
2027-04-12,-23.8,-46.6,19.401,1.529,80.5,16.645,13.654,1.991,2.305,4.801,3.391,3.173
2027-04-12,-23.8,-46.5,19.195,1.666,79.824,16.43,13.56,2.066,3.198,5.994,4.639,2.931
2027-04-12,-23.7,-46.8,19.1,1.767,80.367,15.489,13.792,2.024,3.473,5.438,4.211,3.088
2027-04-12,-23.7,-46.5,18.999,1.817,80.485,15.523,13.519,2.055,3.462,5.345,4.323,3.196
2027-04-12,-23.7,-46.4,18.769,2.055,81.086,15.023,13.626,2.021,3.898,5.726,4.685,2.993
2027-04-12,-23.6,-46.8,18.93,2.314,81.572,14.695,13.333,1.951,3.6,5.077,4.663,3.013
2027-04-12,-23.6,-46.4,19.278,1.914,80.782,15.195,13.843,1.883,3.467,5.219,4.271,3.043
2027-04-12,-23.6,-46.3,19.107,1.464,80.207,16.473,13.766,2.091,2.568,5.209,4.038,3.357
2027-04-12,-23.5,-46.8,19.158,1.432,79.667,16.329,14.28,2.028,2.597,5.122,4.03,3.147
2027-04-12,-23.5,-46.7,19.209,1.68,79.499,16.414,13.555,2.037,3.237,5.881,4.767,2.868
2027-04-12,-23.5,-46.6,19.221,1.736,79.538,16.487,13.548,2.051,3.308,5.934,4.757,2.895
2027-04-12,-23.5,-46.4,19.494,1.49,80.113,16.697,13.688,1.915,2.382,4.943,3.459,3.427
2027-04-12,-23.5,-46.3,18.995,2.478,80.811,15.194,13.347,2.069,3.741,6.415,5.346,2.764
2027-04-12,-23.4,-46.8,19.187,2.297,81.125,15.079,13.39,1.96,3.558,5.599,3.992,3.116
2027-04-12,-23.4,-46.7,18.928,2.28,81.473,14.453,13.927,1.878,3.536,5.41,4.556,2.923
2027-04-12,-23.4,-46.6,19.159,1.964,81.392,15.882,14.227,1.975,2.857,5.186,3.644,3.143
2027-04-12,-23.4,-46.5,19.458,1.575,80.387,16.461,13.989,1.989,2.455,5.252,3.076,3.229
2027-04-12,-23.4,-46.4,19.17,2.302,81.195,15.077,13.41,1.962,3.556,5.586,4.007,3.079
2027-04-13,-23.8,-46.8,18.899,2.109,80.791,15.281,13.315,2.074,3.266,6.35,5.186,2.799
2027-04-13,-23.8,-46.7,18.814,2.149,81.156,14.846,13.647,2.047,3.329,5.741,4.441,2.989
2027-04-13,-23.8,-46.6,18.768,2.348,81.555,14.604,13.427,2.07,3.645,5.62,4.713,3.223
2027-04-13,-23.8,-46.5,18.876,2.077,80.693,15.589,13.393,2.068,3.272,6.442,5.232,2.807
2027-04-13,-23.7,-46.8,19.018,1.737,80.245,15.986,13.41,1.998,3.155,6.163,4.764,2.868
2027-04-13,-23.7,-46.5,19.117,1.583,79.632,16.311,13.631,2.053,3.123,5.975,4.577,2.901
2027-04-13,-23.7,-46.4,18.977,1.821,80.628,15.489,13.583,2.05,3.498,5.354,4.276,3.094
2027-04-13,-23.6,-46.8,19.086,2.265,81.598,14.534,13.649,1.845,3.378,5.032,4.289,2.677
2027-04-13,-23.6,-46.4,19.321,1.131,79.785,16.858,13.869,2.009,2.069,4.664,3.646,3.393
2027-04-13,-23.6,-46.3,18.914,2.161,80.765,15.483,13.269,2.058,3.443,6.175,5.251,2.802
2027-04-13,-23.5,-46.8,18.899,2.12,80.495,15.579,13.331,2.036,3.358,6.272,5.35,2.742
2027-04-13,-23.5,-46.7,19.378,1.926,78.84,16.664,13.36,2.041,3.385,7.061,5.015,2.797
2027-04-13,-23.5,-46.6,18.94,2.135,80.428,15.443,13.411,2.054,3.348,6.364,5.293,2.781
2027-04-13,-23.5,-46.4,19.142,2.435,81.108,15.082,13.271,2.075,3.515,6.063,4.996,2.806
2027-04-13,-23.5,-46.3,18.896,2.562,81.68,14.742,13.452,2.074,4.244,5.74,4.315,2.973
2027-04-13,-23.4,-46.8,19.229,2.263,80.853,15.21,13.452,1.962,3.545,5.68,3.957,3.106
2027-04-13,-23.4,-46.7,19.206,1.629,80.527,16.537,14.284,2.017,2.44,5.218,3.445,3.264
2027-04-13,-23.4,-46.6,19.203,1.471,79.947,16.454,13.912,2.013,2.427,4.937,3.962,3.434
2027-04-13,-23.4,-46.5,19.009,2.366,80.968,15.302,13.227,2.023,3.396,6.298,4.983,2.798
2027-04-13,-23.4,-46.4,19.269,1.835,80.256,16.198,13.726,2.037,2.795,5.432,3.755,3.285
2027-04-14,-23.8,-46.8,18.714,2.023,81.091,14.602,13.621,2.019,3.408,5.674,4.609,3.013
2027-04-14,-23.8,-46.7,18.809,1.955,80.85,14.688,14.062,1.959,3.368,5.639,4.453,2.923
2027-04-14,-23.8,-46.6,19.013,2.2,81.621,15.106,13.868,1.906,3.545,5.395,3.964,3.015
2027-04-14,-23.8,-46.5,18.73,1.963,81.039,14.573,13.638,2.009,3.349,5.723,4.552,3.036
2027-04-14,-23.7,-46.8,18.948,1.77,80.406,15.247,13.332,1.943,2.931,6.315,4.662,2.864
2027-04-14,-23.7,-46.5,18.843,1.905,80.474,15.444,13.267,2.033,3.039,6.411,5.031,2.842
2027-04-14,-23.7,-46.4,18.712,1.938,81.181,14.825,13.63,2.004,3.353,5.534,4.649,2.988
2027-04-14,-23.6,-46.8,18.857,2.383,82.382,14.262,13.811,1.824,3.452,4.87,4.227,2.637
2027-04-14,-23.6,-46.4,18.93,2.148,80.825,15.084,13.322,2.012,3.287,6.085,4.99,2.779
2027-04-14,-23.6,-46.3,18.841,2.166,81.357,14.765,13.406,2.066,3.355,5.693,4.462,3.016
2027-04-14,-23.5,-46.8,18.969,1.726,79.789,15.74,13.629,1.926,2.999,5.944,4.586,2.766
2027-04-14,-23.5,-46.7,19.402,1.827,78.669,16.241,13.214,1.982,2.993,7.291,4.85,2.793
2027-04-14,-23.5,-46.6,18.95,1.797,79.792,15.664,13.555,1.976,3.132,6.225,4.641,2.781
2027-04-14,-23.5,-46.4,19.057,2.353,81.643,14.48,13.37,1.962,3.685,5.549,4.303,2.968
2027-04-14,-23.5,-46.3,19.084,2.503,81.615,14.789,13.56,2.012,4.237,5.592,4.129,2.806
2027-04-14,-23.4,-46.8,19.112,2.336,81.096,15.144,13.363,2.05,3.589,5.611,3.944,3.113
2027-04-14,-23.4,-46.7,18.761,2.394,81.476,14.621,13.516,2.031,3.673,5.38,4.606,3.19
2027-04-14,-23.4,-46.6,18.915,2.406,80.928,15.246,13.197,2.027,3.472,6.136,5.011,2.824
2027-04-14,-23.4,-46.5,18.826,2.507,81.812,14.824,13.471,2.068,3.851,5.689,4.249,2.943
2027-04-14,-23.4,-46.4,18.982,2.092,80.395,15.43,13.407,1.963,3.302,6.171,4.841,2.772
2027-04-15,-23.8,-46.8,18.872,1.958,80.755,14.765,14.013,1.892,3.402,5.598,4.449,2.849
2027-04-15,-23.8,-46.7,18.853,1.923,80.795,14.796,13.953,1.929,3.368,5.546,4.492,2.956
2027-04-15,-23.8,-46.6,18.948,2.28,81.525,14.866,13.386,1.995,3.933,5.521,4.505,2.991
2027-04-15,-23.8,-46.5,18.885,1.919,80.576,14.782,14.04,1.905,3.365,5.629,4.417,2.901
2027-04-15,-23.7,-46.8,18.918,1.678,80.122,15.738,13.405,1.983,2.927,6.189,4.502,2.82
2027-04-15,-23.7,-46.5,18.863,1.598,79.916,15.632,13.539,2.03,2.857,6.16,4.631,2.803
2027-04-15,-23.7,-46.4,18.845,1.891,80.891,14.81,13.959,1.951,3.344,5.556,4.496,2.894
2027-04-15,-23.6,-46.8,18.973,2.459,82.274,14.426,13.695,1.789,3.817,4.953,4.149,2.579
2027-04-15,-23.6,-46.4,18.809,1.987,81.178,14.828,13.603,1.984,3.405,5.509,4.594,3.014
2027-04-15,-23.6,-46.3,18.965,2.13,81.107,14.901,13.696,1.977,3.357,5.69,4.319,2.956
2027-04-15,-23.5,-46.8,19.036,1.496,79.418,15.84,13.479,1.919,2.827,5.968,4.669,2.76
2027-04-15,-23.5,-46.7,19.432,1.645,78.534,16.577,13.128,1.97,2.902,7.016,4.749,2.792
2027-04-15,-23.5,-46.6,18.975,1.656,79.686,15.713,13.554,1.938,2.995,6.069,4.637,2.751
2027-04-15,-23.5,-46.4,19.205,1.993,81.442,15.77,14.095,2.0,3.249,5.169,3.583,3.154
2027-04-15,-23.5,-46.3,19.014,2.48,81.624,14.784,13.654,2.019,4.245,5.603,4.04,2.859
2027-04-15,-23.4,-46.8,19.164,2.247,80.892,15.244,13.427,2.036,3.573,5.645,3.926,3.099
2027-04-15,-23.4,-46.7,19.156,2.29,81.616,15.141,13.92,1.902,3.639,5.359,3.769,3.016
2027-04-15,-23.4,-46.6,18.861,2.542,81.688,14.779,13.45,2.074,3.87,5.724,4.317,2.976
2027-04-15,-23.4,-46.5,18.942,2.431,81.582,14.89,13.683,2.001,3.794,5.607,4.099,2.899
2027-04-15,-23.4,-46.4,19.086,1.907,79.778,15.762,13.486,1.973,3.206,6.09,4.514,2.904
2027-04-16,-23.8,-46.8,18.813,2.004,80.955,14.667,13.892,1.958,3.469,5.673,4.481,2.895
2027-04-16,-23.8,-46.7,18.773,1.934,80.817,14.676,13.954,1.956,3.389,5.683,4.507,2.906
2027-04-16,-23.8,-46.6,18.934,2.226,81.507,14.715,13.742,1.953,3.399,5.487,4.277,2.926
2027-04-16,-23.8,-46.5,18.764,1.958,80.901,14.561,13.882,1.948,3.385,5.71,4.525,2.925
2027-04-16,-23.7,-46.8,18.91,1.532,79.972,15.66,13.372,1.984,2.537,6.283,4.597,2.812
2027-04-16,-23.7,-46.5,18.909,1.443,79.791,15.629,13.419,1.985,2.419,6.047,4.627,2.839
2027-04-16,-23.7,-46.4,18.828,1.893,80.917,14.692,13.926,1.962,3.357,5.563,4.473,2.931
2027-04-16,-23.6,-46.8,19.216,2.316,81.736,15.004,13.857,1.774,3.695,5.262,3.762,2.906
2027-04-16,-23.6,-46.4,18.949,2.027,81.033,14.678,13.935,1.945,3.467,5.495,4.439,2.905
2027-04-16,-23.6,-46.3,18.839,2.098,81.093,14.615,13.927,1.982,3.541,5.608,4.5,2.895
2027-04-16,-23.5,-46.8,19.298,1.471,78.368,16.606,13.112,2.028,2.607,6.639,4.645,2.57
2027-04-16,-23.5,-46.7,19.557,1.481,78.013,16.692,13.034,1.897,2.779,6.966,4.497,2.805
2027-04-16,-23.5,-46.6,19.097,1.406,79.347,15.878,13.438,1.908,2.502,5.992,4.573,2.795
2027-04-16,-23.5,-46.4,18.758,2.04,81.569,14.425,13.437,2.019,3.441,5.239,4.638,2.989
2027-04-16,-23.5,-46.3,18.977,2.374,81.585,14.818,13.689,1.982,3.847,5.508,4.067,2.829
2027-04-16,-23.4,-46.8,18.946,2.462,81.18,14.916,13.363,2.05,4.014,5.768,4.397,2.994
2027-04-16,-23.4,-46.7,19.083,2.313,81.281,15.059,13.422,2.069,3.599,5.443,4.002,3.147
2027-04-16,-23.4,-46.6,18.955,2.505,81.672,14.697,13.678,1.999,3.851,5.612,4.138,2.927
2027-04-16,-23.4,-46.5,18.913,2.508,81.681,14.741,13.728,2.008,3.849,5.616,4.216,2.887
2027-04-16,-23.4,-46.4,19.084,1.664,79.701,15.648,13.292,1.903,2.768,6.121,4.595,2.837
2027-04-17,-23.8,-46.8,18.792,2.046,80.99,14.476,13.866,1.917,3.469,5.714,4.456,2.877
2027-04-17,-23.8,-46.7,18.768,1.944,80.811,14.606,13.903,1.921,3.388,5.749,4.509,2.926
2027-04-17,-23.8,-46.6,18.919,2.128,81.473,14.703,13.746,1.969,3.317,5.559,4.389,2.937
2027-04-17,-23.8,-46.5,18.803,1.991,80.811,14.556,13.927,1.9,3.434,5.69,4.412,2.909
2027-04-17,-23.7,-46.8,18.978,1.47,79.667,15.73,13.41,1.942,2.43,6.218,4.583,2.791
2027-04-17,-23.7,-46.5,18.939,1.316,79.341,15.784,13.413,1.935,2.26,6.11,4.565,2.836
2027-04-17,-23.7,-46.4,18.802,1.912,80.925,14.566,13.874,1.924,3.353,5.708,4.464,2.894
2027-04-17,-23.6,-46.8,18.872,2.276,81.783,14.405,13.387,1.943,3.415,5.422,4.281,2.916
2027-04-17,-23.6,-46.4,18.869,2.1,81.168,14.55,13.945,1.955,3.537,5.494,4.484,2.935
2027-04-17,-23.6,-46.3,18.889,2.068,81.079,14.502,13.916,1.909,3.514,5.405,4.44,2.886
2027-04-17,-23.5,-46.8,19.924,0.922,74.585,17.875,12.811,1.903,1.914,7.329,3.497,3.634
2027-04-17,-23.5,-46.7,20.1,0.923,74.181,17.865,12.646,1.901,1.822,7.545,3.429,3.721
2027-04-17,-23.5,-46.6,19.481,1.279,77.642,16.905,13.145,1.995,2.413,6.725,4.507,2.841
2027-04-17,-23.5,-46.4,18.94,2.05,81.24,14.387,13.98,1.91,3.445,5.321,4.466,2.841
2027-04-17,-23.5,-46.3,18.957,2.354,81.664,14.555,13.653,1.983,3.77,5.571,4.092,2.853
2027-04-17,-23.4,-46.8,18.96,2.646,81.449,14.771,13.633,1.995,4.186,5.66,4.19,2.916
2027-04-17,-23.4,-46.7,18.851,2.655,81.592,14.632,13.514,2.092,4.062,5.637,4.316,3.036
2027-04-17,-23.4,-46.6,18.958,2.586,81.883,14.478,13.687,1.967,3.907,5.461,4.132,2.903
2027-04-17,-23.4,-46.5,18.914,2.511,81.727,14.59,13.682,2.0,3.845,5.586,4.131,2.895
2027-04-17,-23.4,-46.4,19.095,1.697,79.626,15.66,13.264,1.909,2.781,6.129,4.549,2.833
2027-04-18,-23.8,-46.8,18.796,1.982,80.682,14.465,13.966,1.847,3.413,5.862,4.355,2.882
2027-04-18,-23.8,-46.7,18.751,1.953,80.801,14.581,13.898,1.881,3.389,5.712,4.417,2.929
2027-04-18,-23.8,-46.6,18.825,1.969,81.055,14.49,13.805,1.91,3.386,5.571,4.418,2.984
2027-04-18,-23.8,-46.5,18.775,2.015,80.835,14.534,13.875,1.886,3.442,5.69,4.379,2.955
2027-04-18,-23.7,-46.8,19.021,1.309,79.261,15.824,13.352,1.873,2.236,6.148,4.471,2.789
2027-04-18,-23.7,-46.5,19.137,1.259,78.378,16.621,13.062,2.117,2.218,6.572,4.34,2.69
2027-04-18,-23.7,-46.4,18.815,1.895,80.801,14.685,13.931,1.884,3.359,5.56,4.422,2.906
2027-04-18,-23.6,-46.8,19.014,2.304,81.617,14.944,13.929,1.818,3.623,5.269,3.842,2.917
2027-04-18,-23.6,-46.4,18.868,2.086,81.115,14.467,13.921,1.909,3.54,5.39,4.388,2.939
2027-04-18,-23.6,-46.3,18.905,2.055,80.877,14.422,14.027,1.875,3.485,5.522,4.367,2.861
2027-04-18,-23.5,-46.8,20.642,0.854,71.138,18.372,13.769,1.664,2.314,7.799,3.028,4.804
2027-04-18,-23.5,-46.7,20.556,1.025,71.487,18.259,13.586,1.922,2.682,7.903,3.314,4.517
2027-04-18,-23.5,-46.6,20.033,0.785,73.879,17.938,12.89,1.89,1.593,7.374,3.272,3.778
2027-04-18,-23.5,-46.4,18.899,2.116,81.219,14.424,13.913,1.905,3.519,5.34,4.479,2.873
2027-04-18,-23.5,-46.3,18.746,2.377,82.235,14.439,13.8,1.875,3.816,5.416,4.036,2.767
2027-04-18,-23.4,-46.8,18.945,2.599,81.757,14.675,13.481,1.947,4.124,5.585,4.032,2.776
2027-04-18,-23.4,-46.7,18.831,2.607,82.359,14.565,13.72,1.886,3.895,5.286,4.026,2.818
2027-04-18,-23.4,-46.6,18.772,2.556,82.56,14.485,13.776,1.901,3.88,5.235,4.035,2.753
2027-04-18,-23.4,-46.5,18.727,2.537,82.273,14.482,13.834,1.9,3.888,5.436,4.081,2.845
2027-04-18,-23.4,-46.4,19.118,1.495,79.182,15.89,13.32,1.839,2.615,5.91,4.523,2.816
2027-04-19,-23.8,-46.8,18.831,1.944,80.615,14.629,14.056,1.865,3.412,5.801,4.373,2.856
2027-04-19,-23.8,-46.7,19.063,1.761,80.126,15.341,13.889,1.897,3.437,5.334,4.049,3.027
2027-04-19,-23.8,-46.6,18.843,1.92,80.809,14.605,13.946,1.888,3.388,5.662,4.391,2.967
2027-04-19,-23.8,-46.5,18.791,1.979,80.629,14.646,14.041,1.867,3.425,5.807,4.377,2.912
2027-04-19,-23.7,-46.8,19.384,1.344,78.112,16.526,12.923,2.03,2.418,7.048,4.398,2.684
2027-04-19,-23.7,-46.5,19.815,0.866,74.58,17.711,12.907,1.976,1.696,7.893,3.409,3.639
2027-04-19,-23.7,-46.4,19.075,1.733,80.231,15.334,13.875,1.919,3.387,5.265,4.102,3.006
2027-04-19,-23.6,-46.8,19.414,1.487,80.103,16.481,13.979,1.937,2.334,4.884,3.341,3.172
2027-04-19,-23.6,-46.4,18.896,2.035,80.873,14.427,14.048,1.896,3.487,5.587,4.348,2.92
2027-04-19,-23.6,-46.3,18.888,2.022,80.859,14.408,13.977,1.857,3.459,5.547,4.354,2.825
2027-04-19,-23.5,-46.8,20.359,1.087,70.914,18.332,13.368,1.742,3.086,7.119,3.428,3.388
2027-04-19,-23.5,-46.7,20.328,1.103,71.475,18.035,13.557,1.829,3.146,6.787,3.601,3.437
2027-04-19,-23.5,-46.6,20.477,0.882,71.325,18.366,13.384,1.961,2.558,7.246,3.084,4.147
2027-04-19,-23.5,-46.4,18.875,2.112,81.222,14.412,13.913,1.901,3.52,5.331,4.471,2.853
2027-04-19,-23.5,-46.3,19.087,1.792,81.119,15.948,14.022,1.987,2.87,5.165,3.474,3.089
2027-04-19,-23.4,-46.8,18.982,2.608,81.669,14.689,13.507,1.908,4.122,5.57,4.042,2.773
2027-04-19,-23.4,-46.7,18.814,2.541,82.416,14.572,13.751,1.872,3.834,5.259,4.031,2.795
2027-04-19,-23.4,-46.6,18.8,2.294,82.537,14.468,13.721,1.879,3.123,5.21,4.069,2.748
2027-04-19,-23.4,-46.5,18.761,2.53,82.225,14.501,13.772,1.888,3.888,5.465,4.109,2.809
2027-04-19,-23.4,-46.4,19.437,1.38,77.736,16.812,13.018,1.983,2.561,6.742,4.441,2.815
2027-04-20,-23.8,-46.8,19.25,0.969,78.955,16.855,14.277,2.027,1.882,4.587,3.52,3.207
2027-04-20,-23.8,-46.7,19.082,1.456,79.309,16.168,13.439,1.981,2.934,6.059,4.287,2.909
2027-04-20,-23.8,-46.6,19.275,0.968,79.113,16.805,14.247,2.058,1.884,4.548,3.518,3.331
2027-04-20,-23.8,-46.5,19.266,1.014,78.956,16.856,14.266,2.032,2.0,4.601,3.483,3.259
2027-04-20,-23.7,-46.8,19.988,0.772,74.668,17.905,12.884,1.924,1.601,7.959,3.315,3.787
2027-04-20,-23.7,-46.5,20.393,0.938,72.092,18.373,13.159,1.943,2.421,7.854,3.029,3.795
2027-04-20,-23.7,-46.4,18.989,1.543,79.744,15.99,13.403,1.978,3.112,6.084,4.572,2.877
2027-04-20,-23.6,-46.8,19.043,1.9,80.335,15.65,13.248,1.977,3.209,5.929,4.648,2.848
2027-04-20,-23.6,-46.4,18.896,2.069,80.863,14.489,14.105,1.904,3.509,5.591,4.323,2.903
2027-04-20,-23.6,-46.3,19.322,1.06,78.922,16.667,14.403,2.029,2.014,4.655,3.486,3.152
2027-04-20,-23.5,-46.8,20.294,0.92,71.237,18.315,13.197,1.774,2.945,5.941,3.317,3.03
2027-04-20,-23.5,-46.7,20.358,0.899,71.088,18.117,13.766,1.792,2.896,6.79,3.557,3.922
2027-04-20,-23.5,-46.6,20.361,0.952,70.307,18.58,13.54,1.794,2.979,7.33,3.504,3.813
2027-04-20,-23.5,-46.4,19.31,1.14,79.389,16.625,14.352,2.059,2.132,4.541,3.58,3.219
2027-04-20,-23.5,-46.3,18.908,1.979,80.885,14.914,13.497,1.927,3.509,5.164,4.317,3.025
2027-04-20,-23.4,-46.8,19.033,2.589,81.642,14.749,13.496,1.891,4.124,5.544,4.05,2.762
2027-04-20,-23.4,-46.7,18.775,2.542,82.246,14.432,13.801,1.873,3.835,5.308,4.076,2.897
2027-04-20,-23.4,-46.6,18.7,2.387,82.073,14.495,13.944,1.824,3.485,5.339,4.129,2.826
2027-04-20,-23.4,-46.5,19.037,1.852,81.182,15.972,14.072,1.995,2.915,5.173,3.498,3.136
2027-04-20,-23.4,-46.4,19.992,0.874,73.933,17.827,12.847,1.853,2.034,7.416,3.314,3.754
2027-04-21,-23.8,-46.8,19.211,1.827,78.959,15.769,13.173,1.979,3.142,7.188,4.749,2.744
2027-04-21,-23.8,-46.7,19.262,1.607,78.451,16.149,13.057,1.98,2.969,7.213,4.646,2.822
2027-04-21,-23.8,-46.6,19.254,1.85,79.04,15.836,13.086,1.969,3.195,6.919,4.785,2.695
2027-04-21,-23.8,-46.5,19.167,1.887,78.997,15.702,13.173,1.999,3.166,7.246,4.783,2.799
2027-04-21,-23.7,-46.8,20.477,0.842,71.924,18.222,13.564,2.021,2.347,8.141,3.168,4.526
2027-04-21,-23.7,-46.5,20.306,1.167,70.807,18.669,13.37,1.799,3.117,7.917,3.637,3.547
2027-04-21,-23.7,-46.4,18.914,1.678,79.887,15.12,13.305,1.924,2.867,6.436,4.604,2.758
2027-04-21,-23.6,-46.8,19.137,1.636,79.621,15.414,13.194,1.93,3.033,5.943,4.417,2.858
2027-04-21,-23.6,-46.4,20.006,0.739,78.531,15.631,13.552,1.564,1.551,4.39,3.158,3.199
2027-04-21,-23.6,-46.3,19.37,2.145,79.021,15.771,13.336,1.946,3.715,7.262,4.726,3.006
2027-04-21,-23.5,-46.8,20.326,1.116,71.407,18.121,13.14,1.858,3.385,6.482,3.416,3.195
2027-04-21,-23.5,-46.7,20.348,0.948,71.306,18.129,13.543,1.851,2.966,6.746,3.682,3.623
2027-04-21,-23.5,-46.6,20.403,0.88,70.631,18.374,13.528,1.664,2.73,5.749,3.038,3.356
2027-04-21,-23.5,-46.4,19.389,2.021,78.984,15.862,13.254,1.928,3.456,7.104,4.683,2.881
2027-04-21,-23.5,-46.3,19.031,2.092,80.571,14.418,13.717,1.94,3.954,5.731,4.159,3.006
2027-04-21,-23.4,-46.8,19.399,2.255,81.183,14.878,13.178,1.863,3.921,5.372,3.433,2.871
2027-04-21,-23.4,-46.7,19.898,1.222,80.075,15.588,13.241,1.593,2.218,4.862,2.788,3.194
2027-04-21,-23.4,-46.6,19.838,1.202,80.193,15.613,13.272,1.633,2.203,4.854,2.797,3.199
2027-04-21,-23.4,-46.5,18.989,2.047,80.761,14.381,13.191,1.944,3.548,5.34,4.048,3.07
2027-04-21,-23.4,-46.4,20.462,0.895,71.132,18.237,13.495,1.963,2.619,7.294,3.139,4.402
2027-04-22,-23.8,-46.8,19.321,1.461,78.402,16.345,13.132,2.036,2.963,6.954,4.499,2.865
2027-04-22,-23.8,-46.7,19.723,0.863,74.873,17.5,13.004,1.983,1.779,7.878,3.467,3.677
2027-04-22,-23.8,-46.6,19.28,1.44,78.661,16.266,13.103,2.071,2.633,6.948,4.687,2.922
2027-04-22,-23.8,-46.5,19.304,1.503,78.329,16.371,13.173,2.01,3.002,7.053,4.472,2.902
2027-04-22,-23.7,-46.8,20.312,0.942,71.402,18.087,13.54,2.072,2.474,8.368,3.684,3.582
2027-04-22,-23.7,-46.5,20.197,0.873,71.087,18.699,13.56,1.868,2.717,6.301,3.254,3.134
2027-04-22,-23.7,-46.4,18.941,1.531,79.578,15.411,13.325,1.981,2.827,6.316,4.443,2.858
2027-04-22,-23.6,-46.8,19.129,1.452,79.529,15.358,13.127,1.963,2.578,6.012,4.385,2.914
2027-04-22,-23.6,-46.4,19.968,0.859,77.145,16.766,13.084,1.728,1.936,5.979,3.912,2.989
2027-04-22,-23.6,-46.3,19.492,1.777,78.401,16.421,13.228,1.995,3.344,7.261,4.551,2.898
2027-04-22,-23.5,-46.8,20.443,1.081,70.887,17.919,13.582,1.837,3.421,6.762,3.526,3.888
2027-04-22,-23.5,-46.7,20.38,1.088,71.218,17.917,13.635,1.93,3.412,7.172,3.788,3.855
2027-04-22,-23.5,-46.6,20.297,0.995,71.384,18.31,13.226,1.75,2.967,6.233,3.375,3.126
2027-04-22,-23.5,-46.4,19.433,1.753,78.54,16.28,13.102,1.998,3.24,6.945,4.65,2.733
2027-04-22,-23.5,-46.3,19.416,1.718,79.847,14.661,13.667,1.787,3.448,5.46,3.691,2.988
2027-04-22,-23.4,-46.8,19.339,2.09,80.6,14.826,13.186,1.882,3.534,5.561,3.478,2.936
2027-04-22,-23.4,-46.7,19.495,1.627,79.434,15.415,13.018,1.771,3.14,6.047,3.806,2.915
2027-04-22,-23.4,-46.6,20.068,0.819,77.835,16.094,13.012,1.373,1.564,5.295,3.348,3.106
2027-04-22,-23.4,-46.5,19.434,1.796,79.585,14.705,13.765,1.781,3.576,5.662,3.664,3.052
2027-04-22,-23.4,-46.4,20.217,1.111,70.744,18.018,13.795,1.922,3.264,7.809,3.665,4.009
2027-04-23,-23.8,-46.8,19.696,0.863,75.228,17.662,13.07,1.987,1.76,7.808,3.539,3.642
2027-04-23,-23.8,-46.7,20.263,0.732,71.989,18.352,13.153,1.981,1.78,7.661,2.964,3.672
2027-04-23,-23.8,-46.6,19.288,1.487,78.78,16.219,13.073,2.031,2.651,6.907,4.694,2.88
2027-04-23,-23.8,-46.5,19.657,0.957,75.282,17.54,13.074,2.029,1.878,8.108,3.621,3.661
2027-04-23,-23.7,-46.8,20.142,1.0,71.337,17.905,13.729,2.112,2.991,8.034,3.699,3.738
2027-04-23,-23.7,-46.5,20.349,0.863,71.011,18.666,13.243,1.766,2.69,6.237,3.183,3.063
2027-04-23,-23.7,-46.4,18.928,1.525,79.626,15.317,13.241,1.98,2.802,6.33,4.38,2.897
2027-04-23,-23.6,-46.8,19.138,1.461,79.479,15.351,13.092,1.949,2.577,6.002,4.335,2.919
2027-04-23,-23.6,-46.4,20.109,1.08,74.044,17.858,13.083,1.844,2.695,8.004,3.696,3.978
2027-04-23,-23.6,-46.3,19.833,1.078,75.254,17.806,13.194,1.975,2.221,8.097,3.762,3.771
2027-04-23,-23.5,-46.8,20.569,0.916,70.429,17.872,14.143,1.68,3.003,6.835,3.539,4.377
2027-04-23,-23.5,-46.7,20.561,0.977,70.594,17.88,14.181,1.654,3.074,6.844,3.538,4.348
2027-04-23,-23.5,-46.6,20.358,1.116,71.174,18.188,13.326,1.825,3.467,6.667,3.626,3.427
2027-04-23,-23.5,-46.4,19.483,1.65,78.566,16.276,12.972,1.924,2.952,6.744,4.621,2.697
2027-04-23,-23.5,-46.3,19.576,1.435,78.938,15.583,13.254,1.746,2.988,5.955,3.893,2.917
2027-04-23,-23.4,-46.8,19.396,1.789,79.776,14.634,13.516,1.819,3.52,5.49,3.526,3.112
2027-04-23,-23.4,-46.7,19.68,1.641,77.693,16.59,12.82,1.945,3.448,6.99,4.214,3.004
2027-04-23,-23.4,-46.6,19.988,1.081,74.63,17.706,12.902,1.988,2.689,7.901,3.504,3.794
2027-04-23,-23.4,-46.5,19.841,1.019,78.216,16.021,13.186,1.566,1.881,5.696,3.678,3.111
2027-04-23,-23.4,-46.4,20.345,1.001,70.664,17.93,14.214,1.742,3.175,6.825,3.494,4.317
2027-04-24,-23.8,-46.8,20.213,0.922,72.555,17.956,13.302,2.077,2.046,8.587,3.133,3.693
2027-04-24,-23.8,-46.7,20.215,0.984,70.44,18.407,13.409,1.971,2.869,8.075,3.54,3.559
2027-04-24,-23.8,-46.6,19.401,1.534,78.255,15.881,12.751,2.089,2.669,7.546,4.494,2.904
2027-04-24,-23.8,-46.5,20.156,1.061,72.662,17.868,13.359,2.108,2.276,8.886,3.273,3.709
2027-04-24,-23.7,-46.8,20.466,0.893,70.728,17.764,14.212,1.868,2.632,7.721,3.512,4.461
2027-04-24,-23.7,-46.5,20.411,1.113,70.973,18.422,13.354,1.86,3.303,7.239,3.515,3.424
2027-04-24,-23.7,-46.4,19.038,1.444,79.351,14.934,12.982,1.949,2.561,6.639,4.161,2.916
2027-04-24,-23.6,-46.8,19.669,1.368,77.538,16.27,12.589,1.998,2.721,6.991,4.16,2.838
2027-04-24,-23.6,-46.4,20.548,1.307,71.986,17.685,13.768,1.733,2.985,8.692,3.566,4.38
2027-04-24,-23.6,-46.3,20.266,1.316,72.735,17.573,13.89,2.07,2.859,8.993,3.445,4.35
2027-04-24,-23.5,-46.8,20.599,1.14,70.477,17.588,14.577,1.688,3.33,7.417,3.636,4.541
2027-04-24,-23.5,-46.7,20.554,1.163,70.707,17.684,14.473,1.692,3.317,7.652,3.723,4.447
2027-04-24,-23.5,-46.6,20.37,1.178,71.164,17.885,13.637,1.886,3.497,7.383,3.788,3.691
2027-04-24,-23.5,-46.4,19.557,1.692,78.212,16.027,12.856,1.956,2.994,7.113,4.425,2.754
2027-04-24,-23.5,-46.3,19.607,1.641,77.957,16.061,12.918,1.8,3.225,7.333,4.103,2.865
2027-04-24,-23.4,-46.8,20.109,0.791,77.342,15.839,12.975,1.432,1.635,5.326,3.304,3.101
2027-04-24,-23.4,-46.7,20.104,1.123,74.335,17.493,12.696,1.94,2.437,7.983,3.416,3.798
2027-04-24,-23.4,-46.6,20.55,1.033,71.941,18.077,13.115,1.871,2.792,7.57,3.016,3.838
2027-04-24,-23.4,-46.5,19.981,1.15,74.49,17.425,12.919,1.982,2.679,8.008,3.43,3.715
2027-04-24,-23.4,-46.4,20.37,0.964,70.485,17.659,14.323,1.798,2.917,7.525,3.62,4.571
2027-04-25,-23.8,-46.8,20.501,1.055,70.855,17.416,14.407,2.026,2.68,8.399,3.162,4.166
2027-04-25,-23.8,-46.7,20.338,1.027,69.572,17.659,14.538,1.961,3.057,8.098,3.403,4.091
2027-04-25,-23.8,-46.6,20.019,0.977,74.243,17.252,12.997,2.036,1.921,8.562,3.314,3.905
2027-04-25,-23.8,-46.5,20.528,0.964,70.71,17.345,14.819,2.017,2.117,8.76,3.273,4.496
2027-04-25,-23.7,-46.8,20.694,0.891,69.72,17.354,15.531,1.731,2.661,7.509,3.408,4.447
2027-04-25,-23.7,-46.5,20.401,1.382,71.146,17.407,14.763,1.867,3.546,7.976,3.547,3.685
2027-04-25,-23.7,-46.4,19.56,1.452,77.493,15.665,12.92,2.062,2.684,7.698,3.883,2.801
2027-04-25,-23.6,-46.8,20.476,0.872,73.241,17.571,12.674,1.59,1.891,7.507,3.106,3.469
2027-04-25,-23.6,-46.4,20.772,1.004,70.32,17.793,14.7,1.544,2.308,8.039,3.256,3.518
2027-04-25,-23.6,-46.3,20.423,1.179,71.953,17.318,14.576,1.963,2.414,8.847,3.481,3.894
2027-04-25,-23.5,-46.8,20.653,1.514,70.669,16.813,15.615,1.803,3.639,7.88,3.528,4.104
2027-04-25,-23.5,-46.7,20.577,1.526,71.072,16.893,15.606,1.783,3.581,7.817,3.69,3.918
2027-04-25,-23.5,-46.6,20.677,1.219,70.031,17.089,15.541,1.72,3.376,7.727,3.565,4.264
2027-04-25,-23.5,-46.4,20.457,1.011,73.542,17.531,12.749,1.502,2.133,7.453,3.139,3.431
2027-04-25,-23.5,-46.3,20.145,0.907,73.368,17.288,12.904,1.9,1.84,7.678,3.277,3.898
2027-04-25,-23.4,-46.8,20.404,0.986,72.596,17.544,12.718,1.928,2.598,7.675,3.183,3.798
2027-04-25,-23.4,-46.7,20.784,0.934,70.702,17.812,13.86,1.787,2.734,7.294,2.92,4.122
2027-04-25,-23.4,-46.6,20.373,1.368,70.893,17.464,14.176,2.039,3.379,8.913,3.456,3.817
2027-04-25,-23.4,-46.5,20.608,0.961,70.985,17.751,13.313,1.747,2.727,7.464,2.908,4.06
2027-04-25,-23.4,-46.4,20.651,1.065,69.781,17.184,15.39,1.751,3.067,7.265,3.404,4.126
2027-04-26,-23.8,-46.8,20.4,1.128,70.488,17.195,15.127,2.083,3.265,8.245,3.417,4.136
2027-04-26,-23.8,-46.7,20.477,0.985,70.096,17.06,15.32,2.079,2.756,7.634,3.25,4.182
2027-04-26,-23.8,-46.6,20.626,1.115,71.954,17.459,13.626,2.023,2.734,8.401,3.174,4.254
2027-04-26,-23.8,-46.5,20.163,1.528,72.053,16.614,15.608,2.274,3.589,9.183,3.817,4.212
2027-04-26,-23.7,-46.8,20.612,1.915,71.771,16.395,15.979,1.994,4.308,7.99,3.965,4.115
2027-04-26,-23.7,-46.5,20.628,1.399,71.213,17.021,15.346,1.892,3.473,7.662,3.745,3.89
2027-04-26,-23.7,-46.4,20.172,0.991,72.732,17.369,12.822,2.018,2.105,8.286,3.176,3.808
2027-04-26,-23.6,-46.8,21.026,0.922,70.261,17.923,14.122,1.509,2.487,7.193,2.911,3.624
2027-04-26,-23.6,-46.4,20.979,1.522,70.43,16.955,16.007,1.876,3.557,8.57,3.632,4.14
2027-04-26,-23.6,-46.3,20.257,1.407,71.808,16.754,15.211,2.121,3.206,9.079,3.764,4.236
2027-04-26,-23.5,-46.8,20.614,1.851,72.446,16.372,15.319,1.865,3.878,7.493,3.828,3.996
2027-04-26,-23.5,-46.7,20.624,1.897,72.416,16.353,15.343,1.905,3.903,7.53,3.912,4.001
2027-04-26,-23.5,-46.6,20.465,1.91,72.243,16.472,15.302,1.955,3.988,7.561,3.958,3.996
2027-04-26,-23.5,-46.4,21.043,1.137,70.666,17.665,14.317,1.4,2.828,7.597,3.081,4.109
2027-04-26,-23.5,-46.3,20.583,1.008,70.766,17.457,13.629,1.92,2.575,7.851,3.123,4.066
2027-04-26,-23.4,-46.8,20.676,0.912,70.361,17.737,13.85,1.892,2.619,7.879,3.011,3.972
2027-04-26,-23.4,-46.7,21.162,0.863,68.571,17.477,15.098,1.546,2.292,8.214,3.352,4.596
2027-04-26,-23.4,-46.6,20.533,0.865,69.65,17.65,14.845,1.946,2.698,7.731,3.313,4.137
2027-04-26,-23.4,-46.5,20.409,0.999,69.496,17.381,14.876,2.006,2.743,8.783,3.51,4.325
2027-04-26,-23.4,-46.4,20.544,2.097,71.787,16.028,16.031,1.935,4.49,8.386,3.851,4.301
2027-04-27,-23.8,-46.8,20.058,2.706,73.295,15.294,15.555,2.263,4.938,8.968,4.129,4.239
2027-04-27,-23.8,-46.7,20.019,2.767,73.786,15.435,15.099,2.256,4.945,8.646,4.264,4.059
2027-04-27,-23.8,-46.6,20.401,1.487,71.688,16.889,14.407,2.082,3.094,9.194,3.678,3.778
2027-04-27,-23.8,-46.5,19.797,2.643,74.786,15.914,14.615,2.205,4.596,9.077,4.343,3.786
2027-04-27,-23.7,-46.8,19.947,3.203,75.988,15.22,14.688,2.101,4.781,8.782,4.475,3.638
2027-04-27,-23.7,-46.5,20.103,3.223,74.812,15.217,14.905,2.05,4.852,8.679,4.412,3.663
2027-04-27,-23.7,-46.4,20.392,1.27,71.774,17.129,13.54,2.113,2.844,9.2,3.473,3.838
2027-04-27,-23.6,-46.8,21.246,1.759,69.81,16.552,15.008,1.843,3.473,8.971,3.908,4.178
2027-04-27,-23.6,-46.4,20.288,4.031,75.298,14.732,15.171,2.205,5.409,9.092,4.546,3.833
2027-04-27,-23.6,-46.3,19.809,2.72,74.882,15.697,14.761,2.255,4.581,9.04,4.36,3.747
2027-04-27,-23.5,-46.8,20.418,3.106,74.63,15.129,14.776,1.832,4.509,8.55,4.16,3.936
2027-04-27,-23.5,-46.7,20.253,3.582,75.606,14.751,14.909,1.849,4.838,8.779,4.174,3.839
2027-04-27,-23.5,-46.6,20.502,2.901,73.716,15.517,14.93,1.766,4.483,8.308,4.241,3.996
2027-04-27,-23.5,-46.4,21.161,1.991,70.823,16.597,14.891,1.678,4.013,9.094,3.813,3.918
2027-04-27,-23.5,-46.3,20.229,1.223,70.953,16.978,14.418,2.093,2.655,9.056,3.812,3.716
2027-04-27,-23.4,-46.8,20.342,1.075,69.726,17.069,14.843,2.093,2.628,9.1,3.78,4.292
2027-04-27,-23.4,-46.7,21.04,2.951,71.691,15.735,15.35,1.825,4.933,8.597,3.994,3.954
2027-04-27,-23.4,-46.6,20.4,2.64,72.191,15.803,15.536,1.917,4.956,8.838,4.059,3.978
2027-04-27,-23.4,-46.5,20.008,2.204,72.211,16.251,15.143,2.198,4.498,8.735,4.2,3.783
2027-04-27,-23.4,-46.4,19.927,3.439,76.284,15.003,14.695,2.007,4.873,8.865,4.484,3.627
2027-04-28,-23.8,-46.8,20.071,2.018,74.001,15.971,14.139,2.175,3.809,8.871,4.084,4.176
2027-04-28,-23.8,-46.7,20.153,1.904,73.724,16.184,13.658,2.158,3.651,8.763,4.071,4.075
2027-04-28,-23.8,-46.6,20.116,1.372,72.494,16.642,14.073,2.231,2.958,8.792,3.779,3.745
2027-04-28,-23.8,-46.5,19.963,1.789,74.105,16.48,13.561,2.223,3.415,9.51,3.941,4.062
2027-04-28,-23.7,-46.8,19.798,2.601,76.69,15.574,13.385,2.091,3.807,9.224,4.18,3.579
2027-04-28,-23.7,-46.5,20.289,2.316,74.886,15.97,13.444,1.959,3.666,8.618,4.129,3.703
2027-04-28,-23.7,-46.4,20.247,1.096,70.963,17.28,13.757,2.132,2.336,9.544,3.868,3.394
2027-04-28,-23.6,-46.8,20.884,2.685,72.514,15.631,14.514,2.033,4.46,8.925,4.227,3.919
2027-04-28,-23.6,-46.4,19.849,2.418,76.304,15.524,13.764,2.245,3.997,9.419,4.395,3.884
2027-04-28,-23.6,-46.3,20.052,1.755,74.168,16.408,13.556,2.133,3.378,8.891,3.928,4.067
2027-04-28,-23.5,-46.8,20.183,2.644,76.1,15.237,13.486,1.864,3.813,8.261,4.031,3.668
2027-04-28,-23.5,-46.7,20.144,2.585,76.252,15.365,13.366,1.875,3.823,8.272,4.055,3.583
2027-04-28,-23.5,-46.6,20.376,2.177,74.834,15.568,13.56,1.868,3.418,8.152,4.04,3.904
2027-04-28,-23.5,-46.4,20.636,2.552,73.175,15.725,14.364,2.253,4.327,9.432,4.263,3.948
2027-04-28,-23.5,-46.3,20.034,1.437,71.938,16.605,14.062,2.25,3.036,8.428,4.066,3.741
2027-04-28,-23.4,-46.8,19.992,1.929,72.694,16.077,14.432,2.282,3.723,8.442,4.206,3.753
2027-04-28,-23.4,-46.7,20.716,3.094,73.552,15.513,14.593,1.955,4.76,9.335,4.188,4.079
2027-04-28,-23.4,-46.6,19.961,2.631,74.572,15.623,14.59,2.303,4.475,9.001,4.546,3.849
2027-04-28,-23.4,-46.5,19.84,2.189,73.926,16.068,14.322,2.26,4.201,8.883,4.232,3.729
2027-04-28,-23.4,-46.4,19.9,2.675,76.333,15.506,13.601,1.945,3.814,9.102,4.152,4.046
2027-04-29,-23.8,-46.8,20.129,1.603,73.358,16.405,13.562,2.186,3.37,8.903,3.872,3.906
2027-04-29,-23.8,-46.7,20.119,1.765,73.635,16.28,13.573,2.183,3.507,8.935,4.026,3.955
2027-04-29,-23.8,-46.6,20.112,1.246,71.815,16.811,14.131,2.246,2.842,8.821,3.705,3.819
2027-04-29,-23.8,-46.5,19.927,1.805,74.075,16.309,13.579,2.244,3.533,9.371,4.06,3.776
2027-04-29,-23.7,-46.8,19.777,2.117,76.131,15.89,13.359,2.152,3.502,9.071,4.061,3.625
2027-04-29,-23.7,-46.5,20.302,1.765,74.151,16.308,13.249,2.012,3.062,8.893,4.013,3.725
2027-04-29,-23.7,-46.4,20.067,1.137,71.03,17.065,14.309,2.245,2.526,9.145,3.975,3.792
2027-04-29,-23.6,-46.8,20.83,1.946,72.503,16.319,14.131,1.91,3.84,9.062,4.096,4.24
2027-04-29,-23.6,-46.4,19.744,1.94,75.338,16.155,13.387,2.29,3.648,9.332,4.092,3.998
2027-04-29,-23.6,-46.3,20.02,1.789,73.997,16.121,13.623,2.186,3.518,9.026,4.015,3.942
2027-04-29,-23.5,-46.8,20.155,2.307,75.622,15.627,13.353,1.965,3.696,8.385,3.982,3.782
2027-04-29,-23.5,-46.7,20.126,2.33,75.656,15.62,13.33,1.96,3.754,8.3,3.958,3.782
2027-04-29,-23.5,-46.6,20.385,1.832,74.21,16.005,13.246,1.943,3.193,8.544,4.017,3.895
2027-04-29,-23.5,-46.4,20.231,1.972,73.786,16.369,13.751,2.124,3.739,9.048,4.013,4.074
2027-04-29,-23.5,-46.3,20.061,1.317,71.71,16.857,13.965,2.205,2.976,8.573,3.744,3.735
2027-04-29,-23.4,-46.8,20.233,1.164,71.947,16.933,13.542,2.083,3.072,7.874,3.586,4.067
2027-04-29,-23.4,-46.7,20.218,2.254,74.384,15.82,13.588,2.189,4.047,8.964,4.159,4.08
2027-04-29,-23.4,-46.6,20.102,1.856,74.119,16.407,13.418,2.206,3.691,9.002,4.1,4.03
2027-04-29,-23.4,-46.5,20.037,1.528,73.313,16.624,13.45,2.102,3.488,8.462,3.751,3.813
2027-04-29,-23.4,-46.4,19.939,2.254,75.427,15.972,13.591,2.005,3.838,9.168,4.144,4.212
2027-04-30,-23.8,-46.8,19.957,1.586,73.374,16.234,13.714,2.222,3.336,8.99,4.094,3.934
2027-04-30,-23.8,-46.7,20.062,1.627,73.476,16.288,13.418,2.229,3.071,8.765,3.961,3.928
2027-04-30,-23.8,-46.6,20.072,1.295,71.411,16.785,14.201,2.296,2.929,9.278,3.775,3.984
2027-04-30,-23.8,-46.5,19.912,1.711,73.908,16.345,13.556,2.262,3.448,9.258,3.991,3.84
2027-04-30,-23.7,-46.8,19.799,1.916,75.394,15.865,13.547,2.135,3.357,9.294,3.895,3.975
2027-04-30,-23.7,-46.5,20.335,1.64,73.696,16.263,13.353,1.95,2.972,8.547,3.977,3.773
2027-04-30,-23.7,-46.4,20.0,1.123,71.09,16.971,14.277,2.234,2.929,8.686,3.678,3.841
2027-04-30,-23.6,-46.8,20.659,1.923,72.64,16.241,14.203,1.942,3.747,9.202,4.148,4.196
2027-04-30,-23.6,-46.4,19.678,1.768,75.006,16.179,13.493,2.273,3.447,9.176,3.937,3.857
2027-04-30,-23.6,-46.3,20.045,1.675,73.686,16.243,13.544,2.198,3.43,8.911,3.977,3.96
2027-04-30,-23.5,-46.8,20.092,2.283,75.691,15.469,13.294,1.963,3.685,8.31,3.891,3.772
2027-04-30,-23.5,-46.7,20.15,2.21,75.404,15.571,13.199,1.939,3.668,8.236,3.892,3.792
2027-04-30,-23.5,-46.6,20.467,1.672,73.61,16.028,13.445,1.866,3.055,8.19,3.975,4.035
2027-04-30,-23.5,-46.4,20.255,1.713,73.509,16.559,13.445,2.087,3.501,8.714,3.866,4.064
2027-04-30,-23.5,-46.3,20.07,1.39,71.301,16.795,14.252,2.209,3.332,8.843,3.8,3.895
2027-04-30,-23.4,-46.8,20.04,1.475,71.77,16.616,14.198,2.151,3.404,8.892,3.759,3.827
2027-04-30,-23.4,-46.7,20.28,1.784,73.27,16.461,13.493,2.134,3.67,8.528,4.003,4.159
2027-04-30,-23.4,-46.6,20.118,1.815,73.707,16.33,13.473,2.158,3.67,8.59,4.074,3.947
2027-04-30,-23.4,-46.5,19.975,1.571,72.852,16.487,13.825,2.142,3.518,8.816,4.005,3.994
2027-04-30,-23.4,-46.4,19.904,2.218,75.283,15.819,13.574,1.996,3.806,9.084,4.055,4.066
2027-05-01,-23.8,-46.8,19.669,1.68,74.251,16.245,13.918,2.32,3.366,9.283,4.049,3.834
2027-05-01,-23.8,-46.7,19.999,1.399,72.842,16.472,13.894,2.227,2.899,8.872,4.037,4.118
2027-05-01,-23.8,-46.6,19.831,1.683,72.021,16.451,14.504,2.385,3.891,9.894,3.999,3.813
2027-05-01,-23.8,-46.5,19.868,1.654,73.918,16.35,13.673,2.344,3.447,9.466,4.001,4.057
2027-05-01,-23.7,-46.8,19.88,1.852,74.981,15.899,13.493,2.154,3.3,9.268,3.955,3.873
2027-05-01,-23.7,-46.5,20.31,1.618,73.72,16.241,13.491,1.996,3.03,8.633,3.977,3.803
2027-05-01,-23.7,-46.4,20.051,1.095,70.754,17.079,14.338,2.274,2.949,8.815,3.671,3.952
2027-05-01,-23.6,-46.8,20.124,1.845,73.683,16.314,13.886,2.276,3.632,9.215,4.343,4.077
2027-05-01,-23.6,-46.4,19.662,1.898,75.383,16.006,13.45,2.239,3.501,9.297,3.848,3.864
2027-05-01,-23.6,-46.3,19.936,1.501,73.597,16.351,13.491,2.237,3.263,8.727,3.907,4.004
2027-05-01,-23.5,-46.8,20.291,1.888,74.695,15.74,12.975,1.912,3.32,8.322,3.93,3.892
2027-05-01,-23.5,-46.7,20.321,1.991,74.532,15.614,13.135,1.922,3.4,8.381,3.905,3.911
2027-05-01,-23.5,-46.6,20.318,1.9,74.103,15.62,13.629,1.943,3.433,8.509,3.936,4.131
2027-05-01,-23.5,-46.4,20.256,1.615,73.203,16.601,13.362,2.166,3.421,8.574,4.188,3.964
2027-05-01,-23.5,-46.3,19.778,1.664,71.892,16.465,14.504,2.318,3.851,9.433,3.997,3.762
2027-05-01,-23.4,-46.8,20.0,1.544,71.682,16.604,14.058,2.245,3.556,8.852,3.813,3.788
2027-05-01,-23.4,-46.7,20.018,1.769,73.483,16.269,13.753,2.156,3.571,8.55,4.155,3.902
2027-05-01,-23.4,-46.6,20.033,1.723,73.749,16.297,13.529,2.215,3.622,8.656,4.028,4.118
2027-05-01,-23.4,-46.5,19.872,1.65,73.278,16.364,13.725,2.153,3.536,8.704,4.055,3.79
2027-05-01,-23.4,-46.4,19.947,2.041,75.418,15.894,13.133,2.005,3.451,8.705,4.004,3.475
2027-05-02,-23.8,-46.8,19.627,1.721,74.996,15.875,13.719,2.338,3.101,9.261,3.82,3.864
2027-05-02,-23.8,-46.7,19.977,1.578,73.47,16.096,14.053,2.151,2.952,9.218,4.073,4.082
2027-05-02,-23.8,-46.6,19.712,1.756,73.372,16.257,14.261,2.317,3.62,9.25,4.005,3.662
2027-05-02,-23.8,-46.5,19.669,1.656,74.713,16.08,13.538,2.396,3.027,9.632,4.011,3.81
2027-05-02,-23.7,-46.8,19.98,1.769,74.909,15.862,13.092,2.184,3.191,8.971,3.899,3.646
2027-05-02,-23.7,-46.5,20.347,1.62,73.61,16.115,13.39,1.998,3.045,8.597,3.898,3.873
2027-05-02,-23.7,-46.4,19.68,1.545,72.572,16.5,14.628,2.356,3.678,9.338,3.976,3.736
2027-05-02,-23.6,-46.8,20.22,1.656,73.524,16.452,13.527,2.2,3.399,8.554,3.977,4.091
2027-05-02,-23.6,-46.4,19.747,1.724,75.075,16.22,13.123,2.279,3.344,8.807,3.841,3.586
2027-05-02,-23.6,-46.3,20.045,1.587,73.42,16.384,13.476,2.213,3.361,8.648,3.881,3.945
2027-05-02,-23.5,-46.8,20.624,1.163,72.794,16.362,12.678,1.714,2.299,7.518,3.588,3.762
2027-05-02,-23.5,-46.7,20.612,1.288,72.783,16.339,12.957,1.747,2.514,7.732,3.777,3.883
2027-05-02,-23.5,-46.6,20.323,1.886,74.085,15.64,13.513,1.969,3.422,8.519,3.929,4.004
2027-05-02,-23.5,-46.4,20.07,1.601,72.976,16.598,13.799,2.179,3.394,8.819,4.265,3.893
2027-05-02,-23.5,-46.3,19.658,1.743,73.234,16.26,14.203,2.279,3.636,8.835,4.054,3.564
2027-05-02,-23.4,-46.8,19.871,1.608,72.569,16.458,14.079,2.235,3.564,8.467,3.859,3.586
2027-05-02,-23.4,-46.7,19.778,1.937,74.378,15.95,13.615,2.31,3.849,8.993,4.067,3.824
2027-05-02,-23.4,-46.6,19.903,1.765,74.281,16.191,13.338,2.28,3.592,8.618,3.907,3.862
2027-05-02,-23.4,-46.5,19.857,1.612,73.29,16.455,13.792,2.143,3.486,8.503,4.013,3.862
2027-05-02,-23.4,-46.4,20.168,1.669,74.056,16.078,13.167,1.947,3.083,8.787,3.934,4.099
2027-05-03,-23.8,-46.8,19.659,1.531,74.913,16.098,13.274,2.407,2.831,9.089,3.793,3.689
2027-05-03,-23.8,-46.7,20.178,1.397,72.631,16.248,13.852,2.099,2.867,8.825,3.992,4.184
2027-05-03,-23.8,-46.6,19.775,1.631,73.882,16.365,13.953,2.322,3.427,9.263,4.055,3.978
2027-05-03,-23.8,-46.5,19.868,1.401,73.809,16.412,13.346,2.312,2.728,9.128,3.754,3.973
2027-05-03,-23.7,-46.8,20.504,1.268,72.728,16.519,12.557,1.898,2.873,7.917,3.564,3.536
2027-05-03,-23.7,-46.5,20.366,1.694,73.542,15.944,13.412,2.047,3.214,8.679,3.973,4.004
2027-05-03,-23.7,-46.4,19.687,1.568,73.869,16.304,13.897,2.302,2.954,9.08,4.048,3.777
2027-05-03,-23.6,-46.8,19.916,1.715,74.604,15.99,13.429,2.36,3.314,8.805,4.084,3.786
2027-05-03,-23.6,-46.4,20.07,1.467,73.659,16.446,12.968,2.172,3.125,8.442,3.716,3.771
2027-05-03,-23.6,-46.3,19.948,1.361,72.967,16.353,13.632,2.263,2.788,8.857,4.017,3.91
2027-05-03,-23.5,-46.8,20.679,1.074,71.929,16.552,12.948,1.762,2.307,7.442,3.771,3.662
2027-05-03,-23.5,-46.7,20.631,1.257,72.0,16.391,13.256,1.815,2.653,7.59,3.97,3.843
2027-05-03,-23.5,-46.6,20.595,1.387,72.683,16.106,13.118,1.81,2.773,7.925,3.899,3.942
2027-05-03,-23.5,-46.4,19.952,1.722,73.417,16.225,13.919,2.23,3.53,8.97,4.124,4.098
2027-05-03,-23.5,-46.3,19.737,1.387,73.329,16.498,13.75,2.231,2.829,8.572,4.05,3.818
2027-05-03,-23.4,-46.8,19.851,1.383,73.16,16.399,13.609,2.216,2.938,8.242,3.955,3.873
2027-05-03,-23.4,-46.7,19.875,1.938,74.396,16.005,13.207,2.317,3.83,8.469,3.965,3.712
2027-05-03,-23.4,-46.6,20.146,1.575,73.044,16.393,13.242,2.202,3.539,8.3,3.801,4.006
2027-05-03,-23.4,-46.5,19.777,1.634,73.62,16.279,13.627,2.229,3.542,8.691,4.025,3.744
2027-05-03,-23.4,-46.4,20.407,1.482,72.877,16.264,12.929,1.789,3.227,8.077,3.814,3.62
2027-05-04,-23.8,-46.8,20.07,1.184,73.284,16.422,13.019,2.265,2.372,8.421,3.609,3.845
2027-05-04,-23.8,-46.7,20.266,1.466,72.54,16.274,13.752,2.04,3.011,8.738,3.998,4.051
2027-05-04,-23.8,-46.6,19.683,1.732,74.743,15.939,13.612,2.429,3.109,9.639,4.001,3.956
2027-05-04,-23.8,-46.5,20.042,1.326,73.048,16.451,13.239,2.283,2.724,8.939,3.603,3.936
2027-05-04,-23.7,-46.8,20.712,1.037,71.251,16.834,12.867,1.805,2.592,7.836,3.448,3.572
2027-05-04,-23.7,-46.5,20.509,1.516,72.788,16.288,13.121,2.058,3.114,8.498,3.923,3.928
2027-05-04,-23.7,-46.4,19.837,1.541,73.757,16.304,13.503,2.263,2.867,8.945,3.952,3.775
2027-05-04,-23.6,-46.8,20.135,1.622,73.858,16.443,12.872,2.305,3.367,8.285,3.879,3.682
2027-05-04,-23.6,-46.4,20.354,1.153,72.251,16.716,12.78,2.088,2.739,7.939,3.509,3.712
2027-05-04,-23.6,-46.3,20.046,1.239,72.466,16.679,13.551,2.21,2.642,8.542,3.824,3.759
2027-05-04,-23.5,-46.8,20.859,0.969,69.817,16.687,13.722,1.778,2.294,8.136,3.71,4.223
2027-05-04,-23.5,-46.7,20.849,1.096,70.036,16.66,13.849,1.84,2.504,8.131,3.89,4.285
2027-05-04,-23.5,-46.6,20.666,1.149,71.68,16.605,13.215,1.884,2.524,8.003,3.938,3.91
2027-05-04,-23.5,-46.4,19.958,1.657,73.31,16.322,13.676,2.237,3.517,8.909,4.076,3.901
2027-05-04,-23.5,-46.3,19.779,1.381,73.249,16.494,13.813,2.181,2.806,8.587,4.079,3.851
2027-05-04,-23.4,-46.8,19.989,1.416,72.811,16.339,13.663,2.138,2.962,8.192,3.821,3.969
2027-05-04,-23.4,-46.7,20.28,1.27,72.414,16.616,12.912,2.115,2.817,8.039,3.735,3.742
2027-05-04,-23.4,-46.6,20.122,1.308,72.435,16.414,13.449,2.159,2.877,8.178,3.932,3.93
2027-05-04,-23.4,-46.5,20.021,1.406,73.044,16.428,13.238,2.163,3.064,8.232,3.765,3.882
2027-05-04,-23.4,-46.4,20.66,1.073,71.263,16.903,12.851,1.694,2.844,7.483,3.485,3.55
2027-05-05,-23.8,-46.8,20.299,0.983,71.632,16.883,13.239,2.198,2.338,8.04,3.548,3.856
2027-05-05,-23.8,-46.7,20.45,1.331,71.821,16.414,13.628,1.915,2.831,8.344,3.893,4.265
2027-05-05,-23.8,-46.6,19.937,1.536,73.796,16.347,13.274,2.308,2.908,9.04,3.757,3.989
2027-05-05,-23.8,-46.5,20.525,1.044,71.055,16.871,13.543,1.918,2.407,8.03,3.475,4.312
2027-05-05,-23.7,-46.8,20.566,1.123,70.053,16.748,13.735,1.987,2.676,8.581,3.781,3.712
2027-05-05,-23.7,-46.5,20.745,1.34,71.609,16.601,13.112,1.895,2.878,7.999,3.818,3.935
2027-05-05,-23.7,-46.4,19.951,1.625,73.535,16.147,13.635,2.271,3.026,9.233,3.96,4.143
2027-05-05,-23.6,-46.8,20.278,1.402,72.728,16.486,12.921,2.202,3.174,7.923,3.803,3.806
2027-05-05,-23.6,-46.4,20.253,0.978,70.519,16.868,13.765,2.237,2.378,8.498,3.669,3.75
2027-05-05,-23.6,-46.3,20.175,1.196,70.969,16.768,13.9,2.262,2.891,8.497,3.646,3.76
2027-05-05,-23.5,-46.8,21.355,1.395,68.173,16.386,14.164,1.828,3.137,9.084,3.948,4.244
2027-05-05,-23.5,-46.7,21.27,1.41,68.401,16.484,14.341,1.839,3.174,8.957,4.094,4.476
2027-05-05,-23.5,-46.6,20.871,1.146,69.789,16.62,13.946,1.775,2.657,8.452,3.805,4.372
2027-05-05,-23.5,-46.4,20.148,1.325,72.21,16.586,13.477,2.156,2.879,8.385,3.812,3.967
2027-05-05,-23.5,-46.3,19.93,1.496,72.878,16.323,13.864,2.167,2.952,8.68,3.97,4.1
2027-05-05,-23.4,-46.8,20.108,1.299,72.309,16.507,13.439,2.145,2.892,7.91,3.743,3.883
2027-05-05,-23.4,-46.7,20.182,1.029,70.584,16.809,13.79,2.213,2.645,8.262,3.632,3.818
2027-05-05,-23.4,-46.6,20.193,1.138,70.778,16.854,13.646,2.218,2.814,8.342,3.627,3.807
2027-05-05,-23.4,-46.5,20.111,1.288,72.196,16.613,13.462,2.132,2.934,8.246,3.768,3.951
2027-05-05,-23.4,-46.4,20.521,1.184,70.062,16.872,13.736,1.884,2.91,8.419,3.893,3.687
2027-05-06,-23.8,-46.8,20.529,0.999,70.125,16.788,14.092,1.991,2.476,8.204,3.618,4.177
2027-05-06,-23.8,-46.7,20.342,1.315,70.941,16.494,14.06,2.018,2.851,8.898,3.936,4.105
2027-05-06,-23.8,-46.6,20.086,1.517,73.216,16.255,13.359,2.282,2.964,8.882,3.853,4.04
2027-05-06,-23.8,-46.5,20.318,1.385,70.686,16.537,14.573,2.065,3.312,9.028,3.912,4.179
2027-05-06,-23.7,-46.8,20.607,1.215,69.633,16.822,14.06,2.009,2.892,8.521,3.937,3.97
2027-05-06,-23.7,-46.5,20.707,1.186,70.401,16.85,13.759,1.947,2.682,8.625,3.99,4.035
2027-05-06,-23.7,-46.4,20.021,1.553,73.326,16.229,13.649,2.274,2.99,9.173,4.0,4.227
2027-05-06,-23.6,-46.8,20.494,1.066,71.267,16.763,13.205,2.107,2.486,7.722,3.6,4.062
2027-05-06,-23.6,-46.4,20.105,1.314,70.897,16.583,14.245,2.34,3.266,8.989,3.95,3.878
2027-05-06,-23.6,-46.3,20.153,1.409,70.871,16.518,14.691,2.081,3.416,9.083,3.955,4.247
2027-05-06,-23.5,-46.8,21.437,1.604,67.688,16.304,14.497,1.914,3.512,9.215,3.907,4.357
2027-05-06,-23.5,-46.7,21.33,1.69,68.065,16.261,14.501,1.933,3.574,9.189,3.939,4.342
2027-05-06,-23.5,-46.6,21.196,1.617,68.817,16.369,14.1,1.933,3.448,8.815,3.989,4.222
2027-05-06,-23.5,-46.4,20.059,1.237,71.382,16.675,13.981,2.243,2.85,8.882,3.815,3.784
2027-05-06,-23.5,-46.3,20.006,1.525,72.807,16.299,13.905,2.196,3.025,8.761,4.029,4.213
2027-05-06,-23.4,-46.8,20.018,1.319,71.377,16.447,14.01,2.234,2.964,8.627,3.769,3.996
2027-05-06,-23.4,-46.7,20.186,1.271,70.46,16.67,14.122,2.305,3.33,8.604,3.753,3.982
2027-05-06,-23.4,-46.6,20.134,1.307,70.814,16.634,14.135,2.268,3.407,8.546,3.765,3.91
2027-05-06,-23.4,-46.5,20.103,1.242,71.177,16.746,13.932,2.217,2.985,8.595,3.695,3.799
2027-05-06,-23.4,-46.4,20.577,1.397,69.662,16.907,14.2,1.95,3.558,8.455,3.957,4.005
2027-05-07,-23.8,-46.8,20.505,1.252,69.739,16.535,14.995,1.983,3.275,8.425,3.732,4.367
2027-05-07,-23.8,-46.7,20.165,1.498,70.977,16.257,14.99,2.065,3.429,9.238,4.146,4.345
2027-05-07,-23.8,-46.6,20.283,1.468,71.959,16.151,14.366,2.049,3.019,9.097,4.074,4.67
2027-05-07,-23.8,-46.5,20.07,1.472,71.4,16.221,15.088,2.146,3.391,9.215,4.18,4.415
2027-05-07,-23.7,-46.8,20.598,1.275,69.598,16.619,14.814,1.986,3.267,8.441,3.889,4.344
2027-05-07,-23.7,-46.5,20.617,1.433,69.793,16.399,14.945,2.025,3.382,8.889,4.081,4.508
2027-05-07,-23.7,-46.4,19.92,1.556,73.004,16.113,14.156,2.278,3.064,9.329,4.14,4.173
2027-05-07,-23.6,-46.8,20.447,1.16,69.787,16.586,14.935,1.974,3.097,8.423,3.736,4.484
2027-05-07,-23.6,-46.4,20.113,1.271,70.921,16.523,14.623,2.242,3.311,8.697,3.854,4.139
2027-05-07,-23.6,-46.3,19.936,1.81,72.344,15.778,15.293,2.121,3.726,9.105,4.247,4.47
2027-05-07,-23.5,-46.8,21.44,1.532,67.242,15.999,15.486,1.972,3.482,9.561,3.921,4.937
2027-05-07,-23.5,-46.7,21.219,1.593,67.943,15.882,15.567,2.023,3.495,9.575,4.014,4.92
2027-05-07,-23.5,-46.6,21.255,1.535,68.054,15.97,15.259,1.858,3.453,9.217,3.884,4.924
2027-05-07,-23.5,-46.4,20.087,1.433,70.943,16.229,15.196,2.038,3.395,9.114,3.978,4.412
2027-05-07,-23.5,-46.3,19.978,1.591,72.901,16.034,14.081,2.226,3.156,8.891,4.175,4.176
2027-05-07,-23.4,-46.8,19.834,1.578,71.705,16.205,14.669,2.271,3.664,9.114,3.91,4.122
2027-05-07,-23.4,-46.7,20.221,1.383,70.211,16.517,14.765,2.225,3.58,8.525,3.701,4.152
2027-05-07,-23.4,-46.6,20.405,1.32,70.012,16.517,14.927,1.962,3.512,8.265,3.705,4.585
2027-05-07,-23.4,-46.5,19.805,1.567,71.732,16.195,14.749,2.287,3.663,9.211,4.071,4.026
2027-05-07,-23.4,-46.4,20.512,1.543,70.064,16.626,14.779,1.929,3.719,8.445,3.949,4.225
2027-05-08,-23.8,-46.8,20.122,1.768,71.559,15.299,16.087,2.219,3.697,9.277,4.098,4.907
2027-05-08,-23.8,-46.7,20.005,1.708,72.157,15.581,15.895,2.215,3.576,9.236,4.23,4.968
2027-05-08,-23.8,-46.6,20.218,1.332,71.137,15.864,15.516,2.163,2.927,9.265,4.299,5.201
2027-05-08,-23.8,-46.5,19.962,1.834,72.284,15.374,16.122,2.271,3.815,9.472,4.388,5.047
2027-05-08,-23.7,-46.8,20.541,1.532,70.282,15.522,16.094,2.14,3.431,8.759,4.035,5.242
2027-05-08,-23.7,-46.5,20.341,1.749,71.059,15.481,15.999,2.24,3.654,9.504,4.366,4.99
2027-05-08,-23.7,-46.4,19.93,1.516,72.76,15.935,14.622,2.371,2.989,9.495,4.235,4.721
2027-05-08,-23.6,-46.8,20.385,1.569,70.563,15.691,15.997,2.098,3.668,8.541,3.985,5.125
2027-05-08,-23.6,-46.4,20.362,1.299,70.218,16.026,15.702,2.03,3.283,8.604,3.987,5.307
2027-05-08,-23.6,-46.3,20.036,1.786,72.348,15.5,15.926,2.225,3.532,9.012,4.278,5.146
2027-05-08,-23.5,-46.8,21.369,2.149,67.913,14.447,17.596,2.144,4.388,10.164,4.103,5.891
2027-05-08,-23.5,-46.7,21.031,2.194,69.398,14.256,17.177,2.235,4.083,9.934,4.197,5.637
2027-05-08,-23.5,-46.6,21.147,2.133,68.635,14.398,17.011,2.205,4.11,10.319,4.252,5.611
2027-05-08,-23.5,-46.4,19.993,1.933,72.261,15.255,16.217,2.2,3.925,9.276,4.33,5.106
2027-05-08,-23.5,-46.3,20.032,1.449,72.305,15.965,14.449,2.271,3.017,8.752,4.196,4.751
2027-05-08,-23.4,-46.8,19.838,1.595,72.374,15.701,15.08,2.351,3.413,8.393,3.886,4.798
2027-05-08,-23.4,-46.7,19.857,1.856,72.004,15.475,15.72,2.363,3.99,8.909,4.102,4.75
2027-05-08,-23.4,-46.6,20.114,1.892,71.443,15.355,16.065,2.147,4.041,9.046,4.269,5.111
2027-05-08,-23.4,-46.5,20.052,1.665,71.708,15.664,15.635,2.138,3.559,8.98,4.162,5.209
2027-05-08,-23.4,-46.4,20.373,1.761,70.72,15.467,15.96,2.167,3.865,8.89,4.13,5.146
2027-05-09,-23.8,-46.8,19.925,1.715,72.913,15.312,15.726,2.385,3.341,9.208,4.222,5.049
2027-05-09,-23.8,-46.7,19.668,2.184,74.115,14.994,15.681,2.513,3.868,10.063,4.275,4.853
2027-05-09,-23.8,-46.6,19.84,1.914,73.19,15.245,15.827,2.42,3.619,9.556,4.515,4.909
2027-05-09,-23.8,-46.5,19.634,2.041,74.208,15.092,15.674,2.515,3.67,9.902,4.44,4.911
2027-05-09,-23.7,-46.8,20.234,2.086,72.001,14.818,16.391,2.306,3.96,9.486,4.335,5.089
2027-05-09,-23.7,-46.5,20.021,2.116,72.927,14.834,15.748,2.322,3.712,9.567,4.587,4.765
2027-05-09,-23.7,-46.4,20.057,1.495,72.608,15.732,14.837,2.294,3.006,9.527,4.254,4.94
2027-05-09,-23.6,-46.8,20.007,1.973,72.486,15.244,16.009,2.267,3.991,9.145,4.305,5.098
2027-05-09,-23.6,-46.4,19.921,2.104,72.49,15.054,16.229,2.357,4.041,9.759,4.494,5.03
2027-05-09,-23.6,-46.3,19.577,2.294,74.557,14.787,15.844,2.488,3.811,10.098,4.546,4.993
2027-05-09,-23.5,-46.8,20.559,2.884,71.553,13.223,17.348,2.692,4.565,11.714,4.317,5.557
2027-05-09,-23.5,-46.7,20.205,3.149,72.704,13.134,16.708,2.613,4.644,11.598,4.249,5.022
2027-05-09,-23.5,-46.6,20.575,2.636,70.958,13.289,17.247,2.536,4.312,11.959,4.341,5.436
2027-05-09,-23.5,-46.4,19.577,2.31,74.711,14.627,15.829,2.456,3.845,9.941,4.522,4.933
2027-05-09,-23.5,-46.3,20.026,1.388,71.563,15.849,15.301,2.242,2.976,9.237,4.204,4.99
2027-05-09,-23.4,-46.8,19.748,1.681,72.862,15.539,15.133,2.467,3.486,8.557,3.965,4.642
2027-05-09,-23.4,-46.7,19.765,1.734,72.959,15.562,15.189,2.436,3.574,8.405,4.059,4.766
2027-05-09,-23.4,-46.6,19.869,2.147,73.033,15.092,15.883,2.29,4.189,9.273,4.444,4.997
2027-05-09,-23.4,-46.5,19.92,1.977,72.966,15.255,15.744,2.304,3.802,9.146,4.316,5.11
2027-05-09,-23.4,-46.4,20.136,2.154,72.412,14.868,16.153,2.233,4.107,9.373,4.449,5.124
2027-05-10,-23.8,-46.8,19.435,2.114,75.151,14.943,14.915,2.692,3.755,10.126,4.35,4.527
2027-05-10,-23.8,-46.7,19.413,2.239,75.521,14.999,14.442,2.632,3.983,9.782,4.308,4.168
2027-05-10,-23.8,-46.6,19.518,2.162,75.071,14.874,15.112,2.633,3.842,9.975,4.376,4.749
2027-05-10,-23.8,-46.5,19.217,2.251,76.309,15.133,14.428,2.569,3.87,9.663,4.452,3.993
2027-05-10,-23.7,-46.8,19.525,2.555,74.942,14.384,15.739,2.685,4.162,10.508,4.492,4.667
2027-05-10,-23.7,-46.5,19.695,2.246,75.066,14.615,14.73,2.636,3.62,9.994,4.341,4.479
2027-05-10,-23.7,-46.4,19.794,1.652,73.704,15.606,14.82,2.479,3.213,9.362,4.273,4.709
2027-05-10,-23.6,-46.8,19.621,1.9,73.794,15.253,15.649,2.516,3.644,9.361,4.222,4.914
2027-05-10,-23.6,-46.4,19.309,2.435,75.187,14.657,15.722,2.6,3.983,10.168,4.653,4.777
2027-05-10,-23.6,-46.3,19.293,2.2,76.103,15.085,14.287,2.55,3.7,9.34,4.48,4.278
2027-05-10,-23.5,-46.8,19.347,3.142,76.13,13.305,15.456,2.579,4.681,10.603,4.708,4.551
2027-05-10,-23.5,-46.7,19.308,3.207,76.805,13.255,14.594,2.643,4.566,10.174,4.74,4.368
2027-05-10,-23.5,-46.6,19.33,3.118,75.707,13.178,15.761,2.603,4.483,11.16,4.744,4.619
2027-05-10,-23.5,-46.4,19.347,2.26,75.996,15.085,14.219,2.505,3.869,9.304,4.473,4.326
2027-05-10,-23.5,-46.3,19.731,1.787,73.071,15.409,15.617,2.411,3.488,9.315,4.233,4.825
2027-05-10,-23.4,-46.8,19.853,1.774,73.248,15.567,14.905,2.38,3.668,8.858,3.996,4.947
2027-05-10,-23.4,-46.7,19.756,2.029,73.776,15.259,14.943,2.422,3.894,9.172,4.131,4.897
2027-05-10,-23.4,-46.6,19.436,2.488,75.211,14.724,14.927,2.569,4.193,9.63,4.58,4.586
2027-05-10,-23.4,-46.5,19.512,2.255,75.014,14.948,14.983,2.506,3.915,9.718,4.528,4.741
2027-05-10,-23.4,-46.4,19.643,2.615,74.647,14.311,15.769,2.631,4.222,10.372,4.445,4.851
2027-05-11,-23.8,-46.8,19.259,2.173,76.126,15.173,14.055,2.647,3.805,9.585,4.276,3.872
2027-05-11,-23.8,-46.7,19.335,2.107,75.844,15.315,13.705,2.697,3.812,9.717,4.256,3.814
2027-05-11,-23.8,-46.6,19.268,2.127,76.299,15.27,14.01,2.619,3.757,9.667,4.374,4.028
2027-05-11,-23.8,-46.5,19.095,2.208,76.751,15.162,13.867,2.707,3.716,9.645,4.366,3.863
2027-05-11,-23.7,-46.8,19.313,2.755,76.211,14.524,14.133,2.718,4.497,10.029,4.414,3.953
2027-05-11,-23.7,-46.5,19.388,2.52,76.007,14.736,13.959,2.689,4.157,10.153,4.389,4.03
2027-05-11,-23.7,-46.4,19.824,1.553,73.635,15.661,14.371,2.416,3.048,9.374,4.204,4.696
2027-05-11,-23.6,-46.8,19.464,2.011,75.092,15.208,14.59,2.463,3.61,9.034,4.325,4.402
2027-05-11,-23.6,-46.4,19.237,2.339,76.177,14.874,14.257,2.561,3.845,9.582,4.485,4.26
2027-05-11,-23.6,-46.3,19.327,2.103,76.032,15.33,13.531,2.586,3.72,9.052,4.402,3.736
2027-05-11,-23.5,-46.8,19.245,2.966,76.775,14.095,13.739,2.599,4.739,9.311,4.65,4.021
2027-05-11,-23.5,-46.7,19.288,2.869,76.787,14.14,13.607,2.588,4.621,9.091,4.553,3.905
2027-05-11,-23.5,-46.6,19.254,2.999,76.865,14.086,13.787,2.55,4.641,9.267,4.619,4.016
2027-05-11,-23.5,-46.4,19.383,1.959,75.509,15.429,13.706,2.526,3.548,9.062,4.361,4.189
2027-05-11,-23.5,-46.3,19.475,2.199,75.166,14.916,14.946,2.48,3.656,9.61,4.537,4.519
2027-05-11,-23.4,-46.8,19.567,2.253,74.746,14.865,14.931,2.479,3.968,9.51,4.355,4.653
2027-05-11,-23.4,-46.7,19.547,2.186,74.765,15.099,14.429,2.48,3.916,9.263,4.339,4.505
2027-05-11,-23.4,-46.6,19.498,2.327,75.306,15.138,13.918,2.547,4.141,9.332,4.422,4.29
2027-05-11,-23.4,-46.5,19.443,2.171,75.491,15.283,14.124,2.496,3.855,9.109,4.424,4.363
2027-05-11,-23.4,-46.4,19.371,2.908,76.262,14.43,14.076,2.577,4.529,9.494,4.491,4.1
2027-05-12,-23.8,-46.8,19.161,2.028,75.834,15.287,13.648,2.76,3.727,10.097,4.273,3.712
2027-05-12,-23.8,-46.7,19.272,2.047,75.732,15.299,13.508,2.739,3.712,9.933,4.196,3.762
2027-05-12,-23.8,-46.6,19.12,2.109,76.42,15.275,13.705,2.734,3.783,9.64,4.369,3.836
2027-05-12,-23.8,-46.5,19.002,2.151,76.679,15.088,13.678,2.839,3.661,10.099,4.407,3.805
2027-05-12,-23.7,-46.8,19.151,2.456,75.91,14.841,13.709,2.822,4.372,10.147,4.504,3.803
2027-05-12,-23.7,-46.5,19.322,2.225,75.753,15.128,13.614,2.744,3.878,9.86,4.322,3.88
2027-05-12,-23.7,-46.4,19.634,1.87,74.438,15.27,14.304,2.6,3.401,10.496,4.376,4.687
2027-05-12,-23.6,-46.8,19.439,2.07,75.058,15.235,14.089,2.575,3.817,9.468,4.309,4.338
2027-05-12,-23.6,-46.4,19.162,2.207,75.837,15.141,13.812,2.734,3.814,10.007,4.483,4.114
2027-05-12,-23.6,-46.3,19.305,2.085,75.657,15.251,13.39,2.694,3.826,9.569,4.449,3.866
2027-05-12,-23.5,-46.8,19.229,2.633,76.037,14.311,13.509,2.81,4.525,9.369,4.396,3.897
2027-05-12,-23.5,-46.7,19.356,2.593,75.728,14.531,13.494,2.729,4.528,9.283,4.376,3.889
2027-05-12,-23.5,-46.6,19.219,2.666,76.147,14.275,13.557,2.731,4.58,9.53,4.429,3.884
2027-05-12,-23.5,-46.4,19.458,1.795,75.245,15.5,13.711,2.498,3.221,9.063,4.377,4.279
2027-05-12,-23.5,-46.3,19.444,2.004,75.227,15.352,14.082,2.487,3.588,9.265,4.372,4.339
2027-05-12,-23.4,-46.8,19.551,1.984,74.572,15.444,13.968,2.516,3.793,9.46,4.238,4.332
2027-05-12,-23.4,-46.7,19.486,2.184,74.78,15.256,13.924,2.599,4.027,9.724,4.321,4.274
2027-05-12,-23.4,-46.6,19.501,2.192,75.103,15.276,13.358,2.627,3.989,9.535,4.402,3.801
2027-05-12,-23.4,-46.5,19.401,2.046,75.329,15.375,13.706,2.548,3.727,9.335,4.394,4.192
2027-05-12,-23.4,-46.4,19.369,2.473,75.722,14.852,13.519,2.665,4.373,9.717,4.597,3.805
2027-05-13,-23.8,-46.8,19.644,2.14,72.732,15.635,13.76,2.801,4.036,12.803,4.44,3.728
2027-05-13,-23.8,-46.7,19.793,2.045,72.499,15.838,13.539,2.738,4.004,12.588,4.368,3.54
2027-05-13,-23.8,-46.6,19.623,2.157,73.111,15.684,13.815,2.766,4.072,12.666,4.469,3.808
2027-05-13,-23.8,-46.5,19.514,2.232,73.686,15.445,13.636,2.832,3.963,12.834,4.49,3.545
2027-05-13,-23.7,-46.8,19.724,2.393,73.471,15.371,13.478,2.903,4.305,12.29,4.505,3.547
2027-05-13,-23.7,-46.5,19.861,2.157,73.209,15.613,13.404,2.768,3.881,12.06,4.346,3.593
2027-05-13,-23.7,-46.4,19.908,1.686,71.855,15.914,14.109,2.609,3.206,12.765,4.354,3.99
2027-05-13,-23.6,-46.8,19.88,2.058,72.297,15.741,13.712,2.621,3.951,12.424,4.416,3.76
2027-05-13,-23.6,-46.4,19.694,2.179,72.858,15.537,13.649,2.737,4.056,12.525,4.565,3.8
2027-05-13,-23.6,-46.3,19.821,2.082,72.564,15.728,13.646,2.663,3.916,12.405,4.512,3.847
2027-05-13,-23.5,-46.8,19.853,2.595,73.371,15.018,13.304,2.81,4.592,12.075,4.59,3.526
2027-05-13,-23.5,-46.7,20.131,2.306,72.573,15.446,13.218,2.684,4.398,11.658,4.498,3.554
2027-05-13,-23.5,-46.6,19.798,2.438,73.447,15.093,13.284,2.804,4.441,12.033,4.572,3.507
2027-05-13,-23.5,-46.4,19.899,1.916,72.242,15.836,13.679,2.572,3.656,12.205,4.557,3.883
2027-05-13,-23.5,-46.3,19.948,1.972,72.078,15.859,13.731,2.565,3.844,12.347,4.467,3.904
2027-05-13,-23.4,-46.8,20.023,1.879,71.494,15.981,13.652,2.531,3.789,11.982,4.279,3.87
2027-05-13,-23.4,-46.7,19.939,2.133,71.948,15.764,13.595,2.594,4.185,12.142,4.383,3.771
2027-05-13,-23.4,-46.6,19.914,2.228,72.247,15.665,13.531,2.604,4.257,12.209,4.477,3.764
2027-05-13,-23.4,-46.5,19.904,2.121,72.23,15.695,13.638,2.59,4.076,12.454,4.568,3.835
2027-05-13,-23.4,-46.4,20.022,2.344,73.018,15.59,13.208,2.633,4.25,11.778,4.525,3.577
2027-05-14,-23.8,-46.8,19.901,2.014,71.59,15.727,14.127,2.608,4.022,12.576,4.422,3.887
2027-05-14,-23.8,-46.7,19.988,1.763,70.234,15.9,14.71,2.625,3.631,12.723,4.437,4.073
2027-05-14,-23.8,-46.6,19.904,2.034,71.892,15.791,13.96,2.6,4.049,12.508,4.465,3.667
2027-05-14,-23.8,-46.5,19.939,1.985,72.382,15.751,13.669,2.635,3.653,12.257,4.402,3.82
2027-05-14,-23.7,-46.8,20.075,2.189,71.952,15.492,13.956,2.725,4.23,12.162,4.518,4.124
2027-05-14,-23.7,-46.5,20.035,2.011,72.043,15.551,14.084,2.7,3.911,12.165,4.47,4.008
2027-05-14,-23.7,-46.4,19.865,1.747,70.353,15.801,14.951,2.696,3.496,13.36,4.677,4.058
2027-05-14,-23.6,-46.8,19.893,2.054,70.401,15.499,14.728,2.632,4.148,12.884,4.603,3.952
2027-05-14,-23.6,-46.4,19.917,2.13,72.015,15.596,13.975,2.669,4.111,12.309,4.72,3.968
2027-05-14,-23.6,-46.3,19.98,1.975,71.655,15.873,13.974,2.626,3.935,12.071,4.593,4.002
2027-05-14,-23.5,-46.8,20.327,2.113,71.51,15.482,13.745,2.549,4.18,11.612,4.551,3.951
2027-05-14,-23.5,-46.7,20.518,1.792,70.803,15.755,13.839,2.53,3.695,11.068,4.315,4.177
2027-05-14,-23.5,-46.6,20.177,2.195,71.86,15.386,13.652,2.655,4.088,11.703,4.62,3.926
2027-05-14,-23.5,-46.4,20.001,1.867,70.749,15.841,14.515,2.634,3.806,12.335,4.578,4.118
2027-05-14,-23.5,-46.3,19.957,1.857,70.255,15.782,14.808,2.586,3.79,12.786,4.583,4.095
2027-05-14,-23.4,-46.8,20.023,1.869,69.455,15.758,14.99,2.553,4.055,12.705,4.532,4.025
2027-05-14,-23.4,-46.7,20.022,1.964,69.973,15.768,14.713,2.57,4.083,12.583,4.393,4.062
2027-05-14,-23.4,-46.6,20.045,1.988,70.546,15.868,14.416,2.647,4.116,12.191,4.552,4.092
2027-05-14,-23.4,-46.5,19.955,1.949,70.51,15.707,14.719,2.598,3.949,12.765,4.543,4.117
2027-05-14,-23.4,-46.4,20.157,2.036,71.759,15.576,13.821,2.629,4.077,11.702,4.576,4.099
2027-05-15,-23.8,-46.8,20.004,1.808,70.239,15.993,14.463,2.697,3.889,12.616,4.522,3.893
2027-05-15,-23.8,-46.7,20.053,1.684,69.6,15.683,15.107,2.668,3.65,12.856,4.687,4.004
2027-05-15,-23.8,-46.6,19.968,1.918,70.461,15.879,14.506,2.712,4.0,12.689,4.651,3.939
2027-05-15,-23.8,-46.5,19.979,1.737,70.549,15.809,14.537,2.68,3.398,12.824,4.525,3.973
2027-05-15,-23.7,-46.8,20.136,1.811,70.192,15.553,14.876,2.678,3.87,12.238,4.435,4.462
2027-05-15,-23.7,-46.5,20.092,1.608,70.286,15.72,14.681,2.697,3.296,12.314,4.544,4.132
2027-05-15,-23.7,-46.4,19.85,1.81,69.636,15.416,15.369,2.647,3.786,13.732,4.68,3.915
2027-05-15,-23.6,-46.8,19.917,2.065,70.177,15.244,15.013,2.681,4.249,12.948,4.829,3.842
2027-05-15,-23.6,-46.4,19.922,1.921,70.672,15.642,14.543,2.699,3.856,12.751,4.682,4.002
2027-05-15,-23.6,-46.3,20.068,1.692,70.223,15.821,14.565,2.64,3.328,12.511,4.54,4.161
2027-05-15,-23.5,-46.8,20.493,1.569,69.624,15.538,14.684,2.494,3.329,11.549,4.425,4.37
2027-05-15,-23.5,-46.7,20.625,1.514,68.856,15.663,15.009,2.452,3.279,11.703,4.535,4.407
2027-05-15,-23.5,-46.6,20.34,1.889,70.055,15.266,14.769,2.635,3.802,12.236,4.604,4.402
2027-05-15,-23.5,-46.4,20.049,1.77,69.878,15.692,14.833,2.644,3.767,12.702,4.734,4.035
2027-05-15,-23.5,-46.3,19.862,1.926,69.617,15.276,15.324,2.629,3.93,13.594,4.819,3.893
2027-05-15,-23.4,-46.8,20.092,1.91,68.504,15.418,15.352,2.583,4.216,13.264,4.722,4.1
2027-05-15,-23.4,-46.7,19.991,1.905,69.271,15.477,15.272,2.599,4.115,13.138,4.599,3.974
2027-05-15,-23.4,-46.6,20.069,1.863,69.613,15.754,14.808,2.639,4.09,12.546,4.713,4.086
2027-05-15,-23.4,-46.5,19.985,1.894,70.213,15.518,15.018,2.641,3.943,12.818,4.755,4.152
2027-05-15,-23.4,-46.4,20.146,1.818,70.408,15.549,14.771,2.59,3.786,12.17,4.495,4.356
2027-05-16,-23.8,-46.8,20.187,1.603,68.944,15.813,15.1,2.631,3.557,12.714,4.611,4.17
2027-05-16,-23.8,-46.7,20.155,1.639,69.216,15.575,15.299,2.656,3.592,12.873,4.626,4.151
2027-05-16,-23.8,-46.6,20.114,1.678,69.264,15.679,15.066,2.66,3.607,12.734,4.693,4.146
2027-05-16,-23.8,-46.5,20.299,1.333,68.66,16.113,14.852,2.579,3.044,12.109,4.384,4.382
2027-05-16,-23.7,-46.8,20.241,1.673,69.199,15.334,15.7,2.625,3.812,12.302,4.546,4.614
2027-05-16,-23.7,-46.5,20.308,1.626,69.099,15.103,15.777,2.632,3.384,12.623,4.704,4.687
2027-05-16,-23.7,-46.4,19.813,1.953,69.761,15.255,15.381,2.669,3.93,13.96,4.717,3.821
2027-05-16,-23.6,-46.8,19.959,2.087,70.117,15.23,15.087,2.694,4.256,13.06,4.78,4.008
2027-05-16,-23.6,-46.4,20.015,1.724,69.808,15.724,14.947,2.654,3.726,12.725,4.721,4.103
2027-05-16,-23.6,-46.3,20.48,1.176,67.787,16.231,14.92,2.384,2.784,11.596,4.385,4.308
2027-05-16,-23.5,-46.8,20.63,1.41,68.376,15.491,15.516,2.503,3.221,11.804,4.581,4.708
2027-05-16,-23.5,-46.7,20.752,1.495,67.355,15.331,15.642,2.497,3.439,12.17,4.666,4.945
2027-05-16,-23.5,-46.6,20.402,1.575,68.96,15.198,15.567,2.59,3.491,12.27,4.8,4.582
2027-05-16,-23.5,-46.4,20.081,1.619,69.535,15.529,15.164,2.626,3.383,12.784,4.703,4.153
2027-05-16,-23.5,-46.3,19.812,2.138,70.02,15.01,15.376,2.678,4.158,13.879,4.847,3.889
2027-05-16,-23.4,-46.8,20.06,2.009,68.541,15.272,15.442,2.62,4.288,13.489,4.817,4.039
2027-05-16,-23.4,-46.7,20.113,1.889,68.256,15.463,15.417,2.591,4.196,13.304,4.724,4.043
2027-05-16,-23.4,-46.6,20.051,1.793,69.568,15.496,15.041,2.65,3.755,12.644,4.665,4.019
2027-05-16,-23.4,-46.5,19.982,1.848,69.835,15.487,15.114,2.679,3.963,12.89,4.81,4.074
2027-05-16,-23.4,-46.4,20.215,1.573,69.283,15.228,15.577,2.627,3.401,12.522,4.662,4.453
2027-05-17,-23.8,-46.8,20.315,1.564,67.593,15.594,15.423,2.565,3.604,13.081,4.559,4.237
2027-05-17,-23.8,-46.7,20.292,1.614,67.718,15.463,15.487,2.535,3.629,13.114,4.593,4.219
2027-05-17,-23.8,-46.6,20.228,1.659,67.972,15.345,15.521,2.596,3.713,13.298,4.695,4.291
2027-05-17,-23.8,-46.5,20.386,1.228,67.295,15.842,15.432,2.451,2.981,12.625,4.536,4.285
2027-05-17,-23.7,-46.8,20.387,1.629,68.52,15.13,15.696,2.636,3.633,12.492,4.721,4.603
2027-05-17,-23.7,-46.5,20.502,1.849,68.262,14.81,15.949,2.612,3.733,12.917,4.843,4.768
2027-05-17,-23.7,-46.4,19.758,2.046,69.913,15.054,15.398,2.708,4.004,14.108,4.788,3.823
2027-05-17,-23.6,-46.8,20.058,1.887,69.64,15.461,15.065,2.659,3.991,12.862,4.674,3.988
2027-05-17,-23.6,-46.4,19.999,1.616,69.736,15.504,15.116,2.677,3.354,12.9,4.702,4.051
2027-05-17,-23.6,-46.3,20.462,1.195,66.51,15.926,15.408,2.407,2.95,12.645,4.547,4.154
2027-05-17,-23.5,-46.8,20.949,1.308,66.218,15.867,15.414,2.421,3.256,11.787,4.486,4.79
2027-05-17,-23.5,-46.7,21.252,1.252,65.911,16.078,15.31,2.35,2.984,11.388,4.402,5.127
2027-05-17,-23.5,-46.6,20.701,1.523,67.313,15.593,15.221,2.528,3.459,12.23,4.671,4.619
2027-05-17,-23.5,-46.4,20.162,1.573,68.571,15.516,15.406,2.496,3.316,12.968,4.482,4.119
2027-05-17,-23.5,-46.3,19.945,2.039,70.102,15.142,15.123,2.684,3.828,13.329,4.782,3.937
2027-05-17,-23.4,-46.8,20.113,2.01,68.446,15.266,15.396,2.606,4.22,13.473,4.737,4.067
2027-05-17,-23.4,-46.7,20.361,1.799,67.762,15.716,15.166,2.538,4.112,12.524,4.696,4.105
2027-05-17,-23.4,-46.6,20.244,1.594,68.836,15.702,15.036,2.554,3.595,12.13,4.493,4.248
2027-05-17,-23.4,-46.5,20.005,1.772,69.735,15.473,15.05,2.685,3.649,12.963,4.782,4.03
2027-05-17,-23.4,-46.4,20.358,1.699,68.414,15.051,15.559,2.663,3.652,12.942,4.86,4.604
2027-05-18,-23.8,-46.8,20.358,1.608,66.957,15.439,15.645,2.466,3.665,13.236,4.736,4.064
2027-05-18,-23.8,-46.7,20.304,1.583,67.392,15.604,15.498,2.469,3.615,12.966,4.691,4.043
2027-05-18,-23.8,-46.6,20.306,1.654,67.4,15.456,15.565,2.55,3.74,13.444,4.872,4.038
2027-05-18,-23.8,-46.5,20.355,1.587,67.083,15.54,15.575,2.56,3.487,13.444,4.741,4.107
2027-05-18,-23.7,-46.8,20.324,1.667,68.194,15.423,15.229,2.567,3.648,12.733,4.761,4.012
2027-05-18,-23.7,-46.5,20.553,1.728,68.105,14.901,16.086,2.526,3.588,12.769,4.996,4.744
2027-05-18,-23.7,-46.4,19.834,2.083,69.921,15.066,15.359,2.721,3.863,14.153,4.81,3.885
2027-05-18,-23.6,-46.8,20.098,1.824,69.363,15.559,15.065,2.636,3.898,12.644,4.582,3.936
2027-05-18,-23.6,-46.4,20.05,1.69,69.447,15.382,15.21,2.698,3.498,13.088,4.749,4.119
2027-05-18,-23.6,-46.3,20.485,1.404,66.258,15.827,15.437,2.482,3.213,13.182,4.542,4.09
2027-05-18,-23.5,-46.8,21.258,1.533,65.418,15.881,15.215,2.61,3.485,12.655,4.71,4.829
2027-05-18,-23.5,-46.7,21.265,1.544,65.474,15.86,15.144,2.63,3.487,12.616,4.689,4.834
2027-05-18,-23.5,-46.6,20.901,1.342,66.185,16.028,14.964,2.448,3.32,11.915,4.468,4.293
2027-05-18,-23.5,-46.4,20.074,1.809,68.34,15.202,15.422,2.617,3.672,13.682,4.875,4.026
2027-05-18,-23.5,-46.3,20.011,1.93,69.7,15.381,15.063,2.681,3.854,13.149,4.822,3.954
2027-05-18,-23.4,-46.8,20.302,1.93,68.018,15.46,15.156,2.617,4.228,12.902,4.812,4.101
2027-05-18,-23.4,-46.7,20.325,1.783,67.329,15.597,15.397,2.489,4.067,13.012,4.653,3.982
2027-05-18,-23.4,-46.6,20.258,1.675,67.44,15.432,15.353,2.514,3.791,13.002,4.616,4.227
2027-05-18,-23.4,-46.5,19.948,1.743,69.329,15.424,15.291,2.599,3.562,13.253,4.669,3.988
2027-05-18,-23.4,-46.4,20.481,1.55,67.348,15.609,15.244,2.562,3.462,12.8,4.958,4.138
2027-05-19,-23.8,-46.8,20.342,1.767,67.166,15.606,15.441,2.496,4.031,13.142,4.711,3.942
2027-05-19,-23.8,-46.7,20.364,1.873,67.416,15.13,15.947,2.573,4.121,13.434,4.891,4.437
2027-05-19,-23.8,-46.6,20.296,1.873,67.482,15.503,15.36,2.55,4.123,13.27,4.893,3.942
2027-05-19,-23.8,-46.5,20.275,1.675,67.633,15.519,15.401,2.527,3.56,13.368,4.849,3.923
2027-05-19,-23.7,-46.8,20.467,1.687,67.317,15.672,15.21,2.57,3.938,12.788,4.721,3.988
2027-05-19,-23.7,-46.5,20.593,1.844,68.008,14.694,16.152,2.594,3.743,12.878,5.105,4.895
2027-05-19,-23.7,-46.4,19.905,2.059,70.268,15.126,15.012,2.729,3.832,13.469,4.892,3.781
2027-05-19,-23.6,-46.8,20.234,1.825,68.519,15.526,15.024,2.614,3.981,12.746,4.675,3.913
2027-05-19,-23.6,-46.4,20.105,1.764,68.285,15.306,15.459,2.638,3.652,13.641,4.855,4.089
2027-05-19,-23.6,-46.3,20.356,1.746,66.564,15.405,15.446,2.699,3.677,14.405,4.869,3.882
2027-05-19,-23.5,-46.8,21.204,1.646,65.721,15.743,15.163,2.645,3.586,12.896,4.743,4.654
2027-05-19,-23.5,-46.7,21.174,1.65,64.869,15.627,15.595,2.6,3.612,13.664,4.691,4.692
2027-05-19,-23.5,-46.6,21.116,1.79,66.189,15.554,15.244,2.755,3.793,13.379,4.953,4.681
2027-05-19,-23.5,-46.4,20.182,1.753,67.72,15.352,15.461,2.537,3.819,13.431,4.774,3.995
2027-05-19,-23.5,-46.3,19.981,1.888,69.775,15.34,15.048,2.694,3.851,13.016,4.761,3.965
2027-05-19,-23.4,-46.8,20.264,1.904,67.446,15.378,15.444,2.548,4.225,13.203,4.793,4.067
2027-05-19,-23.4,-46.7,20.3,1.91,67.076,15.414,15.38,2.57,4.221,13.347,4.805,3.821
2027-05-19,-23.4,-46.6,20.255,1.792,67.164,15.452,15.353,2.6,3.952,13.348,4.864,3.939
2027-05-19,-23.4,-46.5,20.067,1.863,68.443,15.371,15.341,2.579,3.968,13.366,4.74,4.06
2027-05-19,-23.4,-46.4,20.458,1.579,67.245,15.62,15.241,2.631,3.521,13.116,4.876,4.077
2027-05-20,-23.8,-46.8,20.364,1.887,66.946,15.379,15.56,2.545,4.133,13.608,4.781,4.013
2027-05-20,-23.8,-46.7,20.257,2.047,67.98,14.738,15.844,2.592,4.219,13.851,5.0,4.102
2027-05-20,-23.8,-46.6,20.324,1.905,67.196,15.311,15.449,2.569,4.153,13.615,4.851,3.935
2027-05-20,-23.8,-46.5,20.221,1.744,67.616,15.345,15.613,2.524,3.873,13.639,4.812,4.02
2027-05-20,-23.7,-46.8,20.48,1.819,67.133,15.45,15.285,2.673,4.113,13.193,4.921,4.076
2027-05-20,-23.7,-46.5,20.479,1.929,68.864,14.352,16.107,2.597,3.797,12.995,5.228,4.647
2027-05-20,-23.7,-46.4,19.829,2.115,70.539,15.039,14.994,2.725,4.053,13.496,4.875,3.787
2027-05-20,-23.6,-46.8,20.165,1.874,68.24,15.334,15.297,2.536,4.058,13.141,4.706,3.882
2027-05-20,-23.6,-46.4,20.223,1.831,67.931,15.412,15.379,2.583,3.955,13.442,4.892,4.033
2027-05-20,-23.6,-46.3,20.337,1.811,66.977,15.323,15.593,2.547,3.903,14.096,4.778,3.943
2027-05-20,-23.5,-46.8,21.126,1.868,65.251,15.507,15.383,2.554,3.845,13.64,4.687,4.205
2027-05-20,-23.5,-46.7,20.982,1.902,66.049,15.28,15.347,2.614,3.848,13.619,4.769,4.328
2027-05-20,-23.5,-46.6,21.175,1.739,65.935,15.69,15.183,2.665,3.723,13.123,4.867,4.634
2027-05-20,-23.5,-46.4,20.166,1.957,67.905,15.217,15.422,2.62,4.094,13.726,4.899,3.882
2027-05-20,-23.5,-46.3,19.9,2.15,70.189,15.124,15.064,2.693,4.19,13.139,4.759,3.954
2027-05-20,-23.4,-46.8,20.249,2.032,67.494,15.194,15.497,2.589,4.282,13.815,4.928,4.033
2027-05-20,-23.4,-46.7,20.279,2.044,67.209,15.242,15.399,2.557,4.345,13.672,4.921,3.742
2027-05-20,-23.4,-46.6,20.317,1.976,66.976,15.356,15.403,2.573,4.316,13.614,4.892,3.796
2027-05-20,-23.4,-46.5,20.156,1.933,67.836,15.271,15.471,2.608,4.159,13.595,4.917,4.074
2027-05-20,-23.4,-46.4,20.386,1.776,66.842,15.432,15.494,2.618,3.961,13.774,4.959,3.947
2027-05-21,-23.8,-46.8,20.256,2.112,67.642,15.102,15.376,2.632,4.281,14.015,4.925,3.743
2027-05-21,-23.8,-46.7,20.382,1.986,68.189,15.226,15.077,2.577,3.934,13.279,4.822,3.757
2027-05-21,-23.8,-46.6,20.246,2.118,67.557,15.063,15.489,2.616,4.334,14.047,4.985,3.829
2027-05-21,-23.8,-46.5,20.174,1.875,68.085,15.186,15.474,2.533,3.954,13.72,4.865,3.813
2027-05-21,-23.7,-46.8,20.414,2.088,67.691,15.182,15.202,2.674,4.319,13.544,4.884,3.926
2027-05-21,-23.7,-46.5,20.125,2.338,69.662,14.581,15.023,2.774,4.263,13.982,5.063,3.753
2027-05-21,-23.7,-46.4,19.885,2.11,70.813,15.053,14.937,2.68,3.844,13.362,4.79,3.82
2027-05-21,-23.6,-46.8,20.284,1.974,68.146,15.263,15.112,2.618,4.164,13.222,4.868,3.815
2027-05-21,-23.6,-46.4,20.226,1.953,67.793,15.231,15.426,2.571,4.094,13.746,4.951,3.877
2027-05-21,-23.6,-46.3,20.215,2.08,67.76,15.014,15.415,2.62,4.176,14.541,4.868,3.657
2027-05-21,-23.5,-46.8,21.071,1.851,65.399,15.345,15.41,2.599,3.829,13.746,4.818,4.237
2027-05-21,-23.5,-46.7,20.994,1.9,65.683,15.236,15.479,2.632,3.839,13.914,4.827,4.215
2027-05-21,-23.5,-46.6,21.106,1.805,65.492,15.352,15.535,2.63,3.802,13.815,4.88,4.581
2027-05-21,-23.5,-46.4,20.176,2.053,68.038,15.078,15.449,2.598,4.143,13.934,4.938,3.807
2027-05-21,-23.5,-46.3,19.93,2.162,70.161,14.965,15.049,2.64,4.097,13.397,4.772,3.767
2027-05-21,-23.4,-46.8,20.391,2.107,67.856,15.325,15.072,2.634,4.328,13.386,4.953,4.009
2027-05-21,-23.4,-46.7,20.326,2.026,67.325,15.181,15.474,2.613,4.199,13.915,4.907,3.952
2027-05-21,-23.4,-46.6,20.234,2.153,67.429,14.978,15.428,2.632,4.44,14.093,4.971,3.711
2027-05-21,-23.4,-46.5,20.189,2.095,68.132,15.115,15.386,2.581,4.251,13.817,4.969,3.906
2027-05-21,-23.4,-46.4,20.337,2.11,68.077,15.172,15.074,2.702,4.256,13.657,5.063,3.88
2027-05-22,-23.8,-46.8,20.26,2.003,67.578,15.028,15.487,2.545,3.96,14.017,4.742,3.824
2027-05-22,-23.8,-46.7,20.325,1.97,67.887,15.177,15.134,2.622,4.151,13.445,4.754,3.755
2027-05-22,-23.8,-46.6,20.33,2.065,67.811,15.082,15.408,2.584,4.058,13.875,4.855,3.904
2027-05-22,-23.8,-46.5,20.118,2.062,68.274,15.029,15.482,2.619,4.14,14.125,4.988,3.824
2027-05-22,-23.7,-46.8,20.343,2.104,68.13,15.149,15.116,2.636,4.315,13.463,4.839,3.799
2027-05-22,-23.7,-46.5,19.979,2.496,70.465,14.576,14.996,2.833,4.503,14.072,5.006,3.76
2027-05-22,-23.7,-46.4,19.891,2.107,70.726,15.106,14.898,2.679,3.845,13.403,4.777,3.802
2027-05-22,-23.6,-46.8,20.313,1.97,67.978,15.236,15.071,2.652,4.186,13.327,4.903,3.803
2027-05-22,-23.6,-46.4,20.192,2.048,67.949,15.051,15.452,2.625,4.145,14.081,4.934,3.789
2027-05-22,-23.6,-46.3,20.156,2.116,68.047,14.901,15.5,2.596,4.035,14.285,4.876,3.824
2027-05-22,-23.5,-46.8,20.889,1.933,65.998,15.134,15.378,2.752,3.831,14.117,4.79,4.176
2027-05-22,-23.5,-46.7,20.833,1.935,66.394,15.164,15.327,2.733,3.831,13.924,4.841,4.216
2027-05-22,-23.5,-46.6,21.019,1.818,65.926,15.155,15.643,2.664,3.736,13.832,4.843,4.791
2027-05-22,-23.5,-46.4,20.288,2.004,68.175,15.155,15.115,2.649,3.895,13.637,4.984,3.77
2027-05-22,-23.5,-46.3,19.991,2.084,69.983,14.994,15.012,2.647,3.855,13.369,4.802,3.805
2027-05-22,-23.4,-46.8,20.307,2.091,68.055,15.159,15.072,2.599,4.322,13.39,4.79,3.869
2027-05-22,-23.4,-46.7,20.417,2.032,67.789,15.334,15.043,2.648,4.197,13.37,4.995,3.901
2027-05-22,-23.4,-46.6,20.318,2.109,67.405,15.05,15.457,2.629,4.181,14.079,4.898,3.96
2027-05-22,-23.4,-46.5,20.263,2.043,68.199,15.151,15.155,2.642,4.012,13.636,4.989,3.894
2027-05-22,-23.4,-46.4,20.304,2.105,68.085,15.029,15.113,2.662,4.256,13.814,4.977,3.791
2027-05-23,-23.8,-46.8,20.385,1.998,67.988,15.152,15.126,2.633,3.959,13.463,4.856,3.801
2027-05-23,-23.8,-46.7,20.357,2.025,67.837,15.084,15.236,2.625,4.208,13.529,4.866,3.866
2027-05-23,-23.8,-46.6,20.313,2.06,68.153,15.088,15.201,2.645,4.061,13.562,4.928,3.896
2027-05-23,-23.8,-46.5,20.257,2.011,67.993,15.084,15.426,2.603,3.892,14.031,4.957,3.89
2027-05-23,-23.7,-46.8,20.375,2.087,67.894,15.082,15.15,2.639,4.318,13.62,4.825,3.846
2027-05-23,-23.7,-46.5,20.044,2.493,70.288,14.541,15.19,2.822,4.504,14.051,4.993,4.043
2027-05-23,-23.7,-46.4,19.916,2.107,70.616,15.111,14.872,2.699,3.845,13.507,4.776,3.795
2027-05-23,-23.6,-46.8,20.33,1.97,67.932,15.236,15.075,2.645,4.186,13.328,4.903,3.805
2027-05-23,-23.6,-46.4,20.32,2.007,68.336,15.186,15.021,2.649,3.894,13.587,5.002,3.736
2027-05-23,-23.6,-46.3,20.253,2.118,68.078,15.021,15.326,2.612,4.034,14.101,4.916,3.762
2027-05-23,-23.5,-46.8,20.903,2.01,65.913,15.189,15.362,2.743,3.936,14.216,4.846,4.173
2027-05-23,-23.5,-46.7,20.917,1.834,65.807,15.253,15.55,2.769,3.724,14.242,4.852,4.568
2027-05-23,-23.5,-46.6,20.891,1.829,66.297,15.205,15.443,2.716,3.734,13.839,4.907,4.627
2027-05-23,-23.5,-46.4,20.275,2.062,68.218,15.12,15.091,2.644,4.153,13.67,5.002,3.771
2027-05-23,-23.5,-46.3,19.997,2.193,70.054,14.967,14.999,2.651,4.006,13.424,4.832,3.808
2027-05-23,-23.4,-46.8,20.345,2.081,67.777,15.185,15.062,2.604,4.325,13.534,4.86,3.764
2027-05-23,-23.4,-46.7,20.335,2.081,67.985,15.088,15.07,2.627,4.32,13.45,4.806,3.82
2027-05-23,-23.4,-46.6,20.384,2.122,67.841,15.101,15.072,2.681,4.178,13.676,4.976,3.888
2027-05-23,-23.4,-46.5,20.255,2.119,68.252,15.107,15.17,2.638,4.259,13.67,5.004,3.881
2027-05-23,-23.4,-46.4,20.304,2.038,68.072,15.039,15.138,2.666,4.008,13.808,4.977,3.829
2027-05-24,-23.8,-46.8,20.321,2.109,67.984,15.026,15.211,2.647,4.334,13.654,4.805,3.843
2027-05-24,-23.8,-46.7,20.348,2.129,68.034,14.961,15.259,2.653,4.132,13.735,4.805,3.849
2027-05-24,-23.8,-46.6,20.341,2.06,68.093,15.069,15.227,2.63,4.061,13.509,4.945,3.919
2027-05-24,-23.8,-46.5,20.26,2.016,68.368,15.087,15.245,2.666,3.893,13.738,4.986,3.912
2027-05-24,-23.7,-46.8,20.409,2.036,67.734,14.995,15.234,2.638,4.071,13.673,4.755,3.895
2027-05-24,-23.7,-46.5,19.911,2.504,70.536,14.454,15.224,2.957,4.498,14.262,4.973,3.981
2027-05-24,-23.7,-46.4,19.904,2.075,70.54,15.078,14.966,2.697,3.827,13.51,4.78,3.881
2027-05-24,-23.6,-46.8,20.37,1.853,67.747,15.272,15.058,2.661,3.877,13.37,4.892,3.788
2027-05-24,-23.6,-46.4,20.263,2.06,68.42,15.139,15.087,2.653,4.154,13.66,4.994,3.819
2027-05-24,-23.6,-46.3,20.266,2.125,68.339,14.974,15.184,2.684,4.033,13.913,4.925,3.776
2027-05-24,-23.5,-46.8,20.908,1.828,65.951,15.33,15.263,2.742,3.691,14.177,4.815,4.336
2027-05-24,-23.5,-46.7,20.849,1.823,66.359,15.237,15.224,2.718,3.678,13.89,4.794,4.376
2027-05-24,-23.5,-46.6,20.849,1.904,66.139,15.207,15.275,2.808,3.831,14.368,4.903,4.333
2027-05-24,-23.5,-46.4,20.299,2.063,68.211,15.098,15.122,2.635,4.152,13.667,5.02,3.796
2027-05-24,-23.5,-46.3,19.999,2.152,70.074,14.919,14.996,2.649,3.96,13.43,4.783,3.811
2027-05-24,-23.4,-46.8,20.32,2.084,67.889,15.17,15.091,2.61,4.323,13.495,4.857,3.841
2027-05-24,-23.4,-46.7,20.364,2.017,67.758,15.111,15.107,2.621,4.074,13.549,4.84,3.849
2027-05-24,-23.4,-46.6,20.354,2.008,67.847,15.059,15.118,2.645,4.037,13.577,4.907,3.846
2027-05-24,-23.4,-46.5,20.297,2.062,68.158,14.997,15.254,2.641,4.009,13.783,4.953,3.932
2027-05-24,-23.4,-46.4,20.189,2.045,68.295,14.945,15.016,2.788,4.005,13.963,4.925,3.698
2027-05-25,-23.8,-46.8,20.348,2.129,68.034,14.961,15.259,2.653,4.132,13.735,4.805,3.849
2027-05-25,-23.8,-46.7,20.38,2.129,67.87,14.873,15.328,2.65,4.132,13.805,4.736,3.931
2027-05-25,-23.8,-46.6,20.353,2.144,68.051,14.951,15.244,2.653,4.191,13.704,4.886,3.845
2027-05-25,-23.8,-46.5,20.28,2.064,68.279,14.979,15.314,2.695,3.934,13.923,4.99,3.923
2027-05-25,-23.7,-46.8,20.236,2.094,68.22,14.929,15.075,2.798,4.106,13.902,4.767,3.7
2027-05-25,-23.7,-46.5,19.809,2.357,71.13,14.563,15.111,3.006,4.161,14.157,4.992,3.95
2027-05-25,-23.7,-46.4,19.966,2.022,70.369,15.176,14.941,2.7,3.824,13.326,4.884,3.876
2027-05-25,-23.6,-46.8,20.413,1.826,67.644,15.334,15.068,2.661,3.865,13.261,4.939,3.829
2027-05-25,-23.6,-46.4,20.303,2.113,68.188,14.944,15.212,2.67,4.189,13.895,4.947,3.892
2027-05-25,-23.6,-46.3,20.28,2.102,68.33,14.915,15.221,2.694,3.935,13.941,4.928,3.797
2027-05-25,-23.5,-46.8,20.885,1.811,65.935,15.272,15.297,2.774,3.68,14.21,4.809,4.334
2027-05-25,-23.5,-46.7,20.922,1.846,66.616,15.423,14.797,2.811,3.733,13.567,4.904,4.183
2027-05-25,-23.5,-46.6,20.844,1.904,66.082,15.209,15.286,2.806,3.831,14.402,4.903,4.322
2027-05-25,-23.5,-46.4,20.334,1.954,68.011,15.099,15.151,2.665,3.87,13.739,5.034,3.833
2027-05-25,-23.5,-46.3,19.987,2.152,69.965,14.853,15.064,2.684,3.959,13.659,4.771,3.827
2027-05-25,-23.4,-46.8,20.366,2.168,67.832,15.043,15.135,2.597,4.445,13.617,4.842,3.876
2027-05-25,-23.4,-46.7,20.337,2.067,67.86,15.051,15.116,2.654,4.112,13.687,4.84,3.846
2027-05-25,-23.4,-46.6,20.308,2.215,68.04,14.91,15.144,2.665,4.336,13.838,4.904,3.862
2027-05-25,-23.4,-46.5,20.292,2.052,68.123,15.054,15.251,2.643,4.012,13.768,5.007,3.933
2027-05-25,-23.4,-46.4,20.214,2.036,68.235,14.926,14.996,2.776,4.006,13.862,4.926,3.742
2027-05-26,-23.8,-46.8,20.38,2.129,67.87,14.873,15.328,2.65,4.132,13.805,4.736,3.931
2027-05-26,-23.8,-46.7,20.241,2.19,68.465,14.756,15.132,2.777,4.156,13.94,4.71,3.765
2027-05-26,-23.8,-46.6,20.336,2.194,68.155,14.905,15.244,2.676,4.226,13.838,4.888,3.839
2027-05-26,-23.8,-46.5,20.311,2.064,68.119,14.891,15.362,2.692,3.934,13.99,4.924,3.983
2027-05-26,-23.7,-46.8,20.238,2.073,68.195,14.942,14.985,2.789,4.107,13.835,4.767,3.657
2027-05-26,-23.7,-46.5,19.712,2.409,71.321,14.456,15.042,2.976,4.209,14.233,4.908,3.896
2027-05-26,-23.7,-46.4,19.996,2.174,69.856,15.061,15.072,2.717,4.253,13.637,4.872,3.837
2027-05-26,-23.6,-46.8,20.378,1.965,67.802,15.181,15.057,2.702,4.044,13.51,4.905,3.823
2027-05-26,-23.6,-46.4,20.19,2.08,68.468,14.842,15.149,2.795,3.929,14.078,4.884,3.782
2027-05-26,-23.6,-46.3,20.312,2.102,68.17,14.827,15.269,2.691,3.935,14.008,4.86,3.86
2027-05-26,-23.5,-46.8,20.931,1.845,66.604,15.414,14.768,2.807,3.733,13.538,4.897,4.196
2027-05-26,-23.5,-46.7,20.896,1.773,66.627,15.419,14.986,2.752,3.654,13.379,4.77,4.424
2027-05-26,-23.5,-46.6,20.898,1.906,66.762,15.353,14.787,2.853,3.83,13.731,4.987,4.181
2027-05-26,-23.5,-46.4,20.335,2.003,67.934,14.918,15.268,2.701,3.899,13.935,4.975,3.88
2027-05-26,-23.5,-46.3,19.954,2.223,70.173,14.76,15.09,2.722,3.99,13.836,4.754,3.831
2027-05-26,-23.4,-46.8,20.338,2.151,67.922,14.993,15.164,2.632,4.245,13.747,4.842,3.895
2027-05-26,-23.4,-46.7,20.401,2.067,67.666,14.948,15.207,2.639,4.112,13.76,4.805,3.961
2027-05-26,-23.4,-46.6,20.357,2.219,67.827,14.809,15.166,2.662,4.335,13.918,4.841,3.924
2027-05-26,-23.4,-46.5,20.298,2.102,68.062,14.906,15.33,2.673,4.05,13.972,4.941,4.01
2027-05-26,-23.4,-46.4,20.19,2.038,68.379,14.94,14.945,2.782,4.005,13.905,4.917,3.652
2027-05-27,-23.8,-46.8,20.252,2.186,68.421,14.808,15.105,2.767,4.157,13.93,4.737,3.77
2027-05-27,-23.8,-46.7,20.24,2.165,68.413,14.794,15.062,2.775,4.159,13.938,4.703,3.783
2027-05-27,-23.8,-46.6,20.381,2.2,68.064,14.753,15.291,2.673,4.224,13.889,4.779,3.939
2027-05-27,-23.8,-46.5,20.182,2.071,68.457,14.885,15.198,2.809,3.931,14.076,4.938,3.803
2027-05-27,-23.7,-46.8,20.264,2.021,68.155,15.01,14.951,2.759,4.07,13.661,4.789,3.671
2027-05-27,-23.7,-46.5,19.783,2.413,71.175,14.532,14.992,2.891,4.353,14.022,4.816,3.813
2027-05-27,-23.7,-46.4,19.986,2.175,69.932,14.897,15.13,2.752,4.037,13.804,4.808,3.844
2027-05-27,-23.6,-46.8,20.235,1.999,68.179,15.067,14.996,2.81,4.052,13.726,4.844,3.736
2027-05-27,-23.6,-46.4,20.192,2.045,68.438,14.923,15.063,2.771,3.926,13.999,4.93,3.811
2027-05-27,-23.6,-46.3,20.19,2.162,68.719,14.71,15.078,2.807,3.96,14.132,4.834,3.691
2027-05-27,-23.5,-46.8,20.878,1.773,66.653,15.45,14.922,2.768,3.654,13.412,4.762,4.354
2027-05-27,-23.5,-46.7,20.885,1.809,66.752,15.431,14.909,2.746,3.707,13.377,4.811,4.348
2027-05-27,-23.5,-46.6,20.853,1.871,66.78,15.323,14.944,2.811,3.805,13.684,4.871,4.384
2027-05-27,-23.5,-46.4,20.189,2.072,68.398,14.892,15.117,2.796,3.93,14.063,4.947,3.703
2027-05-27,-23.5,-46.3,19.853,2.234,70.385,14.673,14.968,2.829,3.985,13.96,4.703,3.722
2027-05-27,-23.4,-46.8,20.375,2.167,67.772,14.897,15.251,2.63,4.242,13.811,4.77,3.942
2027-05-27,-23.4,-46.7,20.269,2.093,68.021,14.943,15.072,2.764,4.106,13.8,4.845,3.756
2027-05-27,-23.4,-46.6,20.227,2.298,68.471,14.702,15.025,2.778,4.353,13.952,4.817,3.741
2027-05-27,-23.4,-46.5,20.152,2.123,68.502,14.832,15.155,2.792,4.043,14.074,4.895,3.826
2027-05-27,-23.4,-46.4,20.214,1.96,68.365,15.003,14.88,2.784,3.865,13.82,4.912,3.61
2027-05-28,-23.8,-46.8,20.23,2.173,68.457,14.76,15.074,2.773,4.158,13.959,4.716,3.772
2027-05-28,-23.8,-46.7,20.214,2.17,68.532,14.786,15.008,2.784,4.157,13.952,4.707,3.694
2027-05-28,-23.8,-46.6,20.228,2.254,68.587,14.701,15.117,2.798,4.248,14.037,4.792,3.755
2027-05-28,-23.8,-46.5,20.188,2.069,68.579,14.86,15.176,2.818,3.929,14.005,4.889,3.832
2027-05-28,-23.7,-46.8,20.274,2.025,68.253,14.966,14.936,2.762,4.069,13.615,4.793,3.685
2027-05-28,-23.7,-46.5,19.794,2.265,70.967,14.601,14.999,2.903,4.083,14.069,4.821,3.809
2027-05-28,-23.7,-46.4,20.032,2.179,69.773,14.742,15.189,2.756,4.035,13.926,4.706,3.943
2027-05-28,-23.6,-46.8,20.228,1.984,68.084,14.982,14.999,2.802,4.06,13.775,4.818,3.774
2027-05-28,-23.6,-46.4,20.216,2.0,68.399,14.922,15.072,2.775,3.892,13.885,4.897,3.827
2027-05-28,-23.6,-46.3,19.984,2.284,69.571,14.522,15.016,2.887,4.042,14.395,4.849,3.694
2027-05-28,-23.5,-46.8,20.893,1.804,66.553,15.468,14.92,2.768,3.709,13.479,4.779,4.368
2027-05-28,-23.5,-46.7,20.869,1.805,66.744,15.445,14.94,2.765,3.708,13.387,4.785,4.4
2027-05-28,-23.5,-46.6,20.841,1.876,66.914,15.293,14.946,2.814,3.803,13.64,4.884,4.379
2027-05-28,-23.5,-46.4,20.194,2.054,68.417,14.851,15.035,2.804,3.93,14.039,4.898,3.742
2027-05-28,-23.5,-46.3,19.86,2.091,70.248,14.767,14.968,2.829,3.842,13.804,4.742,3.729
2027-05-28,-23.4,-46.8,20.216,2.187,68.099,14.935,15.091,2.773,4.269,13.89,4.805,3.758
2027-05-28,-23.4,-46.7,20.243,2.076,68.067,14.938,15.03,2.779,4.109,13.875,4.844,3.766
2027-05-28,-23.4,-46.6,20.208,2.269,68.519,14.725,14.945,2.792,4.358,13.965,4.798,3.774
2027-05-28,-23.4,-46.5,19.958,2.317,69.597,14.523,15.111,2.872,4.145,14.358,4.864,3.847
2027-05-28,-23.4,-46.4,20.217,1.875,68.268,15.07,14.881,2.794,3.808,13.745,4.968,3.615
2027-05-29,-23.8,-46.8,20.248,2.165,68.39,14.802,15.053,2.775,4.159,13.947,4.717,3.79
2027-05-29,-23.8,-46.7,20.026,2.329,69.393,14.616,14.989,2.834,4.244,14.092,4.671,3.697
2027-05-29,-23.8,-46.6,20.002,2.405,69.458,14.502,15.055,2.897,4.345,14.318,4.802,3.761
2027-05-29,-23.8,-46.5,19.98,2.265,69.595,14.591,15.16,2.887,4.038,14.363,4.915,3.84
2027-05-29,-23.7,-46.8,20.245,2.021,68.272,14.962,14.892,2.796,4.064,13.77,4.786,3.649
2027-05-29,-23.7,-46.5,19.773,2.228,70.998,14.616,14.984,2.909,4.056,14.076,4.822,3.822
2027-05-29,-23.7,-46.4,19.865,2.254,70.369,14.737,15.054,2.864,4.071,13.971,4.732,3.744
2027-05-29,-23.6,-46.8,20.236,1.984,68.061,14.99,14.99,2.801,4.06,13.784,4.832,3.78
2027-05-29,-23.6,-46.4,20.173,2.054,68.589,14.871,15.026,2.801,3.931,14.0,4.889,3.737
2027-05-29,-23.6,-46.3,19.821,2.47,70.632,14.389,14.926,2.867,4.266,14.321,4.754,3.608
2027-05-29,-23.5,-46.8,20.914,1.795,66.404,15.447,14.979,2.778,3.709,13.514,4.798,4.402
2027-05-29,-23.5,-46.7,20.914,1.795,66.404,15.447,14.979,2.778,3.709,13.514,4.798,4.402
2027-05-29,-23.5,-46.6,20.831,1.925,66.838,15.284,14.933,2.821,3.854,13.699,4.852,4.217
2027-05-29,-23.5,-46.4,20.185,2.098,68.603,14.798,15.005,2.799,3.963,14.062,4.893,3.757
2027-05-29,-23.5,-46.3,19.824,2.072,70.18,14.885,14.942,2.828,3.869,13.712,4.784,3.644
2027-05-29,-23.4,-46.8,20.221,2.168,68.167,14.899,15.027,2.781,4.269,13.842,4.757,3.798
2027-05-29,-23.4,-46.7,20.27,2.01,68.112,14.949,14.971,2.783,4.065,13.737,4.823,3.818
2027-05-29,-23.4,-46.6,20.029,2.405,69.365,14.637,14.82,2.842,4.411,14.106,4.785,3.629
2027-05-29,-23.4,-46.5,19.816,2.52,70.534,14.383,15.008,2.857,4.391,14.367,4.771,3.752
2027-05-29,-23.4,-46.4,20.248,1.842,68.055,15.116,14.877,2.786,3.8,13.666,4.944,3.624
2027-05-30,-23.8,-46.8,20.21,2.19,68.485,14.82,15.016,2.782,4.186,13.945,4.707,3.7
2027-05-30,-23.8,-46.7,20.004,2.354,69.447,14.554,14.984,2.847,4.298,14.19,4.728,3.666
2027-05-30,-23.8,-46.6,19.967,2.423,69.574,14.469,15.013,2.882,4.383,14.326,4.798,3.64
2027-05-30,-23.8,-46.5,19.734,2.573,70.943,14.365,15.031,2.925,4.38,14.529,4.829,3.63
2027-05-30,-23.7,-46.8,20.271,1.929,68.115,15.08,14.89,2.792,3.927,13.692,4.829,3.692
2027-05-30,-23.7,-46.5,19.81,2.256,70.631,14.592,14.999,2.88,4.083,14.185,4.786,3.796
2027-05-30,-23.7,-46.4,19.754,2.172,70.576,14.71,14.989,2.883,3.92,14.096,4.733,3.646
2027-05-30,-23.6,-46.8,20.21,1.989,68.18,14.982,14.937,2.81,4.058,13.801,4.836,3.69
2027-05-30,-23.6,-46.4,19.98,2.189,69.569,14.625,14.991,2.848,3.984,14.222,4.862,3.761
2027-05-30,-23.6,-46.3,19.803,2.366,70.837,14.559,14.95,2.864,4.115,14.033,4.733,3.844
2027-05-30,-23.5,-46.8,21.031,1.727,65.988,15.524,14.736,2.819,3.631,13.647,4.898,4.168
2027-05-30,-23.5,-46.7,21.027,1.727,66.053,15.502,14.77,2.817,3.631,13.602,4.904,4.217
2027-05-30,-23.5,-46.6,20.838,1.864,66.76,15.328,14.916,2.824,3.806,13.659,4.883,4.226
2027-05-30,-23.5,-46.4,19.973,2.265,69.523,14.62,14.964,2.857,4.054,14.248,4.854,3.653
2027-05-30,-23.5,-46.3,19.813,2.07,70.173,14.93,14.908,2.823,3.87,13.712,4.768,3.62
2027-05-30,-23.4,-46.8,20.192,2.17,68.333,14.884,14.949,2.786,4.269,13.818,4.756,3.721
2027-05-30,-23.4,-46.7,20.222,2.043,68.252,14.933,14.948,2.788,4.093,13.758,4.826,3.716
2027-05-30,-23.4,-46.6,20.009,2.306,69.326,14.608,14.815,2.857,4.326,14.134,4.824,3.653
2027-05-30,-23.4,-46.5,19.732,2.384,70.97,14.538,14.839,2.856,4.219,14.001,4.736,3.708
2027-05-30,-23.4,-46.4,20.224,1.96,68.167,15.046,14.889,2.814,4.104,13.812,4.944,3.621
2027-05-31,-23.8,-46.8,20.22,2.114,68.48,14.833,14.993,2.771,4.056,13.852,4.69,3.712
2027-05-31,-23.8,-46.7,20.056,2.324,69.239,14.55,15.212,2.88,4.275,14.216,4.755,3.99
2027-05-31,-23.8,-46.6,19.85,2.567,70.492,14.362,15.125,2.921,4.479,14.354,4.721,3.87
2027-05-31,-23.8,-46.5,19.735,2.491,71.137,14.493,15.108,2.911,4.524,14.275,4.712,3.951
2027-05-31,-23.7,-46.8,20.316,1.866,67.86,15.197,14.871,2.792,3.898,13.52,4.826,3.674
2027-05-31,-23.7,-46.5,19.798,2.208,70.606,14.624,15.01,2.88,4.027,14.172,4.8,3.759
2027-05-31,-23.7,-46.4,19.67,2.177,71.154,14.768,14.913,2.894,3.886,13.907,4.689,3.688
2027-05-31,-23.6,-46.8,20.277,1.902,67.784,15.232,14.868,2.786,3.954,13.59,4.843,3.658
2027-05-31,-23.6,-46.4,19.77,2.413,70.664,14.406,14.949,2.86,4.254,14.311,4.749,3.641
2027-05-31,-23.6,-46.3,19.821,2.292,70.752,14.595,15.0,2.864,4.062,13.988,4.728,3.848
2027-05-31,-23.5,-46.8,21.081,1.735,65.751,15.572,14.783,2.81,3.67,13.611,4.863,4.24
2027-05-31,-23.5,-46.7,21.091,1.732,65.713,15.591,14.773,2.802,3.672,13.605,4.874,4.243
2027-05-31,-23.5,-46.6,20.896,1.874,66.407,15.458,14.802,2.805,3.845,13.685,4.88,4.184
2027-05-31,-23.5,-46.4,19.794,2.469,70.617,14.408,14.891,2.865,4.29,14.312,4.757,3.528
2027-05-31,-23.5,-46.3,19.834,2.057,70.071,14.921,14.911,2.822,3.873,13.704,4.759,3.618
2027-05-31,-23.4,-46.8,20.17,2.126,68.458,14.931,14.884,2.809,4.142,13.864,4.718,3.664
2027-05-31,-23.4,-46.7,20.214,2.035,68.251,15.023,14.844,2.805,4.094,13.739,4.796,3.634
2027-05-31,-23.4,-46.6,20.069,2.35,69.053,14.622,15.064,2.861,4.452,14.094,4.86,3.931
2027-05-31,-23.4,-46.5,19.79,2.374,70.751,14.586,15.042,2.836,4.354,13.908,4.633,3.934
2027-05-31,-23.4,-46.4,20.241,1.881,67.957,15.138,14.944,2.829,3.848,13.827,4.867,3.722
2027-06-01,-23.8,-46.8,20.211,2.088,68.442,14.868,15.016,2.805,4.028,13.886,4.716,3.75
2027-06-01,-23.8,-46.7,20.074,2.313,69.133,14.541,15.324,2.89,4.239,14.281,4.767,3.982
2027-06-01,-23.8,-46.6,19.809,2.551,70.458,14.372,15.185,2.943,4.575,14.523,4.688,3.84
2027-06-01,-23.8,-46.5,19.718,2.398,71.028,14.537,15.223,2.939,4.281,14.33,4.694,3.989
2027-06-01,-23.7,-46.8,20.321,1.839,67.978,15.336,14.822,2.803,3.886,13.314,4.88,3.647
2027-06-01,-23.7,-46.5,19.784,2.21,70.56,14.68,15.091,2.894,4.023,14.202,4.775,3.79
2027-06-01,-23.7,-46.4,19.674,2.189,71.089,14.82,14.886,2.869,4.046,13.839,4.618,3.661
2027-06-01,-23.6,-46.8,20.232,1.985,68.016,15.192,14.878,2.794,4.204,13.55,4.847,3.642
2027-06-01,-23.6,-46.4,19.805,2.288,70.753,14.605,14.926,2.857,4.072,14.04,4.743,3.832
2027-06-01,-23.6,-46.3,19.797,2.242,70.769,14.598,15.013,2.894,4.005,14.036,4.727,3.872
2027-06-01,-23.5,-46.8,21.046,1.722,64.956,15.519,15.3,2.765,3.676,14.202,4.7,4.428
2027-06-01,-23.5,-46.7,21.046,1.722,64.956,15.519,15.3,2.765,3.676,14.202,4.7,4.428
2027-06-01,-23.5,-46.6,21.079,1.833,65.655,15.604,14.662,2.826,3.836,13.847,4.991,4.178
2027-06-01,-23.5,-46.4,19.788,2.271,70.741,14.594,14.965,2.883,4.044,14.081,4.727,3.862
2027-06-01,-23.5,-46.3,19.834,2.057,70.071,14.921,14.911,2.822,3.873,13.704,4.759,3.618
2027-06-01,-23.4,-46.8,20.174,2.027,68.304,14.987,14.883,2.811,4.068,13.793,4.726,3.664
2027-06-01,-23.4,-46.7,20.225,1.921,68.151,15.16,14.852,2.821,3.928,13.639,4.85,3.637
2027-06-01,-23.4,-46.6,20.062,2.38,69.124,14.552,15.145,2.874,4.453,14.121,4.884,3.944
2027-06-01,-23.4,-46.5,19.771,2.343,70.784,14.535,15.112,2.885,4.18,14.051,4.701,4.012
2027-06-01,-23.4,-46.4,20.294,1.844,67.874,15.31,14.859,2.841,3.824,13.659,4.901,3.681
2027-06-02,-23.8,-46.8,20.205,1.985,68.424,14.991,14.954,2.834,3.959,13.812,4.839,3.731
2027-06-02,-23.8,-46.7,20.069,2.316,69.166,14.536,15.326,2.892,4.238,14.289,4.764,3.982
2027-06-02,-23.8,-46.6,19.82,2.52,70.421,14.476,15.263,2.946,4.574,14.492,4.725,3.866
2027-06-02,-23.8,-46.5,19.732,2.364,70.988,14.575,15.336,2.915,4.252,14.266,4.704,4.01
2027-06-02,-23.7,-46.8,20.335,1.816,67.639,15.333,14.935,2.86,3.857,13.517,4.77,3.736
2027-06-02,-23.7,-46.5,19.883,2.116,70.237,14.845,15.093,2.835,3.852,14.094,4.691,3.78
2027-06-02,-23.7,-46.4,19.701,2.189,71.01,14.832,14.881,2.842,4.046,13.9,4.611,3.584
2027-06-02,-23.6,-46.8,20.223,1.972,68.079,15.288,14.827,2.801,4.206,13.513,4.847,3.622
2027-06-02,-23.6,-46.4,19.836,2.199,70.64,14.686,15.024,2.858,4.005,13.987,4.756,3.84
2027-06-02,-23.6,-46.3,19.787,2.209,70.758,14.646,15.025,2.855,3.971,13.959,4.726,3.806
2027-06-02,-23.5,-46.8,20.99,1.755,65.166,15.44,15.317,2.802,3.681,14.352,4.743,4.351
2027-06-02,-23.5,-46.7,20.972,1.764,65.317,15.37,15.29,2.795,3.677,14.356,4.814,4.305
2027-06-02,-23.5,-46.6,21.127,1.806,65.488,15.597,14.713,2.849,3.788,13.852,4.88,4.239
2027-06-02,-23.5,-46.4,19.817,2.217,70.637,14.583,15.047,2.862,4.001,14.08,4.7,3.812
2027-06-02,-23.5,-46.3,19.817,2.04,70.034,14.944,14.886,2.849,3.842,13.817,4.755,3.561
2027-06-02,-23.4,-46.8,20.193,2.014,68.131,15.034,14.922,2.832,4.071,13.894,4.77,3.653
2027-06-02,-23.4,-46.7,20.273,1.96,67.843,15.144,14.899,2.832,4.176,13.706,4.806,3.661
2027-06-02,-23.4,-46.6,20.049,2.322,69.041,14.587,15.142,2.904,4.392,14.205,4.88,3.924
2027-06-02,-23.4,-46.5,19.76,2.269,70.721,14.609,15.132,2.851,4.116,14.046,4.724,3.965
2027-06-02,-23.4,-46.4,20.252,1.854,67.854,15.294,14.906,2.872,3.823,13.81,4.913,3.63
2027-06-03,-23.8,-46.8,20.223,1.939,68.189,15.03,15.011,2.853,3.926,13.866,4.827,3.711
2027-06-03,-23.8,-46.7,20.054,2.327,69.101,14.488,15.277,2.912,4.245,14.419,4.726,3.929
2027-06-03,-23.8,-46.6,19.876,2.462,70.088,14.449,15.225,2.91,4.362,14.504,4.69,3.84
2027-06-03,-23.8,-46.5,19.695,2.373,71.093,14.58,15.312,2.927,4.258,14.316,4.701,3.959
2027-06-03,-23.7,-46.8,20.325,1.81,67.452,15.414,14.906,2.863,3.859,13.61,4.795,3.663
2027-06-03,-23.7,-46.5,19.858,2.138,69.986,14.707,15.19,2.874,3.904,14.385,4.719,3.751
2027-06-03,-23.7,-46.4,19.772,2.122,70.702,14.938,15.017,2.872,4.016,13.882,4.66,3.86
2027-06-03,-23.6,-46.8,20.227,1.946,67.869,15.33,14.911,2.847,4.182,13.58,4.749,3.733
2027-06-03,-23.6,-46.4,19.916,2.079,70.293,14.847,15.038,2.831,3.826,13.81,4.686,3.945
2027-06-03,-23.6,-46.3,19.846,2.095,70.509,14.805,14.973,2.859,3.853,13.778,4.745,3.837
2027-06-03,-23.5,-46.8,20.969,1.763,65.357,15.381,15.291,2.794,3.678,14.348,4.821,4.305
2027-06-03,-23.5,-46.7,20.953,1.812,65.448,15.345,15.304,2.808,3.719,14.441,4.808,4.305
2027-06-03,-23.5,-46.6,21.101,1.802,65.473,15.63,14.691,2.874,3.795,13.967,4.876,4.221
2027-06-03,-23.5,-46.4,19.854,2.168,70.465,14.712,15.042,2.859,4.0,13.97,4.756,3.916
2027-06-03,-23.5,-46.3,19.82,2.024,69.837,15.034,14.947,2.863,3.848,13.906,4.676,3.759
2027-06-03,-23.4,-46.8,20.237,1.975,67.94,15.118,14.912,2.827,4.063,13.751,4.776,3.66
2027-06-03,-23.4,-46.7,20.271,1.968,67.855,15.104,14.913,2.837,4.175,13.754,4.817,3.649
2027-06-03,-23.4,-46.6,20.068,2.296,68.843,14.587,15.131,2.923,4.388,14.332,4.852,3.901
2027-06-03,-23.4,-46.5,19.797,2.237,70.393,14.603,15.072,2.814,4.089,14.107,4.686,3.942
2027-06-03,-23.4,-46.4,20.246,1.783,67.74,15.348,14.891,2.905,3.733,13.897,4.93,3.614
2027-06-04,-23.8,-46.8,20.246,1.904,67.981,15.122,14.981,2.876,3.927,13.876,4.84,3.653
2027-06-04,-23.8,-46.7,20.045,2.336,69.164,14.454,15.288,2.907,4.243,14.44,4.697,3.922
2027-06-04,-23.8,-46.6,19.81,2.438,70.252,14.473,15.236,2.929,4.34,14.477,4.706,3.833
2027-06-04,-23.8,-46.5,19.73,2.512,70.975,14.487,15.291,2.895,4.435,14.476,4.683,3.949
2027-06-04,-23.7,-46.8,20.387,1.781,67.003,15.471,14.984,2.934,3.838,13.897,4.887,3.805
2027-06-04,-23.7,-46.5,19.84,2.154,70.128,14.631,15.257,2.876,3.902,14.398,4.669,3.808
2027-06-04,-23.7,-46.4,19.846,2.079,70.302,14.849,15.066,2.862,3.829,14.061,4.693,3.89
2027-06-04,-23.6,-46.8,20.237,1.949,67.751,15.292,14.95,2.864,4.18,13.722,4.736,3.714
2027-06-04,-23.6,-46.4,19.884,2.039,69.666,14.82,15.117,2.849,3.843,14.093,4.76,3.893
2027-06-04,-23.6,-46.3,19.884,2.072,70.151,14.911,14.96,2.819,3.805,13.859,4.725,3.808
2027-06-04,-23.5,-46.8,20.923,1.807,65.384,15.381,15.196,2.809,3.681,14.544,4.82,4.256
2027-06-04,-23.5,-46.7,20.923,1.807,65.384,15.381,15.196,2.809,3.681,14.544,4.82,4.256
2027-06-04,-23.5,-46.6,21.084,1.741,64.593,15.578,15.221,2.788,3.703,14.488,4.768,4.39
2027-06-04,-23.5,-46.4,19.888,2.049,69.7,14.758,15.109,2.845,3.84,14.046,4.687,3.899
2027-06-04,-23.5,-46.3,19.871,2.033,69.501,15.001,14.913,2.822,3.846,13.948,4.618,3.748
2027-06-04,-23.4,-46.8,20.248,1.967,67.886,15.169,14.893,2.872,4.184,13.876,4.835,3.597
2027-06-04,-23.4,-46.7,20.254,1.898,67.762,15.173,14.966,2.883,3.932,13.883,4.741,3.714
2027-06-04,-23.4,-46.6,20.058,2.303,68.697,14.494,15.124,2.943,4.371,14.515,4.826,3.877
2027-06-04,-23.4,-46.5,19.774,2.23,70.048,14.502,15.171,2.874,4.126,14.389,4.717,3.881
2027-06-04,-23.4,-46.4,20.175,1.927,67.949,15.215,14.923,2.901,4.063,14.063,4.857,3.632
2027-06-05,-23.8,-46.8,20.291,1.975,67.668,15.074,14.96,2.859,4.182,13.955,4.803,3.621
2027-06-05,-23.8,-46.7,20.041,2.309,69.126,14.495,15.247,2.906,4.24,14.425,4.69,3.915
2027-06-05,-23.8,-46.6,19.787,2.524,70.403,14.428,15.22,2.938,4.464,14.566,4.721,3.799
2027-06-05,-23.8,-46.5,19.73,2.512,70.975,14.487,15.291,2.895,4.435,14.476,4.683,3.949
2027-06-05,-23.7,-46.8,20.417,1.871,66.814,15.331,14.978,2.932,3.98,14.05,4.837,3.819
2027-06-05,-23.7,-46.5,19.776,2.325,70.37,14.443,15.308,2.901,4.208,14.615,4.755,3.784
2027-06-05,-23.7,-46.4,19.868,2.072,69.764,14.855,15.114,2.88,3.865,14.253,4.8,3.87
2027-06-05,-23.6,-46.8,20.211,1.956,67.767,15.295,14.933,2.895,4.188,13.886,4.739,3.649
2027-06-05,-23.6,-46.4,19.883,2.127,69.711,14.769,15.13,2.85,3.99,14.154,4.759,3.895
2027-06-05,-23.6,-46.3,19.904,2.052,69.633,14.824,15.095,2.845,3.85,14.039,4.75,3.888
2027-06-05,-23.5,-46.8,20.923,1.807,65.384,15.381,15.196,2.809,3.681,14.544,4.82,4.256
2027-06-05,-23.5,-46.7,20.923,1.807,65.384,15.381,15.196,2.809,3.681,14.544,4.82,4.256
2027-06-05,-23.5,-46.6,20.988,1.824,65.168,15.442,15.182,2.817,3.792,14.425,4.824,4.314
2027-06-05,-23.5,-46.4,19.885,2.044,69.606,14.804,15.12,2.849,3.84,14.078,4.725,3.888
2027-06-05,-23.5,-46.3,19.866,2.036,69.534,14.996,14.915,2.825,3.845,13.955,4.615,3.748
2027-06-05,-23.4,-46.8,20.277,1.956,67.656,15.245,14.931,2.891,4.188,13.918,4.75,3.673
2027-06-05,-23.4,-46.7,20.256,1.966,67.755,15.139,14.995,2.879,4.187,13.92,4.754,3.721
2027-06-05,-23.4,-46.6,20.016,2.379,68.928,14.404,15.156,2.943,4.399,14.656,4.806,3.876
2027-06-05,-23.4,-46.5,19.783,2.314,70.183,14.439,15.261,2.878,4.262,14.411,4.726,3.943
2027-06-05,-23.4,-46.4,20.181,1.991,67.764,15.138,14.919,2.913,4.123,14.256,4.807,3.596
2027-06-06,-23.8,-46.8,20.285,1.915,67.653,15.03,14.972,2.862,3.927,13.991,4.787,3.609
2027-06-06,-23.8,-46.7,20.059,2.349,69.029,14.43,15.32,2.906,4.294,14.654,4.714,3.869
2027-06-06,-23.8,-46.6,19.792,2.517,70.46,14.449,15.244,2.903,4.467,14.503,4.701,3.747
2027-06-06,-23.8,-46.5,19.745,2.501,70.928,14.54,15.289,2.895,4.438,14.465,4.702,3.95
2027-06-06,-23.7,-46.8,20.307,2.071,67.153,15.145,15.001,2.942,4.321,14.321,4.769,3.782
2027-06-06,-23.7,-46.5,19.794,2.369,70.265,14.479,15.379,2.894,4.247,14.603,4.757,3.88
2027-06-06,-23.7,-46.4,19.776,2.086,70.033,14.828,14.977,2.901,3.87,14.332,4.77,3.589
2027-06-06,-23.6,-46.8,20.22,1.957,67.734,15.289,14.935,2.902,4.188,13.91,4.735,3.648
2027-06-06,-23.6,-46.4,19.867,2.166,69.883,14.664,15.142,2.851,3.994,14.235,4.695,3.888
2027-06-06,-23.6,-46.3,19.884,2.153,69.745,14.775,15.121,2.851,3.994,14.152,4.756,3.885
2027-06-06,-23.5,-46.8,20.926,1.858,65.399,15.371,15.203,2.809,3.732,14.552,4.812,4.253
2027-06-06,-23.5,-46.7,20.993,1.861,66.001,15.499,14.693,2.861,3.731,13.971,4.881,4.111
2027-06-06,-23.5,-46.6,20.983,1.823,65.157,15.458,15.187,2.816,3.793,14.459,4.855,4.308
2027-06-06,-23.5,-46.4,19.862,2.127,69.766,14.768,15.103,2.855,3.99,14.104,4.743,3.867
2027-06-06,-23.5,-46.3,19.836,2.043,69.615,14.978,14.932,2.85,3.854,14.054,4.622,3.737
2027-06-06,-23.4,-46.8,20.262,1.974,67.583,15.156,14.899,2.884,4.185,13.955,4.682,3.636
2027-06-06,-23.4,-46.7,20.243,1.96,67.633,15.199,14.999,2.878,4.189,13.961,4.788,3.702
2027-06-06,-23.4,-46.6,20.057,2.344,68.904,14.449,15.221,2.905,4.399,14.584,4.782,3.902
2027-06-06,-23.4,-46.5,19.823,2.338,70.138,14.458,15.312,2.835,4.291,14.395,4.716,3.924
2027-06-06,-23.4,-46.4,20.232,1.984,67.514,15.133,14.92,2.906,4.125,14.327,4.824,3.6
2027-06-07,-23.8,-46.8,20.285,1.915,67.653,15.03,14.972,2.862,3.927,13.991,4.787,3.609
2027-06-07,-23.8,-46.7,20.063,2.376,69.067,14.388,15.361,2.907,4.296,14.669,4.72,3.875
2027-06-07,-23.8,-46.6,19.788,2.517,70.476,14.449,15.281,2.898,4.467,14.49,4.701,3.849
2027-06-07,-23.8,-46.5,19.747,2.54,70.982,14.508,15.326,2.881,4.488,14.552,4.743,3.925
2027-06-07,-23.7,-46.8,20.328,2.064,67.036,15.149,14.992,2.939,4.324,14.38,4.779,3.783
2027-06-07,-23.7,-46.5,19.794,2.369,70.265,14.479,15.379,2.894,4.247,14.603,4.757,3.88
2027-06-07,-23.7,-46.4,19.768,2.081,70.109,14.83,14.988,2.896,3.872,14.286,4.785,3.604
2027-06-07,-23.6,-46.8,20.259,1.961,67.417,15.25,14.89,2.886,4.188,13.97,4.699,3.628
2027-06-07,-23.6,-46.4,19.839,2.191,69.979,14.547,15.175,2.839,4.051,14.343,4.716,3.864
2027-06-07,-23.6,-46.3,19.848,2.11,69.941,14.725,15.087,2.857,3.849,14.139,4.673,3.843
2027-06-07,-23.5,-46.8,20.984,1.87,66.064,15.465,14.704,2.858,3.73,14.006,4.86,4.106
2027-06-07,-23.5,-46.7,21.061,1.799,65.66,15.54,14.735,2.86,3.696,14.012,4.882,4.168
2027-06-07,-23.5,-46.6,20.983,1.823,65.157,15.458,15.187,2.816,3.793,14.459,4.855,4.308
2027-06-07,-23.5,-46.4,19.851,2.171,69.972,14.644,15.149,2.818,3.995,14.212,4.652,3.836
2027-06-07,-23.5,-46.3,19.838,2.043,69.579,14.972,14.947,2.852,3.854,14.095,4.62,3.73
2027-06-07,-23.4,-46.8,20.29,1.961,67.244,15.217,14.903,2.869,4.19,14.038,4.736,3.621
2027-06-07,-23.4,-46.7,20.257,1.959,67.465,15.248,14.93,2.872,4.188,13.937,4.741,3.691
2027-06-07,-23.4,-46.6,20.054,2.431,69.021,14.364,15.279,2.901,4.436,14.626,4.749,3.897
2027-06-07,-23.4,-46.5,19.831,2.389,70.135,14.459,15.294,2.838,4.33,14.403,4.714,3.92
2027-06-07,-23.4,-46.4,20.232,1.984,67.514,15.133,14.92,2.906,4.125,14.327,4.824,3.6
2027-06-08,-23.8,-46.8,20.281,1.918,67.675,15.018,14.964,2.862,3.926,13.996,4.784,3.608
2027-06-08,-23.8,-46.7,20.063,2.376,69.067,14.388,15.361,2.907,4.296,14.669,4.72,3.875
2027-06-08,-23.8,-46.6,19.758,2.564,70.583,14.396,15.287,2.921,4.513,14.599,4.752,3.848
2027-06-08,-23.8,-46.5,19.733,2.551,71.029,14.456,15.327,2.881,4.485,14.562,4.723,3.925
2027-06-08,-23.7,-46.8,20.31,2.073,67.186,15.08,14.966,2.928,4.32,14.364,4.845,3.727
2027-06-08,-23.7,-46.5,19.871,2.328,69.493,14.776,14.929,2.931,4.261,15.028,4.722,3.385
2027-06-08,-23.7,-46.4,19.768,2.081,70.109,14.83,14.988,2.896,3.872,14.286,4.785,3.604
2027-06-08,-23.6,-46.8,20.329,1.981,66.976,15.274,14.939,2.934,4.196,14.264,4.797,3.784
2027-06-08,-23.6,-46.4,19.821,2.26,70.159,14.486,15.287,2.841,4.159,14.393,4.732,3.891
2027-06-08,-23.6,-46.3,19.852,2.114,69.975,14.706,15.12,2.818,3.85,14.166,4.646,3.819
2027-06-08,-23.5,-46.8,21.027,1.796,65.768,15.542,14.743,2.856,3.694,14.01,4.851,4.153
2027-06-08,-23.5,-46.7,21.038,1.787,65.757,15.571,14.727,2.858,3.695,13.927,4.849,4.163
2027-06-08,-23.5,-46.6,20.965,1.832,65.308,15.388,15.161,2.808,3.789,14.464,4.924,4.261
2027-06-08,-23.5,-46.4,19.819,2.108,69.967,14.591,15.134,2.843,3.905,14.234,4.683,3.83
2027-06-08,-23.5,-46.3,19.863,2.041,69.497,15.001,14.942,2.858,3.854,14.122,4.615,3.731
2027-06-08,-23.4,-46.8,20.319,1.984,67.015,15.255,14.948,2.94,4.195,14.266,4.785,3.78
2027-06-08,-23.4,-46.7,20.304,1.992,67.139,15.202,14.933,2.93,4.192,14.254,4.836,3.748
2027-06-08,-23.4,-46.6,20.039,2.488,69.086,14.321,15.28,2.899,4.477,14.645,4.697,3.897
2027-06-08,-23.4,-46.5,19.831,2.389,70.135,14.459,15.294,2.838,4.33,14.403,4.714,3.92
2027-06-08,-23.4,-46.4,20.232,1.984,67.514,15.133,14.92,2.906,4.125,14.327,4.824,3.6
2027-06-09,-23.8,-46.8,20.281,1.918,67.675,15.018,14.964,2.862,3.926,13.996,4.784,3.608
2027-06-09,-23.8,-46.7,20.063,2.376,69.067,14.388,15.361,2.907,4.296,14.669,4.72,3.875
2027-06-09,-23.8,-46.6,19.711,2.648,71.157,14.451,15.259,2.91,4.691,14.516,4.723,3.894
2027-06-09,-23.8,-46.5,19.711,2.619,71.166,14.44,15.325,2.889,4.687,14.626,4.715,3.894
2027-06-09,-23.7,-46.8,20.336,2.005,67.117,15.071,14.99,2.916,4.075,14.299,4.862,3.754
2027-06-09,-23.7,-46.5,20.19,1.886,67.719,15.214,14.754,2.831,3.728,14.415,4.466,3.433
2027-06-09,-23.7,-46.4,19.8,2.073,70.056,14.851,15.019,2.858,3.875,14.263,4.772,3.58
2027-06-09,-23.6,-46.8,20.306,1.985,67.028,15.275,14.898,2.938,4.195,14.267,4.797,3.739
2027-06-09,-23.6,-46.4,19.816,2.316,70.258,14.492,15.24,2.849,4.198,14.357,4.731,3.862
2027-06-09,-23.6,-46.3,19.852,2.114,69.975,14.706,15.12,2.818,3.85,14.166,4.646,3.819
2027-06-09,-23.5,-46.8,21.022,1.783,65.907,15.51,14.825,2.868,3.695,13.88,4.857,4.217
2027-06-09,-23.5,-46.7,21.066,1.741,65.786,15.56,14.801,2.845,3.68,13.762,4.87,4.229
2027-06-09,-23.5,-46.6,20.902,1.871,65.504,15.311,15.192,2.844,3.792,14.662,4.904,4.251
2027-06-09,-23.5,-46.4,19.793,2.229,70.094,14.538,15.177,2.842,4.061,14.324,4.696,3.797
2027-06-09,-23.5,-46.3,20.008,1.975,68.673,14.987,15.011,2.864,3.841,14.238,4.722,3.811
2027-06-09,-23.4,-46.8,20.332,1.985,66.95,15.256,14.941,2.924,4.194,14.202,4.787,3.779
2027-06-09,-23.4,-46.7,20.313,1.996,67.147,15.174,14.905,2.912,4.19,14.195,4.867,3.704
2027-06-09,-23.4,-46.6,20.039,2.515,69.068,14.341,15.232,2.908,4.522,14.696,4.691,3.893
2027-06-09,-23.4,-46.5,19.831,2.389,70.135,14.459,15.294,2.838,4.33,14.403,4.714,3.92
2027-06-09,-23.4,-46.4,20.268,1.978,67.378,15.146,14.899,2.868,4.117,14.16,4.82,3.61
2027-06-10,-23.8,-46.8,20.271,1.921,67.714,14.999,14.973,2.867,3.925,13.996,4.771,3.603
2027-06-10,-23.8,-46.7,20.072,2.377,69.034,14.382,15.362,2.914,4.296,14.695,4.714,3.874
2027-06-10,-23.8,-46.6,19.758,2.659,70.905,14.481,15.292,2.917,4.823,14.598,4.716,3.872
2027-06-10,-23.8,-46.5,19.741,2.604,71.038,14.537,15.328,2.901,4.691,14.653,4.791,3.89
2027-06-10,-23.7,-46.8,20.407,1.929,66.957,15.198,14.948,2.917,4.014,14.126,4.904,3.743
2027-06-10,-23.7,-46.5,20.402,1.877,66.848,15.404,14.789,2.784,3.998,14.199,4.494,3.436
2027-06-10,-23.7,-46.4,19.796,2.1,70.145,14.828,15.004,2.858,3.882,14.317,4.773,3.571
2027-06-10,-23.6,-46.8,20.296,1.987,67.067,15.256,14.907,2.943,4.194,14.269,4.784,3.735
2027-06-10,-23.6,-46.4,19.824,2.267,70.197,14.536,15.245,2.843,4.088,14.307,4.715,3.862
2027-06-10,-23.6,-46.3,19.871,2.115,69.847,14.685,15.105,2.838,3.85,14.282,4.638,3.702
2027-06-10,-23.5,-46.8,21.047,1.719,65.805,15.559,14.816,2.856,3.641,13.794,4.871,4.22
2027-06-10,-23.5,-46.7,20.995,1.738,65.253,15.41,15.323,2.793,3.682,14.292,4.786,4.414
2027-06-10,-23.5,-46.6,20.882,1.919,65.737,15.222,15.327,2.858,3.841,14.644,4.875,4.282
2027-06-10,-23.5,-46.4,19.826,2.317,70.126,14.45,15.291,2.86,4.197,14.443,4.697,3.848
2027-06-10,-23.5,-46.3,20.044,2.066,68.835,14.859,14.949,2.849,3.915,14.223,4.82,3.676
2027-06-10,-23.4,-46.8,20.332,1.985,66.95,15.256,14.941,2.924,4.194,14.202,4.787,3.779
2027-06-10,-23.4,-46.7,20.338,1.989,66.991,15.183,14.891,2.905,4.193,14.231,4.886,3.707
2027-06-10,-23.4,-46.6,20.039,2.515,69.068,14.341,15.232,2.908,4.522,14.696,4.691,3.893
2027-06-10,-23.4,-46.5,19.78,2.437,70.334,14.416,15.268,2.868,4.379,14.477,4.765,3.894
2027-06-10,-23.4,-46.4,20.317,1.998,67.003,15.164,14.94,2.927,4.125,14.436,4.905,3.761
2027-06-11,-23.8,-46.8,20.278,1.921,67.704,15.005,14.971,2.861,3.925,13.992,4.769,3.603
2027-06-11,-23.8,-46.7,20.094,2.344,68.875,14.464,15.338,2.939,4.301,14.694,4.793,3.879
2027-06-11,-23.8,-46.6,19.778,2.597,70.67,14.515,15.302,2.95,4.674,14.713,4.783,3.921
2027-06-11,-23.8,-46.5,19.719,2.604,71.13,14.546,15.296,2.906,4.691,14.611,4.791,3.864
2027-06-11,-23.7,-46.8,20.389,1.928,67.021,15.292,14.904,2.923,4.014,14.098,4.895,3.706
2027-06-11,-23.7,-46.5,20.287,2.106,67.747,14.936,15.273,2.885,4.172,14.429,4.907,4.099
2027-06-11,-23.7,-46.4,19.789,2.183,70.23,14.772,15.044,2.857,4.029,14.37,4.784,3.581
2027-06-11,-23.6,-46.8,20.332,1.985,66.95,15.256,14.941,2.924,4.194,14.202,4.787,3.779
2027-06-11,-23.6,-46.4,19.831,2.317,70.145,14.471,15.261,2.864,4.198,14.461,4.721,3.848
2027-06-11,-23.6,-46.3,19.87,2.197,69.915,14.64,15.12,2.839,3.998,14.341,4.656,3.709
2027-06-11,-23.5,-46.8,20.993,1.738,65.202,15.415,15.329,2.793,3.682,14.336,4.81,4.408
2027-06-11,-23.5,-46.7,20.949,1.812,65.513,15.324,15.337,2.806,3.719,14.401,4.813,4.348
2027-06-11,-23.5,-46.6,20.934,1.963,66.427,15.332,14.814,2.906,3.889,14.108,4.943,4.152
2027-06-11,-23.5,-46.4,19.842,2.35,70.1,14.458,15.25,2.863,4.224,14.466,4.706,3.752
2027-06-11,-23.5,-46.3,19.993,2.077,68.98,14.902,14.876,2.856,3.913,14.232,4.812,3.62
2027-06-11,-23.4,-46.8,20.404,1.838,66.752,15.406,14.89,2.928,3.876,14.015,4.838,3.773
2027-06-11,-23.4,-46.7,20.39,1.845,66.926,15.381,14.842,2.91,3.874,13.998,4.944,3.699
2027-06-11,-23.4,-46.6,20.043,2.478,69.129,14.282,15.191,2.909,4.425,14.689,4.7,3.807
2027-06-11,-23.4,-46.5,19.793,2.392,70.087,14.435,15.319,2.883,4.355,14.573,4.758,3.874
2027-06-11,-23.4,-46.4,20.39,1.854,66.828,15.316,14.89,2.929,3.8,14.262,4.953,3.754
2027-06-12,-23.8,-46.8,20.358,1.842,67.461,15.14,14.917,2.855,3.86,13.766,4.832,3.595
2027-06-12,-23.8,-46.7,20.084,2.347,68.913,14.444,15.347,2.943,4.3,14.691,4.777,3.874
2027-06-12,-23.8,-46.6,19.766,2.601,70.735,14.471,15.262,2.944,4.672,14.691,4.725,3.826
2027-06-12,-23.8,-46.5,19.734,2.605,71.017,14.525,15.318,2.921,4.691,14.721,4.782,3.85
2027-06-12,-23.7,-46.8,20.543,1.705,66.591,15.517,14.816,2.847,3.706,13.611,4.709,3.751
2027-06-12,-23.7,-46.5,20.17,2.053,68.352,14.835,15.094,2.831,3.905,14.276,4.788,3.529
2027-06-12,-23.7,-46.4,19.815,2.164,70.129,14.763,15.037,2.854,4.021,14.314,4.726,3.586
2027-06-12,-23.6,-46.8,20.332,1.985,66.95,15.256,14.941,2.924,4.194,14.202,4.787,3.779
2027-06-12,-23.6,-46.4,19.837,2.35,70.152,14.469,15.281,2.859,4.224,14.468,4.722,3.854
2027-06-12,-23.6,-46.3,19.849,2.27,69.96,14.526,15.127,2.874,4.095,14.453,4.689,3.704
2027-06-12,-23.5,-46.8,20.965,1.763,65.423,15.36,15.324,2.792,3.678,14.308,4.826,4.347
2027-06-12,-23.5,-46.7,20.944,1.812,65.562,15.321,15.341,2.8,3.719,14.372,4.811,4.345
2027-06-12,-23.5,-46.6,20.972,1.906,66.246,15.348,14.877,2.913,3.843,14.081,4.914,4.254
2027-06-12,-23.5,-46.4,19.852,2.35,70.067,14.452,15.251,2.871,4.224,14.495,4.701,3.75
2027-06-12,-23.5,-46.3,20.019,2.06,68.804,14.923,14.9,2.856,3.917,14.22,4.775,3.662
2027-06-12,-23.4,-46.8,20.396,1.921,66.838,15.329,14.892,2.934,4.017,14.092,4.799,3.772
2027-06-12,-23.4,-46.7,20.396,1.921,66.838,15.329,14.892,2.934,4.017,14.092,4.799,3.772
2027-06-12,-23.4,-46.6,20.047,2.432,68.977,14.332,15.196,2.912,4.402,14.672,4.713,3.801
2027-06-12,-23.4,-46.5,19.787,2.446,70.139,14.419,15.31,2.884,4.404,14.609,4.764,3.878
2027-06-12,-23.4,-46.4,20.335,1.868,67.066,15.288,14.92,2.965,3.807,14.339,4.943,3.741
2027-06-13,-23.8,-46.8,20.428,1.849,66.986,15.271,14.882,2.918,3.872,14.016,4.899,3.738
2027-06-13,-23.8,-46.7,20.097,2.347,68.923,14.48,15.345,2.921,4.3,14.701,4.815,3.875
2027-06-13,-23.8,-46.6,19.791,2.597,70.621,14.51,15.267,2.963,4.673,14.756,4.777,3.82
2027-06-13,-23.8,-46.5,19.717,2.575,71.051,14.517,15.306,2.939,4.615,14.77,4.794,3.844
2027-06-13,-23.7,-46.8,20.556,1.708,66.619,15.506,14.797,2.834,3.712,13.595,4.725,3.753
2027-06-13,-23.7,-46.5,20.421,1.805,66.634,15.307,14.823,2.796,3.714,14.514,4.53,3.375
2027-06-13,-23.7,-46.4,19.82,2.163,70.111,14.773,15.012,2.857,4.021,14.317,4.733,3.584
2027-06-13,-23.6,-46.8,20.404,1.838,66.752,15.406,14.89,2.928,3.876,14.015,4.838,3.773
2027-06-13,-23.6,-46.4,19.837,2.35,70.152,14.469,15.281,2.859,4.224,14.468,4.722,3.854
2027-06-13,-23.6,-46.3,19.834,2.343,70.064,14.489,15.142,2.874,4.2,14.535,4.72,3.675
2027-06-13,-23.5,-46.8,20.949,1.812,65.513,15.324,15.337,2.806,3.719,14.401,4.813,4.348
2027-06-13,-23.5,-46.7,20.944,1.812,65.562,15.321,15.341,2.8,3.719,14.372,4.811,4.345
2027-06-13,-23.5,-46.6,20.981,1.897,66.183,15.382,14.867,2.915,3.844,14.047,4.936,4.26
2027-06-13,-23.5,-46.4,19.852,2.35,70.067,14.452,15.251,2.871,4.224,14.495,4.701,3.75
2027-06-13,-23.5,-46.3,20.034,2.061,68.653,14.889,14.936,2.87,3.917,14.355,4.762,3.642
2027-06-13,-23.4,-46.8,20.396,1.921,66.838,15.329,14.892,2.934,4.017,14.092,4.799,3.772
2027-06-13,-23.4,-46.7,20.396,1.921,66.838,15.329,14.892,2.934,4.017,14.092,4.799,3.772
2027-06-13,-23.4,-46.6,20.047,2.432,68.977,14.332,15.196,2.912,4.402,14.672,4.713,3.801
2027-06-13,-23.4,-46.5,19.787,2.446,70.139,14.419,15.31,2.884,4.404,14.609,4.764,3.878
2027-06-13,-23.4,-46.4,20.335,1.868,67.066,15.288,14.92,2.965,3.807,14.339,4.943,3.741
2027-06-14,-23.8,-46.8,20.399,1.94,67.191,15.19,14.893,2.928,4.009,14.03,4.847,3.736
2027-06-14,-23.8,-46.7,20.088,2.347,68.921,14.466,15.355,2.929,4.3,14.7,4.81,3.878
2027-06-14,-23.8,-46.6,19.775,2.601,70.702,14.465,15.263,2.952,4.671,14.721,4.72,3.825
2027-06-14,-23.8,-46.5,19.731,2.532,70.895,14.546,15.311,2.908,4.592,14.771,4.785,3.844
2027-06-14,-23.7,-46.8,20.576,1.696,66.421,15.588,14.833,2.845,3.716,13.595,4.637,3.828
2027-06-14,-23.7,-46.5,20.524,1.806,66.037,15.501,14.769,2.85,3.95,14.456,4.576,3.453
2027-06-14,-23.7,-46.4,19.878,2.162,69.944,14.759,15.157,2.861,4.022,14.34,4.739,3.853
2027-06-14,-23.6,-46.8,20.367,1.924,66.945,15.336,14.855,2.947,4.016,14.156,4.794,3.727
2027-06-14,-23.6,-46.4,19.821,2.352,70.074,14.461,15.294,2.894,4.251,14.603,4.778,3.846
2027-06-14,-23.6,-46.3,19.84,2.376,70.071,14.487,15.162,2.87,4.227,14.542,4.72,3.681
2027-06-14,-23.5,-46.8,20.944,1.812,65.562,15.321,15.341,2.8,3.719,14.372,4.811,4.345
2027-06-14,-23.5,-46.7,20.964,1.806,66.269,15.408,14.849,2.874,3.68,13.882,4.876,4.214
2027-06-14,-23.5,-46.6,20.978,1.845,66.168,15.392,14.86,2.915,3.795,14.039,4.943,4.263
2027-06-14,-23.5,-46.4,19.856,2.304,69.915,14.503,15.256,2.874,4.199,14.488,4.711,3.744
2027-06-14,-23.5,-46.3,20.034,2.061,68.653,14.889,14.936,2.87,3.917,14.355,4.762,3.642
2027-06-14,-23.4,-46.8,20.379,1.92,66.877,15.345,14.851,2.935,4.017,14.096,4.791,3.726
2027-06-14,-23.4,-46.7,20.396,1.921,66.838,15.329,14.892,2.934,4.017,14.092,4.799,3.772
2027-06-14,-23.4,-46.6,20.047,2.432,68.977,14.332,15.196,2.912,4.402,14.672,4.713,3.801
2027-06-14,-23.4,-46.5,19.787,2.446,70.139,14.419,15.31,2.884,4.404,14.609,4.764,3.878
2027-06-14,-23.4,-46.4,20.328,1.952,67.152,15.211,14.922,2.971,3.949,14.412,4.903,3.74
2027-06-15,-23.8,-46.8,20.392,1.926,66.969,15.325,14.929,2.926,4.015,14.108,4.865,3.749
2027-06-15,-23.8,-46.7,20.286,2.139,67.554,14.917,14.979,2.901,4.152,14.876,4.518,3.464
2027-06-15,-23.8,-46.6,19.919,2.508,69.658,14.852,14.884,2.962,4.643,15.195,4.693,3.396
2027-06-15,-23.8,-46.5,19.731,2.468,70.842,14.563,15.283,2.908,4.384,14.736,4.792,3.836
2027-06-15,-23.7,-46.8,20.655,1.723,66.162,15.717,14.569,2.925,3.743,13.885,4.751,3.652
2027-06-15,-23.7,-46.5,20.63,1.841,65.443,15.683,14.509,2.871,3.994,14.619,4.704,3.175
2027-06-15,-23.7,-46.4,19.841,2.218,70.124,14.692,15.218,2.87,4.038,14.48,4.702,3.825
2027-06-15,-23.6,-46.8,20.367,1.924,66.945,15.336,14.855,2.947,4.016,14.156,4.794,3.727
2027-06-15,-23.6,-46.4,19.821,2.352,70.074,14.461,15.294,2.894,4.251,14.603,4.778,3.846
2027-06-15,-23.6,-46.3,19.856,2.33,69.986,14.52,15.242,2.875,4.201,14.501,4.724,3.734
2027-06-15,-23.5,-46.8,20.966,1.857,66.284,15.398,14.855,2.874,3.731,13.89,4.868,4.211
2027-06-15,-23.5,-46.7,21.002,1.832,66.063,15.452,14.871,2.881,3.736,13.929,4.851,4.266
2027-06-15,-23.5,-46.6,21.025,1.855,66.062,15.433,14.843,2.893,3.832,13.933,4.949,4.272
2027-06-15,-23.5,-46.4,19.856,2.304,69.915,14.503,15.256,2.874,4.199,14.488,4.711,3.744
2027-06-15,-23.5,-46.3,20.043,2.053,68.541,14.942,14.985,2.876,3.92,14.372,4.713,3.767
2027-06-15,-23.4,-46.8,20.349,1.931,67.012,15.335,14.848,2.945,4.015,14.078,4.797,3.726
2027-06-15,-23.4,-46.7,20.553,1.694,66.423,15.606,14.797,2.854,3.71,13.612,4.623,3.815
2027-06-15,-23.4,-46.6,20.241,2.224,67.604,14.793,14.878,2.886,4.261,14.841,4.407,3.514
2027-06-15,-23.4,-46.5,19.893,2.358,69.194,14.719,14.897,2.899,4.369,14.986,4.644,3.345
2027-06-15,-23.4,-46.4,20.328,1.952,67.152,15.211,14.922,2.971,3.949,14.412,4.903,3.74
2027-06-16,-23.8,-46.8,20.442,1.899,66.774,15.354,14.99,2.894,4.005,14.069,4.777,3.753
2027-06-16,-23.8,-46.7,20.537,1.77,66.289,15.28,14.881,2.759,3.765,14.199,4.402,3.451
2027-06-16,-23.8,-46.6,19.99,2.287,68.98,15.023,14.694,2.892,4.261,14.869,4.521,3.222
2027-06-16,-23.8,-46.5,19.766,2.496,70.76,14.575,15.302,2.902,4.466,14.709,4.781,3.893
2027-06-16,-23.7,-46.8,20.73,1.728,65.905,15.838,14.399,2.907,3.747,13.876,4.785,3.544
2027-06-16,-23.7,-46.5,20.693,1.891,65.228,15.734,14.325,2.908,4.079,14.758,4.692,3.117
2027-06-16,-23.7,-46.4,19.859,2.168,70.037,14.661,15.293,2.873,3.994,14.431,4.701,3.909
2027-06-16,-23.6,-46.8,20.367,1.924,66.945,15.336,14.855,2.947,4.016,14.156,4.794,3.727
2027-06-16,-23.6,-46.4,19.821,2.352,70.074,14.461,15.294,2.894,4.251,14.603,4.778,3.846
2027-06-16,-23.6,-46.3,19.856,2.33,69.986,14.52,15.242,2.875,4.201,14.501,4.724,3.734
2027-06-16,-23.5,-46.8,21.002,1.832,66.063,15.452,14.871,2.881,3.736,13.929,4.851,4.266
2027-06-16,-23.5,-46.7,21.018,1.783,65.973,15.488,14.858,2.866,3.695,13.837,4.863,4.264
2027-06-16,-23.5,-46.6,21.041,1.806,65.972,15.469,14.829,2.879,3.792,13.84,4.961,4.271
2027-06-16,-23.5,-46.4,19.821,2.352,70.037,14.45,15.299,2.894,4.251,14.588,4.763,3.845
2027-06-16,-23.5,-46.3,20.045,2.064,68.659,14.844,14.97,2.873,3.916,14.356,4.777,3.666
2027-06-16,-23.4,-46.8,20.349,1.931,67.012,15.335,14.848,2.945,4.015,14.078,4.797,3.726
2027-06-16,-23.4,-46.7,20.645,1.719,66.116,15.714,14.553,2.912,3.745,13.827,4.738,3.66
2027-06-16,-23.4,-46.6,20.501,1.873,66.406,15.253,14.711,2.802,3.91,14.296,4.418,3.372
2027-06-16,-23.4,-46.5,20.139,2.03,67.706,15.064,14.731,2.879,3.971,14.735,4.471,3.348
2027-06-16,-23.4,-46.4,20.328,1.952,67.152,15.211,14.922,2.971,3.949,14.412,4.903,3.74
2027-06-17,-23.8,-46.8,20.579,1.697,66.555,15.524,14.918,2.798,3.707,13.564,4.681,3.808
2027-06-17,-23.8,-46.7,20.671,1.884,65.62,15.616,14.543,2.869,4.076,14.566,4.61,3.236
2027-06-17,-23.8,-46.6,20.265,2.009,67.455,15.132,14.692,2.855,3.987,14.53,4.361,3.334
2027-06-17,-23.8,-46.5,19.828,2.403,70.099,14.886,14.818,2.921,4.286,15.029,4.733,3.405
2027-06-17,-23.7,-46.8,20.668,1.655,65.015,15.903,14.827,2.843,3.651,14.436,4.678,3.734
2027-06-17,-23.7,-46.5,20.448,2.006,66.548,15.569,14.454,2.957,4.156,14.686,4.955,3.324
2027-06-17,-23.7,-46.4,19.815,2.236,70.122,14.547,15.321,2.897,4.093,14.517,4.732,3.904
2027-06-17,-23.6,-46.8,20.374,1.869,66.872,15.367,14.84,2.948,3.963,14.126,4.817,3.732
2027-06-17,-23.6,-46.4,19.821,2.352,70.074,14.461,15.294,2.894,4.251,14.603,4.778,3.846
2027-06-17,-23.6,-46.3,19.851,2.33,70.002,14.52,15.279,2.87,4.202,14.488,4.724,3.836
2027-06-17,-23.5,-46.8,21.018,1.783,65.973,15.488,14.858,2.866,3.695,13.837,4.863,4.264
2027-06-17,-23.5,-46.7,21.018,1.783,65.973,15.488,14.858,2.866,3.695,13.837,4.863,4.264
2027-06-17,-23.5,-46.6,21.059,1.797,65.821,15.539,14.856,2.886,3.796,13.843,4.892,4.32
2027-06-17,-23.5,-46.4,19.941,2.264,69.049,14.757,14.881,2.917,4.213,14.997,4.645,3.309
2027-06-17,-23.5,-46.3,20.039,2.111,68.798,14.797,14.965,2.871,3.948,14.415,4.776,3.67
2027-06-17,-23.4,-46.8,20.411,1.81,66.816,15.467,14.816,2.928,3.865,13.899,4.768,3.742
2027-06-17,-23.4,-46.7,20.72,1.724,65.859,15.835,14.383,2.895,3.749,13.817,4.772,3.552
2027-06-17,-23.4,-46.6,20.629,1.887,65.68,15.543,14.502,2.92,4.132,14.582,4.697,3.243
2027-06-17,-23.4,-46.5,20.414,1.846,66.517,15.33,14.761,2.795,3.854,14.404,4.475,3.354
2027-06-17,-23.4,-46.4,20.328,1.952,67.152,15.211,14.922,2.971,3.949,14.412,4.903,3.74
2027-06-18,-23.8,-46.8,20.608,1.689,66.39,15.613,14.869,2.798,3.717,13.575,4.62,3.807
2027-06-18,-23.8,-46.7,20.719,1.831,65.266,15.817,14.323,2.91,4.043,14.451,4.623,3.164
2027-06-18,-23.8,-46.6,20.541,1.891,65.997,15.376,14.79,2.847,4.128,14.474,4.561,3.51
2027-06-18,-23.8,-46.5,19.936,2.229,69.292,15.077,14.663,2.862,4.107,14.775,4.6,3.236
2027-06-18,-23.7,-46.8,20.583,1.711,65.201,15.613,15.014,2.84,3.731,14.576,4.628,3.647
2027-06-18,-23.7,-46.5,20.296,1.903,67.024,15.489,14.772,2.907,4.084,14.285,4.858,3.634
2027-06-18,-23.7,-46.4,19.8,2.309,70.226,14.509,15.336,2.898,4.199,14.597,4.762,3.876
2027-06-18,-23.6,-46.8,20.344,1.88,67.007,15.357,14.837,2.959,3.961,14.108,4.823,3.732
2027-06-18,-23.6,-46.4,19.941,2.264,69.085,14.768,14.876,2.918,4.213,15.013,4.66,3.309
2027-06-18,-23.6,-46.3,19.962,2.241,69.046,14.832,14.859,2.885,4.162,14.871,4.606,3.296
2027-06-18,-23.5,-46.8,21.018,1.783,65.973,15.488,14.858,2.866,3.695,13.837,4.863,4.264
2027-06-18,-23.5,-46.7,21.015,1.732,65.958,15.498,14.852,2.867,3.641,13.828,4.87,4.267
2027-06-18,-23.5,-46.6,21.061,1.797,65.873,15.534,14.85,2.886,3.796,13.796,4.869,4.325
2027-06-18,-23.5,-46.4,20.204,1.853,67.443,15.163,14.716,2.864,3.693,14.589,4.422,3.336
2027-06-18,-23.5,-46.3,20.044,2.121,68.834,14.74,14.968,2.87,3.945,14.428,4.716,3.669
2027-06-18,-23.4,-46.8,20.521,1.654,66.507,15.647,14.74,2.857,3.665,13.512,4.632,3.767
2027-06-18,-23.4,-46.7,20.646,1.655,65.037,15.891,14.816,2.845,3.651,14.443,4.669,3.743
2027-06-18,-23.4,-46.6,20.726,1.853,65.314,15.749,14.325,2.916,4.133,14.392,4.725,3.219
2027-06-18,-23.4,-46.5,20.45,1.891,66.311,15.354,14.767,2.863,4.074,14.623,4.563,3.469
2027-06-18,-23.4,-46.4,20.328,1.952,67.152,15.211,14.922,2.971,3.949,14.412,4.903,3.74
2027-06-19,-23.8,-46.8,20.668,1.716,66.147,15.73,14.615,2.881,3.744,13.87,4.726,3.633
2027-06-19,-23.8,-46.7,20.795,1.873,65.026,15.841,14.232,2.894,4.167,14.38,4.579,3.106
2027-06-19,-23.8,-46.6,20.66,1.953,65.653,15.59,14.465,2.9,4.191,14.617,4.68,3.208
2027-06-19,-23.8,-46.5,20.192,1.907,67.896,15.252,14.693,2.807,3.761,14.386,4.506,3.398
2027-06-19,-23.7,-46.8,20.583,1.714,65.27,15.566,15.061,2.835,3.73,14.565,4.649,3.682
2027-06-19,-23.7,-46.5,20.288,1.87,67.164,15.375,14.968,2.868,4.014,14.239,4.74,3.665
2027-06-19,-23.7,-46.4,19.807,2.342,70.234,14.508,15.356,2.893,4.226,14.604,4.763,3.881
2027-06-19,-23.6,-46.8,20.344,1.88,67.007,15.357,14.837,2.959,3.961,14.108,4.823,3.732
2027-06-19,-23.6,-46.4,20.191,1.853,67.514,15.164,14.72,2.861,3.693,14.588,4.418,3.335
2027-06-19,-23.6,-46.3,20.224,1.932,67.538,15.156,14.696,2.852,3.756,14.613,4.398,3.327
2027-06-19,-23.5,-46.8,21.015,1.732,65.958,15.498,14.852,2.867,3.641,13.828,4.87,4.267
2027-06-19,-23.5,-46.7,21.062,1.741,65.852,15.539,14.834,2.844,3.68,13.719,4.875,4.276
2027-06-19,-23.5,-46.6,21.061,1.797,65.873,15.534,14.85,2.886,3.796,13.796,4.869,4.325
2027-06-19,-23.5,-46.4,20.512,1.885,66.064,15.406,14.757,2.858,4.008,14.638,4.559,3.48
2027-06-19,-23.5,-46.3,20.043,2.079,68.754,14.762,14.953,2.87,3.914,14.404,4.75,3.62
2027-06-19,-23.4,-46.8,20.497,1.71,66.709,15.603,14.701,2.859,3.714,13.597,4.636,3.749
2027-06-19,-23.4,-46.7,20.586,1.708,65.174,15.622,14.988,2.819,3.732,14.494,4.623,3.659
2027-06-19,-23.4,-46.6,20.755,1.893,65.186,15.766,14.207,2.919,4.213,14.447,4.672,3.104
2027-06-19,-23.4,-46.5,20.6,1.891,65.735,15.588,14.466,2.895,4.099,14.667,4.686,3.183
2027-06-19,-23.4,-46.4,20.328,1.952,67.152,15.211,14.922,2.971,3.949,14.412,4.903,3.74
2027-06-20,-23.8,-46.8,20.731,1.723,65.916,15.849,14.447,2.859,3.747,13.878,4.766,3.528
2027-06-20,-23.8,-46.7,20.936,1.909,65.637,15.751,14.575,2.925,3.916,14.492,4.929,3.866
2027-06-20,-23.8,-46.6,20.732,1.847,65.29,15.8,14.308,2.898,4.107,14.444,4.669,3.18
2027-06-20,-23.8,-46.5,20.364,1.841,67.049,15.388,14.736,2.785,3.949,14.148,4.512,3.414
2027-06-20,-23.7,-46.8,20.585,1.717,65.223,15.573,15.086,2.838,3.729,14.593,4.654,3.67
2027-06-20,-23.7,-46.5,20.215,1.916,66.863,15.251,15.396,2.817,4.053,14.737,4.704,3.798
2027-06-20,-23.7,-46.4,19.777,2.39,70.34,14.455,15.362,2.917,4.277,14.714,4.814,3.881
2027-06-20,-23.6,-46.8,20.493,1.708,66.665,15.601,14.758,2.882,3.707,13.666,4.625,3.77
2027-06-20,-23.6,-46.4,20.446,1.872,66.47,15.327,14.781,2.807,4.0,14.471,4.466,3.35
2027-06-20,-23.6,-46.3,20.439,1.86,66.539,15.319,14.755,2.8,3.958,14.475,4.483,3.344
2027-06-20,-23.5,-46.8,21.062,1.741,65.852,15.539,14.834,2.844,3.68,13.719,4.875,4.276
2027-06-20,-23.5,-46.7,21.013,1.729,65.103,15.479,15.35,2.8,3.685,14.287,4.715,4.459
2027-06-20,-23.5,-46.6,20.992,1.794,65.223,15.409,15.345,2.836,3.797,14.41,4.803,4.454
2027-06-20,-23.5,-46.4,20.574,1.891,65.917,15.48,14.542,2.91,3.992,14.834,4.685,3.22
2027-06-20,-23.5,-46.3,20.038,2.069,68.719,14.819,14.95,2.871,3.916,14.391,4.81,3.621
2027-06-20,-23.4,-46.8,20.527,1.589,66.477,15.755,14.703,2.827,3.562,13.366,4.569,3.746
2027-06-20,-23.4,-46.7,20.582,1.708,65.224,15.575,15.048,2.813,3.732,14.477,4.644,3.72
2027-06-20,-23.4,-46.6,21.088,1.888,64.565,15.894,14.467,2.856,4.15,14.432,4.71,3.757
2027-06-20,-23.4,-46.5,20.658,1.854,65.559,15.735,14.309,2.909,4.055,14.652,4.696,3.161
2027-06-20,-23.4,-46.4,20.328,1.952,67.152,15.211,14.922,2.971,3.949,14.412,4.903,3.74
2027-06-21,-23.8,-46.8,20.648,1.656,65.053,15.895,14.842,2.847,3.65,14.461,4.67,3.733
2027-06-21,-23.8,-46.7,21.0,1.843,65.494,15.73,14.755,2.893,3.857,14.351,4.968,4.067
2027-06-21,-23.8,-46.6,20.779,1.774,64.826,15.989,14.255,2.857,4.022,14.296,4.628,3.071
2027-06-21,-23.8,-46.5,20.475,1.807,66.443,15.581,14.686,2.825,3.949,14.235,4.608,3.478
2027-06-21,-23.7,-46.8,20.517,1.783,65.736,15.465,15.153,2.883,3.824,14.679,4.735,3.682
2027-06-21,-23.7,-46.5,20.194,1.987,66.983,15.176,15.432,2.852,4.121,14.839,4.773,3.764
2027-06-21,-23.7,-46.4,19.771,2.391,70.358,14.445,15.386,2.914,4.276,14.71,4.806,3.88
2027-06-21,-23.6,-46.8,20.509,1.658,66.575,15.638,14.745,2.871,3.664,13.575,4.637,3.768
2027-06-21,-23.6,-46.4,20.574,1.891,65.917,15.48,14.542,2.91,3.992,14.834,4.685,3.22
2027-06-21,-23.6,-46.3,20.465,1.848,66.282,15.377,14.776,2.859,3.958,14.613,4.57,3.471
2027-06-21,-23.5,-46.8,21.013,1.729,65.103,15.479,15.35,2.8,3.685,14.287,4.715,4.459
2027-06-21,-23.5,-46.7,20.983,1.754,65.272,15.429,15.35,2.799,3.681,14.305,4.756,4.393
2027-06-21,-23.5,-46.6,20.946,1.868,65.482,15.323,15.359,2.848,3.832,14.518,4.83,4.388
2027-06-21,-23.5,-46.4,20.671,1.856,65.53,15.723,14.314,2.909,3.993,14.671,4.716,3.153
2027-06-21,-23.5,-46.3,20.036,2.067,68.68,14.858,14.917,2.875,3.917,14.416,4.791,3.595
2027-06-21,-23.4,-46.8,20.611,1.647,65.249,15.716,15.012,2.816,3.648,14.329,4.623,3.868
2027-06-21,-23.4,-46.7,20.588,1.708,65.188,15.575,15.048,2.819,3.732,14.494,4.644,3.719
2027-06-21,-23.4,-46.6,21.223,1.611,64.103,16.185,14.434,2.804,3.666,13.965,4.617,3.796
2027-06-21,-23.4,-46.5,20.674,1.78,65.197,15.943,14.25,2.862,3.969,14.491,4.67,3.065
2027-06-21,-23.4,-46.4,20.328,1.952,67.152,15.211,14.922,2.971,3.949,14.412,4.903,3.74
2027-06-22,-23.8,-46.8,20.576,1.713,65.258,15.616,15.019,2.835,3.73,14.577,4.628,3.648
2027-06-22,-23.8,-46.7,20.894,1.889,64.841,15.57,15.241,2.813,3.921,14.865,4.797,3.843
2027-06-22,-23.8,-46.6,21.13,1.834,64.403,16.031,14.49,2.792,4.085,14.257,4.587,3.753
2027-06-22,-23.8,-46.5,20.621,1.753,65.794,15.751,14.42,2.859,3.893,14.35,4.724,3.252
2027-06-22,-23.7,-46.8,20.517,1.8,65.881,15.436,15.195,2.884,3.822,14.587,4.721,3.641
2027-06-22,-23.7,-46.5,20.177,2.052,67.019,15.056,15.435,2.885,4.204,15.035,4.817,3.759
2027-06-22,-23.7,-46.4,19.754,2.361,70.392,14.436,15.375,2.933,4.191,14.761,4.818,3.875
2027-06-22,-23.6,-46.8,20.507,1.71,66.692,15.591,14.74,2.87,3.713,13.65,4.642,3.772
2027-06-22,-23.6,-46.4,20.671,1.856,65.53,15.723,14.314,2.909,3.993,14.671,4.716,3.153
2027-06-22,-23.6,-46.3,20.614,1.848,65.705,15.612,14.476,2.891,3.985,14.655,4.692,3.185
2027-06-22,-23.5,-46.8,20.983,1.754,65.272,15.429,15.35,2.799,3.681,14.305,4.756,4.393
2027-06-22,-23.5,-46.7,20.965,1.763,65.423,15.36,15.324,2.792,3.678,14.308,4.826,4.347
2027-06-22,-23.5,-46.6,20.922,1.877,65.667,15.242,15.335,2.835,3.828,14.492,4.89,4.341
2027-06-22,-23.5,-46.4,20.432,1.986,66.777,15.494,14.44,2.967,4.107,14.635,5.015,3.37
2027-06-22,-23.5,-46.3,20.036,2.067,68.68,14.858,14.917,2.875,3.917,14.416,4.791,3.595
2027-06-22,-23.4,-46.8,20.62,1.648,65.15,15.653,15.093,2.813,3.647,14.4,4.632,3.928
2027-06-22,-23.4,-46.7,20.588,1.708,65.188,15.575,15.048,2.819,3.732,14.494,4.644,3.719
2027-06-22,-23.4,-46.6,20.912,2.019,64.787,15.543,15.003,2.859,4.112,15.044,4.987,3.735
2027-06-22,-23.4,-46.5,20.489,1.956,66.329,15.653,14.417,2.931,4.178,14.523,4.826,3.336
2027-06-22,-23.4,-46.4,20.328,1.952,67.152,15.211,14.922,2.971,3.949,14.412,4.903,3.74
2027-06-23,-23.8,-46.8,20.554,1.785,65.405,15.465,15.069,2.87,3.824,14.736,4.707,3.68
2027-06-23,-23.8,-46.7,20.834,1.968,65.403,15.435,15.191,2.781,3.972,14.708,4.812,3.797
2027-06-23,-23.8,-46.6,20.822,2.065,65.026,15.515,15.12,2.818,4.102,15.185,4.852,3.815
2027-06-23,-23.8,-46.5,20.686,1.737,65.317,15.971,14.338,2.861,3.849,14.476,4.685,3.154
2027-06-23,-23.7,-46.8,20.499,1.809,66.032,15.367,15.168,2.874,3.819,14.583,4.792,3.585
2027-06-23,-23.7,-46.5,20.202,2.097,67.806,14.97,15.061,2.927,4.027,14.626,4.881,3.635
2027-06-23,-23.7,-46.4,19.861,2.272,69.512,14.786,14.918,2.946,4.153,15.076,4.732,3.378
2027-06-23,-23.6,-46.8,20.455,1.641,66.243,15.643,15.059,2.787,3.614,13.95,4.558,3.854
2027-06-23,-23.6,-46.4,20.679,1.812,65.497,15.781,14.266,2.908,3.939,14.658,4.697,3.089
2027-06-23,-23.6,-46.3,20.682,1.812,65.497,15.753,14.319,2.909,3.939,14.658,4.697,3.163
2027-06-23,-23.5,-46.8,20.965,1.763,65.423,15.36,15.324,2.792,3.678,14.308,4.826,4.347
2027-06-23,-23.5,-46.7,20.902,1.803,65.619,15.282,15.354,2.827,3.681,14.507,4.806,4.336
2027-06-23,-23.5,-46.6,20.943,1.87,66.389,15.338,14.844,2.908,3.79,13.998,4.96,4.208
2027-06-23,-23.5,-46.4,20.338,1.889,66.805,15.498,14.75,2.891,4.087,14.295,4.853,3.647
2027-06-23,-23.5,-46.3,20.036,2.067,68.68,14.858,14.917,2.875,3.917,14.416,4.791,3.595
2027-06-23,-23.4,-46.8,20.539,1.78,65.308,15.465,15.086,2.852,3.826,14.666,4.697,3.704
2027-06-23,-23.4,-46.7,20.561,1.777,65.302,15.47,15.051,2.853,3.827,14.648,4.701,3.717
2027-06-23,-23.4,-46.6,20.896,1.896,65.022,15.472,15.174,2.778,3.936,14.759,4.837,3.847
2027-06-23,-23.4,-46.5,20.371,1.78,65.615,15.596,14.978,2.853,3.833,15.073,4.791,3.641
2027-06-23,-23.4,-46.4,20.328,1.952,67.152,15.211,14.922,2.971,3.949,14.412,4.903,3.74
2027-06-24,-23.8,-46.8,20.557,1.788,65.359,15.471,15.094,2.873,3.823,14.764,4.711,3.668
2027-06-24,-23.8,-46.7,20.79,2.026,65.505,15.342,15.198,2.815,4.044,14.854,4.906,3.757
2027-06-24,-23.8,-46.6,20.678,2.184,65.69,15.197,15.389,2.839,4.389,15.141,4.854,3.902
2027-06-24,-23.8,-46.5,20.488,1.903,66.339,15.694,14.541,2.895,4.068,14.469,4.836,3.555
2027-06-24,-23.7,-46.8,20.466,1.847,66.135,15.331,15.188,2.885,3.822,14.736,4.765,3.581
2027-06-24,-23.7,-46.5,20.179,2.014,68.007,14.884,15.074,2.84,3.894,14.427,4.844,3.508
2027-06-24,-23.7,-46.4,19.913,2.173,69.252,15.005,14.715,2.899,4.053,14.844,4.629,3.313
2027-06-24,-23.6,-46.8,20.541,1.67,65.697,15.592,15.192,2.877,3.693,14.44,4.721,3.876
2027-06-24,-23.6,-46.4,20.541,1.941,66.255,15.65,14.438,2.916,4.087,14.587,4.857,3.335
2027-06-24,-23.6,-46.3,20.47,1.995,66.434,15.578,14.472,2.94,4.159,14.69,4.947,3.455
2027-06-24,-23.5,-46.8,20.902,1.803,65.619,15.282,15.354,2.827,3.681,14.507,4.806,4.336
2027-06-24,-23.5,-46.7,20.966,1.857,66.284,15.398,14.855,2.874,3.731,13.89,4.868,4.211
2027-06-24,-23.5,-46.6,20.978,1.845,66.168,15.392,14.86,2.915,3.795,14.039,4.943,4.263
2027-06-24,-23.5,-46.4,20.288,1.829,66.992,15.414,14.905,2.849,3.995,14.111,4.699,3.657
2027-06-24,-23.5,-46.3,20.041,2.063,68.607,14.887,14.937,2.878,3.918,14.419,4.763,3.639
2027-06-24,-23.4,-46.8,20.558,1.78,65.292,15.476,15.076,2.85,3.826,14.659,4.706,3.705
2027-06-24,-23.4,-46.7,20.564,1.78,65.256,15.476,15.076,2.856,3.826,14.676,4.706,3.704
2027-06-24,-23.4,-46.6,20.856,1.948,65.133,15.477,15.141,2.772,3.982,14.865,4.825,3.728
2027-06-24,-23.4,-46.5,20.28,1.941,65.926,15.237,15.254,2.842,4.209,15.047,4.718,3.589
2027-06-24,-23.4,-46.4,20.328,1.952,67.152,15.211,14.922,2.971,3.949,14.412,4.903,3.74
2027-06-25,-23.8,-46.8,20.557,1.788,65.359,15.471,15.094,2.873,3.823,14.764,4.711,3.668
2027-06-25,-23.8,-46.7,20.932,1.892,65.223,15.552,15.112,2.737,3.843,14.439,4.708,3.814
2027-06-25,-23.8,-46.6,20.382,2.069,66.147,15.143,15.323,2.84,4.299,15.07,4.733,3.573
2027-06-25,-23.8,-46.5,20.376,1.847,65.601,15.533,15.171,2.848,4.026,15.054,4.773,3.86
2027-06-25,-23.7,-46.8,20.49,1.84,66.204,15.378,15.242,2.894,3.792,14.681,4.771,3.785
2027-06-25,-23.7,-46.5,20.172,2.11,68.12,14.83,15.077,2.839,3.973,14.495,4.843,3.508
2027-06-25,-23.7,-46.4,20.195,1.809,67.647,15.24,14.765,2.827,3.667,14.362,4.442,3.427
2027-06-25,-23.6,-46.8,20.55,1.74,65.859,15.523,15.241,2.879,3.741,14.493,4.716,3.852
2027-06-25,-23.6,-46.4,20.445,1.901,66.479,15.678,14.485,2.919,4.068,14.412,4.866,3.411
2027-06-25,-23.6,-46.3,20.442,1.849,66.377,15.725,14.527,2.916,4.025,14.331,4.859,3.525
2027-06-25,-23.5,-46.8,20.966,1.857,66.284,15.398,14.855,2.874,3.731,13.89,4.868,4.211
2027-06-25,-23.5,-46.7,21.002,1.832,66.063,15.452,14.871,2.881,3.736,13.929,4.851,4.266
2027-06-25,-23.5,-46.6,20.978,1.845,66.168,15.392,14.86,2.915,3.795,14.039,4.943,4.263
2027-06-25,-23.5,-46.4,20.217,1.866,66.7,15.281,15.27,2.798,4.016,14.63,4.656,3.739
2027-06-25,-23.5,-46.3,20.047,2.016,68.468,14.934,14.943,2.881,3.886,14.358,4.763,3.635
2027-06-25,-23.4,-46.8,20.558,1.78,65.292,15.476,15.076,2.85,3.826,14.659,4.706,3.705
2027-06-25,-23.4,-46.7,20.508,1.785,65.799,15.405,15.134,2.858,3.822,14.61,4.802,3.651
2027-06-25,-23.4,-46.6,20.993,1.841,64.699,15.6,15.062,2.718,3.837,14.661,4.736,3.81
2027-06-25,-23.4,-46.5,20.268,2.049,66.186,15.126,15.335,2.858,4.258,15.204,4.689,3.555
2027-06-25,-23.4,-46.4,20.328,1.952,67.152,15.211,14.922,2.971,3.949,14.412,4.903,3.74
2027-06-26,-23.8,-46.8,20.557,1.788,65.359,15.471,15.094,2.873,3.823,14.764,4.711,3.668
2027-06-26,-23.8,-46.7,20.953,1.863,65.029,15.505,15.118,2.766,3.845,14.55,4.773,3.851
2027-06-26,-23.8,-46.6,20.399,2.018,65.827,15.112,15.292,2.881,4.307,15.084,4.84,3.581
2027-06-26,-23.8,-46.5,20.298,1.964,66.189,15.182,15.439,2.848,4.112,15.156,4.775,3.749
2027-06-26,-23.7,-46.8,20.549,1.852,66.917,15.48,14.757,2.951,3.79,14.066,4.825,3.62
2027-06-26,-23.7,-46.5,20.193,2.122,68.232,14.75,15.059,2.837,3.969,14.456,4.769,3.537
2027-06-26,-23.7,-46.4,20.377,1.853,66.957,15.418,14.758,2.795,3.971,14.201,4.493,3.403
2027-06-26,-23.6,-46.8,20.514,1.806,65.93,15.413,15.178,2.863,3.82,14.553,4.759,3.615
2027-06-26,-23.6,-46.4,20.381,1.737,65.596,15.606,14.993,2.848,3.708,15.051,4.79,3.638
2027-06-26,-23.6,-46.3,20.383,1.846,65.557,15.529,15.075,2.856,4.027,15.05,4.771,3.679
2027-06-26,-23.5,-46.8,21.002,1.832,66.063,15.452,14.871,2.881,3.736,13.929,4.851,4.266
2027-06-26,-23.5,-46.7,21.018,1.783,65.973,15.488,14.858,2.866,3.695,13.837,4.863,4.264
2027-06-26,-23.5,-46.6,20.978,1.845,66.168,15.392,14.86,2.915,3.795,14.039,4.943,4.263
2027-06-26,-23.5,-46.4,20.187,1.986,66.955,15.168,15.379,2.841,4.121,14.785,4.757,3.759
2027-06-26,-23.5,-46.3,20.237,1.907,67.505,15.159,14.984,2.842,3.861,14.209,4.739,3.764
2027-06-26,-23.4,-46.8,20.539,1.789,65.442,15.407,15.05,2.84,3.823,14.662,4.778,3.649
2027-06-26,-23.4,-46.7,20.486,1.764,66.057,15.419,15.19,2.875,3.745,14.632,4.785,3.841
2027-06-26,-23.4,-46.6,20.997,1.809,64.877,15.565,15.084,2.718,3.785,14.407,4.737,3.889
2027-06-26,-23.4,-46.5,20.327,2.037,66.032,15.16,15.369,2.894,4.26,15.284,4.844,3.769
2027-06-26,-23.4,-46.4,20.328,1.952,67.152,15.211,14.922,2.971,3.949,14.412,4.903,3.74
2027-06-27,-23.8,-46.8,20.539,1.797,65.51,15.402,15.067,2.863,3.82,14.766,4.783,3.611
2027-06-27,-23.8,-46.7,21.001,1.674,64.947,15.549,15.263,2.761,3.59,14.486,4.84,4.245
2027-06-27,-23.8,-46.6,20.398,1.972,65.912,15.112,15.346,2.946,4.085,15.23,4.899,3.785
2027-06-27,-23.8,-46.5,20.244,2.063,66.389,15.128,15.432,2.883,4.218,15.356,4.851,3.71
2027-06-27,-23.7,-46.8,20.421,1.761,67.315,15.49,14.804,2.888,3.723,13.668,4.734,3.713
2027-06-27,-23.7,-46.5,20.212,2.085,68.2,14.745,15.055,2.854,3.942,14.44,4.778,3.535
2027-06-27,-23.7,-46.4,20.439,1.774,66.572,15.53,14.682,2.826,3.892,14.323,4.62,3.469
2027-06-27,-23.6,-46.8,20.51,1.807,65.956,15.397,15.168,2.862,3.819,14.553,4.776,3.591
2027-06-27,-23.6,-46.4,20.279,1.903,65.975,15.238,15.274,2.85,4.097,15.086,4.721,3.585
2027-06-27,-23.6,-46.3,20.323,1.939,65.851,15.247,15.277,2.844,4.117,15.174,4.727,3.584
2027-06-27,-23.5,-46.8,21.018,1.783,65.973,15.488,14.858,2.866,3.695,13.837,4.863,4.264
2027-06-27,-23.5,-46.7,21.009,1.792,66.036,15.454,14.869,2.864,3.694,13.872,4.841,4.259
2027-06-27,-23.5,-46.6,20.978,1.845,66.168,15.392,14.86,2.915,3.795,14.039,4.943,4.263
2027-06-27,-23.5,-46.4,20.268,1.982,67.218,15.233,15.009,2.89,4.122,14.384,4.803,3.688
2027-06-27,-23.5,-46.3,20.242,2.012,67.752,15.019,15.032,2.832,4.122,14.206,4.811,3.684
2027-06-27,-23.4,-46.8,20.519,1.83,65.843,15.404,15.112,2.853,3.864,14.632,4.777,3.673
2027-06-27,-23.4,-46.7,20.512,1.733,66.011,15.433,15.23,2.867,3.702,14.52,4.787,3.812
2027-06-27,-23.4,-46.6,20.96,1.921,64.989,15.441,15.085,2.78,3.953,14.582,4.857,3.881
2027-06-27,-23.4,-46.5,20.306,2.106,66.137,15.06,15.37,2.919,4.339,15.42,4.888,3.767
2027-06-27,-23.4,-46.4,20.328,1.952,67.152,15.211,14.922,2.971,3.949,14.412,4.903,3.74
2027-06-28,-23.8,-46.8,20.505,1.776,65.854,15.402,15.13,2.881,3.742,14.765,4.763,3.802
2027-06-28,-23.8,-46.7,20.964,1.802,65.325,15.412,15.246,2.768,3.68,14.559,4.807,4.223
2027-06-28,-23.8,-46.6,20.378,2.11,67.035,15.056,14.864,3.014,4.168,14.841,5.016,3.562
2027-06-28,-23.8,-46.5,20.303,2.061,66.251,15.107,15.455,2.92,4.231,15.433,4.884,3.927
2027-06-28,-23.7,-46.8,20.414,1.709,67.366,15.477,14.831,2.885,3.67,13.61,4.747,3.77
2027-06-28,-23.7,-46.5,20.202,2.075,68.237,14.822,15.057,2.869,3.944,14.478,4.861,3.537
2027-06-28,-23.7,-46.4,20.272,1.95,67.592,15.139,15.022,2.876,4.063,14.262,4.917,3.847
2027-06-28,-23.6,-46.8,20.487,1.788,66.189,15.387,15.235,2.893,3.741,14.673,4.778,3.789
2027-06-28,-23.6,-46.4,20.278,1.972,66.11,15.185,15.36,2.873,4.129,15.193,4.7,3.547
2027-06-28,-23.6,-46.3,20.296,2.009,66.293,15.15,15.387,2.904,4.146,15.272,4.828,3.738
2027-06-28,-23.5,-46.8,21.009,1.792,66.036,15.454,14.869,2.864,3.694,13.872,4.841,4.259
2027-06-28,-23.5,-46.7,21.015,1.732,65.958,15.498,14.852,2.867,3.641,13.828,4.87,4.267
2027-06-28,-23.5,-46.6,21.025,1.855,66.062,15.433,14.843,2.893,3.832,13.933,4.949,4.272
2027-06-28,-23.5,-46.4,20.202,2.046,67.487,15.088,14.986,2.923,4.204,14.495,4.846,3.686
2027-06-28,-23.5,-46.3,20.234,1.948,67.815,15.0,15.009,2.831,3.862,14.196,4.84,3.642
2027-06-28,-23.4,-46.8,20.486,1.764,66.057,15.419,15.19,2.875,3.745,14.632,4.785,3.841
2027-06-28,-23.4,-46.7,20.515,1.784,66.026,15.424,15.237,2.867,3.754,14.528,4.78,3.808
2027-06-28,-23.4,-46.6,20.938,1.976,65.292,15.321,15.053,2.771,3.98,14.644,4.925,3.833
2027-06-28,-23.4,-46.5,20.347,2.105,67.001,15.105,14.861,2.973,4.139,14.813,5.012,3.561
2027-06-28,-23.4,-46.4,20.328,1.952,67.152,15.211,14.922,2.971,3.949,14.412,4.903,3.74
2027-06-29,-23.8,-46.8,20.505,1.776,65.854,15.402,15.13,2.881,3.742,14.765,4.763,3.802
2027-06-29,-23.8,-46.7,20.957,1.811,65.427,15.389,15.285,2.767,3.679,14.59,4.792,4.253
2027-06-29,-23.8,-46.6,20.227,2.124,67.496,15.023,14.942,2.95,4.19,14.593,4.874,3.621
2027-06-29,-23.8,-46.5,20.25,2.068,66.864,14.973,15.404,2.895,4.026,15.22,4.948,3.737
2027-06-29,-23.7,-46.8,20.443,1.696,67.279,15.517,14.828,2.879,3.669,13.541,4.754,3.77
2027-06-29,-23.7,-46.5,20.202,2.075,68.237,14.822,15.057,2.869,3.944,14.478,4.861,3.537
2027-06-29,-23.7,-46.4,20.23,1.925,67.525,15.123,15.153,2.836,4.072,14.25,4.835,3.795
2027-06-29,-23.6,-46.8,20.49,1.84,66.204,15.378,15.242,2.894,3.792,14.681,4.771,3.785
2027-06-29,-23.6,-46.4,20.313,2.003,66.262,15.209,15.382,2.902,4.148,15.309,4.845,3.737
2027-06-29,-23.6,-46.3,20.331,2.001,66.13,15.161,15.38,2.901,4.149,15.346,4.837,3.738
2027-06-29,-23.5,-46.8,21.015,1.732,65.958,15.498,14.852,2.867,3.641,13.828,4.87,4.267
2027-06-29,-23.5,-46.7,21.062,1.741,65.852,15.539,14.834,2.844,3.68,13.719,4.875,4.276
2027-06-29,-23.5,-46.6,21.059,1.797,65.821,15.539,14.856,2.886,3.796,13.843,4.892,4.32
2027-06-29,-23.5,-46.4,20.269,1.929,67.194,15.125,14.98,2.891,3.868,14.452,4.928,3.662
2027-06-29,-23.5,-46.3,20.22,1.997,68.006,14.93,15.013,2.834,3.892,14.225,4.821,3.644
2027-06-29,-23.4,-46.8,20.515,1.784,66.026,15.424,15.237,2.867,3.754,14.528,4.78,3.808
2027-06-29,-23.4,-46.7,20.506,1.793,66.089,15.39,15.247,2.864,3.753,14.561,4.757,3.801
2027-06-29,-23.4,-46.6,20.932,1.839,65.326,15.347,15.254,2.797,3.785,14.72,4.895,4.276
2027-06-29,-23.4,-46.5,20.163,2.12,67.716,14.931,14.937,2.915,4.12,14.722,4.897,3.615
2027-06-29,-23.4,-46.4,20.328,1.952,67.152,15.211,14.922,2.971,3.949,14.412,4.903,3.74
2027-06-30,-23.8,-46.8,20.578,1.83,66.567,15.525,14.656,2.942,3.792,14.11,4.828,3.613
2027-06-30,-23.8,-46.7,20.941,1.86,65.517,15.353,15.298,2.782,3.72,14.681,4.779,4.253
2027-06-30,-23.8,-46.6,20.253,2.127,67.507,15.018,14.967,2.931,4.189,14.522,4.877,3.654
2027-06-30,-23.8,-46.5,20.164,2.143,67.89,14.945,15.118,2.929,4.048,14.755,4.881,3.729
2027-06-30,-23.7,-46.8,20.464,1.667,67.142,15.566,14.818,2.873,3.659,13.44,4.748,3.776
2027-06-30,-23.7,-46.5,20.2,2.023,68.222,14.831,15.051,2.868,3.898,14.472,4.869,3.541
2027-06-30,-23.7,-46.4,20.244,1.937,67.528,15.154,15.193,2.841,4.069,14.239,4.82,3.79
2027-06-30,-23.6,-46.8,20.486,1.849,66.265,15.344,15.28,2.893,3.791,14.716,4.748,3.818
2027-06-30,-23.6,-46.4,20.283,2.077,66.362,15.052,15.392,2.936,4.227,15.437,4.872,3.734
2027-06-30,-23.6,-46.3,20.292,2.171,66.47,14.974,15.393,2.929,4.303,15.557,4.854,3.735
2027-06-30,-23.5,-46.8,21.062,1.741,65.852,15.539,14.834,2.844,3.68,13.719,4.875,4.276
2027-06-30,-23.5,-46.7,21.082,1.732,65.752,15.603,14.855,2.85,3.684,13.673,4.78,4.331
2027-06-30,-23.5,-46.6,21.061,1.797,65.873,15.534,14.85,2.886,3.796,13.796,4.869,4.325
2027-06-30,-23.5,-46.4,20.235,2.051,67.469,14.97,15.037,2.89,4.131,14.643,4.952,3.668
2027-06-30,-23.5,-46.3,20.212,1.997,67.988,14.919,15.007,2.833,3.892,14.226,4.826,3.643
2027-06-30,-23.4,-46.8,20.583,1.787,66.676,15.56,14.741,2.928,3.753,13.883,4.854,3.649
2027-06-30,-23.4,-46.7,20.558,1.845,66.829,15.489,14.765,2.936,3.792,14.002,4.821,3.645
2027-06-30,-23.4,-46.6,20.932,1.907,65.472,15.323,15.237,2.798,3.833,14.673,4.882,4.251
2027-06-30,-23.4,-46.5,20.123,2.081,68.039,14.878,14.898,2.849,4.021,14.398,4.774,3.445
2027-06-30,-23.4,-46.4,20.382,1.885,67.029,15.313,14.905,2.953,3.853,14.268,4.855,3.751
2027-07-01,-23.8,-46.8,20.382,1.72,66.837,15.469,15.104,2.841,3.672,14.185,4.759,3.798
2027-07-01,-23.8,-46.7,20.982,1.862,66.239,15.535,14.714,2.827,3.719,14.051,4.882,4.054
2027-07-01,-23.8,-46.6,20.17,2.127,68.05,14.918,14.94,2.861,4.178,14.257,4.857,3.477
2027-07-01,-23.8,-46.5,20.123,2.116,68.121,14.897,15.026,2.852,4.042,14.482,4.852,3.563
2027-07-01,-23.7,-46.8,20.444,1.652,66.468,15.636,15.178,2.826,3.665,13.91,4.683,3.915
2027-07-01,-23.7,-46.5,20.196,2.023,68.204,14.89,14.995,2.865,3.898,14.482,4.907,3.513
2027-07-01,-23.7,-46.4,20.239,1.993,67.528,15.176,15.147,2.827,4.12,14.217,4.835,3.76
2027-07-01,-23.6,-46.8,20.545,1.852,66.899,15.539,14.701,2.948,3.79,14.074,4.855,3.588
2027-07-01,-23.6,-46.4,20.287,2.157,67.466,15.021,14.826,2.991,4.059,15.07,5.029,3.5
2027-07-01,-23.6,-46.3,20.287,2.157,67.466,15.021,14.826,2.991,4.059,15.07,5.029,3.5
2027-07-01,-23.5,-46.8,21.065,1.696,65.731,15.66,14.811,2.845,3.634,13.611,4.812,4.299
2027-07-01,-23.5,-46.7,20.996,1.693,65.081,15.536,15.305,2.794,3.635,14.227,4.749,4.433
2027-07-01,-23.5,-46.6,21.044,1.76,65.851,15.591,14.806,2.88,3.748,13.735,4.901,4.293
2027-07-01,-23.5,-46.4,20.239,1.975,67.398,15.073,14.966,2.891,3.874,14.617,4.973,3.654
2027-07-01,-23.5,-46.3,20.224,1.997,67.928,14.969,14.916,2.836,3.892,14.265,4.857,3.502
2027-07-01,-23.4,-46.8,20.364,1.702,66.818,15.52,15.059,2.816,3.672,14.069,4.749,3.768
2027-07-01,-23.4,-46.7,20.42,1.757,67.319,15.545,14.743,2.867,3.724,13.567,4.771,3.716
2027-07-01,-23.4,-46.6,20.982,1.911,66.126,15.499,14.674,2.837,3.831,14.052,4.975,4.085
2027-07-01,-23.4,-46.5,20.111,2.124,68.273,14.896,14.827,2.844,4.051,14.396,4.841,3.442
2027-07-01,-23.4,-46.4,20.481,1.724,66.719,15.547,14.771,2.894,3.638,13.961,4.769,3.756
2027-07-02,-23.8,-46.8,20.354,1.626,66.846,15.607,15.153,2.808,3.59,14.063,4.659,3.786
2027-07-02,-23.8,-46.7,20.969,1.731,65.226,15.598,15.224,2.737,3.615,14.609,4.723,4.194
2027-07-02,-23.8,-46.6,20.204,2.076,68.046,15.018,14.866,2.847,4.146,14.119,4.742,3.485
2027-07-02,-23.8,-46.5,20.118,1.952,68.062,15.051,14.943,2.824,3.839,14.293,4.746,3.44
2027-07-02,-23.7,-46.8,20.568,1.618,65.69,15.76,15.141,2.831,3.625,14.305,4.639,3.749
2027-07-02,-23.7,-46.5,20.194,1.886,68.053,15.071,14.954,2.841,3.798,14.292,4.805,3.498
2027-07-02,-23.7,-46.4,20.212,1.902,67.577,15.224,15.022,2.798,4.052,14.141,4.816,3.573
2027-07-02,-23.6,-46.8,20.413,1.686,67.373,15.617,14.768,2.85,3.645,13.551,4.659,3.712
2027-07-02,-23.6,-46.4,20.148,2.092,67.862,15.062,14.889,2.9,4.018,14.72,4.82,3.558
2027-07-02,-23.6,-46.3,20.18,2.093,67.808,15.052,14.913,2.885,4.018,14.673,4.836,3.585
2027-07-02,-23.5,-46.8,20.993,1.638,65.115,15.642,15.262,2.76,3.564,14.14,4.664,4.344
2027-07-02,-23.5,-46.7,20.942,1.659,65.304,15.617,15.231,2.766,3.562,14.169,4.684,4.258
2027-07-02,-23.5,-46.6,20.97,1.703,65.184,15.577,15.263,2.796,3.681,14.308,4.779,4.333
2027-07-02,-23.5,-46.4,20.231,1.887,67.333,15.205,14.947,2.871,3.806,14.524,4.876,3.631
2027-07-02,-23.5,-46.3,20.24,1.911,67.81,15.148,14.883,2.811,3.824,14.164,4.763,3.467
2027-07-02,-23.4,-46.8,20.357,1.621,66.847,15.6,15.143,2.788,3.592,13.94,4.665,3.818
2027-07-02,-23.4,-46.7,20.432,1.622,67.226,15.67,14.746,2.84,3.591,13.453,4.684,3.72
2027-07-02,-23.4,-46.6,21.054,1.744,65.79,15.665,14.651,2.81,3.679,14.032,4.908,4.02
2027-07-02,-23.4,-46.5,20.188,1.934,67.828,15.021,14.885,2.814,3.912,14.263,4.713,3.467
2027-07-02,-23.4,-46.4,20.512,1.592,66.551,15.699,14.767,2.856,3.512,13.764,4.685,3.755
2027-07-03,-23.8,-46.8,20.359,1.643,66.857,15.598,15.191,2.809,3.589,14.065,4.656,3.77
2027-07-03,-23.8,-46.7,20.923,1.752,65.498,15.579,15.155,2.733,3.612,14.505,4.72,4.12
2027-07-03,-23.8,-46.6,20.261,1.926,67.775,15.141,14.896,2.827,3.97,14.052,4.789,3.515
2027-07-03,-23.8,-46.5,20.187,1.981,68.054,15.039,14.973,2.824,3.874,14.283,4.753,3.477
2027-07-03,-23.7,-46.8,20.498,1.686,65.806,15.666,15.044,2.832,3.71,14.416,4.655,3.562
2027-07-03,-23.7,-46.5,20.189,1.885,68.08,15.077,14.958,2.837,3.799,14.273,4.78,3.5
2027-07-03,-23.7,-46.4,20.181,1.907,67.769,15.215,14.993,2.813,4.051,14.058,4.794,3.582
2027-07-03,-23.6,-46.8,20.42,1.626,67.294,15.661,14.751,2.854,3.59,13.514,4.688,3.721
2027-07-03,-23.6,-46.4,20.129,1.991,68.125,15.084,14.869,2.819,3.872,14.306,4.78,3.421
2027-07-03,-23.6,-46.3,20.13,2.017,68.159,15.089,14.86,2.819,3.876,14.308,4.776,3.409
2027-07-03,-23.5,-46.8,20.942,1.659,65.304,15.617,15.231,2.766,3.562,14.169,4.684,4.258
2027-07-03,-23.5,-46.7,20.924,1.667,65.455,15.547,15.205,2.758,3.559,14.172,4.758,4.21
2027-07-03,-23.5,-46.6,20.921,1.723,65.424,15.547,15.227,2.802,3.679,14.291,4.775,4.252
2027-07-03,-23.5,-46.4,20.225,2.01,67.563,15.157,14.942,2.875,4.095,14.543,4.858,3.621
2027-07-03,-23.5,-46.3,20.243,1.978,67.82,15.139,14.885,2.809,4.086,14.176,4.763,3.466
2027-07-03,-23.4,-46.8,20.357,1.621,66.847,15.6,15.143,2.788,3.592,13.94,4.665,3.818
2027-07-03,-23.4,-46.7,20.404,1.606,66.719,15.655,15.099,2.78,3.592,13.845,4.667,3.82
2027-07-03,-23.4,-46.6,21.026,1.714,65.046,15.575,15.133,2.736,3.67,14.433,4.83,4.19
2027-07-03,-23.4,-46.5,20.27,1.845,67.66,15.184,14.866,2.82,3.789,14.074,4.825,3.485
2027-07-03,-23.4,-46.4,20.486,1.606,66.669,15.666,14.733,2.856,3.512,13.796,4.684,3.704
2027-07-04,-23.8,-46.8,20.359,1.643,66.857,15.598,15.191,2.809,3.589,14.065,4.656,3.77
2027-07-04,-23.8,-46.7,20.89,1.76,65.551,15.558,15.124,2.785,3.61,14.543,4.736,4.142
2027-07-04,-23.8,-46.6,20.313,1.96,67.579,15.177,14.901,2.815,4.216,13.949,4.807,3.506
2027-07-04,-23.8,-46.5,20.166,1.979,68.142,15.018,14.989,2.821,3.875,14.266,4.749,3.489
2027-07-04,-23.7,-46.8,20.449,1.678,66.054,15.598,14.998,2.827,3.708,14.372,4.727,3.514
2027-07-04,-23.7,-46.5,20.238,1.843,67.857,15.165,14.946,2.829,3.79,14.123,4.788,3.507
2027-07-04,-23.7,-46.4,20.132,1.949,67.993,15.127,15.006,2.82,4.058,14.211,4.787,3.575
2027-07-04,-23.6,-46.8,20.412,1.581,66.651,15.693,15.094,2.788,3.579,13.803,4.664,3.827
2027-07-04,-23.6,-46.4,20.163,1.947,67.989,15.122,14.879,2.834,3.846,14.259,4.817,3.453
2027-07-04,-23.6,-46.3,20.166,1.973,68.04,15.142,14.87,2.838,3.85,14.26,4.839,3.441
2027-07-04,-23.5,-46.8,20.894,1.842,65.561,15.486,15.026,2.747,3.776,14.238,4.764,3.751
2027-07-04,-23.5,-46.7,20.912,1.682,65.513,15.548,15.209,2.768,3.57,14.252,4.757,4.208
2027-07-04,-23.5,-46.6,20.903,1.732,65.575,15.478,15.2,2.794,3.675,14.293,4.847,4.204
2027-07-04,-23.5,-46.4,20.239,1.948,67.615,15.196,14.891,2.796,4.083,14.159,4.802,3.457
2027-07-04,-23.5,-46.3,20.243,1.978,67.82,15.139,14.885,2.809,4.086,14.176,4.763,3.466
2027-07-04,-23.4,-46.8,20.357,1.621,66.847,15.6,15.143,2.788,3.592,13.94,4.665,3.818
2027-07-04,-23.4,-46.7,20.406,1.578,66.624,15.688,15.13,2.776,3.58,13.766,4.663,3.825
2027-07-04,-23.4,-46.6,20.931,1.715,65.201,15.602,15.058,2.786,3.665,14.459,4.868,4.144
2027-07-04,-23.4,-46.5,20.231,1.924,67.913,15.205,14.867,2.822,4.053,14.05,4.846,3.469
2027-07-04,-23.4,-46.4,20.465,1.601,66.725,15.705,14.724,2.869,3.511,13.754,4.683,3.708
2027-07-05,-23.8,-46.8,20.355,1.643,66.922,15.577,15.224,2.806,3.589,14.017,4.663,3.82
2027-07-05,-23.8,-46.7,20.876,1.779,65.587,15.588,15.133,2.783,3.679,14.508,4.765,4.15
2027-07-05,-23.8,-46.6,20.333,1.948,67.381,15.259,14.937,2.827,4.22,13.962,4.725,3.585
2027-07-05,-23.8,-46.5,20.176,1.98,68.138,15.033,14.985,2.813,3.874,14.265,4.746,3.49
2027-07-05,-23.7,-46.8,20.449,1.678,66.054,15.598,14.998,2.827,3.708,14.372,4.727,3.514
2027-07-05,-23.7,-46.5,20.3,1.794,67.676,15.244,14.893,2.836,3.733,14.106,4.789,3.48
2027-07-05,-23.7,-46.4,20.174,1.939,67.792,15.135,15.02,2.811,4.062,14.28,4.802,3.579
2027-07-05,-23.6,-46.8,20.394,1.582,66.692,15.678,15.135,2.79,3.579,13.828,4.668,3.825
2027-07-05,-23.6,-46.4,20.208,1.949,67.8,15.135,14.889,2.825,4.064,14.306,4.815,3.455
2027-07-05,-23.6,-46.3,20.2,1.976,67.877,15.164,14.877,2.827,4.068,14.289,4.843,3.445
2027-07-05,-23.5,-46.8,20.906,1.854,65.516,15.522,14.985,2.742,3.831,14.239,4.788,3.787
2027-07-05,-23.5,-46.7,20.885,1.694,65.615,15.517,15.213,2.779,3.57,14.327,4.756,4.207
2027-07-05,-23.5,-46.6,20.904,1.731,65.59,15.486,15.202,2.794,3.676,14.291,4.852,4.203
2027-07-05,-23.5,-46.4,20.226,1.909,67.731,15.285,14.859,2.82,4.056,14.07,4.836,3.46
2027-07-05,-23.5,-46.3,20.243,1.978,67.82,15.139,14.885,2.809,4.086,14.176,4.763,3.466
2027-07-05,-23.4,-46.8,20.36,1.672,66.862,15.59,15.149,2.789,3.647,13.948,4.657,3.814
2027-07-05,-23.4,-46.7,20.406,1.578,66.624,15.688,15.13,2.776,3.58,13.766,4.663,3.825
2027-07-05,-23.4,-46.6,20.934,1.719,65.175,15.602,15.063,2.78,3.677,14.411,4.868,4.14
2027-07-05,-23.4,-46.5,20.253,1.852,67.66,15.287,14.892,2.851,4.003,14.089,4.715,3.565
2027-07-05,-23.4,-46.4,20.415,1.595,66.309,15.67,15.029,2.788,3.5,14.087,4.65,3.801
2027-07-06,-23.8,-46.8,20.355,1.643,66.922,15.577,15.224,2.806,3.589,14.017,4.663,3.82
2027-07-06,-23.8,-46.7,20.88,1.77,65.526,15.622,15.095,2.783,3.679,14.469,4.786,4.118
2027-07-06,-23.8,-46.6,20.435,1.811,66.715,15.529,14.929,2.89,3.913,14.01,4.849,3.727
2027-07-06,-23.8,-46.5,20.166,1.927,68.178,15.048,14.984,2.822,3.826,14.314,4.751,3.494
2027-07-06,-23.7,-46.8,20.449,1.678,66.054,15.598,14.998,2.827,3.708,14.372,4.727,3.514
2027-07-06,-23.7,-46.5,20.296,1.78,67.777,15.288,14.891,2.846,3.719,13.946,4.844,3.469
2027-07-06,-23.7,-46.4,20.174,1.939,67.792,15.135,15.02,2.811,4.062,14.28,4.802,3.579
2027-07-06,-23.6,-46.8,20.373,1.641,66.638,15.622,15.088,2.781,3.667,13.897,4.658,3.618
2027-07-06,-23.6,-46.4,20.257,1.907,67.576,15.224,14.876,2.816,4.057,14.151,4.822,3.462
2027-07-06,-23.6,-46.3,20.259,1.934,67.627,15.243,14.867,2.82,4.061,14.154,4.844,3.449
2027-07-06,-23.5,-46.8,20.911,1.822,65.491,15.506,15.0,2.743,3.779,14.214,4.771,3.786
2027-07-06,-23.5,-46.7,20.851,1.953,65.747,15.454,15.024,2.766,3.885,14.425,4.766,3.747
2027-07-06,-23.5,-46.6,20.864,1.759,65.735,15.447,15.208,2.814,3.686,14.445,4.843,4.201
2027-07-06,-23.5,-46.4,20.219,1.914,67.754,15.228,14.871,2.827,4.054,14.081,4.81,3.458
2027-07-06,-23.5,-46.3,20.262,1.967,67.622,15.221,14.921,2.822,4.09,14.193,4.682,3.546
2027-07-06,-23.4,-46.8,20.336,1.68,66.794,15.544,15.096,2.779,3.679,14.009,4.654,3.61
2027-07-06,-23.4,-46.7,20.349,1.639,66.699,15.59,15.094,2.773,3.667,13.847,4.663,3.611
2027-07-06,-23.4,-46.6,20.934,1.719,65.175,15.602,15.063,2.78,3.677,14.411,4.868,4.14
2027-07-06,-23.4,-46.5,20.242,1.86,67.705,15.253,14.905,2.849,4.003,14.113,4.732,3.553
2027-07-06,-23.4,-46.4,20.48,1.639,65.747,15.66,14.988,2.859,3.555,14.667,4.726,3.695
2027-07-07,-23.8,-46.8,20.337,1.754,66.884,15.511,15.184,2.797,3.729,14.093,4.644,3.609
2027-07-07,-23.8,-46.7,20.88,1.77,65.526,15.622,15.095,2.783,3.679,14.469,4.786,4.118
2027-07-07,-23.8,-46.6,20.451,1.762,66.625,15.565,14.916,2.879,3.873,13.923,4.86,3.725
2027-07-07,-23.8,-46.5,20.215,1.885,67.955,15.136,14.971,2.813,3.819,14.165,4.76,3.501
2027-07-07,-23.7,-46.8,20.429,1.707,66.191,15.55,15.008,2.833,3.718,14.476,4.734,3.508
2027-07-07,-23.7,-46.5,20.25,1.782,67.708,15.327,14.864,2.889,3.719,14.019,4.889,3.471
2027-07-07,-23.7,-46.4,20.174,1.939,67.792,15.135,15.02,2.811,4.062,14.28,4.802,3.579
2027-07-07,-23.6,-46.8,20.336,1.643,66.767,15.581,15.099,2.787,3.666,13.908,4.667,3.611
2027-07-07,-23.6,-46.4,20.209,1.922,67.799,15.194,14.883,2.825,4.054,14.104,4.826,3.446
2027-07-07,-23.6,-46.3,20.212,1.949,67.85,15.213,14.874,2.829,4.058,14.106,4.848,3.433
2027-07-07,-23.5,-46.8,20.922,1.822,65.389,15.512,15.011,2.745,3.779,14.282,4.774,3.797
2027-07-07,-23.5,-46.7,20.895,1.767,65.646,15.51,15.217,2.774,3.682,14.376,4.75,4.267
2027-07-07,-23.5,-46.6,20.861,1.842,65.775,15.454,15.2,2.813,3.791,14.477,4.853,4.2
2027-07-07,-23.5,-46.4,20.239,1.902,67.557,15.31,14.907,2.84,4.058,14.097,4.728,3.539
2027-07-07,-23.5,-46.3,20.2,1.976,67.768,15.255,14.936,2.832,4.089,14.211,4.708,3.509
2027-07-07,-23.4,-46.8,20.336,1.68,66.794,15.544,15.096,2.779,3.679,14.009,4.654,3.61
2027-07-07,-23.4,-46.7,20.371,1.635,66.614,15.588,15.128,2.772,3.668,13.838,4.664,3.631
2027-07-07,-23.4,-46.6,20.934,1.719,65.175,15.602,15.063,2.78,3.677,14.411,4.868,4.14
2027-07-07,-23.4,-46.5,20.239,1.847,67.539,15.347,14.896,2.85,4.006,14.129,4.747,3.545
2027-07-07,-23.4,-46.4,20.415,1.696,66.112,15.586,15.02,2.867,3.641,14.692,4.761,3.481
2027-07-08,-23.8,-46.8,20.355,1.759,66.86,15.474,15.256,2.795,3.73,14.119,4.623,3.663
2027-07-08,-23.8,-46.7,20.811,1.895,65.731,15.52,14.92,2.783,3.836,14.547,4.803,3.641
2027-07-08,-23.8,-46.6,20.411,1.855,66.764,15.467,14.887,2.929,4.014,14.036,4.839,3.747
2027-07-08,-23.8,-46.5,20.228,1.953,67.938,15.117,14.976,2.813,4.081,14.195,4.754,3.498
2027-07-08,-23.7,-46.8,20.4,1.72,66.277,15.51,15.011,2.839,3.719,14.548,4.727,3.507
2027-07-08,-23.7,-46.5,20.28,1.763,67.466,15.443,14.888,2.903,3.724,14.01,4.789,3.564
2027-07-08,-23.7,-46.4,20.157,1.941,67.886,15.121,15.034,2.826,4.061,14.335,4.785,3.574
2027-07-08,-23.6,-46.8,20.359,1.639,66.682,15.578,15.133,2.785,3.667,13.899,4.669,3.631
2027-07-08,-23.6,-46.4,20.242,1.842,67.553,15.398,14.89,2.848,4.007,14.14,4.764,3.545
2027-07-08,-23.6,-46.3,20.24,1.873,67.573,15.352,14.887,2.851,4.011,14.132,4.743,3.533
2027-07-08,-23.5,-46.8,20.882,1.849,65.535,15.473,15.018,2.765,3.788,14.438,4.766,3.795
2027-07-08,-23.5,-46.7,20.878,1.787,65.716,15.49,15.243,2.778,3.679,14.398,4.744,4.235
2027-07-08,-23.5,-46.6,20.857,1.852,65.836,15.42,15.238,2.813,3.79,14.515,4.831,4.23
2027-07-08,-23.5,-46.4,20.239,1.902,67.557,15.31,14.907,2.84,4.058,14.097,4.728,3.539
2027-07-08,-23.5,-46.3,20.211,1.968,67.723,15.288,14.923,2.834,4.09,14.187,4.691,3.521
2027-07-08,-23.4,-46.8,20.338,1.731,66.809,15.534,15.102,2.779,3.732,14.016,4.646,3.606
2027-07-08,-23.4,-46.7,20.349,1.639,66.699,15.59,15.094,2.773,3.667,13.847,4.663,3.611
2027-07-08,-23.4,-46.6,20.868,1.895,65.41,15.498,14.896,2.781,3.884,14.501,4.883,3.66
2027-07-08,-23.4,-46.5,20.239,1.847,67.539,15.347,14.896,2.85,4.006,14.129,4.747,3.545
2027-07-08,-23.4,-46.4,20.415,1.696,66.112,15.586,15.02,2.867,3.641,14.692,4.761,3.481
2027-07-09,-23.8,-46.8,20.355,1.759,66.86,15.474,15.256,2.795,3.73,14.119,4.623,3.663
2027-07-09,-23.8,-46.7,20.832,1.941,65.695,15.459,15.007,2.787,3.885,14.581,4.775,3.716
2027-07-09,-23.8,-46.6,20.381,1.858,66.871,15.474,14.851,2.943,4.013,14.101,4.835,3.701
2027-07-09,-23.8,-46.5,20.25,1.912,67.861,15.15,14.956,2.829,4.054,14.167,4.783,3.504
2027-07-09,-23.7,-46.8,20.429,1.707,66.191,15.55,15.008,2.833,3.718,14.476,4.734,3.508
2027-07-09,-23.7,-46.5,20.365,1.734,66.934,15.504,14.923,2.94,3.692,14.221,4.897,3.721
2027-07-09,-23.7,-46.4,20.202,1.945,67.815,15.159,15.016,2.815,4.084,14.213,4.79,3.588
2027-07-09,-23.6,-46.8,20.359,1.639,66.682,15.578,15.133,2.785,3.667,13.899,4.669,3.631
2027-07-09,-23.6,-46.4,20.239,1.847,67.539,15.347,14.896,2.85,4.006,14.129,4.747,3.545
2027-07-09,-23.6,-46.3,20.24,1.873,67.573,15.352,14.887,2.851,4.011,14.132,4.743,3.533
2027-07-09,-23.5,-46.8,20.896,1.706,65.569,15.553,15.173,2.774,3.629,14.328,4.779,4.24
2027-07-09,-23.5,-46.7,20.878,1.787,65.716,15.49,15.243,2.778,3.679,14.398,4.744,4.235
2027-07-09,-23.5,-46.6,20.857,1.852,65.836,15.42,15.238,2.813,3.79,14.515,4.831,4.23
2027-07-09,-23.5,-46.4,20.239,1.902,67.557,15.31,14.907,2.84,4.058,14.097,4.728,3.539
2027-07-09,-23.5,-46.3,20.232,1.928,67.646,15.321,14.903,2.85,4.064,14.158,4.72,3.527
2027-07-09,-23.4,-46.8,20.338,1.731,66.809,15.534,15.102,2.779,3.732,14.016,4.646,3.606
2027-07-09,-23.4,-46.7,20.3,1.681,66.922,15.502,15.107,2.784,3.678,14.019,4.662,3.603
2027-07-09,-23.4,-46.6,20.894,1.92,65.413,15.44,15.031,2.792,3.936,14.533,4.873,3.795
2027-07-09,-23.4,-46.5,20.246,1.847,67.483,15.341,14.891,2.841,4.006,14.071,4.75,3.544
2027-07-09,-23.4,-46.4,20.415,1.696,66.112,15.586,15.02,2.867,3.641,14.692,4.761,3.481
2027-07-10,-23.8,-46.8,20.377,1.7,66.913,15.53,15.303,2.804,3.645,14.051,4.635,3.866
2027-07-10,-23.8,-46.7,20.851,1.886,65.628,15.499,14.98,2.779,3.838,14.548,4.779,3.721
2027-07-10,-23.8,-46.6,20.538,1.63,66.456,15.75,14.756,2.864,3.702,13.622,4.652,3.745
2027-07-10,-23.8,-46.5,20.242,1.916,67.859,15.153,14.951,2.826,4.056,14.178,4.818,3.5
2027-07-10,-23.7,-46.8,20.449,1.678,66.054,15.598,14.998,2.827,3.708,14.372,4.727,3.514
2027-07-10,-23.7,-46.5,20.343,1.738,66.986,15.504,14.882,2.944,3.691,14.224,4.896,3.675
2027-07-10,-23.7,-46.4,20.206,1.945,67.799,15.159,14.979,2.82,4.084,14.224,4.79,3.476
2027-07-10,-23.6,-46.8,20.287,1.685,66.991,15.492,15.112,2.797,3.677,14.079,4.666,3.604
2027-07-10,-23.6,-46.4,20.239,1.847,67.539,15.347,14.896,2.85,4.006,14.129,4.747,3.545
2027-07-10,-23.6,-46.3,20.24,1.873,67.573,15.352,14.887,2.851,4.011,14.132,4.743,3.533
2027-07-10,-23.5,-46.8,20.879,1.726,65.64,15.533,15.198,2.778,3.627,14.351,4.773,4.209
2027-07-10,-23.5,-46.7,20.878,1.787,65.716,15.49,15.243,2.778,3.679,14.398,4.744,4.235
2027-07-10,-23.5,-46.6,20.857,1.852,65.836,15.42,15.238,2.813,3.79,14.515,4.831,4.23
2027-07-10,-23.5,-46.4,20.239,1.902,67.557,15.31,14.907,2.84,4.058,14.097,4.728,3.539
2027-07-10,-23.5,-46.3,20.232,1.928,67.646,15.321,14.903,2.85,4.064,14.158,4.72,3.527
2027-07-10,-23.4,-46.8,20.338,1.731,66.809,15.534,15.102,2.779,3.732,14.016,4.646,3.606
2027-07-10,-23.4,-46.7,20.285,1.733,66.983,15.493,15.109,2.791,3.732,14.029,4.655,3.597
2027-07-10,-23.4,-46.6,20.859,1.946,65.614,15.441,14.966,2.801,3.945,14.62,4.865,3.738
2027-07-10,-23.4,-46.5,20.304,1.75,67.014,15.471,14.814,2.941,3.687,14.312,4.838,3.68
2027-07-10,-23.4,-46.4,20.415,1.696,66.112,15.586,15.02,2.867,3.641,14.692,4.761,3.481
2027-07-11,-23.8,-46.8,20.377,1.7,66.913,15.53,15.303,2.804,3.645,14.051,4.635,3.866
2027-07-11,-23.8,-46.7,20.887,1.711,65.593,15.568,15.149,2.793,3.627,14.45,4.778,4.196
2027-07-11,-23.8,-46.6,20.538,1.695,65.544,15.698,14.954,2.862,3.74,14.559,4.727,3.707
2027-07-11,-23.8,-46.5,20.237,1.906,67.739,15.21,14.96,2.828,4.057,14.208,4.816,3.484
2027-07-11,-23.7,-46.8,20.485,1.676,65.925,15.64,14.987,2.82,3.709,14.354,4.718,3.521
2027-07-11,-23.7,-46.5,20.343,1.738,66.986,15.504,14.882,2.944,3.691,14.224,4.896,3.675
2027-07-11,-23.7,-46.4,20.213,1.945,67.789,15.165,14.977,2.814,4.084,14.22,4.788,3.476
2027-07-11,-23.6,-46.8,20.273,1.737,67.051,15.483,15.114,2.804,3.73,14.088,4.659,3.597
2027-07-11,-23.6,-46.4,20.214,1.856,67.536,15.32,14.86,2.884,4.004,14.103,4.766,3.567
2027-07-11,-23.6,-46.3,20.207,1.881,67.626,15.331,14.857,2.894,4.009,14.164,4.758,3.556
2027-07-11,-23.5,-46.8,20.879,1.726,65.64,15.533,15.198,2.778,3.627,14.351,4.773,4.209
2027-07-11,-23.5,-46.7,20.878,1.787,65.716,15.49,15.243,2.778,3.679,14.398,4.744,4.235
2027-07-11,-23.5,-46.6,20.857,1.852,65.836,15.42,15.238,2.813,3.79,14.515,4.831,4.23
2027-07-11,-23.5,-46.4,20.196,1.855,67.575,15.336,14.819,2.883,4.004,14.106,4.758,3.518
2027-07-11,-23.5,-46.3,20.232,1.928,67.646,15.321,14.903,2.85,4.064,14.158,4.72,3.527
2027-07-11,-23.4,-46.8,20.36,1.672,66.862,15.59,15.149,2.789,3.647,13.948,4.657,3.814
2027-07-11,-23.4,-46.7,20.285,1.733,66.983,15.493,15.109,2.791,3.732,14.029,4.655,3.597
2027-07-11,-23.4,-46.6,20.919,1.743,65.479,15.544,15.128,2.791,3.732,14.332,4.87,4.192
2027-07-11,-23.4,-46.5,20.353,1.679,66.846,15.547,14.804,2.928,3.631,14.136,4.913,3.67
2027-07-11,-23.4,-46.4,20.397,1.704,66.263,15.517,14.994,2.856,3.638,14.687,4.833,3.421
2027-07-12,-23.8,-46.8,20.377,1.7,66.913,15.53,15.303,2.804,3.645,14.051,4.635,3.866
2027-07-12,-23.8,-46.7,20.865,1.714,65.666,15.546,15.218,2.798,3.626,14.45,4.786,4.223
2027-07-12,-23.8,-46.6,20.527,1.693,65.669,15.66,14.977,2.861,3.741,14.545,4.721,3.709
2027-07-12,-23.8,-46.5,20.167,1.922,67.97,15.192,14.923,2.882,4.052,14.167,4.818,3.505
2027-07-12,-23.7,-46.8,20.449,1.678,66.054,15.598,14.998,2.827,3.708,14.372,4.727,3.514
2027-07-12,-23.7,-46.5,20.343,1.767,66.999,15.459,14.868,2.95,3.783,14.269,4.881,3.679
2027-07-12,-23.7,-46.4,20.216,1.946,67.795,15.174,14.975,2.812,4.084,14.223,4.787,3.477
2027-07-12,-23.6,-46.8,20.309,1.735,66.922,15.525,15.102,2.8,3.731,14.079,4.65,3.604
2027-07-12,-23.6,-46.4,20.184,1.859,67.643,15.326,14.824,2.896,4.003,14.161,4.761,3.519
2027-07-12,-23.6,-46.3,20.185,1.885,67.677,15.332,14.815,2.896,4.008,14.165,4.757,3.507
2027-07-12,-23.5,-46.8,20.879,1.726,65.64,15.533,15.198,2.778,3.627,14.351,4.773,4.209
2027-07-12,-23.5,-46.7,20.878,1.787,65.716,15.49,15.243,2.778,3.679,14.398,4.744,4.235
2027-07-12,-23.5,-46.6,20.918,1.854,66.44,15.548,14.701,2.863,3.789,13.91,4.899,4.051
2027-07-12,-23.5,-46.4,20.196,1.855,67.575,15.336,14.819,2.883,4.004,14.106,4.758,3.518
2027-07-12,-23.5,-46.3,20.239,1.928,67.591,15.315,14.898,2.84,4.063,14.1,4.724,3.526
2027-07-12,-23.4,-46.8,20.36,1.672,66.862,15.59,15.149,2.789,3.647,13.948,4.657,3.814
2027-07-12,-23.4,-46.7,20.321,1.731,66.854,15.535,15.097,2.786,3.732,14.019,4.646,3.604
2027-07-12,-23.4,-46.6,20.873,1.742,65.556,15.464,15.228,2.818,3.687,14.532,4.85,4.225
2027-07-12,-23.4,-46.5,20.324,1.717,66.896,15.498,14.819,2.961,3.721,14.221,4.994,3.663
2027-07-12,-23.4,-46.4,20.397,1.704,66.263,15.517,14.994,2.856,3.638,14.687,4.833,3.421
2027-07-13,-23.8,-46.8,20.377,1.7,66.913,15.53,15.303,2.804,3.645,14.051,4.635,3.866
2027-07-13,-23.8,-46.7,20.866,1.732,65.729,15.527,15.208,2.795,3.625,14.432,4.777,4.209
2027-07-13,-23.8,-46.6,20.469,1.754,65.745,15.562,14.942,2.861,3.822,14.627,4.72,3.486
2027-07-13,-23.8,-46.5,20.19,1.919,67.897,15.266,14.901,2.881,4.053,14.194,4.84,3.492
2027-07-13,-23.7,-46.8,20.449,1.678,66.054,15.598,14.998,2.827,3.708,14.372,4.727,3.514
2027-07-13,-23.7,-46.5,20.343,1.767,66.999,15.459,14.868,2.95,3.783,14.269,4.881,3.679
2027-07-13,-23.7,-46.4,20.216,1.946,67.795,15.174,14.975,2.812,4.084,14.223,4.787,3.477
2027-07-13,-23.6,-46.8,20.348,1.676,66.93,15.581,15.154,2.802,3.646,14.008,4.661,3.814
2027-07-13,-23.6,-46.4,20.255,1.712,67.445,15.476,14.773,2.903,3.663,13.984,4.81,3.51
2027-07-13,-23.6,-46.3,20.256,1.738,67.48,15.482,14.764,2.904,3.67,13.988,4.806,3.498
2027-07-13,-23.5,-46.8,20.882,1.778,65.655,15.524,15.205,2.778,3.68,14.36,4.765,4.205
2027-07-13,-23.5,-46.7,20.878,1.787,65.716,15.49,15.243,2.778,3.679,14.398,4.744,4.235
2027-07-13,-23.5,-46.6,20.91,1.799,65.556,15.425,15.288,2.809,3.74,14.516,4.813,4.309
2027-07-13,-23.5,-46.4,20.223,1.737,67.499,15.412,14.778,2.89,3.677,14.042,4.758,3.506
2027-07-13,-23.5,-46.3,20.222,1.927,67.63,15.331,14.857,2.84,4.064,14.103,4.716,3.478
2027-07-13,-23.4,-46.8,20.36,1.672,66.862,15.59,15.149,2.789,3.647,13.948,4.657,3.814
2027-07-13,-23.4,-46.7,20.36,1.672,66.862,15.59,15.149,2.789,3.647,13.948,4.657,3.814
2027-07-13,-23.4,-46.6,20.858,1.791,65.76,15.464,15.194,2.813,3.74,14.469,4.86,4.203
2027-07-13,-23.4,-46.5,20.383,1.672,66.764,15.565,14.788,2.899,3.621,14.021,4.905,3.681
2027-07-13,-23.4,-46.4,20.397,1.704,66.263,15.517,14.994,2.856,3.638,14.687,4.833,3.421
2027-07-14,-23.8,-46.8,20.377,1.7,66.913,15.53,15.303,2.804,3.645,14.051,4.635,3.866
2027-07-14,-23.8,-46.7,20.866,1.732,65.729,15.527,15.208,2.795,3.625,14.432,4.777,4.209
2027-07-14,-23.8,-46.6,20.5,1.73,65.81,15.662,14.96,2.841,3.813,14.437,4.73,3.511
2027-07-14,-23.8,-46.5,20.188,1.923,67.882,15.214,14.908,2.884,4.051,14.183,4.821,3.492
2027-07-14,-23.7,-46.8,20.449,1.678,66.054,15.598,14.998,2.827,3.708,14.372,4.727,3.514
2027-07-14,-23.7,-46.5,20.286,1.764,66.579,15.403,15.224,2.897,3.784,14.7,4.857,3.768
2027-07-14,-23.7,-46.4,20.216,1.946,67.795,15.174,14.975,2.812,4.084,14.223,4.787,3.477
2027-07-14,-23.6,-46.8,20.376,1.689,66.855,15.569,15.226,2.801,3.647,14.001,4.66,3.817
2027-07-14,-23.6,-46.4,20.341,1.683,66.914,15.537,14.809,2.941,3.63,14.195,4.917,3.671
2027-07-14,-23.6,-46.3,20.341,1.683,66.914,15.537,14.809,2.941,3.63,14.195,4.917,3.671
2027-07-14,-23.5,-46.8,20.878,1.787,65.716,15.49,15.243,2.778,3.679,14.398,4.744,4.235
2027-07-14,-23.5,-46.7,20.878,1.787,65.716,15.49,15.243,2.778,3.679,14.398,4.744,4.235
2027-07-14,-23.5,-46.6,20.924,1.822,66.415,15.532,14.716,2.864,3.736,13.886,4.882,4.05
2027-07-14,-23.5,-46.4,20.363,1.671,66.801,15.581,14.791,2.93,3.631,14.109,4.895,3.681
2027-07-14,-23.5,-46.3,20.222,1.927,67.63,15.331,14.857,2.84,4.064,14.103,4.716,3.478
2027-07-14,-23.4,-46.8,20.338,1.731,66.809,15.534,15.102,2.779,3.732,14.016,4.646,3.606
2027-07-14,-23.4,-46.7,20.36,1.672,66.862,15.59,15.149,2.789,3.647,13.948,4.657,3.814
2027-07-14,-23.4,-46.6,20.858,1.791,65.76,15.464,15.194,2.813,3.74,14.469,4.86,4.203
2027-07-14,-23.4,-46.5,20.359,1.707,66.781,15.52,14.8,2.929,3.712,14.094,4.988,3.673
2027-07-14,-23.4,-46.4,20.433,1.703,66.134,15.558,14.982,2.85,3.639,14.671,4.825,3.428
2027-07-15,-23.8,-46.8,20.377,1.7,66.913,15.53,15.303,2.804,3.645,14.051,4.635,3.866
2027-07-15,-23.8,-46.7,20.869,1.783,65.744,15.518,15.214,2.795,3.678,14.441,4.77,4.206
2027-07-15,-23.8,-46.6,20.47,1.743,65.976,15.592,14.982,2.84,3.813,14.462,4.737,3.519
2027-07-15,-23.8,-46.5,20.193,1.919,67.809,15.243,14.928,2.887,4.053,14.182,4.792,3.537
2027-07-15,-23.7,-46.8,20.449,1.678,66.054,15.598,14.998,2.827,3.708,14.372,4.727,3.514
2027-07-15,-23.7,-46.5,20.244,1.887,66.878,15.311,15.322,2.907,3.878,14.818,4.821,3.753
2027-07-15,-23.7,-46.4,20.216,1.946,67.795,15.174,14.975,2.812,4.084,14.223,4.787,3.477
2027-07-15,-23.6,-46.8,20.366,1.699,66.919,15.535,15.236,2.797,3.646,14.032,4.638,3.81
2027-07-15,-23.6,-46.4,20.341,1.714,66.883,15.506,14.807,2.945,3.71,14.167,4.99,3.674
2027-07-15,-23.6,-46.3,20.311,1.721,66.964,15.488,14.824,2.974,3.72,14.279,4.998,3.663
2027-07-15,-23.5,-46.8,20.878,1.787,65.716,15.49,15.243,2.778,3.679,14.398,4.744,4.235
2027-07-15,-23.5,-46.7,20.878,1.787,65.716,15.49,15.243,2.778,3.679,14.398,4.744,4.235
2027-07-15,-23.5,-46.6,20.915,1.79,65.495,15.459,15.249,2.809,3.741,14.477,4.835,4.28
2027-07-15,-23.5,-46.4,20.353,1.71,66.814,15.516,14.802,2.933,3.712,14.107,4.986,3.673
2027-07-15,-23.5,-46.3,20.23,1.872,67.557,15.363,14.841,2.841,4.012,14.077,4.738,3.483
2027-07-15,-23.4,-46.8,20.338,1.731,66.809,15.534,15.102,2.779,3.732,14.016,4.646,3.606
2027-07-15,-23.4,-46.7,20.382,1.669,66.777,15.588,15.183,2.787,3.649,13.939,4.659,3.833
2027-07-15,-23.4,-46.6,20.858,1.791,65.76,15.464,15.194,2.813,3.74,14.469,4.86,4.203
2027-07-15,-23.4,-46.5,20.447,1.574,66.363,15.695,15.141,2.781,3.504,14.013,4.674,3.826
2027-07-15,-23.4,-46.4,20.451,1.644,66.253,15.593,15.062,2.855,3.551,14.565,4.841,3.7
2027-07-16,-23.8,-46.8,20.377,1.7,66.913,15.53,15.303,2.804,3.645,14.051,4.635,3.866
2027-07-16,-23.8,-46.7,20.859,1.792,65.807,15.483,15.225,2.792,3.677,14.476,4.748,4.199
2027-07-16,-23.8,-46.6,20.475,1.728,65.963,15.619,15.009,2.838,3.814,14.391,4.735,3.579
2027-07-16,-23.8,-46.5,20.279,1.765,67.487,15.446,14.892,2.904,3.723,14.025,4.79,3.564
2027-07-16,-23.7,-46.8,20.449,1.678,66.054,15.598,14.998,2.827,3.708,14.372,4.727,3.514
2027-07-16,-23.7,-46.5,20.207,1.899,67.119,15.265,15.28,2.906,3.872,14.762,4.878,3.713
2027-07-16,-23.7,-46.4,20.216,1.946,67.795,15.174,14.975,2.812,4.084,14.223,4.787,3.477
2027-07-16,-23.6,-46.8,20.371,1.699,66.917,15.535,15.264,2.801,3.646,14.035,4.638,3.85
2027-07-16,-23.6,-46.4,20.37,1.676,66.833,15.555,14.793,2.912,3.62,14.081,4.909,3.682
2027-07-16,-23.6,-46.3,20.37,1.676,66.833,15.555,14.793,2.912,3.62,14.081,4.909,3.682
2027-07-16,-23.5,-46.8,20.878,1.787,65.716,15.49,15.243,2.778,3.679,14.398,4.744,4.235
2027-07-16,-23.5,-46.7,20.878,1.787,65.716,15.49,15.243,2.778,3.679,14.398,4.744,4.235
2027-07-16,-23.5,-46.6,20.866,1.811,65.735,15.429,15.213,2.814,3.738,14.455,4.831,4.198
2027-07-16,-23.5,-46.4,20.383,1.672,66.764,15.565,14.788,2.899,3.621,14.021,4.905,3.681
2027-07-16,-23.5,-46.3,20.23,1.872,67.557,15.363,14.841,2.841,4.012,14.077,4.738,3.483
2027-07-16,-23.4,-46.8,20.338,1.731,66.809,15.534,15.102,2.779,3.732,14.016,4.646,3.606
2027-07-16,-23.4,-46.7,20.388,1.686,66.787,15.579,15.221,2.788,3.648,13.941,4.656,3.817
2027-07-16,-23.4,-46.6,20.861,1.842,65.775,15.454,15.2,2.813,3.791,14.477,4.853,4.2
2027-07-16,-23.4,-46.5,20.492,1.628,65.893,15.702,15.071,2.838,3.544,14.518,4.75,3.701
2027-07-16,-23.4,-46.4,20.454,1.647,66.206,15.6,15.087,2.858,3.55,14.596,4.845,3.687
2027-07-17,-23.8,-46.8,20.346,1.675,66.973,15.475,15.308,2.831,3.596,14.14,4.621,3.864
2027-07-17,-23.8,-46.7,20.834,1.767,65.865,15.428,15.259,2.827,3.629,14.57,4.734,4.233
2027-07-17,-23.8,-46.6,20.4,1.718,66.228,15.493,15.015,2.887,3.774,14.593,4.787,3.531
2027-07-17,-23.8,-46.5,20.334,1.711,67.015,15.452,14.934,2.966,3.643,14.325,4.885,3.719
2027-07-17,-23.7,-46.8,20.419,1.653,66.113,15.543,15.004,2.854,3.66,14.463,4.715,3.512
2027-07-17,-23.7,-46.5,20.214,1.908,67.687,15.188,14.945,2.985,3.837,14.58,4.876,3.619
2027-07-17,-23.7,-46.4,20.232,1.893,67.705,15.176,14.967,2.827,4.034,14.182,4.791,3.481
2027-07-17,-23.6,-46.8,20.371,1.662,66.842,15.49,15.273,2.816,3.599,14.143,4.618,3.847
2027-07-17,-23.6,-46.4,20.29,1.682,67.216,15.468,14.888,2.976,3.663,14.167,5.005,3.683
2027-07-17,-23.6,-46.3,20.311,1.688,66.942,15.451,14.813,2.97,3.662,14.256,4.977,3.672
2027-07-17,-23.5,-46.8,20.847,1.762,65.776,15.434,15.249,2.81,3.631,14.491,4.73,4.233
2027-07-17,-23.5,-46.7,20.847,1.762,65.776,15.434,15.249,2.81,3.631,14.491,4.73,4.233
2027-07-17,-23.5,-46.6,20.828,1.765,65.819,15.408,15.199,2.844,3.693,14.561,4.847,4.201
2027-07-17,-23.5,-46.4,20.302,1.678,67.148,15.478,14.883,2.964,3.664,14.109,5.002,3.683
2027-07-17,-23.5,-46.3,20.224,1.861,67.544,15.332,14.854,2.841,3.988,14.065,4.714,3.481
2027-07-17,-23.4,-46.8,20.308,1.706,66.868,15.479,15.108,2.806,3.685,14.107,4.633,3.604
2027-07-17,-23.4,-46.7,20.353,1.669,66.908,15.489,15.265,2.814,3.598,14.066,4.621,3.848
2027-07-17,-23.4,-46.6,20.826,1.826,65.896,15.365,15.244,2.845,3.744,14.606,4.817,4.228
2027-07-17,-23.4,-46.5,20.44,1.662,65.899,15.59,15.03,2.857,3.583,14.672,4.728,3.484
2027-07-17,-23.4,-46.4,20.423,1.622,66.266,15.545,15.092,2.885,3.499,14.685,4.833,3.685
2027-07-18,-23.8,-46.8,20.346,1.675,66.973,15.475,15.308,2.831,3.596,14.14,4.621,3.864
2027-07-18,-23.8,-46.7,20.828,1.767,65.808,15.429,15.27,2.825,3.629,14.603,4.735,4.222
2027-07-18,-23.8,-46.6,20.397,1.719,66.254,15.477,15.004,2.885,3.773,14.592,4.804,3.506
2027-07-18,-23.8,-46.5,20.311,1.714,67.066,15.452,14.893,2.97,3.642,14.327,4.884,3.673
2027-07-18,-23.7,-46.8,20.419,1.653,66.113,15.543,15.004,2.854,3.66,14.463,4.715,3.512
2027-07-18,-23.7,-46.5,20.158,1.79,67.989,15.271,14.823,2.923,3.682,14.244,4.854,3.444
2027-07-18,-23.7,-46.4,20.232,1.893,67.705,15.176,14.967,2.827,4.034,14.182,4.791,3.481
2027-07-18,-23.6,-46.8,20.341,1.673,66.976,15.48,15.27,2.827,3.597,14.125,4.625,3.848
2027-07-18,-23.6,-46.4,20.395,1.469,66.449,15.707,15.145,2.823,3.277,14.092,4.702,3.822
2027-07-18,-23.6,-46.3,20.434,1.476,66.371,15.794,15.176,2.777,3.305,13.993,4.619,3.816
2027-07-18,-23.5,-46.8,20.842,1.762,65.719,15.435,15.26,2.808,3.632,14.523,4.731,4.221
2027-07-18,-23.5,-46.7,20.842,1.762,65.719,15.435,15.26,2.808,3.632,14.523,4.731,4.221
2027-07-18,-23.5,-46.6,20.806,1.815,65.853,15.373,15.224,2.856,3.735,14.683,4.835,4.19
2027-07-18,-23.5,-46.4,20.273,1.606,66.613,15.528,15.236,2.879,3.564,14.405,4.926,3.772
2027-07-18,-23.5,-46.3,20.191,1.87,67.596,15.311,14.823,2.884,3.986,14.097,4.73,3.504
2027-07-18,-23.4,-46.8,20.329,1.647,66.922,15.535,15.155,2.815,3.598,14.038,4.645,3.812
2027-07-18,-23.4,-46.7,20.353,1.669,66.908,15.489,15.265,2.814,3.598,14.066,4.621,3.848
2027-07-18,-23.4,-46.6,20.805,1.875,65.93,15.33,15.269,2.856,3.785,14.727,4.805,4.216
2027-07-18,-23.4,-46.5,20.396,1.663,66.107,15.538,15.02,2.864,3.582,14.674,4.731,3.49
2027-07-18,-23.4,-46.4,20.374,1.664,66.49,15.456,15.105,2.897,3.511,14.854,4.832,3.678
